CustomerID,Country,MNOPartner,CustomerTenureMonths,AverageMonthlyTopUp,TopUpFrequency,BehavioralScore,RegistrationDate
C000001,Uganda,MTN Uganda,19,11.77,16,735,06/06/2023
C000002,Kenya,Safaricom,39,17.21,18,711,04/10/2021
C000003,Pakistan,Telenor Pakistan,1,8.69,8,481,13/11/2024
C000004,Ghana,MTN Ghana,52,7.9,9,421,30/08/2020
C000005,Nigeria,MTN Nigeria,41,15.58,21,625,12/08/2021
C000006,Pakistan,Jazz,27,9.31,6,468,11/10/2022
C000007,Uganda,Airtel Uganda,39,8.82,29,598,25/09/2021
C000008,Uganda,Airtel Uganda,69,12.52,25,895,12/04/2019
C000009,Nigeria,Airtel Nigeria,42,11.45,13,494,12/07/2021
C000010,Kenya,Safaricom,14,11.73,16,617,10/10/2023
C000011,Kenya,Safaricom,65,14.4,21,716,12/08/2019
C000012,Pakistan,Telenor Pakistan,54,10.8,12,596,04/07/2020
C000013,Ghana,MTN Ghana,21,9.57,12,422,02/04/2023
C000014,Uganda,Airtel Uganda,29,9.79,9,529,02/08/2022
C000015,Kenya,Safaricom,1,15.4,14,744,22/11/2024
C000016,Nigeria,MTN Nigeria,12,14.76,8,539,17/12/2023
C000017,Ghana,MTN Ghana,44,12.56,22,608,28/04/2021
C000018,Nigeria,MTN Nigeria,69,19.17,28,787,08/04/2019
C000019,Uganda,Airtel Uganda,35,7.12,1,454,07/02/2022
C000020,Ghana,MTN Ghana,46,14.26,24,735,28/02/2021
C000021,Uganda,Airtel Uganda,60,7.01,5,536,08/01/2020
C000022,Kenya,Airtel Kenya,46,10.83,13,540,23/03/2021
C000023,Pakistan,Zong,35,10.09,13,664,24/01/2022
C000024,Pakistan,Telenor Pakistan,90,14.21,30,867,08/08/2017
C000025,Uganda,Airtel Uganda,14,7.09,15,532,05/11/2023
C000026,Nigeria,Airtel Nigeria,8,12.63,16,521,03/05/2024
C000027,Kenya,Safaricom,40,13.01,20,726,03/09/2021
C000028,Nigeria,MTN Nigeria,16,16.18,10,497,09/09/2023
C000029,Nigeria,Airtel Nigeria,44,24.22,16,766,07/05/2021
C000030,Ghana,MTN Ghana,51,13.88,13,639,03/10/2020
C000031,Uganda,MTN Uganda,42,11.38,23,683,05/07/2021
C000032,Pakistan,Zong,48,9.94,23,748,14/01/2021
C000033,Kenya,Safaricom,46,12.51,21,719,13/03/2021
C000034,Kenya,Safaricom,1,10.81,15,472,11/11/2024
C000035,Kenya,Safaricom,36,,22,885,07/01/2022
C000036,Nigeria,MTN Nigeria,38,21.05,23,702,30/10/2021
C000037,Nigeria,Glo Nigeria,38,18.19,19,787,29/10/2021
C000038,Kenya,Safaricom,29,15.01,20,559,31/07/2022
C000039,Nigeria,Glo Nigeria,58,15.23,18,609,17/03/2020
C000040,Ghana,Telecel Ghana,40,12.58,22,670,18/09/2021
C000041,Kenya,Safaricom,1,10.22,3,361,10/11/2024
C000042,Uganda,MTN Uganda,30,9.86,27,674,07/07/2022
C000043,Uganda,MTN Uganda,59,9.4,22,566,14/02/2020
C000044,Kenya,Safaricom,61,15.37,18,627,29/12/2019
C000045,Uganda,MTN Uganda,48,10.58,22,638,31/12/2020
C000046,Uganda,Airtel Uganda,19,11.34,18,684,15/05/2023
C000047,Kenya,Safaricom,38,11.92,9,565,23/10/2021
C000048,Nigeria,Airtel Nigeria,42,15.49,19,601,12/07/2021
C000049,Ghana,MTN Ghana,58,17.41,23,866,26/03/2020
C000050,Nigeria,Glo Nigeria,43,22.02,29,798,19/06/2021
C000051,Nigeria,MTN Nigeria,17,13.09,12,427,30/07/2023
C000052,Nigeria,MTN Nigeria,13,11.93,9,427,08/12/2023
C000053,Uganda,Airtel Uganda,21,7.87,17,628,07/04/2023
C000054,Ghana,MTN Ghana,59,11.34,21,635,09/02/2020
C000055,Uganda,Airtel Uganda,64,13.66,24,786,29/09/2019
C000056,Uganda,MTN Uganda,27,7.23,11,537,26/09/2022
C000057,Kenya,Safaricom,27,8.76,2,420,18/09/2022
C000058,Ghana,MTN Ghana,48,10.03,22,673,24/12/2020
C000059,Nigeria,Airtel Nigeria,86,20.79,25,788,10/11/2017
C000060,Nigeria,MTN Nigeria,66,19.38,35,812,24/07/2019
C000061,Ghana,MTN Ghana,59,14.24,21,730,08/02/2020
C000062,Kenya,Safaricom,44,12.43,21,696,21/05/2021
C000063,Ghana,MTN Ghana,42,11.85,23,755,14/07/2021
C000064,Uganda,MTN Uganda,35,4.25,7,326,24/01/2022
C000065,Ghana,Telecel Ghana,48,8.94,13,626,16/01/2021
C000066,Ghana,MTN Ghana,37,15.66,22,765,09/12/2021
C000067,Ghana,Telecel Ghana,49,14.55,22,674,11/12/2020
C000068,Kenya,Safaricom,71,20.87,26,881,23/02/2019
C000069,Nigeria,MTN Nigeria,1,15.42,13,456,10/11/2024
C000070,Kenya,Safaricom,14,9.05,12,496,12/10/2023
C000071,Nigeria,MTN Nigeria,38,18.38,15,554,02/11/2021
C000072,Kenya,Safaricom,22,16.53,28,789,24/02/2023
C000073,Pakistan,Telenor Pakistan,8,10.82,14,577,15/04/2024
C000074,Nigeria,MTN Nigeria,45,21.51,16,763,10/04/2021
C000075,Nigeria,Glo Nigeria,36,13.32,11,507,04/01/2022
C000076,Nigeria,MTN Nigeria,57,18.1,19,763,30/03/2020
C000077,Nigeria,MTN Nigeria,63,14.21,8,635,19/10/2019
C000078,Ghana,MTN Ghana,31,9.39,12,522,09/06/2022
C000079,Ghana,MTN Ghana,43,13.55,23,763,21/06/2021
C000080,Uganda,Airtel Uganda,25,12.55,24,710,13/12/2022
C000081,Ghana,MTN Ghana,31,8.67,11,606,24/05/2022
C000082,Kenya,Safaricom,39,11.93,12,505,13/10/2021
C000083,Uganda,MTN Uganda,38,7.43,15,,27/10/2021
C000084,Nigeria,MTN Nigeria,62,17.82,25,876,28/11/2019
C000085,Nigeria,Glo Nigeria,44,15.15,18,598,29/04/2021
C000086,Nigeria,MTN Nigeria,70,20.1,30,783,22/03/2019
C000087,Uganda,Airtel Uganda,35,8.46,7,573,23/01/2022
C000088,Kenya,Safaricom,71,14.47,24,777,08/02/2019
C000089,Nigeria,Glo Nigeria,15,10.46,15,469,22/09/2023
C000090,Kenya,Safaricom,37,12.44,15,630,19/11/2021
C000091,Nigeria,MTN Nigeria,29,19.16,21,599,18/07/2022
C000092,Ghana,Telecel Ghana,41,11.09,14,514,30/07/2021
C000093,Kenya,Safaricom,11,9.17,17,472,23/01/2024
C000094,Kenya,Safaricom,37,15.57,21,670,21/11/2021
C000095,Kenya,Airtel Kenya,21,19.49,29,758,14/03/2023
C000096,Ghana,MTN Ghana,52,10.55,21,694,12/09/2020
C000097,Kenya,Safaricom,39,7.89,2,407,10/10/2021
C000098,Nigeria,Airtel Nigeria,71,17.54,24,861,23/02/2019
C000099,Nigeria,Airtel Nigeria,43,12.62,17,533,24/05/2021
C000100,Pakistan,Zong,38,9.34,14,473,14/11/2021
C000101,Pakistan,Telenor Pakistan,68,15.71,25,864,02/06/2019
C000102,Ghana,MTN Ghana,56,13.48,29,740,12/05/2020
C000103,Nigeria,MTN Nigeria,60,19.03,21,775,31/12/2019
C000104,Pakistan,Telenor Pakistan,34,13.05,22,703,09/03/2022
C000105,Uganda,Airtel Uganda,34,7.7,18,615,03/03/2022
C000106,Uganda,MTN Uganda,30,6.43,7,516,13/07/2022
C000107,Kenya,Safaricom,33,10.95,16,620,24/03/2022
C000108,Nigeria,MTN Nigeria,23,22.75,30,725,15/01/2023
C000109,Nigeria,MTN Nigeria,29,22.06,18,747,27/07/2022
C000110,Pakistan,Zong,46,11.68,21,678,20/03/2021
C000111,Kenya,Safaricom,48,14.29,10,582,20/01/2021
C000112,Nigeria,Airtel Nigeria,27,11.51,7,487,22/09/2022
C000113,Kenya,Airtel Kenya,85,14.27,14,699,05/01/2018
C000114,Ghana,Telecel Ghana,37,16.13,27,791,16/12/2021
C000115,Nigeria,MTN Nigeria,19,11.47,1,305,16/05/2023
C000116,Pakistan,Zong,58,10.41,22,630,13/03/2020
C000117,Uganda,Airtel Uganda,61,8.34,18,707,12/12/2019
C000118,Uganda,Airtel Uganda,53,12.21,20,689,05/08/2020
C000119,Kenya,Safaricom,53,12.87,18,617,15/08/2020
C000120,Ghana,MTN Ghana,38,10.26,10,613,11/11/2021
C000121,Ghana,Telecel Ghana,40,5.69,6,341,04/09/2021
C000122,Ghana,MTN Ghana,48,7.34,13,507,20/01/2021
C000123,Nigeria,MTN Nigeria,1,10.46,8,322,24/11/2024
C000124,Kenya,Safaricom,35,12.54,9,530,30/01/2022
C000125,Nigeria,Airtel Nigeria,5,12.38,8,500,07/07/2024
C000126,Kenya,Safaricom,62,11.66,20,635,11/11/2019
C000127,Kenya,Safaricom,25,10.07,14,426,21/11/2022
C000128,Nigeria,MTN Nigeria,74,21.04,22,819,25/11/2018
C000129,Nigeria,Glo Nigeria,24,12.16,5,468,11/01/2023
C000130,Ghana,Telecel Ghana,9,9.74,15,614,26/03/2024
C000131,Nigeria,MTN Nigeria,90,24.32,19,779,22/07/2017
C000132,Pakistan,Jazz,27,9.71,11,457,13/10/2022
C000133,Ghana,MTN Ghana,27,11.28,14,669,19/09/2022
C000134,Kenya,Safaricom,65,17.6,26,751,23/08/2019
C000135,Ghana,Telecel Ghana,69,13.59,18,635,13/04/2019
C000136,Nigeria,MTN Nigeria,26,11.11,16,507,18/10/2022
C000137,Pakistan,Jazz,43,13.66,10,707,03/06/2021
C000138,Kenya,Safaricom,39,13,8,588,14/10/2021
C000139,Uganda,MTN Uganda,24,9.89,23,664,05/01/2023
C000140,Nigeria,Airtel Nigeria,7,11.12,3,362,22/05/2024
C000141,Kenya,Safaricom,45,8.03,1,384,24/03/2021
C000142,Kenya,Safaricom,50,19.19,23,795,03/11/2020
C000143,Pakistan,Jazz,20,10.36,15,558,24/04/2023
C000144,Ghana,Telecel Ghana,21,7.58,11,496,19/03/2023
C000145,Kenya,Safaricom,52,13.72,18,605,20/09/2020
C000146,Nigeria,Airtel Nigeria,15,23.36,21,712,07/10/2023
C000147,Kenya,Airtel Kenya,27,12.08,10,443,27/09/2022
C000148,Kenya,Safaricom,60,10.9,14,444,11/01/2020
C000149,Kenya,Airtel Kenya,66,11.28,15,597,25/07/2019
C000150,Nigeria,MTN Nigeria,52,17.35,19,692,06/09/2020
C000151,Uganda,Airtel Uganda,52,6.89,17,556,20/09/2020
C000152,Pakistan,Jazz,71,14.68,26,798,27/02/2019
C000153,Nigeria,MTN Nigeria,20,14.05,5,425,16/04/2023
C000154,Ghana,MTN Ghana,49,12.86,14,583,23/12/2020
C000155,Nigeria,MTN Nigeria,66,13.85,19,,16/07/2019
C000156,Ghana,MTN Ghana,23,14.81,16,670,17/01/2023
C000157,Nigeria,MTN Nigeria,45,20.18,13,599,01/04/2021
C000158,Ghana,MTN Ghana,52,14.26,16,736,11/09/2020
C000159,Uganda,MTN Uganda,41,11.09,6,645,11/08/2021
C000160,Uganda,MTN Uganda,45,9.98,19,716,21/04/2021
C000161,Nigeria,Glo Nigeria,29,12.12,10,463,12/08/2022
C000162,Pakistan,Zong,40,8.15,11,588,02/09/2021
C000163,Nigeria,MTN Nigeria,58,13.97,24,661,13/03/2020
C000164,Nigeria,MTN Nigeria,44,13.04,12,606,11/05/2021
C000165,Ghana,Telecel Ghana,25,10.33,15,501,05/12/2022
C000166,Kenya,Safaricom,41,16.03,26,820,18/08/2021
C000167,Uganda,MTN Uganda,39,8.14,29,720,16/10/2021
C000168,Uganda,Airtel Uganda,53,8.89,25,765,17/08/2020
C000169,Kenya,Safaricom,34,16.55,14,712,19/02/2022
C000170,Pakistan,Jazz,44,10.57,16,517,13/05/2021
C000171,Nigeria,Airtel Nigeria,43,16.06,23,611,18/06/2021
C000172,Kenya,Safaricom,57,16.07,11,651,10/04/2020
C000173,Nigeria,Airtel Nigeria,38,24.29,24,739,15/11/2021
C000174,Pakistan,Jazz,18,9.89,16,535,29/06/2023
C000175,Nigeria,MTN Nigeria,42,14.56,9,457,30/06/2021
C000176,Nigeria,MTN Nigeria,45,19.54,9,684,19/04/2021
C000177,Kenya,Safaricom,12,10.21,3,340,11/12/2023
C000178,Pakistan,Jazz,55,10.32,18,705,07/06/2020
C000179,Pakistan,Telenor Pakistan,38,9.76,18,507,22/10/2021
C000180,Uganda,MTN Uganda,16,8.27,14,584,19/08/2023
C000181,Pakistan,Telenor Pakistan,68,10.02,20,746,05/05/2019
C000182,Pakistan,Jazz,36,12.17,16,671,02/01/2022
C000183,Kenya,Safaricom,56,13.75,14,529,27/05/2020
C000184,Kenya,Safaricom,1,10.86,7,390,01/12/2024
C000185,Uganda,MTN Uganda,29,8.28,6,447,10/08/2022
C000186,Ghana,Telecel Ghana,15,8.27,7,370,06/10/2023
C000187,Kenya,Safaricom,3,12.58,11,557,09/09/2024
C000188,Nigeria,MTN Nigeria,52,22.08,8,673,27/08/2020
C000189,Uganda,Airtel Uganda,1,6.22,13,473,14/11/2024
C000190,Nigeria,Airtel Nigeria,21,10.72,12,468,07/04/2023
C000191,Pakistan,Telenor Pakistan,61,11.08,21,708,30/11/2019
C000192,Nigeria,Airtel Nigeria,19,14.31,9,483,02/06/2023
C000193,Nigeria,MTN Nigeria,22,17.95,15,600,15/02/2023
C000194,Uganda,Airtel Uganda,48,10.09,19,596,02/01/2021
C000195,Nigeria,Glo Nigeria,15,8.95,4,389,26/09/2023
C000196,Nigeria,Glo Nigeria,44,23.65,26,775,29/04/2021
C000197,Ghana,MTN Ghana,42,8.93,3,441,02/07/2021
C000198,Pakistan,Jazz,16,11.46,15,565,13/08/2023
C000199,Nigeria,Airtel Nigeria,27,,14,573,26/09/2022
C000200,Kenya,Safaricom,62,17.14,26,759,18/11/2019
C000201,Uganda,MTN Uganda,15,9.46,10,566,07/10/2023
C000202,Pakistan,Jazz,74,11.97,18,738,05/11/2018
C000203,Kenya,Safaricom,36,11.76,12,644,25/12/2021
C000204,Nigeria,MTN Nigeria,54,14.24,16,667,23/07/2020
C000205,Nigeria,MTN Nigeria,59,15.85,22,723,09/02/2020
C000206,Nigeria,MTN Nigeria,38,17.7,10,651,25/10/2021
C000207,Nigeria,MTN Nigeria,33,18.82,16,647,28/03/2022
C000208,Ghana,Telecel Ghana,30,10.35,15,536,08/07/2022
C000209,Nigeria,MTN Nigeria,37,15.14,10,482,14/12/2021
C000210,Kenya,Safaricom,26,11.25,18,663,16/10/2022
C000211,Ghana,MTN Ghana,3,6.68,2,413,22/09/2024
C000212,Ghana,MTN Ghana,57,12.17,15,587,01/04/2020
C000213,Nigeria,Glo Nigeria,8,13.21,7,393,23/04/2024
C000214,Uganda,Airtel Uganda,45,,17,652,31/03/2021
C000215,Uganda,MTN Uganda,43,11.65,21,728,14/06/2021
C000216,Uganda,MTN Uganda,35,11.04,15,618,29/01/2022
C000217,Nigeria,MTN Nigeria,59,20.49,14,616,11/02/2020
C000218,Nigeria,MTN Nigeria,20,13.03,4,416,06/05/2023
C000219,Pakistan,Jazz,7,5.18,7,300,16/05/2024
C000220,Kenya,Safaricom,34,10.55,12,626,05/03/2022
C000221,Kenya,Safaricom,38,16.45,21,719,30/10/2021
C000222,Kenya,Safaricom,39,15.81,30,765,18/10/2021
C000223,Ghana,MTN Ghana,33,9.85,22,652,14/04/2022
C000224,Pakistan,Jazz,73,10.43,24,751,13/12/2018
C000225,Nigeria,MTN Nigeria,59,24.4,23,755,29/01/2020
C000226,Pakistan,Jazz,41,9.36,20,732,17/08/2021
C000227,Nigeria,MTN Nigeria,61,22.35,17,732,29/12/2019
C000228,Ghana,MTN Ghana,1,9.61,7,412,25/11/2024
C000229,Ghana,MTN Ghana,34,7.21,6,320,17/03/2022
C000230,Nigeria,MTN Nigeria,61,14.32,20,666,22/12/2019
C000231,Nigeria,Airtel Nigeria,73,20.61,21,649,14/12/2018
C000232,Kenya,Airtel Kenya,66,18.03,28,789,09/07/2019
C000233,Pakistan,Jazz,42,,14,590,03/07/2021
C000234,Ghana,MTN Ghana,47,10.05,12,501,09/02/2021
C000235,Pakistan,Telenor Pakistan,35,9.44,12,705,12/02/2022
C000236,Uganda,Airtel Uganda,25,8.88,22,541,27/11/2022
C000237,Kenya,Safaricom,48,19.55,21,768,25/12/2020
C000238,Uganda,MTN Uganda,50,7.8,14,513,17/11/2020
C000239,Nigeria,MTN Nigeria,28,21.82,16,660,29/08/2022
C000240,Nigeria,Airtel Nigeria,21,15.89,13,593,02/04/2023
C000241,Uganda,MTN Uganda,32,9.01,11,511,07/05/2022
C000242,Uganda,MTN Uganda,32,7.41,3,420,02/05/2022
C000243,Nigeria,MTN Nigeria,14,10.64,1,460,03/11/2023
C000244,Kenya,Safaricom,54,17.96,24,694,21/07/2020
C000245,Ghana,MTN Ghana,63,14.76,21,684,29/10/2019
C000246,Pakistan,Telenor Pakistan,70,11.8,20,796,14/03/2019
C000247,Ghana,MTN Ghana,27,9.35,10,421,17/09/2022
C000248,Kenya,Safaricom,34,11.41,19,595,05/03/2022
C000249,Kenya,Safaricom,45,7.15,4,387,04/04/2021
C000250,Kenya,Airtel Kenya,45,13.23,22,713,24/03/2021
C000251,Ghana,MTN Ghana,64,13.69,27,776,08/09/2019
C000252,Pakistan,Jazz,83,10.25,19,816,02/03/2018
C000253,Kenya,Safaricom,63,14.05,25,787,07/10/2019
C000254,Nigeria,Airtel Nigeria,20,19.71,16,587,01/05/2023
C000255,Nigeria,Airtel Nigeria,15,15.9,22,575,11/09/2023
C000256,Uganda,Airtel Uganda,28,9.62,16,562,18/08/2022
C000257,Uganda,Airtel Uganda,60,9.44,21,771,27/01/2020
C000258,Nigeria,MTN Nigeria,41,12.9,13,579,25/07/2021
C000259,Nigeria,MTN Nigeria,68,18.21,23,580,26/05/2019
C000260,Ghana,MTN Ghana,52,11.96,19,718,10/09/2020
C000261,Nigeria,Airtel Nigeria,42,19.26,23,731,29/06/2021
C000262,Uganda,Airtel Uganda,43,15.46,27,894,18/06/2021
C000263,Kenya,Safaricom,36,8.16,10,373,17/01/2022
C000264,Nigeria,Glo Nigeria,26,13.46,15,477,01/11/2022
C000265,Pakistan,Jazz,11,10.2,14,576,20/01/2024
C000266,Nigeria,MTN Nigeria,33,12.43,12,554,31/03/2022
C000267,Nigeria,MTN Nigeria,21,18.37,14,605,15/03/2023
C000268,Nigeria,Glo Nigeria,19,12.97,3,462,04/06/2023
C000269,Nigeria,Glo Nigeria,44,16.06,20,704,01/05/2021
C000270,Nigeria,MTN Nigeria,11,12.82,10,461,01/02/2024
C000271,Nigeria,Glo Nigeria,29,16.18,12,598,02/08/2022
C000272,Nigeria,Glo Nigeria,39,22.06,15,775,04/10/2021
C000273,Nigeria,Airtel Nigeria,22,18.87,15,561,01/03/2023
C000274,Ghana,Telecel Ghana,25,13.34,19,652,08/12/2022
C000275,Ghana,MTN Ghana,22,9.1,13,512,08/03/2023
C000276,Kenya,Airtel Kenya,18,14.75,9,538,15/06/2023
C000277,Kenya,Safaricom,54,17.62,22,719,28/06/2020
C000278,Kenya,Safaricom,45,11.27,18,669,20/04/2021
C000279,Pakistan,Jazz,40,6.14,12,430,13/09/2021
C000280,Pakistan,Telenor Pakistan,88,12.25,24,898,11/09/2017
C000281,Nigeria,Glo Nigeria,52,14.6,23,671,21/09/2020
C000282,Nigeria,MTN Nigeria,52,19.07,26,713,08/09/2020
C000283,Nigeria,Glo Nigeria,54,17.29,20,692,18/07/2020
C000284,Nigeria,MTN Nigeria,66,28.42,29,882,03/07/2019
C000285,Ghana,MTN Ghana,27,8.89,13,472,22/09/2022
C000286,Kenya,Safaricom,25,9.25,6,467,21/11/2022
C000287,Nigeria,Airtel Nigeria,36,25.86,22,794,16/01/2022
C000288,Kenya,Safaricom,58,15.52,21,716,24/03/2020
C000289,Kenya,Safaricom,41,11.55,26,667,28/07/2021
C000290,Nigeria,Airtel Nigeria,49,11.18,6,491,17/12/2020
C000291,Uganda,MTN Uganda,54,10.36,25,659,13/07/2020
C000292,Nigeria,MTN Nigeria,35,19.09,19,710,13/02/2022
C000293,Pakistan,Zong,69,13.11,23,773,03/05/2019
C000294,Nigeria,Airtel Nigeria,1,20.04,21,627,11/11/2024
C000295,Uganda,Airtel Uganda,52,7.32,17,435,19/09/2020
C000296,Pakistan,Telenor Pakistan,14,11.28,16,579,03/11/2023
C000297,Pakistan,Zong,52,12.84,25,712,30/08/2020
C000298,Uganda,MTN Uganda,41,9.28,11,580,30/07/2021
C000299,Uganda,MTN Uganda,50,6.9,12,563,17/11/2020
C000300,Ghana,MTN Ghana,55,15.59,23,898,01/06/2020
C000301,Uganda,Airtel Uganda,1,6.87,8,463,03/11/2024
C000302,Nigeria,Airtel Nigeria,30,16.4,17,581,04/07/2022
C000303,Kenya,Safaricom,38,13.83,19,672,05/11/2021
C000304,Kenya,Safaricom,4,13.75,22,588,15/08/2024
C000305,Pakistan,Jazz,47,11.07,29,723,17/02/2021
C000306,Kenya,Safaricom,24,14.58,17,651,17/12/2022
C000307,Kenya,Airtel Kenya,47,12.75,13,610,18/02/2021
C000308,Ghana,MTN Ghana,27,11.9,17,534,22/09/2022
C000309,Nigeria,MTN Nigeria,79,19.18,27,764,20/06/2018
C000310,Nigeria,MTN Nigeria,23,15.21,12,480,08/02/2023
C000311,Kenya,Safaricom,26,9.76,10,390,31/10/2022
C000312,Kenya,Safaricom,39,13.94,21,680,11/10/2021
C000313,Nigeria,MTN Nigeria,12,19.1,12,605,10/12/2023
C000314,Kenya,Safaricom,55,22.16,22,874,10/06/2020
C000315,Kenya,Safaricom,59,17.89,21,742,16/02/2020
C000316,Kenya,Safaricom,57,19.61,21,755,20/04/2020
C000317,Kenya,Safaricom,36,13.93,19,660,13/01/2022
C000318,Ghana,Telecel Ghana,11,12.44,13,560,22/01/2024
C000319,Nigeria,MTN Nigeria,65,26.35,19,846,16/08/2019
C000320,Pakistan,Jazz,39,10.6,6,565,21/09/2021
C000321,Pakistan,Jazz,62,14.35,26,773,10/11/2019
C000322,Kenya,Safaricom,35,15.56,15,642,03/02/2022
C000323,Kenya,Airtel Kenya,1,11.08,10,483,21/11/2024
C000324,Kenya,Safaricom,41,12.82,12,562,13/08/2021
C000325,Uganda,MTN Uganda,31,7.78,9,543,28/05/2022
C000326,Ghana,MTN Ghana,37,7.59,1,347,14/12/2021
C000327,Uganda,Airtel Uganda,27,6.68,14,478,14/10/2022
C000328,Kenya,Airtel Kenya,24,11.81,9,461,16/12/2022
C000329,Ghana,MTN Ghana,45,11.64,20,637,21/04/2021
C000330,Nigeria,MTN Nigeria,37,18.17,24,727,12/12/2021
C000331,Uganda,Airtel Uganda,32,8.15,20,677,01/05/2022
C000332,Nigeria,Airtel Nigeria,48,18.14,26,769,17/01/2021
C000333,Ghana,MTN Ghana,18,10.95,14,552,21/06/2023
C000334,Pakistan,Jazz,15,6.45,12,385,23/09/2023
C000335,Nigeria,MTN Nigeria,55,10.55,14,474,24/06/2020
C000336,Ghana,Telecel Ghana,60,,24,703,15/01/2020
C000337,Nigeria,Airtel Nigeria,44,16.44,14,643,28/04/2021
C000338,Uganda,Airtel Uganda,69,9.04,22,721,22/04/2019
C000339,Nigeria,Airtel Nigeria,30,16.66,12,685,26/06/2022
C000340,Pakistan,Jazz,86,13.35,28,758,22/11/2017
C000341,Nigeria,MTN Nigeria,39,21.7,18,722,06/10/2021
C000342,Pakistan,Jazz,90,17.24,26,898,25/07/2017
C000343,Uganda,Airtel Uganda,49,4.97,1,382,09/12/2020
C000344,Ghana,MTN Ghana,27,13.15,24,817,12/10/2022
C000345,Uganda,MTN Uganda,60,7.33,16,628,15/01/2020
C000346,Uganda,MTN Uganda,47,11.9,31,796,09/02/2021
C000347,Pakistan,Telenor Pakistan,29,7.79,20,614,23/07/2022
C000348,Nigeria,Airtel Nigeria,45,14.5,14,614,01/04/2021
C000349,Ghana,Telecel Ghana,22,11.81,10,620,24/02/2023
C000350,Nigeria,MTN Nigeria,54,18.27,12,,15/07/2020
C000351,Ghana,Telecel Ghana,11,9.12,6,467,19/01/2024
C000352,Nigeria,Airtel Nigeria,42,18.57,12,637,22/06/2021
C000353,Ghana,Telecel Ghana,63,14.34,20,684,05/10/2019
C000354,Ghana,Telecel Ghana,56,13.06,22,774,20/05/2020
C000355,Kenya,Airtel Kenya,28,11.25,14,565,06/09/2022
C000356,Kenya,Airtel Kenya,45,13.69,12,611,08/04/2021
C000357,Uganda,Airtel Uganda,11,6.53,14,552,18/01/2024
C000358,Uganda,MTN Uganda,23,6.87,10,597,22/01/2023
C000359,Kenya,Safaricom,34,13.87,17,651,23/02/2022
C000360,Ghana,Telecel Ghana,58,11.32,24,730,12/03/2020
C000361,Pakistan,Telenor Pakistan,57,9.59,22,784,03/04/2020
C000362,Nigeria,MTN Nigeria,46,18.51,18,622,22/03/2021
C000363,Nigeria,MTN Nigeria,29,16.77,4,517,09/08/2022
C000364,Nigeria,Glo Nigeria,31,15.4,11,683,01/06/2022
C000365,Ghana,Telecel Ghana,42,8.15,9,402,06/07/2021
C000366,Kenya,Airtel Kenya,21,14.88,17,540,15/03/2023
C000367,Uganda,MTN Uganda,57,9.88,22,781,08/04/2020
C000368,Ghana,Telecel Ghana,37,12.85,26,635,06/12/2021
C000369,Kenya,Airtel Kenya,44,11.02,10,595,05/05/2021
C000370,Pakistan,Jazz,45,15.91,22,831,19/04/2021
C000371,Uganda,MTN Uganda,47,6.13,13,538,10/02/2021
C000372,Nigeria,Glo Nigeria,33,8.7,5,308,17/04/2022
C000373,Kenya,Safaricom,46,14.93,11,544,19/03/2021
C000374,Kenya,Safaricom,29,11.91,6,483,03/08/2022
C000375,Nigeria,Airtel Nigeria,43,17.81,25,774,21/06/2021
C000376,Nigeria,Airtel Nigeria,89,22.44,22,734,05/09/2017
C000377,Pakistan,Jazz,29,13.37,18,693,20/07/2022
C000378,Kenya,Safaricom,38,10.43,11,455,24/10/2021
C000379,Kenya,Safaricom,41,11.13,15,604,03/08/2021
C000380,Uganda,Airtel Uganda,21,5.91,8,430,15/03/2023
C000381,Ghana,MTN Ghana,38,13.2,14,592,18/11/2021
C000382,Pakistan,Telenor Pakistan,28,8.23,12,592,17/08/2022
C000383,Uganda,Airtel Uganda,29,6.14,5,435,01/08/2022
C000384,Kenya,Safaricom,55,13.87,21,783,15/06/2020
C000385,Kenya,Safaricom,85,12.45,20,711,16/12/2017
C000386,Pakistan,Telenor Pakistan,55,10.56,10,637,13/06/2020
C000387,Uganda,MTN Uganda,42,8.19,19,584,03/07/2021
C000388,Pakistan,Jazz,43,7.59,15,583,12/06/2021
C000389,Nigeria,MTN Nigeria,57,12.02,8,512,12/04/2020
C000390,Pakistan,Zong,10,6.22,16,463,04/03/2024
C000391,Ghana,MTN Ghana,35,8.78,17,621,10/02/2022
C000392,Nigeria,MTN Nigeria,17,16.53,15,726,25/07/2023
C000393,Ghana,Telecel Ghana,51,13.68,25,678,26/09/2020
C000394,Ghana,MTN Ghana,51,8.89,22,634,19/10/2020
C000395,Nigeria,MTN Nigeria,20,14.63,11,583,25/04/2023
C000396,Kenya,Safaricom,65,15.37,18,689,30/08/2019
C000397,Uganda,MTN Uganda,11,7.35,6,423,22/01/2024
C000398,Nigeria,MTN Nigeria,30,17.71,8,591,21/06/2022
C000399,Kenya,Safaricom,53,,25,796,15/08/2020
C000400,Kenya,Safaricom,70,13.98,24,728,11/03/2019
C000401,Kenya,Safaricom,34,11.95,24,730,07/03/2022
C000402,Pakistan,Jazz,31,6.51,11,489,20/05/2022
C000403,Uganda,MTN Uganda,46,6.89,18,576,05/03/2021
C000404,Nigeria,MTN Nigeria,49,21.82,13,653,14/12/2020
C000405,Pakistan,Telenor Pakistan,38,8.88,19,506,11/11/2021
C000406,Pakistan,Telenor Pakistan,43,10.37,10,540,26/05/2021
C000407,Nigeria,MTN Nigeria,38,23.99,18,725,04/11/2021
C000408,Uganda,MTN Uganda,59,9.91,12,576,16/02/2020
C000409,Nigeria,MTN Nigeria,35,15.9,13,604,30/01/2022
C000410,Pakistan,Zong,22,9.44,9,465,11/03/2023
C000411,Ghana,MTN Ghana,64,12.08,18,692,25/09/2019
C000412,Ghana,Telecel Ghana,11,6.53,8,408,24/01/2024
C000413,Nigeria,MTN Nigeria,35,15.22,9,530,08/02/2022
C000414,Pakistan,Jazz,30,12.94,19,662,30/06/2022
C000415,Nigeria,Airtel Nigeria,73,18.43,11,587,24/12/2018
C000416,Nigeria,MTN Nigeria,88,20.61,27,815,28/09/2017
C000417,Nigeria,MTN Nigeria,36,19.75,19,615,25/12/2021
C000418,Uganda,Airtel Uganda,30,6.49,8,424,23/06/2022
C000419,Nigeria,MTN Nigeria,16,11.57,2,350,01/09/2023
C000420,Pakistan,Jazz,39,10.47,21,702,09/10/2021
C000421,Ghana,MTN Ghana,31,8.29,8,516,28/05/2022
C000422,Nigeria,MTN Nigeria,25,12.29,10,471,16/11/2022
C000423,Nigeria,Airtel Nigeria,16,20.38,16,632,24/08/2023
C000424,Nigeria,MTN Nigeria,28,16.08,20,452,12/09/2022
C000425,Ghana,Telecel Ghana,38,10.16,12,627,01/11/2021
C000426,Uganda,Airtel Uganda,41,7.52,5,610,30/07/2021
C000427,Nigeria,Glo Nigeria,30,11.99,10,538,18/06/2022
C000428,Uganda,Airtel Uganda,44,12.32,16,772,25/04/2021
C000429,Nigeria,Glo Nigeria,46,15.7,11,556,03/03/2021
C000430,Uganda,Airtel Uganda,50,9.95,13,669,07/11/2020
C000431,Pakistan,Jazz,42,5.76,4,419,16/07/2021
C000432,Uganda,MTN Uganda,47,7.56,13,650,26/01/2021
C000433,Ghana,Telecel Ghana,28,12.13,17,543,31/08/2022
C000434,Uganda,MTN Uganda,51,10.07,18,671,04/10/2020
C000435,Nigeria,Airtel Nigeria,1,11.73,15,473,10/11/2024
C000436,Nigeria,MTN Nigeria,87,19.09,26,839,09/11/2017
C000437,Nigeria,Airtel Nigeria,31,12.14,14,486,05/06/2022
C000438,Kenya,Safaricom,81,12.74,21,,18/04/2018
C000439,Uganda,Airtel Uganda,39,8.86,30,795,05/10/2021
C000440,Ghana,MTN Ghana,23,12.93,19,643,23/01/2023
C000441,Pakistan,Jazz,41,8.78,12,598,04/08/2021
C000442,Nigeria,Airtel Nigeria,49,17.66,22,691,23/12/2020
C000443,Uganda,Airtel Uganda,63,12.44,27,870,21/10/2019
C000444,Nigeria,Airtel Nigeria,38,14.93,14,,06/11/2021
C000445,Nigeria,Glo Nigeria,33,18.38,19,686,06/04/2022
C000446,Uganda,MTN Uganda,1,6.69,8,352,01/12/2024
C000447,Pakistan,Zong,52,10.61,13,752,24/09/2020
C000448,Ghana,MTN Ghana,1,8.47,5,372,24/11/2024
C000449,Nigeria,MTN Nigeria,2,11.3,12,439,08/10/2024
C000450,Ghana,MTN Ghana,20,7.73,11,477,13/04/2023
C000451,Nigeria,MTN Nigeria,43,13.19,11,601,27/05/2021
C000452,Pakistan,Telenor Pakistan,79,13.35,13,766,09/06/2018
C000453,Uganda,Airtel Uganda,66,10.73,30,789,05/07/2019
C000454,Nigeria,MTN Nigeria,46,14.99,9,462,03/03/2021
C000455,Nigeria,Glo Nigeria,44,13.29,21,582,19/05/2021
C000456,Nigeria,MTN Nigeria,57,22.18,27,795,16/04/2020
C000457,Pakistan,Jazz,79,8.35,15,667,15/06/2018
C000458,Kenya,Safaricom,7,9.66,1,485,25/05/2024
C000459,Uganda,MTN Uganda,30,9.33,14,604,08/07/2022
C000460,Ghana,MTN Ghana,33,8.96,16,621,16/04/2022
C000461,Ghana,Telecel Ghana,71,14.35,28,868,22/02/2019
C000462,Nigeria,MTN Nigeria,24,17.87,13,635,02/01/2023
C000463,Pakistan,Jazz,33,8.11,9,416,24/03/2022
C000464,Kenya,Safaricom,53,16.73,21,,02/08/2020
C000465,Ghana,MTN Ghana,43,8.29,17,532,18/06/2021
C000466,Ghana,Telecel Ghana,56,10.14,19,707,12/05/2020
C000467,Ghana,Telecel Ghana,66,11.59,21,682,05/07/2019
C000468,Pakistan,Jazz,24,6.9,11,455,29/12/2022
C000469,Nigeria,MTN Nigeria,42,14.36,18,570,23/06/2021
C000470,Kenya,Safaricom,14,9.95,7,469,06/11/2023
C000471,Kenya,Safaricom,11,10.3,1,473,28/01/2024
C000472,Kenya,Safaricom,63,13.56,15,611,03/10/2019
C000473,Nigeria,Glo Nigeria,37,15.68,21,766,27/11/2021
C000474,Nigeria,MTN Nigeria,61,18.98,19,789,21/12/2019
C000475,Nigeria,Airtel Nigeria,46,15.29,11,629,25/02/2021
C000476,Kenya,Safaricom,36,7.93,4,380,06/01/2022
C000477,Kenya,Safaricom,11,15.03,15,599,14/01/2024
C000478,Ghana,MTN Ghana,55,10.69,19,670,17/06/2020
C000479,Ghana,MTN Ghana,24,7.38,1,462,02/01/2023
C000480,Kenya,Airtel Kenya,37,18.34,14,731,09/12/2021
C000481,Kenya,Safaricom,49,16.26,29,811,13/12/2020
C000482,Nigeria,MTN Nigeria,30,8.67,4,332,29/06/2022
C000483,Ghana,MTN Ghana,60,15.15,22,759,04/01/2020
C000484,Kenya,Safaricom,32,13.61,9,570,29/04/2022
C000485,Nigeria,Glo Nigeria,8,16.06,10,461,06/05/2024
C000486,Kenya,Airtel Kenya,26,17.26,17,674,27/10/2022
C000487,Kenya,Airtel Kenya,36,11.63,7,463,05/01/2022
C000488,Nigeria,MTN Nigeria,1,9.73,1,391,30/11/2024
C000489,Ghana,MTN Ghana,53,14.62,22,836,16/08/2020
C000490,Ghana,Telecel Ghana,83,10.12,27,685,08/02/2018
C000491,Uganda,MTN Uganda,37,8.01,11,521,08/12/2021
C000492,Ghana,Telecel Ghana,44,12.46,17,560,01/05/2021
C000493,Ghana,MTN Ghana,43,11.91,27,890,16/06/2021
C000494,Kenya,Safaricom,19,15.89,15,613,16/05/2023
C000495,Uganda,Airtel Uganda,58,10.67,18,731,04/03/2020
C000496,Kenya,Safaricom,45,13.68,28,768,18/04/2021
C000497,Kenya,Airtel Kenya,58,16.75,19,658,08/03/2020
C000498,Ghana,MTN Ghana,38,11.15,12,596,22/10/2021
C000499,Kenya,Safaricom,90,12.96,14,603,15/07/2017
C000500,Kenya,Safaricom,38,15.42,25,716,28/10/2021
C000501,Uganda,MTN Uganda,45,7.75,6,639,01/04/2021
C000502,Pakistan,Telenor Pakistan,12,6.29,10,444,23/12/2023
C000503,Pakistan,Jazz,44,9.04,13,492,18/05/2021
C000504,Kenya,Safaricom,52,17.84,17,699,24/09/2020
C000505,Kenya,Airtel Kenya,33,16.89,21,718,09/04/2022
C000506,Uganda,MTN Uganda,47,12.89,25,780,14/02/2021
C000507,Kenya,Safaricom,65,17.36,14,689,04/08/2019
C000508,Uganda,MTN Uganda,41,4.93,11,403,26/07/2021
C000509,Kenya,Airtel Kenya,1,8.88,5,316,23/11/2024
C000510,Nigeria,Airtel Nigeria,41,22.23,20,733,09/08/2021
C000511,Nigeria,MTN Nigeria,62,14.57,14,564,07/11/2019
C000512,Uganda,MTN Uganda,48,10.38,25,761,02/01/2021
C000513,Nigeria,MTN Nigeria,36,17.15,23,550,22/12/2021
C000514,Nigeria,MTN Nigeria,53,20.57,18,607,04/08/2020
C000515,Kenya,Safaricom,27,19.03,24,717,24/09/2022
C000516,Nigeria,Glo Nigeria,14,13.49,11,478,16/10/2023
C000517,Kenya,Safaricom,16,10.45,14,386,14/08/2023
C000518,Uganda,MTN Uganda,58,9.12,11,636,17/03/2020
C000519,Nigeria,MTN Nigeria,52,19,8,585,17/09/2020
C000520,Uganda,Airtel Uganda,70,13.16,28,875,07/03/2019
C000521,Pakistan,Jazz,44,13.87,23,710,18/05/2021
C000522,Kenya,Safaricom,67,20.17,12,763,24/06/2019
C000523,Nigeria,MTN Nigeria,16,10.08,6,364,05/09/2023
C000524,Ghana,Telecel Ghana,44,12.96,14,570,27/04/2021
C000525,Nigeria,MTN Nigeria,64,22.28,25,764,03/09/2019
C000526,Kenya,Airtel Kenya,67,12.42,19,651,20/06/2019
C000527,Pakistan,Jazz,56,10.23,18,845,25/05/2020
C000528,Pakistan,Jazz,38,11.87,14,670,11/11/2021
C000529,Uganda,Airtel Uganda,49,6.57,8,501,06/12/2020
C000530,Kenya,Airtel Kenya,58,11.44,18,594,18/03/2020
C000531,Ghana,MTN Ghana,37,12.8,21,693,26/11/2021
C000532,Uganda,Airtel Uganda,8,5.3,6,442,13/04/2024
C000533,Kenya,Safaricom,53,12.07,15,565,12/08/2020
C000534,Ghana,MTN Ghana,28,16.11,19,795,27/08/2022
C000535,Nigeria,Airtel Nigeria,6,11.5,21,528,04/07/2024
C000536,Nigeria,Airtel Nigeria,31,16.69,16,567,12/06/2022
C000537,Kenya,Safaricom,40,11.52,20,628,09/09/2021
C000538,Nigeria,Airtel Nigeria,28,22.28,25,704,11/09/2022
C000539,Nigeria,MTN Nigeria,42,16.55,21,639,21/07/2021
C000540,Uganda,MTN Uganda,63,14.37,28,893,10/10/2019
C000541,Pakistan,Zong,40,13.13,20,737,19/09/2021
C000542,Ghana,MTN Ghana,69,13.51,22,627,26/04/2019
C000543,Uganda,Airtel Uganda,32,7.29,10,474,26/04/2022
C000544,Pakistan,Telenor Pakistan,65,12.04,19,755,25/08/2019
C000545,Nigeria,Airtel Nigeria,9,11.61,20,530,31/03/2024
C000546,Kenya,Safaricom,24,15.79,17,722,21/12/2022
C000547,Kenya,Airtel Kenya,46,14,10,633,23/03/2021
C000548,Nigeria,Airtel Nigeria,64,17.47,20,604,21/09/2019
C000549,Uganda,Airtel Uganda,26,7.91,15,662,28/10/2022
C000550,Kenya,Safaricom,43,14.56,20,656,19/06/2021
C000551,Kenya,Safaricom,31,16.08,30,770,28/05/2022
C000552,Nigeria,MTN Nigeria,16,14.53,5,488,28/08/2023
C000553,Nigeria,MTN Nigeria,52,21.87,22,760,15/09/2020
C000554,Pakistan,Jazz,12,6.59,13,398,21/12/2023
C000555,Nigeria,Airtel Nigeria,30,20.55,25,768,15/07/2022
C000556,Nigeria,Glo Nigeria,29,19.26,21,758,28/07/2022
C000557,Nigeria,MTN Nigeria,14,20.76,28,680,26/10/2023
C000558,Kenya,Safaricom,22,9.43,4,337,12/03/2023
C000559,Ghana,Telecel Ghana,54,11.46,22,707,03/07/2020
C000560,Kenya,Safaricom,61,15,30,796,16/12/2019
C000561,Nigeria,Glo Nigeria,19,16.92,18,560,09/06/2023
C000562,Nigeria,MTN Nigeria,58,20.99,24,686,18/03/2020
C000563,Uganda,MTN Uganda,60,8.33,19,762,06/01/2020
C000564,Ghana,MTN Ghana,31,9.76,18,542,03/06/2022
C000565,Ghana,Telecel Ghana,36,10.52,18,635,06/01/2022
C000566,Ghana,MTN Ghana,32,13.72,16,673,16/05/2022
C000567,Uganda,Airtel Uganda,33,6.51,13,522,16/04/2022
C000568,Nigeria,MTN Nigeria,72,22.82,23,753,25/01/2019
C000569,Kenya,Safaricom,53,14.35,23,605,17/08/2020
C000570,Kenya,Airtel Kenya,40,17.61,21,701,31/08/2021
C000571,Kenya,Safaricom,43,16.04,12,588,07/06/2021
C000572,Uganda,MTN Uganda,27,9.88,15,693,11/10/2022
C000573,Kenya,Safaricom,46,14.32,15,592,04/03/2021
C000574,Uganda,Airtel Uganda,29,10.58,13,663,18/07/2022
C000575,Pakistan,Jazz,58,14.04,19,751,03/03/2020
C000576,Kenya,Safaricom,80,13.29,14,597,09/05/2018
C000577,Pakistan,Zong,43,10.36,22,799,07/06/2021
C000578,Ghana,Telecel Ghana,76,12.73,17,558,25/09/2018
C000579,Pakistan,Zong,36,6.81,9,509,16/01/2022
C000580,Kenya,Airtel Kenya,6,10.82,1,369,15/06/2024
C000581,Kenya,Safaricom,33,13.51,13,709,04/04/2022
C000582,Kenya,Safaricom,70,12.86,15,583,15/03/2019
C000583,Nigeria,MTN Nigeria,48,21.64,15,654,13/01/2021
C000584,Kenya,Safaricom,25,13.67,9,567,08/12/2022
C000585,Pakistan,Telenor Pakistan,39,11.36,26,670,29/09/2021
C000586,Ghana,Telecel Ghana,46,10.75,21,644,12/03/2021
C000587,Nigeria,Airtel Nigeria,33,14.18,14,566,02/04/2022
C000588,Kenya,Safaricom,60,13.65,26,829,30/12/2019
C000589,Nigeria,MTN Nigeria,52,13.9,9,465,16/09/2020
C000590,Nigeria,Airtel Nigeria,25,17.59,13,670,10/12/2022
C000591,Pakistan,Jazz,28,5.91,10,380,24/08/2022
C000592,Kenya,Airtel Kenya,43,14.3,23,701,04/06/2021
C000593,Kenya,Safaricom,31,16.74,9,632,05/06/2022
C000594,Ghana,MTN Ghana,54,13.28,17,623,09/07/2020
C000595,Nigeria,Airtel Nigeria,27,19.76,24,765,17/09/2022
C000596,Nigeria,Airtel Nigeria,1,19.04,12,556,27/11/2024
C000597,Uganda,Airtel Uganda,28,6.87,18,455,22/08/2022
C000598,Ghana,MTN Ghana,34,10.28,24,603,02/03/2022
C000599,Pakistan,Telenor Pakistan,1,6.75,6,403,08/11/2024
C000600,Ghana,MTN Ghana,24,16.09,22,767,16/12/2022
C000601,Kenya,Safaricom,75,13.94,20,729,31/10/2018
C000602,Uganda,MTN Uganda,53,8.99,18,722,22/08/2020
C000603,Pakistan,Zong,50,15.02,19,769,23/11/2020
C000604,Uganda,Airtel Uganda,77,11.26,22,704,31/08/2018
C000605,Pakistan,Telenor Pakistan,54,11.71,25,634,16/07/2020
C000606,Uganda,Airtel Uganda,54,8.33,17,493,19/07/2020
C000607,Pakistan,Jazz,17,10.59,18,587,17/07/2023
C000608,Nigeria,Airtel Nigeria,30,16.23,12,753,24/06/2022
C000609,Uganda,MTN Uganda,55,11.61,13,722,16/06/2020
C000610,Kenya,Safaricom,55,14.26,26,757,09/06/2020
C000611,Ghana,MTN Ghana,44,7.35,16,466,13/05/2021
C000612,Ghana,Telecel Ghana,3,11.45,13,491,18/09/2024
C000613,Pakistan,Jazz,59,9.36,21,752,19/02/2020
C000614,Pakistan,Telenor Pakistan,39,6.1,15,454,26/09/2021
C000615,Nigeria,Airtel Nigeria,53,15.94,20,642,19/08/2020
C000616,Uganda,MTN Uganda,35,,23,663,18/01/2022
C000617,Uganda,MTN Uganda,51,12.27,12,693,27/09/2020
C000618,Kenya,Airtel Kenya,23,10.53,16,581,06/02/2023
C000619,Nigeria,Airtel Nigeria,49,20.7,32,822,06/12/2020
C000620,Nigeria,MTN Nigeria,31,21.82,23,731,23/05/2022
C000621,Uganda,MTN Uganda,31,10.56,23,684,22/05/2022
C000622,Kenya,Safaricom,33,11.75,16,612,06/04/2022
C000623,Pakistan,Telenor Pakistan,39,10.82,21,731,03/10/2021
C000624,Kenya,Safaricom,29,15.03,24,661,11/08/2022
C000625,Pakistan,Jazz,13,7.25,11,557,01/12/2023
C000626,Kenya,Safaricom,68,15.56,14,633,26/05/2019
C000627,Uganda,Airtel Uganda,20,6.71,9,496,04/05/2023
C000628,Nigeria,Airtel Nigeria,24,13.5,7,394,01/01/2023
C000629,Ghana,MTN Ghana,23,14.95,16,773,22/01/2023
C000630,Uganda,MTN Uganda,56,9.42,18,599,01/05/2020
C000631,Pakistan,Jazz,32,9.81,11,514,30/04/2022
C000632,Uganda,MTN Uganda,22,6.06,15,503,27/02/2023
C000633,Nigeria,MTN Nigeria,47,19.13,16,814,31/01/2021
C000634,Kenya,Safaricom,56,14.93,22,682,09/05/2020
C000635,Nigeria,MTN Nigeria,1,20.4,23,663,19/11/2024
C000636,Nigeria,Airtel Nigeria,11,14.82,11,438,06/02/2024
C000637,Ghana,MTN Ghana,56,14.45,27,872,11/05/2020
C000638,Uganda,Airtel Uganda,44,11.85,24,725,21/05/2021
C000639,Uganda,MTN Uganda,75,7.81,21,615,17/10/2018
C000640,Pakistan,Telenor Pakistan,32,8.05,18,609,19/04/2022
C000641,Uganda,MTN Uganda,47,7.27,16,556,29/01/2021
C000642,Uganda,Airtel Uganda,75,12.65,28,742,10/10/2018
C000643,Nigeria,Airtel Nigeria,57,20.14,24,735,14/04/2020
C000644,Nigeria,MTN Nigeria,42,21.1,21,801,07/07/2021
C000645,Ghana,Telecel Ghana,23,13.66,24,677,27/01/2023
C000646,Pakistan,Jazz,45,7.3,14,572,16/04/2021
C000647,Nigeria,Airtel Nigeria,63,14.03,17,626,01/10/2019
C000648,Kenya,Safaricom,59,13.45,23,779,26/02/2020
C000649,Ghana,MTN Ghana,47,7.89,16,511,23/01/2021
C000650,Nigeria,MTN Nigeria,64,13.12,17,468,01/09/2019
C000651,Kenya,Airtel Kenya,62,14.59,22,762,01/11/2019
C000652,Pakistan,Jazz,25,12.3,25,664,13/12/2022
C000653,Ghana,MTN Ghana,52,16.21,24,786,27/08/2020
C000654,Nigeria,MTN Nigeria,47,16.56,16,,14/02/2021
C000655,Pakistan,Jazz,29,7.95,14,556,08/08/2022
C000656,Kenya,Safaricom,51,11.56,10,511,04/10/2020
C000657,Pakistan,Zong,34,7.62,23,585,07/03/2022
C000658,Nigeria,Airtel Nigeria,55,18.17,21,778,29/05/2020
C000659,Ghana,MTN Ghana,35,12.49,15,652,02/02/2022
C000660,Kenya,Safaricom,44,13.94,13,666,19/05/2021
C000661,Nigeria,MTN Nigeria,35,16.67,18,547,09/02/2022
C000662,Pakistan,Jazz,25,14.14,28,759,20/11/2022
C000663,Nigeria,MTN Nigeria,53,18.5,29,891,08/08/2020
C000664,Nigeria,MTN Nigeria,31,24.7,18,765,07/06/2022
C000665,Kenya,Safaricom,19,8.41,10,469,05/06/2023
C000666,Uganda,Airtel Uganda,30,11.93,17,670,26/06/2022
C000667,Uganda,MTN Uganda,45,8.32,8,520,15/04/2021
C000668,Pakistan,Zong,39,6.07,7,447,17/10/2021
C000669,Nigeria,Airtel Nigeria,34,12.9,12,475,02/03/2022
C000670,Kenya,Airtel Kenya,8,9.77,8,484,11/04/2024
C000671,Nigeria,Airtel Nigeria,29,17.05,14,532,06/08/2022
C000672,Ghana,Telecel Ghana,24,11.05,13,707,22/12/2022
C000673,Pakistan,Jazz,27,10.06,19,514,01/10/2022
C000674,Uganda,MTN Uganda,58,9.8,20,754,29/02/2020
C000675,Ghana,MTN Ghana,60,15.88,24,718,10/01/2020
C000676,Kenya,Airtel Kenya,41,11.38,15,576,05/08/2021
C000677,Pakistan,Jazz,61,11.91,20,672,23/12/2019
C000678,Kenya,Safaricom,48,17.35,15,703,27/12/2020
C000679,Nigeria,Airtel Nigeria,17,10.46,5,412,09/08/2023
C000680,Kenya,Safaricom,54,11.46,15,660,10/07/2020
C000681,Nigeria,Glo Nigeria,53,18.1,18,648,18/08/2020
C000682,Nigeria,MTN Nigeria,39,21.57,27,742,04/10/2021
C000683,Nigeria,MTN Nigeria,50,21.86,22,704,25/10/2020
C000684,Kenya,Safaricom,46,14.83,19,780,21/03/2021
C000685,Ghana,MTN Ghana,3,12.42,15,570,02/10/2024
C000686,Kenya,Safaricom,42,15.69,15,593,27/06/2021
C000687,Kenya,Safaricom,32,19.16,22,795,27/04/2022
C000688,Pakistan,Jazz,51,9.02,21,731,12/10/2020
C000689,Uganda,Airtel Uganda,12,6.97,18,589,01/01/2024
C000690,Kenya,Airtel Kenya,49,23.31,25,897,05/12/2020
C000691,Nigeria,MTN Nigeria,38,21.27,19,710,11/11/2021
C000692,Pakistan,Jazz,52,10.15,18,575,05/09/2020
C000693,Nigeria,MTN Nigeria,9,13.11,8,366,25/03/2024
C000694,Kenya,Airtel Kenya,14,9.28,18,529,16/10/2023
C000695,Pakistan,Telenor Pakistan,57,14.15,29,789,08/04/2020
C000696,Kenya,Safaricom,27,12.7,7,526,27/09/2022
C000697,Uganda,MTN Uganda,56,11.69,21,696,25/05/2020
C000698,Ghana,Telecel Ghana,17,11.66,12,554,23/07/2023
C000699,Ghana,Telecel Ghana,52,13.48,17,762,04/09/2020
C000700,Nigeria,MTN Nigeria,82,15.28,17,713,24/03/2018
C000701,Nigeria,Airtel Nigeria,48,25.15,22,791,05/01/2021
C000702,Kenya,Safaricom,46,16.8,18,690,05/03/2021
C000703,Nigeria,MTN Nigeria,2,12.79,8,481,26/10/2024
C000704,Pakistan,Telenor Pakistan,29,13.5,19,674,02/08/2022
C000705,Nigeria,MTN Nigeria,36,13.18,22,513,14/01/2022
C000706,Ghana,MTN Ghana,28,9.84,7,566,22/08/2022
C000707,Uganda,Airtel Uganda,66,14.85,31,861,28/07/2019
C000708,Uganda,Airtel Uganda,50,10.83,19,696,30/10/2020
C000709,Kenya,Safaricom,16,15.55,14,597,21/08/2023
C000710,Kenya,Safaricom,47,14.58,5,551,06/02/2021
C000711,Pakistan,Telenor Pakistan,33,12.95,27,798,02/04/2022
C000712,Ghana,MTN Ghana,26,9.98,10,613,09/11/2022
C000713,Uganda,Airtel Uganda,41,10.5,19,615,01/08/2021
C000714,Pakistan,Telenor Pakistan,53,8.82,19,522,14/08/2020
C000715,Uganda,MTN Uganda,24,9.62,12,641,20/12/2022
C000716,Nigeria,MTN Nigeria,29,14,15,481,21/07/2022
C000717,Ghana,Telecel Ghana,36,8.04,14,566,21/12/2021
C000718,Nigeria,Glo Nigeria,61,16.35,15,783,02/12/2019
C000719,Ghana,MTN Ghana,36,7.86,1,373,26/12/2021
C000720,Pakistan,Jazz,34,12.14,18,651,10/03/2022
C000721,Kenya,Airtel Kenya,46,11.77,14,536,15/03/2021
C000722,Kenya,Safaricom,44,8.91,3,453,24/04/2021
C000723,Nigeria,MTN Nigeria,49,11.94,9,429,25/11/2020
C000724,Pakistan,Zong,38,9.99,16,525,10/11/2021
C000725,Nigeria,Airtel Nigeria,62,19.13,32,895,10/11/2019
C000726,Nigeria,Glo Nigeria,47,22.46,23,824,25/01/2021
C000727,Nigeria,Airtel Nigeria,25,21.57,23,733,18/11/2022
C000728,Nigeria,MTN Nigeria,36,17.01,22,650,20/12/2021
C000729,Kenya,Airtel Kenya,53,17.69,27,793,15/08/2020
C000730,Kenya,Safaricom,50,20.09,27,799,08/11/2020
C000731,Kenya,Safaricom,46,11.63,16,613,06/03/2021
C000732,Nigeria,Glo Nigeria,1,9.39,6,381,04/11/2024
C000733,Nigeria,Airtel Nigeria,43,15.28,22,718,23/05/2021
C000734,Kenya,Airtel Kenya,88,20.31,24,870,24/09/2017
C000735,Nigeria,MTN Nigeria,46,17.84,17,534,26/02/2021
C000736,Ghana,Telecel Ghana,51,13.23,12,670,13/10/2020
C000737,Nigeria,Airtel Nigeria,42,20.38,14,603,03/07/2021
C000738,Kenya,Safaricom,38,16.51,19,695,25/10/2021
C000739,Kenya,Airtel Kenya,19,13.82,22,713,16/05/2023
C000740,Kenya,Safaricom,45,12.11,19,625,19/04/2021
C000741,Nigeria,Airtel Nigeria,12,,28,756,05/01/2024
C000742,Nigeria,Airtel Nigeria,43,,22,754,15/06/2021
C000743,Pakistan,Telenor Pakistan,21,7.37,5,414,09/04/2023
C000744,Nigeria,Glo Nigeria,42,20.6,22,761,15/07/2021
C000745,Kenya,Safaricom,77,14.68,19,709,08/08/2018
C000746,Kenya,Safaricom,62,11.9,17,578,11/11/2019
C000747,Kenya,Safaricom,54,14.68,12,630,24/07/2020
C000748,Kenya,Airtel Kenya,36,18.38,22,770,27/12/2021
C000749,Uganda,Airtel Uganda,67,10.54,23,628,04/06/2019
C000750,Uganda,Airtel Uganda,36,6.71,11,486,23/12/2021
C000751,Nigeria,MTN Nigeria,19,18.22,10,559,17/05/2023
C000752,Kenya,Safaricom,31,10.77,11,529,21/05/2022
C000753,Nigeria,Airtel Nigeria,52,15.54,8,625,02/09/2020
C000754,Kenya,Airtel Kenya,19,13.08,11,504,16/05/2023
C000755,Ghana,MTN Ghana,40,13.89,23,621,27/08/2021
C000756,Nigeria,Airtel Nigeria,40,19.68,10,591,30/08/2021
C000757,Kenya,Safaricom,30,12.75,15,728,11/07/2022
C000758,Pakistan,Telenor Pakistan,29,8.41,11,560,19/07/2022
C000759,Nigeria,MTN Nigeria,34,,26,771,16/03/2022
C000760,Kenya,Safaricom,59,17.93,28,728,19/02/2020
C000761,Uganda,MTN Uganda,13,7.34,12,481,17/11/2023
C000762,Nigeria,Glo Nigeria,48,14.53,14,699,01/01/2021
C000763,Nigeria,Airtel Nigeria,6,13.93,11,489,09/06/2024
C000764,Nigeria,Glo Nigeria,31,15.63,29,752,14/06/2022
C000765,Pakistan,Telenor Pakistan,19,9,15,609,19/05/2023
C000766,Nigeria,MTN Nigeria,22,14.73,11,480,10/03/2023
C000767,Nigeria,MTN Nigeria,27,10.77,10,452,26/09/2022
C000768,Nigeria,Airtel Nigeria,48,20.24,13,678,16/01/2021
C000769,Nigeria,MTN Nigeria,21,21.19,26,748,26/03/2023
C000770,Ghana,Telecel Ghana,47,13.27,26,772,18/02/2021
C000771,Nigeria,Airtel Nigeria,12,12.07,1,444,06/01/2024
C000772,Ghana,Telecel Ghana,40,12.28,8,551,22/08/2021
C000773,Ghana,MTN Ghana,36,12.14,14,652,02/01/2022
C000774,Uganda,MTN Uganda,32,9.99,17,569,04/05/2022
C000775,Nigeria,MTN Nigeria,17,13.49,8,496,30/07/2023
C000776,Pakistan,Jazz,68,11.51,20,677,06/05/2019
C000777,Ghana,Telecel Ghana,25,15.48,19,708,20/11/2022
C000778,Nigeria,MTN Nigeria,38,15.48,20,698,04/11/2021
C000779,Uganda,Airtel Uganda,50,9.6,24,759,20/11/2020
C000780,Pakistan,Jazz,33,12.06,17,610,28/03/2022
C000781,Nigeria,Glo Nigeria,21,14.88,14,554,06/04/2023
C000782,Pakistan,Zong,12,9.33,18,638,29/12/2023
C000783,Kenya,Safaricom,18,14.03,12,500,22/06/2023
C000784,Ghana,Telecel Ghana,11,7.3,9,472,09/01/2024
C000785,Pakistan,Jazz,81,14.18,24,850,02/05/2018
C000786,Kenya,Safaricom,78,17.24,27,702,05/08/2018
C000787,Uganda,Airtel Uganda,51,12.89,22,800,12/10/2020
C000788,Kenya,Airtel Kenya,6,10.73,16,484,15/06/2024
C000789,Uganda,Airtel Uganda,29,4.66,3,372,27/07/2022
C000790,Ghana,MTN Ghana,16,11.52,16,529,12/08/2023
C000791,Nigeria,Airtel Nigeria,42,23.57,30,772,15/07/2021
C000792,Kenya,Safaricom,42,14.7,22,789,28/06/2021
C000793,Kenya,Safaricom,36,13.81,17,691,25/12/2021
C000794,Nigeria,MTN Nigeria,48,21.87,23,820,29/12/2020
C000795,Nigeria,Airtel Nigeria,7,11.38,11,490,09/05/2024
C000796,Kenya,Safaricom,30,16.4,19,653,08/07/2022
C000797,Nigeria,MTN Nigeria,40,15.75,9,455,10/09/2021
C000798,Nigeria,Glo Nigeria,40,16.27,16,658,06/09/2021
C000799,Uganda,Airtel Uganda,46,12.13,28,701,13/03/2021
C000800,Uganda,MTN Uganda,18,12.84,23,791,07/07/2023
C000801,Uganda,MTN Uganda,44,8.69,10,522,13/05/2021
C000802,Kenya,Safaricom,18,14.04,15,507,30/06/2023
C000803,Pakistan,Telenor Pakistan,54,9.29,20,615,04/07/2020
C000804,Ghana,MTN Ghana,26,10.34,15,448,13/11/2022
C000805,Nigeria,MTN Nigeria,32,14.54,26,661,25/04/2022
C000806,Nigeria,Airtel Nigeria,17,18.02,20,671,18/07/2023
C000807,Ghana,Telecel Ghana,63,10.22,12,533,27/10/2019
C000808,Nigeria,Airtel Nigeria,36,,2,453,20/12/2021
C000809,Kenya,Safaricom,37,11.7,6,456,27/11/2021
C000810,Pakistan,Telenor Pakistan,73,11.5,21,721,13/12/2018
C000811,Nigeria,MTN Nigeria,43,17.32,13,649,29/05/2021
C000812,Nigeria,MTN Nigeria,60,18.26,11,644,04/01/2020
C000813,Pakistan,Telenor Pakistan,29,8.18,16,599,03/08/2022
C000814,Ghana,Telecel Ghana,63,12.11,27,797,15/10/2019
C000815,Nigeria,MTN Nigeria,15,11.22,9,460,21/09/2023
C000816,Pakistan,Telenor Pakistan,14,8.91,11,417,03/11/2023
C000817,Pakistan,Jazz,49,13.6,24,749,22/12/2020
C000818,Kenya,Safaricom,28,16.14,26,742,24/08/2022
C000819,Ghana,MTN Ghana,29,9.39,18,454,08/08/2022
C000820,Nigeria,MTN Nigeria,36,19.21,28,659,09/01/2022
C000821,Nigeria,Airtel Nigeria,28,20.47,30,877,11/09/2022
C000822,Ghana,Telecel Ghana,20,7.37,9,483,29/04/2023
C000823,Nigeria,Airtel Nigeria,23,14.59,12,502,25/01/2023
C000824,Ghana,MTN Ghana,52,10.35,24,641,28/08/2020
C000825,Uganda,MTN Uganda,31,8.71,7,487,02/06/2022
C000826,Nigeria,MTN Nigeria,61,15.35,23,643,18/12/2019
C000827,Ghana,Telecel Ghana,45,11.67,15,616,30/03/2021
C000828,Nigeria,MTN Nigeria,34,17.77,20,682,10/03/2022
C000829,Pakistan,Telenor Pakistan,40,11.99,15,658,19/09/2021
C000830,Nigeria,Airtel Nigeria,28,19.14,9,567,14/09/2022
C000831,Ghana,Telecel Ghana,58,13.28,22,780,03/03/2020
C000832,Ghana,MTN Ghana,17,5.56,10,351,20/07/2023
C000833,Kenya,Safaricom,34,16.08,16,690,13/03/2022
C000834,Ghana,Telecel Ghana,39,9.61,24,641,13/10/2021
C000835,Uganda,MTN Uganda,39,6.7,11,555,24/09/2021
C000836,Ghana,MTN Ghana,6,,3,410,16/06/2024
C000837,Uganda,Airtel Uganda,38,6.85,15,570,04/11/2021
C000838,Pakistan,Telenor Pakistan,27,10.36,26,788,04/10/2022
C000839,Kenya,Safaricom,48,11.84,14,545,11/01/2021
C000840,Kenya,Safaricom,58,16.07,23,770,05/03/2020
C000841,Nigeria,MTN Nigeria,73,24.15,28,754,29/12/2018
C000842,Uganda,MTN Uganda,23,8.34,18,641,16/01/2023
C000843,Kenya,Safaricom,44,10.68,9,493,15/05/2021
C000844,Kenya,Safaricom,59,16.8,16,709,20/02/2020
C000845,Nigeria,MTN Nigeria,29,17.56,18,543,04/08/2022
C000846,Pakistan,Zong,41,10.97,19,734,28/07/2021
C000847,Kenya,Airtel Kenya,30,16.71,20,732,16/07/2022
C000848,Ghana,MTN Ghana,1,7.16,8,329,28/11/2024
C000849,Nigeria,MTN Nigeria,41,19.25,32,799,09/08/2021
C000850,Pakistan,Telenor Pakistan,24,9.18,20,691,08/01/2023
C000851,Nigeria,Glo Nigeria,60,18.05,15,603,17/01/2020
C000852,Nigeria,Glo Nigeria,13,14.5,15,590,26/11/2023
C000853,Pakistan,Jazz,44,9.98,17,671,04/05/2021
C000854,Pakistan,Jazz,54,12.36,20,743,17/07/2020
C000855,Nigeria,MTN Nigeria,57,17.77,22,797,11/04/2020
C000856,Kenya,Airtel Kenya,38,10.61,17,540,20/10/2021
C000857,Uganda,Airtel Uganda,55,9.38,18,664,13/06/2020
C000858,Pakistan,Telenor Pakistan,26,11.11,19,564,20/10/2022
C000859,Kenya,Safaricom,42,16.14,17,656,13/07/2021
C000860,Kenya,Safaricom,39,13.77,18,698,23/09/2021
C000861,Uganda,Airtel Uganda,56,8.07,21,607,10/05/2020
C000862,Uganda,MTN Uganda,83,13.79,23,788,05/03/2018
C000863,Uganda,Airtel Uganda,19,9.63,15,612,15/05/2023
C000864,Ghana,Telecel Ghana,1,11.09,13,547,11/11/2024
C000865,Nigeria,Airtel Nigeria,48,13.93,23,648,12/01/2021
C000866,Pakistan,Jazz,41,6.46,11,461,02/08/2021
C000867,Pakistan,Zong,47,6.04,11,372,24/01/2021
C000868,Uganda,Airtel Uganda,24,5.96,2,307,10/01/2023
C000869,Nigeria,MTN Nigeria,58,20.05,20,610,27/03/2020
C000870,Nigeria,MTN Nigeria,84,19.99,29,892,15/01/2018
C000871,Uganda,Airtel Uganda,57,9.53,18,586,19/04/2020
C000872,Nigeria,MTN Nigeria,45,17.95,17,545,28/03/2021
C000873,Pakistan,Jazz,26,13.57,16,,21/10/2022
C000874,Kenya,Safaricom,29,11.43,12,517,19/07/2022
C000875,Uganda,MTN Uganda,64,11.12,32,897,08/09/2019
C000876,Pakistan,Telenor Pakistan,38,12.91,22,648,21/10/2021
C000877,Kenya,Safaricom,31,10.81,18,540,29/05/2022
C000878,Kenya,Safaricom,67,13.32,20,699,29/06/2019
C000879,Ghana,Telecel Ghana,28,10.12,24,647,08/09/2022
C000880,Ghana,MTN Ghana,62,14.04,20,778,03/11/2019
C000881,Kenya,Safaricom,29,8.51,3,454,07/08/2022
C000882,Ghana,MTN Ghana,35,13.72,20,743,19/01/2022
C000883,Pakistan,Telenor Pakistan,30,14.25,26,730,20/06/2022
C000884,Kenya,Airtel Kenya,25,16.73,19,783,23/11/2022
C000885,Nigeria,MTN Nigeria,57,25.05,17,768,23/04/2020
C000886,Kenya,Safaricom,28,13.8,5,512,09/09/2022
C000887,Kenya,Safaricom,31,17.01,22,690,25/05/2022
C000888,Nigeria,MTN Nigeria,17,20.12,14,710,29/07/2023
C000889,Nigeria,Airtel Nigeria,50,22.13,22,693,11/11/2020
C000890,Ghana,MTN Ghana,11,6.71,2,315,04/02/2024
C000891,Kenya,Airtel Kenya,16,9.51,8,485,27/08/2023
C000892,Pakistan,Telenor Pakistan,15,10.45,8,513,09/10/2023
C000893,Nigeria,MTN Nigeria,43,19.75,22,735,17/06/2021
C000894,Nigeria,Airtel Nigeria,47,21.24,15,653,25/01/2021
C000895,Uganda,MTN Uganda,36,9.17,18,667,26/12/2021
C000896,Pakistan,Telenor Pakistan,41,12.84,29,883,22/07/2021
C000897,Nigeria,MTN Nigeria,25,15.15,12,469,16/11/2022
C000898,Nigeria,Airtel Nigeria,61,20.59,24,719,02/12/2019
C000899,Nigeria,MTN Nigeria,13,9.36,4,308,26/11/2023
C000900,Kenya,Safaricom,29,13.38,7,500,08/08/2022
C000901,Kenya,Airtel Kenya,20,10.76,12,465,22/04/2023
C000902,Nigeria,MTN Nigeria,22,12.66,18,598,23/02/2023
C000903,Nigeria,MTN Nigeria,28,20.02,18,676,02/09/2022
C000904,Kenya,Airtel Kenya,18,11.85,18,692,27/06/2023
C000905,Pakistan,Telenor Pakistan,48,8.88,23,532,16/01/2021
C000906,Ghana,Telecel Ghana,19,5.38,1,300,28/05/2023
C000907,Kenya,Safaricom,40,12.2,19,636,22/08/2021
C000908,Nigeria,Airtel Nigeria,18,12.33,8,325,29/06/2023
C000909,Nigeria,MTN Nigeria,52,16.15,20,738,09/09/2020
C000910,Nigeria,MTN Nigeria,36,22.36,21,743,20/12/2021
C000911,Uganda,Airtel Uganda,47,12,22,794,27/01/2021
C000912,Pakistan,Jazz,32,9.03,17,645,24/04/2022
C000913,Pakistan,Telenor Pakistan,73,11.83,19,591,03/01/2019
C000914,Pakistan,Jazz,55,9.08,17,647,01/06/2020
C000915,Pakistan,Jazz,54,12.78,36,795,24/07/2020
C000916,Pakistan,Telenor Pakistan,73,14.64,22,,02/01/2019
C000917,Nigeria,Airtel Nigeria,60,20.55,24,673,18/01/2020
C000918,Nigeria,Airtel Nigeria,14,14.75,17,583,27/10/2023
C000919,Kenya,Airtel Kenya,42,17.91,21,716,18/07/2021
C000920,Ghana,MTN Ghana,23,10.28,15,435,25/01/2023
C000921,Nigeria,MTN Nigeria,41,15.19,7,551,24/07/2021
C000922,Uganda,MTN Uganda,38,10.28,20,661,30/10/2021
C000923,Ghana,Telecel Ghana,43,11.93,17,710,24/05/2021
C000924,Kenya,Safaricom,33,,16,643,22/03/2022
C000925,Nigeria,Airtel Nigeria,45,14.25,10,512,29/03/2021
C000926,Nigeria,MTN Nigeria,9,12.86,9,536,01/04/2024
C000927,Nigeria,Airtel Nigeria,36,19.93,12,674,29/12/2021
C000928,Pakistan,Zong,22,10.36,24,769,11/03/2023
C000929,Ghana,Telecel Ghana,32,10.1,21,739,24/04/2022
C000930,Uganda,MTN Uganda,39,8.27,13,576,23/09/2021
C000931,Nigeria,Glo Nigeria,34,11.58,15,,15/03/2022
C000932,Kenya,Safaricom,43,16.54,24,750,06/06/2021
C000933,Kenya,Safaricom,62,15.44,19,709,26/11/2019
C000934,Uganda,MTN Uganda,64,8.27,32,693,14/09/2019
C000935,Uganda,MTN Uganda,35,7.73,19,598,03/02/2022
C000936,Nigeria,Airtel Nigeria,28,10.07,19,451,19/08/2022
C000937,Pakistan,Jazz,44,13.18,22,790,14/05/2021
C000938,Nigeria,MTN Nigeria,48,15.69,18,637,31/12/2020
C000939,Pakistan,Telenor Pakistan,23,11.87,13,660,23/01/2023
C000940,Nigeria,Airtel Nigeria,72,20.47,19,716,12/01/2019
C000941,Nigeria,Airtel Nigeria,54,15.79,14,611,28/06/2020
C000942,Uganda,Airtel Uganda,31,8.42,34,765,11/06/2022
C000943,Nigeria,MTN Nigeria,23,14.86,12,588,11/02/2023
C000944,Kenya,Airtel Kenya,47,13.1,17,656,03/02/2021
C000945,Kenya,Safaricom,41,14.33,15,724,17/08/2021
C000946,Nigeria,MTN Nigeria,62,26.49,27,822,16/11/2019
C000947,Uganda,MTN Uganda,47,9.55,20,802,06/02/2021
C000948,Pakistan,Telenor Pakistan,69,10.46,25,729,15/04/2019
C000949,Pakistan,Jazz,35,11.3,8,588,16/02/2022
C000950,Kenya,Safaricom,66,14.25,12,527,15/07/2019
C000951,Kenya,Safaricom,48,13.7,10,636,30/12/2020
C000952,Nigeria,MTN Nigeria,25,19.72,18,719,13/12/2022
C000953,Nigeria,MTN Nigeria,70,13.69,16,636,23/03/2019
C000954,Nigeria,MTN Nigeria,62,22.3,18,723,19/11/2019
C000955,Pakistan,Jazz,53,12.49,19,743,15/08/2020
C000956,Pakistan,Telenor Pakistan,69,13.88,31,889,20/04/2019
C000957,Uganda,MTN Uganda,32,9.95,31,772,13/05/2022
C000958,Kenya,Safaricom,13,13.76,19,648,23/11/2023
C000959,Kenya,Safaricom,35,14.57,12,593,14/02/2022
C000960,Kenya,Safaricom,74,13.81,25,813,02/12/2018
C000961,Kenya,Safaricom,36,11.87,11,526,01/01/2022
C000962,Kenya,Safaricom,54,8.93,15,507,30/06/2020
C000963,Nigeria,MTN Nigeria,77,25.7,28,863,15/08/2018
C000964,Nigeria,MTN Nigeria,44,16.22,13,696,12/05/2021
C000965,Pakistan,Telenor Pakistan,54,11.88,20,603,16/07/2020
C000966,Kenya,Safaricom,53,11.77,16,530,11/08/2020
C000967,Pakistan,Telenor Pakistan,38,10.19,23,634,17/11/2021
C000968,Nigeria,MTN Nigeria,43,18.17,19,724,02/06/2021
C000969,Ghana,Telecel Ghana,35,10.46,15,559,12/02/2022
C000970,Nigeria,Airtel Nigeria,3,16.2,13,643,12/09/2024
C000971,Nigeria,MTN Nigeria,40,15.32,15,595,08/09/2021
C000972,Nigeria,MTN Nigeria,60,17.57,24,770,17/01/2020
C000973,Nigeria,MTN Nigeria,52,19.04,20,770,11/09/2020
C000974,Pakistan,Zong,43,11.7,18,619,18/06/2021
C000975,Kenya,Airtel Kenya,38,12.14,17,631,11/11/2021
C000976,Ghana,MTN Ghana,1,11.13,10,513,26/11/2024
C000977,Kenya,Airtel Kenya,63,15.97,22,621,05/10/2019
C000978,Kenya,Safaricom,26,13.01,12,538,09/11/2022
C000979,Kenya,Safaricom,24,9.72,14,562,09/01/2023
C000980,Nigeria,Airtel Nigeria,64,19.38,14,697,23/09/2019
C000981,Pakistan,Telenor Pakistan,47,10.77,16,556,09/02/2021
C000982,Uganda,MTN Uganda,30,6.75,8,472,28/06/2022
C000983,Uganda,Airtel Uganda,41,7.02,16,521,08/08/2021
C000984,Kenya,Safaricom,7,9.67,4,459,20/05/2024
C000985,Nigeria,Airtel Nigeria,45,18.82,23,727,07/04/2021
C000986,Pakistan,Jazz,45,6.38,1,466,17/04/2021
C000987,Kenya,Safaricom,20,10.3,15,523,12/05/2023
C000988,Nigeria,MTN Nigeria,42,24.22,26,858,01/07/2021
C000989,Kenya,Airtel Kenya,26,10.39,11,457,16/10/2022
C000990,Uganda,MTN Uganda,49,9.39,19,747,22/12/2020
C000991,Ghana,MTN Ghana,44,12.95,11,582,25/04/2021
C000992,Uganda,Airtel Uganda,31,10.2,22,797,20/05/2022
C000993,Uganda,Airtel Uganda,1,6.92,15,567,09/11/2024
C000994,Nigeria,Glo Nigeria,43,12.35,14,510,05/06/2021
C000995,Pakistan,Telenor Pakistan,32,10.87,23,749,07/05/2022
C000996,Kenya,Safaricom,39,16.39,18,758,02/10/2021
C000997,Ghana,MTN Ghana,11,9.92,27,694,06/02/2024
C000998,Nigeria,Airtel Nigeria,62,23.06,22,735,21/11/2019
C000999,Pakistan,Zong,46,12.76,16,663,12/03/2021
C001000,Nigeria,Airtel Nigeria,52,18.24,23,745,09/09/2020
C001001,Nigeria,MTN Nigeria,54,23.14,23,766,18/07/2020
C001002,Kenya,Safaricom,1,9.01,5,355,20/11/2024
C001003,Nigeria,Airtel Nigeria,31,22.64,19,723,26/05/2022
C001004,Nigeria,MTN Nigeria,46,19.19,28,809,23/02/2021
C001005,Ghana,MTN Ghana,34,13.44,27,711,22/02/2022
C001006,Kenya,Safaricom,28,9.73,5,546,12/09/2022
C001007,Pakistan,Telenor Pakistan,54,9.55,28,779,09/07/2020
C001008,Kenya,Airtel Kenya,50,15.3,15,587,10/11/2020
C001009,Uganda,Airtel Uganda,16,8.3,18,630,25/08/2023
C001010,Kenya,Airtel Kenya,50,16.05,28,772,31/10/2020
C001011,Ghana,Telecel Ghana,47,9.67,5,604,12/02/2021
C001012,Ghana,Telecel Ghana,34,15.7,25,745,02/03/2022
C001013,Kenya,Safaricom,38,13.54,23,658,23/10/2021
C001014,Pakistan,Telenor Pakistan,33,6.89,7,474,01/04/2022
C001015,Kenya,Safaricom,56,18.94,20,853,11/05/2020
C001016,Nigeria,MTN Nigeria,45,13.85,21,582,26/03/2021
C001017,Ghana,MTN Ghana,34,9.08,6,551,18/03/2022
C001018,Uganda,Airtel Uganda,36,10.28,19,654,06/01/2022
C001019,Nigeria,Airtel Nigeria,12,17.88,16,521,24/12/2023
C001020,Kenya,Airtel Kenya,48,16.93,21,699,22/01/2021
C001021,Pakistan,Zong,36,7.89,17,578,03/01/2022
C001022,Uganda,Airtel Uganda,35,10.03,22,774,20/01/2022
C001023,Pakistan,Jazz,68,16.09,30,895,10/05/2019
C001024,Kenya,Airtel Kenya,68,14.6,20,765,02/06/2019
C001025,Ghana,Telecel Ghana,22,11.34,11,546,15/02/2023
C001026,Kenya,Airtel Kenya,41,16.76,24,799,28/07/2021
C001027,Pakistan,Jazz,10,8.72,2,420,10/02/2024
C001028,Kenya,Safaricom,27,15.87,26,800,10/10/2022
C001029,Uganda,Airtel Uganda,70,11.31,7,644,08/03/2019
C001030,Kenya,Safaricom,41,15.36,23,750,20/08/2021
C001031,Ghana,MTN Ghana,30,13.75,21,688,15/07/2022
C001032,Uganda,MTN Uganda,14,6.82,10,533,29/10/2023
C001033,Kenya,Safaricom,47,17.49,19,812,28/01/2021
C001034,Pakistan,Jazz,25,8.97,14,596,18/11/2022
C001035,Kenya,Airtel Kenya,68,12,23,727,14/05/2019
C001036,Ghana,Telecel Ghana,32,13.54,25,786,16/05/2022
C001037,Kenya,Airtel Kenya,12,10.94,10,586,12/12/2023
C001038,Kenya,Safaricom,44,16.03,16,596,15/05/2021
C001039,Kenya,Safaricom,37,15.78,18,628,26/11/2021
C001040,Nigeria,MTN Nigeria,41,21.29,21,709,12/08/2021
C001041,Nigeria,MTN Nigeria,68,23.01,24,896,17/05/2019
C001042,Ghana,MTN Ghana,40,10.09,17,624,17/09/2021
C001043,Ghana,Telecel Ghana,45,11.83,24,720,24/03/2021
C001044,Ghana,Telecel Ghana,5,7.82,13,478,02/08/2024
C001045,Nigeria,MTN Nigeria,17,18.64,20,670,13/07/2023
C001046,Kenya,Safaricom,39,18.75,29,764,22/09/2021
C001047,Nigeria,MTN Nigeria,31,17.03,22,747,12/06/2022
C001048,Uganda,MTN Uganda,40,6.74,12,600,30/08/2021
C001049,Pakistan,Jazz,16,9.14,16,685,30/08/2023
C001050,Nigeria,MTN Nigeria,23,14.54,13,527,02/02/2023
C001051,Ghana,MTN Ghana,27,7.55,6,522,05/10/2022
C001052,Nigeria,MTN Nigeria,37,16.16,15,617,11/12/2021
C001053,Nigeria,Airtel Nigeria,58,17.29,26,798,29/02/2020
C001054,Nigeria,MTN Nigeria,36,14.54,23,657,16/01/2022
C001055,Nigeria,MTN Nigeria,27,18.58,10,614,04/10/2022
C001056,Ghana,MTN Ghana,70,17.47,24,796,24/03/2019
C001057,Pakistan,Jazz,26,7.75,13,540,01/11/2022
C001058,Nigeria,Airtel Nigeria,51,12.84,12,524,15/10/2020
C001059,Kenya,Airtel Kenya,45,14.97,23,777,03/04/2021
C001060,Uganda,Airtel Uganda,17,6.64,6,364,14/07/2023
C001061,Pakistan,Telenor Pakistan,36,10.33,22,627,28/12/2021
C001062,Ghana,MTN Ghana,38,11.07,20,580,12/11/2021
C001063,Nigeria,MTN Nigeria,23,14.73,20,510,13/01/2023
C001064,Ghana,MTN Ghana,28,11.19,11,488,02/09/2022
C001065,Kenya,Safaricom,50,8.61,9,485,14/11/2020
C001066,Pakistan,Zong,59,9.4,15,692,07/02/2020
C001067,Kenya,Safaricom,61,14.57,18,717,30/11/2019
C001068,Ghana,MTN Ghana,22,12.14,21,675,04/03/2023
C001069,Nigeria,MTN Nigeria,18,13.36,19,593,05/07/2023
C001070,Kenya,Safaricom,36,14.7,16,555,25/12/2021
C001071,Pakistan,Zong,64,13.91,21,805,16/09/2019
C001072,Ghana,MTN Ghana,20,11.26,8,493,21/04/2023
C001073,Kenya,Safaricom,37,19.35,29,746,05/12/2021
C001074,Pakistan,Jazz,57,9.97,12,599,26/04/2020
C001075,Pakistan,Zong,68,16.01,32,867,23/05/2019
C001076,Kenya,Safaricom,54,15.21,18,623,01/07/2020
C001077,Kenya,Safaricom,6,7.25,1,311,07/06/2024
C001078,Kenya,Safaricom,28,14.28,11,603,04/09/2022
C001079,Ghana,MTN Ghana,39,10.74,7,461,29/09/2021
C001080,Kenya,Airtel Kenya,41,17.17,22,707,18/08/2021
C001081,Nigeria,MTN Nigeria,25,17.72,11,582,07/12/2022
C001082,Pakistan,Jazz,27,9.28,24,655,24/09/2022
C001083,Pakistan,Telenor Pakistan,22,10.17,11,520,12/03/2023
C001084,Uganda,MTN Uganda,64,10.58,26,786,08/09/2019
C001085,Pakistan,Jazz,18,11.47,21,664,13/06/2023
C001086,Uganda,Airtel Uganda,66,13.04,33,854,30/07/2019
C001087,Uganda,MTN Uganda,36,10.56,19,732,31/12/2021
C001088,Uganda,MTN Uganda,29,6.91,14,552,05/08/2022
C001089,Kenya,Safaricom,47,17.89,17,765,02/02/2021
C001090,Kenya,Safaricom,32,11.54,16,594,21/04/2022
C001091,Nigeria,MTN Nigeria,31,14.44,20,588,14/06/2022
C001092,Ghana,MTN Ghana,25,8.39,14,548,23/11/2022
C001093,Nigeria,Airtel Nigeria,26,16.91,24,577,08/11/2022
C001094,Nigeria,Airtel Nigeria,52,12.67,16,556,08/09/2020
C001095,Ghana,Telecel Ghana,24,7.91,7,442,30/12/2022
C001096,Kenya,Safaricom,45,18.62,23,731,07/04/2021
C001097,Nigeria,MTN Nigeria,7,10.6,1,359,14/05/2024
C001098,Uganda,MTN Uganda,27,9.92,11,,26/09/2022
C001099,Pakistan,Telenor Pakistan,18,8.35,6,491,01/07/2023
C001100,Nigeria,MTN Nigeria,55,15.93,20,696,07/06/2020
C001101,Nigeria,Airtel Nigeria,38,23.09,22,770,01/11/2021
C001102,Kenya,Safaricom,1,8.28,11,371,30/11/2024
C001103,Uganda,Airtel Uganda,37,10.73,15,597,30/11/2021
C001104,Uganda,Airtel Uganda,32,7.89,12,606,07/05/2022
C001105,Nigeria,MTN Nigeria,40,23.49,28,762,15/09/2021
C001106,Uganda,Airtel Uganda,40,7.24,1,476,04/09/2021
C001107,Nigeria,Glo Nigeria,4,22.42,20,716,19/08/2024
C001108,Kenya,Safaricom,64,12.12,19,655,09/09/2019
C001109,Pakistan,Jazz,58,11.78,19,681,16/03/2020
C001110,Nigeria,Airtel Nigeria,33,15.13,21,685,26/03/2022
C001111,Nigeria,MTN Nigeria,35,21,19,676,08/02/2022
C001112,Kenya,Safaricom,46,12.06,19,630,05/03/2021
C001113,Ghana,MTN Ghana,38,9.57,10,529,21/10/2021
C001114,Pakistan,Zong,34,12.01,13,689,01/03/2022
C001115,Pakistan,Jazz,8,9.17,13,554,16/04/2024
C001116,Nigeria,Airtel Nigeria,69,19.05,12,612,22/04/2019
C001117,Nigeria,MTN Nigeria,40,14.7,7,471,30/08/2021
C001118,Uganda,MTN Uganda,46,8.31,24,700,26/02/2021
C001119,Nigeria,Glo Nigeria,46,21.09,25,690,25/02/2021
C001120,Pakistan,Jazz,51,10.53,23,671,27/09/2020
C001121,Ghana,MTN Ghana,58,13.68,25,730,19/03/2020
C001122,Nigeria,MTN Nigeria,12,16.21,20,693,13/12/2023
C001123,Uganda,Airtel Uganda,27,7.95,18,555,04/10/2022
C001124,Nigeria,MTN Nigeria,7,11.64,6,328,10/05/2024
C001125,Kenya,Safaricom,55,21.87,34,862,26/06/2020
C001126,Ghana,MTN Ghana,53,14.64,15,,29/07/2020
C001127,Kenya,Safaricom,16,16.21,22,683,03/09/2023
C001128,Ghana,MTN Ghana,6,7.32,5,481,29/06/2024
C001129,Ghana,MTN Ghana,6,7.03,8,359,19/06/2024
C001130,Pakistan,Jazz,50,10.24,15,746,08/11/2020
C001131,Pakistan,Jazz,37,8.59,5,454,14/12/2021
C001132,Kenya,Safaricom,55,10.1,8,537,10/06/2020
C001133,Nigeria,Airtel Nigeria,22,16.93,12,484,17/02/2023
C001134,Uganda,MTN Uganda,66,9.92,26,821,18/07/2019
C001135,Pakistan,Jazz,58,9.39,31,742,11/03/2020
C001136,Kenya,Safaricom,58,19.15,22,771,03/03/2020
C001137,Kenya,Airtel Kenya,51,14.39,26,787,19/10/2020
C001138,Kenya,Safaricom,40,12.01,21,722,10/09/2021
C001139,Nigeria,MTN Nigeria,18,16.36,17,577,15/06/2023
C001140,Ghana,MTN Ghana,15,,14,544,05/10/2023
C001141,Kenya,Safaricom,44,12.32,21,633,15/05/2021
C001142,Uganda,MTN Uganda,26,7.07,7,,05/11/2022
C001143,Uganda,MTN Uganda,39,9.05,11,721,25/09/2021
C001144,Uganda,Airtel Uganda,34,7.11,11,449,14/03/2022
C001145,Kenya,Safaricom,27,10.76,5,522,03/10/2022
C001146,Kenya,Safaricom,21,13.47,20,583,31/03/2023
C001147,Uganda,Airtel Uganda,21,6.98,7,460,10/04/2023
C001148,Uganda,MTN Uganda,27,6.52,1,330,11/10/2022
C001149,Kenya,Airtel Kenya,11,11.77,21,476,26/01/2024
C001150,Pakistan,Telenor Pakistan,37,10.29,14,568,16/12/2021
C001151,Nigeria,Airtel Nigeria,25,13.47,9,474,14/11/2022
C001152,Pakistan,Telenor Pakistan,14,7.23,13,463,26/10/2023
C001153,Nigeria,MTN Nigeria,23,12.66,14,488,11/02/2023
C001154,Nigeria,MTN Nigeria,24,20.1,26,749,25/12/2022
C001155,Kenya,Safaricom,29,9.61,6,496,24/07/2022
C001156,Nigeria,MTN Nigeria,1,10.21,10,424,14/11/2024
C001157,Nigeria,MTN Nigeria,62,18.33,20,726,12/11/2019
C001158,Nigeria,MTN Nigeria,50,17.31,20,789,21/11/2020
C001159,Kenya,Safaricom,23,10.56,13,541,21/01/2023
C001160,Uganda,Airtel Uganda,49,8.28,6,546,24/11/2020
C001161,Nigeria,Airtel Nigeria,10,15.3,14,469,26/02/2024
C001162,Ghana,MTN Ghana,35,11.29,20,725,13/02/2022
C001163,Uganda,MTN Uganda,2,8.8,10,513,27/10/2024
C001164,Nigeria,Airtel Nigeria,65,14.81,20,715,12/08/2019
C001165,Nigeria,Glo Nigeria,73,23.64,19,709,15/12/2018
C001166,Pakistan,Telenor Pakistan,8,9.46,18,562,10/04/2024
C001167,Uganda,Airtel Uganda,7,6.12,2,391,24/05/2024
C001168,Kenya,Safaricom,52,17.84,22,781,29/08/2020
C001169,Uganda,MTN Uganda,38,10.3,20,727,10/11/2021
C001170,Nigeria,Airtel Nigeria,51,20.17,19,793,09/10/2020
C001171,Kenya,Airtel Kenya,20,9.21,9,419,23/04/2023
C001172,Uganda,MTN Uganda,51,12.51,17,709,16/10/2020
C001173,Nigeria,MTN Nigeria,33,23.29,16,741,06/04/2022
C001174,Uganda,MTN Uganda,56,11.45,26,808,03/05/2020
C001175,Kenya,Safaricom,26,17.26,25,687,27/10/2022
C001176,Uganda,Airtel Uganda,35,8,18,662,29/01/2022
C001177,Kenya,Safaricom,14,14.43,17,653,21/10/2023
C001178,Kenya,Safaricom,43,16.03,22,769,29/05/2021
C001179,Nigeria,MTN Nigeria,38,17.95,19,729,20/10/2021
C001180,Nigeria,MTN Nigeria,57,22.38,24,690,16/04/2020
C001181,Uganda,MTN Uganda,30,9.37,13,542,06/07/2022
C001182,Nigeria,MTN Nigeria,23,14.41,1,411,15/01/2023
C001183,Nigeria,Airtel Nigeria,37,18.13,21,621,04/12/2021
C001184,Nigeria,Airtel Nigeria,13,17.92,24,706,11/11/2023
C001185,Nigeria,MTN Nigeria,1,10.71,6,304,06/11/2024
C001186,Uganda,Airtel Uganda,29,6.89,3,572,24/07/2022
C001187,Kenya,Safaricom,53,18.99,22,760,04/08/2020
C001188,Pakistan,Jazz,38,8.47,22,670,21/10/2021
C001189,Nigeria,Airtel Nigeria,19,17.55,15,545,03/06/2023
C001190,Ghana,Telecel Ghana,31,11.7,15,,03/06/2022
C001191,Kenya,Airtel Kenya,30,10.52,19,592,30/06/2022
C001192,Kenya,Safaricom,36,8.74,10,456,12/01/2022
C001193,Pakistan,Jazz,55,11.06,24,698,11/06/2020
C001194,Pakistan,Telenor Pakistan,33,9.84,19,667,29/03/2022
C001195,Pakistan,Jazz,37,12.04,17,623,03/12/2021
C001196,Nigeria,MTN Nigeria,43,14.86,21,637,02/06/2021
C001197,Nigeria,Airtel Nigeria,25,10.98,5,384,10/12/2022
C001198,Ghana,MTN Ghana,51,8.04,6,476,10/10/2020
C001199,Nigeria,MTN Nigeria,25,11.06,10,469,16/11/2022
C001200,Uganda,Airtel Uganda,33,4.97,7,345,10/04/2022
C001201,Ghana,MTN Ghana,29,15.22,24,725,02/08/2022
C001202,Ghana,MTN Ghana,19,10.52,15,506,24/05/2023
C001203,Uganda,Airtel Uganda,4,10.51,15,597,16/08/2024
C001204,Uganda,MTN Uganda,32,7.5,12,523,12/05/2022
C001205,Nigeria,MTN Nigeria,38,12.57,9,507,15/11/2021
C001206,Nigeria,Airtel Nigeria,1,11.05,12,504,10/11/2024
C001207,Ghana,MTN Ghana,46,12.46,13,693,08/03/2021
C001208,Kenya,Safaricom,45,10.32,16,599,26/03/2021
C001209,Nigeria,MTN Nigeria,57,15.59,34,764,29/03/2020
C001210,Kenya,Airtel Kenya,6,10.93,3,451,01/07/2024
C001211,Uganda,MTN Uganda,52,8.06,19,661,14/09/2020
C001212,Uganda,Airtel Uganda,48,11.03,23,751,29/12/2020
C001213,Ghana,MTN Ghana,43,11.12,17,582,13/06/2021
C001214,Kenya,Safaricom,10,8.37,1,300,02/03/2024
C001215,Nigeria,MTN Nigeria,35,13.85,14,521,12/02/2022
C001216,Kenya,Safaricom,37,10.35,5,399,03/12/2021
C001217,Kenya,Safaricom,46,15.34,17,767,12/03/2021
C001218,Ghana,Telecel Ghana,42,9.12,20,616,24/06/2021
C001219,Ghana,MTN Ghana,58,10.69,20,646,29/02/2020
C001220,Nigeria,MTN Nigeria,47,15.52,18,758,19/02/2021
C001221,Nigeria,MTN Nigeria,18,15.94,13,587,14/06/2023
C001222,Nigeria,MTN Nigeria,48,19.17,14,628,20/01/2021
C001223,Pakistan,Telenor Pakistan,40,7.68,1,377,29/08/2021
C001224,Ghana,MTN Ghana,61,10.64,22,674,01/12/2019
C001225,Nigeria,MTN Nigeria,28,8.92,9,365,04/09/2022
C001226,Pakistan,Jazz,1,7.16,10,494,28/11/2024
C001227,Kenya,Safaricom,22,15.07,13,548,12/03/2023
C001228,Kenya,Safaricom,42,15.32,24,790,11/07/2021
C001229,Pakistan,Telenor Pakistan,36,9.41,16,587,20/12/2021
C001230,Nigeria,MTN Nigeria,77,16.8,18,791,23/08/2018
C001231,Nigeria,Glo Nigeria,1,11.32,6,321,20/11/2024
C001232,Ghana,MTN Ghana,92,15.13,23,885,12/06/2017
C001233,Nigeria,Airtel Nigeria,8,8.11,7,327,17/04/2024
C001234,Ghana,MTN Ghana,36,13.11,17,743,12/01/2022
C001235,Nigeria,MTN Nigeria,65,23.37,19,798,11/08/2019
C001236,Nigeria,MTN Nigeria,47,15.51,14,565,28/01/2021
C001237,Nigeria,MTN Nigeria,52,22.42,18,676,01/09/2020
C001238,Kenya,Safaricom,36,18.91,22,750,02/01/2022
C001239,Nigeria,Airtel Nigeria,52,19.32,17,712,05/09/2020
C001240,Nigeria,Airtel Nigeria,16,18.43,14,545,29/08/2023
C001241,Pakistan,Telenor Pakistan,36,13.92,23,755,27/12/2021
C001242,Kenya,Safaricom,21,9.42,13,432,23/03/2023
C001243,Kenya,Safaricom,30,16.65,20,680,11/07/2022
C001244,Nigeria,Airtel Nigeria,48,15.47,11,553,13/01/2021
C001245,Kenya,Safaricom,37,15.92,15,727,25/11/2021
C001246,Nigeria,MTN Nigeria,33,16.72,9,601,04/04/2022
C001247,Ghana,Telecel Ghana,15,10.89,13,504,02/10/2023
C001248,Nigeria,Glo Nigeria,49,18.76,17,562,24/11/2020
C001249,Pakistan,Telenor Pakistan,17,7.64,7,490,15/07/2023
C001250,Pakistan,Jazz,59,11.68,20,672,04/02/2020
C001251,Nigeria,Airtel Nigeria,50,16.97,14,577,11/11/2020
C001252,Nigeria,MTN Nigeria,43,24.35,25,770,05/06/2021
C001253,Nigeria,MTN Nigeria,28,13.75,15,497,17/08/2022
C001254,Ghana,MTN Ghana,18,7.49,1,458,26/06/2023
C001255,Nigeria,Glo Nigeria,42,13.73,19,577,27/06/2021
C001256,Pakistan,Zong,11,4.69,5,321,12/01/2024
C001257,Uganda,Airtel Uganda,23,6.25,10,512,18/01/2023
C001258,Uganda,MTN Uganda,34,7.57,12,564,28/02/2022
C001259,Kenya,Safaricom,18,11.86,19,674,01/07/2023
C001260,Pakistan,Jazz,29,10.52,11,531,05/08/2022
C001261,Nigeria,Glo Nigeria,43,14.63,10,563,28/05/2021
C001262,Kenya,Safaricom,53,15.75,21,789,13/08/2020
C001263,Kenya,Safaricom,58,16.85,15,694,21/03/2020
C001264,Pakistan,Telenor Pakistan,19,7.12,15,455,06/06/2023
C001265,Ghana,MTN Ghana,17,9.43,9,443,23/07/2023
C001266,Uganda,Airtel Uganda,10,8.42,19,479,08/02/2024
C001267,Nigeria,MTN Nigeria,34,16.54,19,650,07/03/2022
C001268,Pakistan,Zong,64,9.5,17,577,11/09/2019
C001269,Kenya,Safaricom,26,9.05,4,423,04/11/2022
C001270,Kenya,Safaricom,22,11.54,12,534,02/03/2023
C001271,Pakistan,Telenor Pakistan,29,11.73,20,697,03/08/2022
C001272,Kenya,Safaricom,20,14.02,17,699,02/05/2023
C001273,Kenya,Safaricom,40,16.89,22,809,25/08/2021
C001274,Ghana,MTN Ghana,41,9.68,14,516,24/07/2021
C001275,Nigeria,MTN Nigeria,9,8.06,6,341,29/03/2024
C001276,Kenya,Safaricom,19,10.63,9,570,01/06/2023
C001277,Nigeria,MTN Nigeria,13,13.64,11,466,08/12/2023
C001278,Nigeria,Airtel Nigeria,41,11.61,15,544,29/07/2021
C001279,Pakistan,Telenor Pakistan,39,11.71,15,653,28/09/2021
C001280,Ghana,MTN Ghana,23,12.38,11,559,17/01/2023
C001281,Kenya,Airtel Kenya,19,11.61,11,448,26/05/2023
C001282,Kenya,Safaricom,75,13.28,8,671,08/10/2018
C001283,Kenya,Safaricom,54,12.86,15,597,22/07/2020
C001284,Ghana,MTN Ghana,40,7.95,12,371,08/09/2021
C001285,Pakistan,Zong,24,13.44,12,773,30/12/2022
C001286,Pakistan,Telenor Pakistan,27,10.75,15,518,22/09/2022
C001287,Kenya,Safaricom,46,17.84,28,847,17/03/2021
C001288,Kenya,Airtel Kenya,56,14.18,16,752,18/05/2020
C001289,Kenya,Safaricom,48,11.6,16,557,20/01/2021
C001290,Ghana,Telecel Ghana,33,11.37,15,501,20/03/2022
C001291,Kenya,Safaricom,34,16.78,16,735,05/03/2022
C001292,Ghana,Telecel Ghana,26,12.81,12,593,13/11/2022
C001293,Ghana,Telecel Ghana,36,10.07,11,478,10/01/2022
C001294,Kenya,Airtel Kenya,51,17.27,21,648,07/10/2020
C001295,Kenya,Safaricom,39,13.52,14,615,05/10/2021
C001296,Kenya,Airtel Kenya,49,19.35,21,743,08/12/2020
C001297,Nigeria,Airtel Nigeria,46,22.85,18,717,22/03/2021
C001298,Nigeria,Airtel Nigeria,56,24.63,24,796,01/05/2020
C001299,Uganda,MTN Uganda,57,12.54,25,723,03/04/2020
C001300,Kenya,Airtel Kenya,46,13.62,16,612,17/03/2021
C001301,Nigeria,MTN Nigeria,35,17.9,13,579,06/02/2022
C001302,Ghana,MTN Ghana,57,15.7,27,871,25/04/2020
C001303,Uganda,MTN Uganda,54,13.46,22,844,23/07/2020
C001304,Nigeria,MTN Nigeria,36,22.39,17,742,23/12/2021
C001305,Uganda,Airtel Uganda,39,12.57,28,788,16/10/2021
C001306,Pakistan,Jazz,49,10.46,25,664,13/12/2020
C001307,Ghana,Telecel Ghana,17,10.82,4,502,12/07/2023
C001308,Ghana,Telecel Ghana,60,15.73,24,747,19/01/2020
C001309,Nigeria,MTN Nigeria,23,13.69,12,444,22/01/2023
C001310,Pakistan,Telenor Pakistan,44,8.96,8,546,19/05/2021
C001311,Kenya,Safaricom,50,16.69,16,656,28/10/2020
C001312,Pakistan,Zong,54,12.27,16,664,29/06/2020
C001313,Ghana,Telecel Ghana,36,12.18,27,685,21/12/2021
C001314,Nigeria,MTN Nigeria,38,15.84,20,546,31/10/2021
C001315,Nigeria,Airtel Nigeria,36,14.37,6,459,19/12/2021
C001316,Ghana,MTN Ghana,9,11.16,8,550,17/03/2024
C001317,Ghana,MTN Ghana,66,10.84,21,656,21/07/2019
C001318,Nigeria,Airtel Nigeria,53,10.41,9,389,30/07/2020
C001319,Uganda,MTN Uganda,51,10.64,21,613,16/10/2020
C001320,Pakistan,Telenor Pakistan,39,10,6,484,24/09/2021
C001321,Kenya,Safaricom,51,13.89,21,671,27/09/2020
C001322,Kenya,Safaricom,35,16.94,15,649,03/02/2022
C001323,Nigeria,Glo Nigeria,33,15.86,17,581,11/04/2022
C001324,Uganda,MTN Uganda,63,9.13,22,761,26/10/2019
C001325,Kenya,Safaricom,11,11.86,17,465,21/01/2024
C001326,Pakistan,Jazz,22,8.05,18,625,21/02/2023
C001327,Kenya,Airtel Kenya,33,11.38,16,638,31/03/2022
C001328,Ghana,MTN Ghana,29,9.43,8,395,27/07/2022
C001329,Nigeria,MTN Nigeria,32,19.42,20,715,17/05/2022
C001330,Nigeria,MTN Nigeria,49,19.11,20,810,22/12/2020
C001331,Uganda,MTN Uganda,34,8.61,23,590,11/03/2022
C001332,Kenya,Airtel Kenya,42,18.84,33,861,25/06/2021
C001333,Kenya,Safaricom,7,15.92,19,690,21/05/2024
C001334,Pakistan,Telenor Pakistan,26,10.09,21,667,03/11/2022
C001335,Pakistan,Telenor Pakistan,34,8.38,21,525,27/02/2022
C001336,Pakistan,Jazz,23,6.53,10,350,30/01/2023
C001337,Nigeria,MTN Nigeria,32,14.08,9,462,13/05/2022
C001338,Ghana,MTN Ghana,52,14.83,19,684,09/09/2020
C001339,Pakistan,Jazz,29,9.76,10,626,26/07/2022
C001340,Kenya,Safaricom,12,12.49,13,461,11/12/2023
C001341,Nigeria,Glo Nigeria,44,21.33,22,631,11/05/2021
C001342,Uganda,Airtel Uganda,26,7.19,17,518,08/11/2022
C001343,Kenya,Airtel Kenya,50,10.24,18,599,29/10/2020
C001344,Ghana,MTN Ghana,30,9.13,11,452,05/07/2022
C001345,Pakistan,Jazz,59,12.57,13,644,23/02/2020
C001346,Ghana,Telecel Ghana,26,8.15,15,557,29/10/2022
C001347,Kenya,Airtel Kenya,64,13.65,19,744,29/09/2019
C001348,Kenya,Safaricom,52,10.73,10,424,26/08/2020
C001349,Kenya,Safaricom,45,17.35,17,700,30/03/2021
C001350,Nigeria,Airtel Nigeria,63,17.8,27,838,17/10/2019
C001351,Uganda,Airtel Uganda,1,4.75,8,303,16/11/2024
C001352,Uganda,Airtel Uganda,51,7.99,18,624,13/10/2020
C001353,Nigeria,Airtel Nigeria,32,12.72,6,341,03/05/2022
C001354,Kenya,Safaricom,24,13.13,17,539,15/12/2022
C001355,Pakistan,Jazz,49,10.61,25,657,02/12/2020
C001356,Nigeria,MTN Nigeria,31,16.37,11,491,28/05/2022
C001357,Kenya,Safaricom,47,14.72,20,665,23/01/2021
C001358,Kenya,Airtel Kenya,59,18.87,27,735,23/02/2020
C001359,Ghana,MTN Ghana,36,8.32,14,503,21/12/2021
C001360,Nigeria,MTN Nigeria,29,11.75,5,542,10/08/2022
C001361,Ghana,MTN Ghana,58,12.49,18,721,21/03/2020
C001362,Kenya,Safaricom,53,11.33,18,598,06/08/2020
C001363,Ghana,MTN Ghana,43,16.24,22,789,17/06/2021
C001364,Nigeria,MTN Nigeria,38,17.28,22,620,04/11/2021
C001365,Kenya,Airtel Kenya,9,11.86,23,598,27/03/2024
C001366,Kenya,Safaricom,53,17.2,18,705,25/08/2020
C001367,Nigeria,MTN Nigeria,46,14.17,7,492,18/03/2021
C001368,Nigeria,MTN Nigeria,44,20.13,20,751,09/05/2021
C001369,Nigeria,Airtel Nigeria,39,14.26,14,,17/10/2021
C001370,Kenya,Safaricom,43,19.34,27,728,24/05/2021
C001371,Nigeria,Glo Nigeria,21,14.94,7,488,31/03/2023
C001372,Pakistan,Jazz,43,12.38,20,647,30/05/2021
C001373,Kenya,Airtel Kenya,19,13.57,19,539,05/06/2023
C001374,Uganda,Airtel Uganda,54,12.18,30,,10/07/2020
C001375,Pakistan,Jazz,6,5.4,9,397,02/07/2024
C001376,Nigeria,MTN Nigeria,31,13.34,7,423,11/06/2022
C001377,Ghana,MTN Ghana,49,10.42,28,717,03/12/2020
C001378,Pakistan,Zong,29,12.03,14,596,05/08/2022
C001379,Ghana,MTN Ghana,33,9.14,18,559,19/03/2022
C001380,Kenya,Safaricom,24,10.38,10,486,14/12/2022
C001381,Kenya,Safaricom,61,15.49,12,700,26/12/2019
C001382,Nigeria,Glo Nigeria,20,13.81,10,484,23/04/2023
C001383,Kenya,Safaricom,52,15.81,18,679,01/09/2020
C001384,Pakistan,Telenor Pakistan,23,10.68,13,564,03/02/2023
C001385,Pakistan,Jazz,50,11.44,14,619,29/10/2020
C001386,Nigeria,Glo Nigeria,42,16.53,13,486,29/06/2021
C001387,Uganda,MTN Uganda,42,7.09,13,471,12/07/2021
C001388,Kenya,Safaricom,69,16.1,20,738,01/05/2019
C001389,Pakistan,Zong,34,10.27,11,515,05/03/2022
C001390,Nigeria,MTN Nigeria,47,12.71,7,500,10/02/2021
C001391,Pakistan,Jazz,67,9.68,20,677,17/06/2019
C001392,Uganda,Airtel Uganda,26,7.59,25,686,07/11/2022
C001393,Nigeria,MTN Nigeria,39,22.34,27,749,10/10/2021
C001394,Nigeria,MTN Nigeria,21,20.51,17,697,17/03/2023
C001395,Uganda,Airtel Uganda,61,9.1,28,708,04/12/2019
C001396,Nigeria,Airtel Nigeria,13,13.47,14,592,16/11/2023
C001397,Kenya,Airtel Kenya,21,12.45,17,742,02/04/2023
C001398,Pakistan,Jazz,32,12.11,17,759,03/05/2022
C001399,Ghana,MTN Ghana,2,8.14,7,505,25/10/2024
C001400,Kenya,Airtel Kenya,61,20.61,28,857,17/12/2019
C001401,Kenya,Safaricom,35,20.43,22,790,01/02/2022
C001402,Nigeria,MTN Nigeria,10,18.5,13,592,11/02/2024
C001403,Pakistan,Jazz,30,10.46,9,532,23/06/2022
C001404,Kenya,Safaricom,29,14.13,7,,10/08/2022
C001405,Nigeria,MTN Nigeria,10,19.07,13,624,08/02/2024
C001406,Nigeria,Airtel Nigeria,25,16.97,19,596,11/12/2022
C001407,Pakistan,Zong,35,11.32,23,596,15/02/2022
C001408,Nigeria,MTN Nigeria,31,17.26,23,609,22/05/2022
C001409,Pakistan,Telenor Pakistan,36,10.5,21,665,09/01/2022
C001410,Uganda,MTN Uganda,46,5.86,9,498,26/02/2021
C001411,Uganda,MTN Uganda,57,7.62,7,466,25/04/2020
C001412,Pakistan,Telenor Pakistan,16,8.67,11,414,02/09/2023
C001413,Uganda,MTN Uganda,30,11.93,21,767,22/06/2022
C001414,Pakistan,Zong,40,10.71,21,692,14/09/2021
C001415,Nigeria,MTN Nigeria,51,21.27,30,753,09/10/2020
C001416,Uganda,MTN Uganda,48,12.54,23,766,01/01/2021
C001417,Kenya,Safaricom,57,18.04,31,748,17/04/2020
C001418,Kenya,Safaricom,73,14.15,13,652,30/12/2018
C001419,Pakistan,Zong,22,11.18,23,744,17/02/2023
C001420,Pakistan,Telenor Pakistan,38,10.99,22,715,31/10/2021
C001421,Uganda,MTN Uganda,75,13.53,20,799,08/10/2018
C001422,Kenya,Safaricom,22,9.91,15,522,20/02/2023
C001423,Kenya,Safaricom,51,16.45,23,642,02/10/2020
C001424,Kenya,Airtel Kenya,37,9.68,20,499,30/11/2021
C001425,Kenya,Safaricom,39,11.78,9,407,29/09/2021
C001426,Kenya,Safaricom,62,12.35,7,570,17/11/2019
C001427,Nigeria,MTN Nigeria,52,21.87,23,733,28/08/2020
C001428,Nigeria,MTN Nigeria,1,14.75,13,463,08/11/2024
C001429,Uganda,MTN Uganda,3,5.96,3,319,26/09/2024
C001430,Kenya,Safaricom,77,17.27,21,703,09/08/2018
C001431,Pakistan,Jazz,9,6.93,10,526,30/03/2024
C001432,Ghana,MTN Ghana,22,6.1,4,334,20/02/2023
C001433,Nigeria,MTN Nigeria,13,,27,783,11/11/2023
C001434,Nigeria,Glo Nigeria,31,23.04,29,791,04/06/2022
C001435,Nigeria,Airtel Nigeria,47,17.36,9,576,16/02/2021
C001436,Pakistan,Jazz,41,9.69,16,657,22/07/2021
C001437,Nigeria,MTN Nigeria,32,19.39,10,620,24/04/2022
C001438,Kenya,Safaricom,19,11.05,20,542,29/05/2023
C001439,Pakistan,Zong,18,11.13,25,749,12/06/2023
C001440,Pakistan,Telenor Pakistan,58,11.32,13,739,25/03/2020
C001441,Nigeria,MTN Nigeria,31,18.33,15,595,01/06/2022
C001442,Nigeria,Glo Nigeria,8,11.6,12,540,01/05/2024
C001443,Nigeria,Airtel Nigeria,26,16.16,7,,08/11/2022
C001444,Nigeria,Airtel Nigeria,31,13.51,12,424,06/06/2022
C001445,Nigeria,MTN Nigeria,23,14.02,14,470,25/01/2023
C001446,Ghana,MTN Ghana,21,6.85,8,397,07/04/2023
C001447,Pakistan,Telenor Pakistan,48,13.62,19,746,07/01/2021
C001448,Kenya,Safaricom,14,12.49,7,461,16/10/2023
C001449,Ghana,Telecel Ghana,34,10.56,14,570,14/03/2022
C001450,Nigeria,Airtel Nigeria,46,14.75,13,593,23/03/2021
C001451,Uganda,MTN Uganda,66,10.42,23,777,10/07/2019
C001452,Ghana,MTN Ghana,70,14.71,29,873,22/03/2019
C001453,Pakistan,Telenor Pakistan,24,8.77,9,582,07/01/2023
C001454,Pakistan,Jazz,27,7.35,3,371,18/09/2022
C001455,Kenya,Safaricom,52,14.18,20,711,12/09/2020
C001456,Nigeria,Airtel Nigeria,10,13.81,14,407,04/03/2024
C001457,Nigeria,MTN Nigeria,23,,16,530,02/02/2023
C001458,Kenya,Safaricom,33,10.71,9,434,31/03/2022
C001459,Pakistan,Telenor Pakistan,72,15.29,25,789,25/01/2019
C001460,Kenya,Safaricom,1,8.3,5,351,04/11/2024
C001461,Uganda,MTN Uganda,60,7.32,19,589,10/01/2020
C001462,Kenya,Safaricom,60,15.19,21,685,26/01/2020
C001463,Nigeria,Airtel Nigeria,37,15.87,19,573,08/12/2021
C001464,Kenya,Safaricom,21,11.94,4,457,02/04/2023
C001465,Ghana,MTN Ghana,52,15.35,18,732,20/09/2020
C001466,Ghana,Telecel Ghana,40,15.19,24,776,18/09/2021
C001467,Kenya,Safaricom,38,17.45,20,654,15/11/2021
C001468,Nigeria,Airtel Nigeria,22,16.78,29,698,21/02/2023
C001469,Uganda,Airtel Uganda,21,9.24,14,737,05/04/2023
C001470,Nigeria,Glo Nigeria,81,17.62,21,728,26/04/2018
C001471,Pakistan,Jazz,38,10.84,15,607,14/11/2021
C001472,Nigeria,Airtel Nigeria,44,15.83,19,668,24/04/2021
C001473,Nigeria,Glo Nigeria,14,8.21,11,332,10/10/2023
C001474,Kenya,Safaricom,11,12.57,12,442,17/01/2024
C001475,Kenya,Safaricom,14,8.22,1,377,30/10/2023
C001476,Kenya,Safaricom,23,8.48,14,417,24/01/2023
C001477,Kenya,Airtel Kenya,28,11.16,19,533,03/09/2022
C001478,Pakistan,Jazz,37,10.07,23,748,21/11/2021
C001479,Kenya,Safaricom,57,12.87,16,774,09/04/2020
C001480,Kenya,Safaricom,50,14.35,21,737,20/11/2020
C001481,Kenya,Airtel Kenya,48,13.46,20,672,20/01/2021
C001482,Nigeria,MTN Nigeria,52,20.99,23,674,01/09/2020
C001483,Ghana,Telecel Ghana,26,9.27,5,507,23/10/2022
C001484,Nigeria,Airtel Nigeria,32,17.98,12,584,26/04/2022
C001485,Ghana,Telecel Ghana,54,11.33,18,547,17/07/2020
C001486,Nigeria,Glo Nigeria,29,21.29,25,692,26/07/2022
C001487,Pakistan,Jazz,29,16.35,28,862,07/08/2022
C001488,Kenya,Safaricom,60,16.96,28,798,09/01/2020
C001489,Pakistan,Jazz,19,6.91,13,501,02/06/2023
C001490,Kenya,Airtel Kenya,31,12.36,25,738,13/06/2022
C001491,Nigeria,MTN Nigeria,41,12,12,497,27/07/2021
C001492,Uganda,Airtel Uganda,10,5.93,5,307,12/02/2024
C001493,Ghana,Telecel Ghana,1,7.86,2,382,09/11/2024
C001494,Uganda,MTN Uganda,58,6.44,15,517,09/03/2020
C001495,Kenya,Airtel Kenya,9,10.4,9,567,18/03/2024
C001496,Ghana,MTN Ghana,34,12.87,18,589,23/02/2022
C001497,Pakistan,Jazz,1,7.27,6,408,16/11/2024
C001498,Ghana,MTN Ghana,62,13.02,29,880,03/11/2019
C001499,Kenya,Safaricom,34,17.93,16,698,24/02/2022
C001500,Ghana,MTN Ghana,47,11.99,13,589,05/02/2021
C001501,Ghana,Telecel Ghana,42,12.09,20,676,04/07/2021
C001502,Pakistan,Jazz,54,9.44,18,577,28/06/2020
C001503,Kenya,Safaricom,27,13.72,19,571,29/09/2022
C001504,Kenya,Airtel Kenya,17,13.26,13,660,07/08/2023
C001505,Uganda,Airtel Uganda,51,13.18,16,745,29/09/2020
C001506,Kenya,Safaricom,38,16.5,14,669,18/11/2021
C001507,Uganda,Airtel Uganda,8,,11,593,29/04/2024
C001508,Kenya,Safaricom,1,8.89,11,332,23/11/2024
C001509,Nigeria,Airtel Nigeria,37,24.97,27,755,18/12/2021
C001510,Uganda,Airtel Uganda,57,6.46,10,568,21/04/2020
C001511,Nigeria,Airtel Nigeria,37,10.57,17,479,13/12/2021
C001512,Nigeria,MTN Nigeria,48,24.6,30,817,06/01/2021
C001513,Ghana,MTN Ghana,43,9.49,9,599,26/05/2021
C001514,Uganda,Airtel Uganda,1,8.6,8,527,24/11/2024
C001515,Pakistan,Jazz,17,7.99,3,463,30/07/2023
C001516,Nigeria,MTN Nigeria,45,16.02,17,642,02/04/2021
C001517,Nigeria,Airtel Nigeria,59,19.76,26,859,07/02/2020
C001518,Pakistan,Telenor Pakistan,30,11.73,17,631,18/06/2022
C001519,Nigeria,MTN Nigeria,27,11.93,3,499,29/09/2022
C001520,Nigeria,MTN Nigeria,45,14.84,12,650,30/03/2021
C001521,Nigeria,Glo Nigeria,42,17.87,20,678,26/06/2021
C001522,Kenya,Safaricom,27,6.56,6,324,02/10/2022
C001523,Pakistan,Jazz,55,13.34,15,782,01/06/2020
C001524,Uganda,MTN Uganda,20,6.36,1,309,13/04/2023
C001525,Uganda,MTN Uganda,74,11.96,26,749,01/12/2018
C001526,Nigeria,Glo Nigeria,61,21.12,17,752,06/12/2019
C001527,Kenya,Safaricom,41,7.72,4,330,02/08/2021
C001528,Kenya,Safaricom,35,18.87,15,710,23/01/2022
C001529,Nigeria,MTN Nigeria,21,22.54,23,708,27/03/2023
C001530,Nigeria,MTN Nigeria,30,17.89,6,557,10/07/2022
C001531,Kenya,Safaricom,35,12.12,16,636,04/02/2022
C001532,Nigeria,Glo Nigeria,36,8.2,8,323,28/12/2021
C001533,Ghana,Telecel Ghana,5,6.95,10,421,09/07/2024
C001534,Uganda,MTN Uganda,50,9.93,22,790,21/11/2020
C001535,Nigeria,MTN Nigeria,32,10.97,8,480,12/05/2022
C001536,Kenya,Safaricom,27,12.7,9,467,07/10/2022
C001537,Uganda,MTN Uganda,34,7.63,11,612,01/03/2022
C001538,Uganda,Airtel Uganda,36,6.99,13,538,17/01/2022
C001539,Uganda,MTN Uganda,63,12.56,21,741,02/10/2019
C001540,Kenya,Safaricom,68,18.69,18,712,12/05/2019
C001541,Uganda,Airtel Uganda,52,9.82,28,798,28/08/2020
C001542,Nigeria,MTN Nigeria,6,10.12,2,375,05/07/2024
C001543,Kenya,Airtel Kenya,59,15.16,9,602,19/02/2020
C001544,Nigeria,MTN Nigeria,35,25.71,21,789,03/02/2022
C001545,Kenya,Safaricom,70,15.97,20,689,11/03/2019
C001546,Kenya,Airtel Kenya,58,13.33,16,625,09/03/2020
C001547,Nigeria,MTN Nigeria,58,17.84,15,597,16/03/2020
C001548,Uganda,Airtel Uganda,48,10.33,12,623,13/01/2021
C001549,Kenya,Safaricom,1,8.83,6,473,23/11/2024
C001550,Nigeria,MTN Nigeria,22,16.53,14,622,02/03/2023
C001551,Nigeria,Glo Nigeria,31,15.87,8,474,27/05/2022
C001552,Kenya,Safaricom,39,17.91,27,763,23/09/2021
C001553,Kenya,Airtel Kenya,36,12.06,19,664,03/01/2022
C001554,Kenya,Safaricom,41,13.71,11,547,24/07/2021
C001555,Nigeria,MTN Nigeria,48,22.55,28,784,14/01/2021
C001556,Uganda,MTN Uganda,15,7.43,16,564,14/09/2023
C001557,Pakistan,Zong,39,7.51,5,472,19/10/2021
C001558,Kenya,Safaricom,64,16.44,13,854,08/09/2019
C001559,Ghana,Telecel Ghana,42,16.08,15,727,23/06/2021
C001560,Pakistan,Jazz,43,7.86,16,553,13/06/2021
C001561,Pakistan,Telenor Pakistan,52,14.37,26,776,04/09/2020
C001562,Ghana,MTN Ghana,56,11.25,9,604,25/05/2020
C001563,Pakistan,Jazz,35,11.07,17,561,22/01/2022
C001564,Pakistan,Zong,48,10.47,14,501,08/01/2021
C001565,Uganda,MTN Uganda,4,9.96,19,548,22/08/2024
C001566,Kenya,Safaricom,47,16.61,21,652,25/01/2021
C001567,Nigeria,Airtel Nigeria,28,15.29,20,575,18/08/2022
C001568,Nigeria,MTN Nigeria,35,17.94,24,752,10/02/2022
C001569,Kenya,Safaricom,60,13.56,21,685,31/12/2019
C001570,Kenya,Airtel Kenya,46,13.36,12,559,17/03/2021
C001571,Kenya,Safaricom,19,15.1,26,764,18/05/2023
C001572,Ghana,MTN Ghana,68,14.83,22,872,10/05/2019
C001573,Ghana,Telecel Ghana,49,9.52,17,656,08/12/2020
C001574,Uganda,Airtel Uganda,34,11.61,22,716,01/03/2022
C001575,Nigeria,MTN Nigeria,39,17.16,29,791,08/10/2021
C001576,Nigeria,Airtel Nigeria,1,9.76,3,348,20/11/2024
C001577,Uganda,MTN Uganda,28,8.66,18,559,30/08/2022
C001578,Uganda,Airtel Uganda,22,7.15,9,459,16/02/2023
C001579,Pakistan,Zong,49,12.1,20,619,09/12/2020
C001580,Pakistan,Zong,37,10.02,11,557,01/12/2021
C001581,Pakistan,Zong,25,12.37,21,667,22/11/2022
C001582,Kenya,Safaricom,55,15.2,23,787,30/05/2020
C001583,Kenya,Safaricom,28,10.18,9,553,20/08/2022
C001584,Nigeria,MTN Nigeria,28,20.35,18,672,03/09/2022
C001585,Ghana,MTN Ghana,28,11.81,29,798,20/08/2022
C001586,Pakistan,Jazz,62,14.85,20,804,16/11/2019
C001587,Kenya,Safaricom,57,19.98,17,773,25/04/2020
C001588,Ghana,Telecel Ghana,40,9.18,15,550,17/09/2021
C001589,Nigeria,Glo Nigeria,19,16.73,6,530,05/06/2023
C001590,Nigeria,MTN Nigeria,31,13.77,18,501,05/06/2022
C001591,Nigeria,MTN Nigeria,22,16.73,25,683,01/03/2023
C001592,Nigeria,Airtel Nigeria,15,14.19,16,521,04/10/2023
C001593,Pakistan,Jazz,47,12.59,21,730,16/02/2021
C001594,Kenya,Airtel Kenya,39,15.93,21,584,19/10/2021
C001595,Uganda,Airtel Uganda,14,8.29,22,627,12/10/2023
C001596,Ghana,MTN Ghana,11,10.17,9,488,30/01/2024
C001597,Nigeria,MTN Nigeria,31,15.24,21,600,28/05/2022
C001598,Nigeria,MTN Nigeria,49,14.12,11,578,09/12/2020
C001599,Uganda,MTN Uganda,39,11.85,22,785,09/10/2021
C001600,Nigeria,MTN Nigeria,23,13.44,1,406,04/02/2023
C001601,Pakistan,Jazz,50,13.05,22,734,22/11/2020
C001602,Nigeria,MTN Nigeria,22,16.45,9,475,10/03/2023
C001603,Ghana,MTN Ghana,29,7.22,8,464,26/07/2022
C001604,Uganda,MTN Uganda,33,11.71,24,812,04/04/2022
C001605,Nigeria,Airtel Nigeria,19,13.04,10,513,13/05/2023
C001606,Nigeria,MTN Nigeria,46,15.28,10,462,19/03/2021
C001607,Pakistan,Zong,66,8.91,25,694,05/07/2019
C001608,Nigeria,MTN Nigeria,48,13.84,11,593,20/01/2021
C001609,Kenya,Safaricom,29,8.62,7,304,25/07/2022
C001610,Kenya,Safaricom,1,9.29,9,428,04/11/2024
C001611,Nigeria,Airtel Nigeria,2,11.68,7,355,29/10/2024
C001612,Uganda,MTN Uganda,31,10.94,15,602,02/06/2022
C001613,Uganda,MTN Uganda,61,6.96,7,463,02/12/2019
C001614,Kenya,Safaricom,45,16.62,24,766,29/03/2021
C001615,Uganda,Airtel Uganda,58,12.93,23,737,22/03/2020
C001616,Nigeria,MTN Nigeria,36,16.68,9,532,12/01/2022
C001617,Nigeria,MTN Nigeria,45,,12,645,12/04/2021
C001618,Ghana,Telecel Ghana,31,11.5,13,538,03/06/2022
C001619,Pakistan,Jazz,11,8.75,15,513,29/01/2024
C001620,Nigeria,MTN Nigeria,1,16.87,17,528,30/11/2024
C001621,Nigeria,Airtel Nigeria,69,21.52,27,770,19/04/2019
C001622,Kenya,Safaricom,28,11.84,18,620,02/09/2022
C001623,Uganda,MTN Uganda,12,10.92,17,654,29/12/2023
C001624,Nigeria,MTN Nigeria,47,13.52,18,650,28/01/2021
C001625,Kenya,Safaricom,50,17.96,15,702,15/11/2020
C001626,Uganda,Airtel Uganda,52,10.96,15,655,29/08/2020
C001627,Kenya,Safaricom,43,13.35,10,477,21/06/2021
C001628,Nigeria,Airtel Nigeria,43,17.57,25,855,06/06/2021
C001629,Nigeria,MTN Nigeria,20,15.31,15,568,14/04/2023
C001630,Kenya,Safaricom,28,10.41,8,554,06/09/2022
C001631,Kenya,Safaricom,45,11.6,9,553,03/04/2021
C001632,Pakistan,Jazz,2,8.93,18,575,11/10/2024
C001633,Ghana,Telecel Ghana,26,9.11,6,453,03/11/2022
C001634,Ghana,MTN Ghana,39,8.62,7,464,30/09/2021
C001635,Pakistan,Telenor Pakistan,52,12.71,17,634,05/09/2020
C001636,Kenya,Safaricom,48,12.02,12,611,08/01/2021
C001637,Kenya,Safaricom,68,16.32,28,798,22/05/2019
C001638,Pakistan,Telenor Pakistan,9,13.68,18,781,23/03/2024
C001639,Nigeria,Airtel Nigeria,69,17.23,20,716,29/04/2019
C001640,Uganda,MTN Uganda,60,13.13,23,842,14/01/2020
C001641,Uganda,MTN Uganda,68,11.69,22,744,24/05/2019
C001642,Nigeria,Airtel Nigeria,1,11.81,3,354,22/11/2024
C001643,Kenya,Safaricom,12,14.84,16,625,31/12/2023
C001644,Nigeria,MTN Nigeria,67,20.42,23,651,17/06/2019
C001645,Nigeria,Airtel Nigeria,26,21.78,15,646,13/11/2022
C001646,Kenya,Safaricom,22,8.73,8,486,12/03/2023
C001647,Nigeria,MTN Nigeria,48,17.84,17,656,16/01/2021
C001648,Uganda,MTN Uganda,47,10.05,21,594,04/02/2021
C001649,Pakistan,Zong,58,8.37,18,675,21/03/2020
C001650,Uganda,MTN Uganda,55,11.53,29,796,12/06/2020
C001651,Nigeria,Airtel Nigeria,20,17.67,15,595,08/05/2023
C001652,Nigeria,Glo Nigeria,52,15.48,23,668,12/09/2020
C001653,Nigeria,Airtel Nigeria,53,17.38,20,672,12/08/2020
C001654,Nigeria,MTN Nigeria,11,19.46,19,624,28/01/2024
C001655,Pakistan,Telenor Pakistan,46,6.3,4,460,22/03/2021
C001656,Kenya,Safaricom,4,11.99,12,668,16/08/2024
C001657,Nigeria,Airtel Nigeria,52,19.37,20,612,18/09/2020
C001658,Uganda,Airtel Uganda,25,9.86,19,582,29/11/2022
C001659,Kenya,Airtel Kenya,40,12.08,22,513,29/08/2021
C001660,Nigeria,MTN Nigeria,63,21.41,20,844,27/10/2019
C001661,Nigeria,MTN Nigeria,44,15.54,22,710,02/05/2021
C001662,Ghana,Telecel Ghana,51,14.43,15,698,13/10/2020
C001663,Uganda,MTN Uganda,34,7.59,12,587,03/03/2022
C001664,Nigeria,Airtel Nigeria,49,20.55,15,627,21/12/2020
C001665,Pakistan,Jazz,82,13.9,24,767,25/03/2018
C001666,Pakistan,Telenor Pakistan,13,7.58,12,568,27/11/2023
C001667,Uganda,Airtel Uganda,2,11.72,23,774,28/10/2024
C001668,Nigeria,MTN Nigeria,43,24.53,26,765,06/06/2021
C001669,Nigeria,MTN Nigeria,31,20.22,21,625,28/05/2022
C001670,Pakistan,Zong,33,10.91,20,630,06/04/2022
C001671,Kenya,Safaricom,30,12.65,21,693,27/06/2022
C001672,Ghana,MTN Ghana,56,13.46,19,687,17/05/2020
C001673,Uganda,MTN Uganda,13,9.08,12,568,14/11/2023
C001674,Nigeria,MTN Nigeria,54,20.63,23,738,18/07/2020
C001675,Uganda,Airtel Uganda,28,5.35,2,378,22/08/2022
C001676,Pakistan,Jazz,36,10.84,14,542,06/01/2022
C001677,Uganda,MTN Uganda,38,7.97,8,532,02/11/2021
C001678,Kenya,Airtel Kenya,61,14.33,21,739,27/12/2019
C001679,Pakistan,Jazz,43,9.81,15,683,19/06/2021
C001680,Kenya,Safaricom,31,11.97,14,607,18/05/2022
C001681,Uganda,Airtel Uganda,43,,12,591,21/06/2021
C001682,Uganda,Airtel Uganda,48,8.15,14,642,06/01/2021
C001683,Uganda,Airtel Uganda,60,10.62,21,736,15/01/2020
C001684,Nigeria,Airtel Nigeria,31,19.41,17,863,28/05/2022
C001685,Nigeria,MTN Nigeria,45,17.72,14,742,22/04/2021
C001686,Nigeria,MTN Nigeria,34,17.02,26,780,13/03/2022
C001687,Kenya,Airtel Kenya,40,11.36,14,545,09/09/2021
C001688,Kenya,Airtel Kenya,37,10.44,8,478,21/11/2021
C001689,Ghana,MTN Ghana,34,10.93,21,627,08/03/2022
C001690,Kenya,Safaricom,30,15.88,15,659,29/06/2022
C001691,Uganda,MTN Uganda,34,7.09,8,467,01/03/2022
C001692,Pakistan,Jazz,48,13.62,20,780,10/01/2021
C001693,Nigeria,Glo Nigeria,50,11.19,19,509,30/10/2020
C001694,Uganda,Airtel Uganda,52,6.92,11,466,03/09/2020
C001695,Ghana,MTN Ghana,57,9.89,20,680,14/04/2020
C001696,Kenya,Safaricom,51,15.65,23,743,15/10/2020
C001697,Nigeria,MTN Nigeria,73,20.39,13,718,26/12/2018
C001698,Uganda,MTN Uganda,38,9.78,12,580,21/10/2021
C001699,Pakistan,Telenor Pakistan,43,12.76,25,779,18/06/2021
C001700,Uganda,Airtel Uganda,41,10.62,24,794,15/08/2021
C001701,Pakistan,Jazz,26,8.9,25,607,06/11/2022
C001702,Pakistan,Telenor Pakistan,45,13.97,18,709,29/03/2021
C001703,Kenya,Airtel Kenya,32,9.08,13,461,27/04/2022
C001704,Ghana,MTN Ghana,19,9.23,21,649,14/05/2023
C001705,Kenya,Safaricom,20,9.13,11,488,21/04/2023
C001706,Pakistan,Telenor Pakistan,40,12.52,17,614,05/09/2021
C001707,Nigeria,MTN Nigeria,46,19.76,14,601,22/03/2021
C001708,Kenya,Safaricom,17,8.12,1,370,15/07/2023
C001709,Pakistan,Telenor Pakistan,43,8.09,19,647,01/06/2021
C001710,Nigeria,MTN Nigeria,20,19.49,19,632,10/05/2023
C001711,Uganda,MTN Uganda,20,7.7,17,575,13/04/2023
C001712,Kenya,Airtel Kenya,17,6.92,6,374,23/07/2023
C001713,Pakistan,Jazz,25,6.51,10,369,25/11/2022
C001714,Pakistan,Telenor Pakistan,42,10,13,632,11/07/2021
C001715,Kenya,Safaricom,32,14.34,26,712,08/05/2022
C001716,Uganda,Airtel Uganda,42,11.03,16,716,11/07/2021
C001717,Kenya,Safaricom,61,15.28,16,630,28/12/2019
C001718,Ghana,Telecel Ghana,54,13.41,24,,13/07/2020
C001719,Ghana,Telecel Ghana,37,9.02,15,645,17/12/2021
C001720,Uganda,MTN Uganda,40,9.13,28,838,02/09/2021
C001721,Nigeria,MTN Nigeria,4,12.09,3,333,28/08/2024
C001722,Nigeria,MTN Nigeria,40,15.05,18,649,01/09/2021
C001723,Uganda,MTN Uganda,41,8.51,15,610,09/08/2021
C001724,Ghana,MTN Ghana,42,8.61,12,574,13/07/2021
C001725,Kenya,Safaricom,27,8.58,17,421,10/10/2022
C001726,Nigeria,MTN Nigeria,12,10.91,2,365,27/12/2023
C001727,Kenya,Safaricom,35,13,10,687,14/02/2022
C001728,Pakistan,Jazz,65,10.37,11,580,24/08/2019
C001729,Nigeria,Airtel Nigeria,43,19.65,24,788,08/06/2021
C001730,Kenya,Safaricom,11,13.59,11,532,19/01/2024
C001731,Pakistan,Zong,20,12.05,24,711,29/04/2023
C001732,Nigeria,MTN Nigeria,33,15.23,21,630,14/04/2022
C001733,Uganda,Airtel Uganda,71,13.96,25,866,11/02/2019
C001734,Nigeria,Airtel Nigeria,19,17.09,5,500,30/05/2023
C001735,Pakistan,Jazz,69,9.75,16,740,15/04/2019
C001736,Uganda,Airtel Uganda,51,12.17,23,794,25/09/2020
C001737,Pakistan,Jazz,66,13.1,16,770,31/07/2019
C001738,Nigeria,Airtel Nigeria,40,22.9,22,797,21/08/2021
C001739,Kenya,Airtel Kenya,31,11.41,24,677,19/05/2022
C001740,Uganda,MTN Uganda,52,8.62,24,782,09/09/2020
C001741,Nigeria,Airtel Nigeria,48,16.18,18,659,22/01/2021
C001742,Nigeria,MTN Nigeria,37,14.12,13,647,11/12/2021
C001743,Nigeria,MTN Nigeria,64,21.88,28,889,24/09/2019
C001744,Pakistan,Jazz,38,10.21,11,512,01/11/2021
C001745,Uganda,MTN Uganda,12,7.76,15,562,18/12/2023
C001746,Ghana,MTN Ghana,44,12.84,25,759,08/05/2021
C001747,Uganda,Airtel Uganda,17,6.29,13,461,31/07/2023
C001748,Kenya,Safaricom,25,11.74,14,545,12/12/2022
C001749,Kenya,Safaricom,46,16.12,20,647,23/02/2021
C001750,Kenya,Safaricom,41,18.73,20,756,22/07/2021
C001751,Ghana,MTN Ghana,16,12.44,25,721,09/09/2023
C001752,Nigeria,MTN Nigeria,25,13.52,8,502,04/12/2022
C001753,Pakistan,Telenor Pakistan,20,8.51,15,602,13/04/2023
C001754,Uganda,Airtel Uganda,48,11.62,23,652,11/01/2021
C001755,Kenya,Safaricom,51,12.74,15,641,06/10/2020
C001756,Ghana,MTN Ghana,5,10.56,11,625,20/07/2024
C001757,Nigeria,Airtel Nigeria,42,21.15,23,,03/07/2021
C001758,Pakistan,Zong,44,8.27,22,629,26/04/2021
C001759,Pakistan,Jazz,7,7.77,2,497,25/05/2024
C001760,Pakistan,Jazz,54,13.29,19,678,03/07/2020
C001761,Kenya,Safaricom,58,11.81,16,684,15/03/2020
C001762,Nigeria,Airtel Nigeria,39,15.82,17,664,13/10/2021
C001763,Nigeria,Glo Nigeria,4,9.16,4,348,01/09/2024
C001764,Nigeria,Airtel Nigeria,1,11.46,13,455,11/11/2024
C001765,Nigeria,MTN Nigeria,64,25.66,24,793,12/09/2019
C001766,Nigeria,Airtel Nigeria,54,14.26,13,449,30/06/2020
C001767,Pakistan,Zong,61,11.4,19,570,22/12/2019
C001768,Nigeria,MTN Nigeria,47,24.03,23,769,31/01/2021
C001769,Nigeria,Airtel Nigeria,1,11.61,4,364,02/12/2024
C001770,Uganda,MTN Uganda,38,7.33,11,466,14/11/2021
C001771,Ghana,MTN Ghana,42,12.65,22,700,04/07/2021
C001772,Uganda,Airtel Uganda,50,10.85,15,690,07/11/2020
C001773,Ghana,MTN Ghana,48,13.76,20,697,05/01/2021
C001774,Pakistan,Zong,35,9.98,13,572,22/01/2022
C001775,Ghana,MTN Ghana,43,9.22,10,500,27/05/2021
C001776,Kenya,Safaricom,39,10.94,6,434,14/10/2021
C001777,Uganda,MTN Uganda,12,5.28,5,401,01/01/2024
C001778,Kenya,Safaricom,23,13.86,21,616,26/01/2023
C001779,Kenya,Safaricom,1,13.89,15,628,04/11/2024
C001780,Kenya,Safaricom,39,15.47,24,705,29/09/2021
C001781,Nigeria,MTN Nigeria,3,11.68,7,392,29/09/2024
C001782,Uganda,MTN Uganda,49,10.99,14,679,04/12/2020
C001783,Nigeria,Airtel Nigeria,27,17.27,14,551,04/10/2022
C001784,Nigeria,MTN Nigeria,31,14.65,10,575,13/06/2022
C001785,Nigeria,Airtel Nigeria,50,15.98,19,628,02/11/2020
C001786,Uganda,MTN Uganda,25,4.69,6,384,05/12/2022
C001787,Kenya,Safaricom,34,10.82,19,602,23/02/2022
C001788,Ghana,Telecel Ghana,58,9.15,19,555,12/03/2020
C001789,Pakistan,Telenor Pakistan,61,13.97,16,775,16/12/2019
C001790,Nigeria,Airtel Nigeria,20,15.51,8,475,06/05/2023
C001791,Uganda,MTN Uganda,44,9.59,18,765,14/05/2021
C001792,Kenya,Safaricom,51,16.32,26,634,14/10/2020
C001793,Nigeria,Airtel Nigeria,40,15.89,14,615,30/08/2021
C001794,Ghana,MTN Ghana,12,10.95,6,509,26/12/2023
C001795,Pakistan,Telenor Pakistan,54,10.53,27,655,25/07/2020
C001796,Nigeria,Airtel Nigeria,67,22.32,19,758,02/07/2019
C001797,Ghana,Telecel Ghana,56,10.77,10,634,19/05/2020
C001798,Nigeria,MTN Nigeria,60,13.46,12,616,13/01/2020
C001799,Ghana,MTN Ghana,59,8.26,12,494,18/02/2020
C001800,Ghana,MTN Ghana,54,10.34,12,500,27/06/2020
C001801,Ghana,MTN Ghana,53,15.98,18,746,19/08/2020
C001802,Ghana,Telecel Ghana,34,11.97,14,616,06/03/2022
C001803,Nigeria,MTN Nigeria,18,21.91,21,722,30/06/2023
C001804,Ghana,MTN Ghana,50,10.57,28,773,15/11/2020
C001805,Ghana,Telecel Ghana,41,11.88,16,571,25/07/2021
C001806,Ghana,Telecel Ghana,44,14.36,17,686,15/05/2021
C001807,Nigeria,MTN Nigeria,11,16.85,16,644,06/02/2024
C001808,Kenya,Airtel Kenya,28,12.4,17,558,30/08/2022
C001809,Kenya,Safaricom,39,9.16,19,516,30/09/2021
C001810,Nigeria,Airtel Nigeria,32,16.71,17,737,04/05/2022
C001811,Nigeria,MTN Nigeria,62,18.5,32,893,17/11/2019
C001812,Kenya,Safaricom,50,16.58,18,690,29/10/2020
C001813,Uganda,MTN Uganda,68,12.74,17,785,22/05/2019
C001814,Nigeria,MTN Nigeria,82,18.4,19,857,20/03/2018
C001815,Uganda,MTN Uganda,37,11.92,25,688,23/11/2021
C001816,Kenya,Safaricom,52,18.99,28,765,13/09/2020
C001817,Uganda,Airtel Uganda,46,10.2,17,681,07/03/2021
C001818,Kenya,Safaricom,35,13.16,9,467,05/02/2022
C001819,Kenya,Safaricom,31,11.98,2,436,29/05/2022
C001820,Ghana,Telecel Ghana,61,10.25,21,650,13/12/2019
C001821,Pakistan,Telenor Pakistan,12,14.33,21,731,13/12/2023
C001822,Kenya,Airtel Kenya,50,14.71,13,700,16/11/2020
C001823,Kenya,Safaricom,57,13.72,23,769,23/04/2020
C001824,Ghana,MTN Ghana,39,10.61,14,686,07/10/2021
C001825,Uganda,Airtel Uganda,1,8.94,16,552,14/11/2024
C001826,Nigeria,Airtel Nigeria,28,17.64,7,506,06/09/2022
C001827,Kenya,Safaricom,30,13.93,19,657,17/06/2022
C001828,Kenya,Airtel Kenya,49,10.8,7,452,08/12/2020
C001829,Pakistan,Telenor Pakistan,36,8.03,3,526,24/12/2021
C001830,Kenya,Safaricom,8,10.96,11,398,20/04/2024
C001831,Kenya,Safaricom,1,8.92,15,478,21/11/2024
C001832,Pakistan,Telenor Pakistan,38,9.12,10,519,24/10/2021
C001833,Kenya,Safaricom,44,13.2,15,571,18/05/2021
C001834,Nigeria,Glo Nigeria,39,13.94,20,674,12/10/2021
C001835,Nigeria,MTN Nigeria,40,18.21,15,537,28/08/2021
C001836,Nigeria,MTN Nigeria,43,24.59,29,749,25/05/2021
C001837,Nigeria,MTN Nigeria,54,16.91,18,627,18/07/2020
C001838,Kenya,Safaricom,62,17.6,20,741,13/11/2019
C001839,Uganda,Airtel Uganda,12,10.31,17,602,24/12/2023
C001840,Uganda,Airtel Uganda,2,5.47,7,431,12/10/2024
C001841,Nigeria,Airtel Nigeria,77,15.75,17,731,22/08/2018
C001842,Ghana,Telecel Ghana,61,14.44,26,741,11/12/2019
C001843,Nigeria,Airtel Nigeria,17,16.91,17,596,21/07/2023
C001844,Pakistan,Jazz,16,11.52,10,649,16/08/2023
C001845,Nigeria,Airtel Nigeria,45,,16,672,18/04/2021
C001846,Ghana,MTN Ghana,17,11.78,17,575,22/07/2023
C001847,Kenya,Safaricom,41,13.05,14,,15/08/2021
C001848,Ghana,MTN Ghana,33,9.08,11,567,17/04/2022
C001849,Kenya,Safaricom,24,9.37,21,467,22/12/2022
C001850,Uganda,Airtel Uganda,34,5.58,4,361,07/03/2022
C001851,Nigeria,Glo Nigeria,58,16.67,17,528,07/03/2020
C001852,Pakistan,Jazz,21,9.93,18,505,15/03/2023
C001853,Kenya,Safaricom,16,11.87,10,559,06/09/2023
C001854,Uganda,MTN Uganda,55,11.4,23,763,13/06/2020
C001855,Uganda,MTN Uganda,55,7.16,21,530,24/06/2020
C001856,Pakistan,Jazz,31,9.95,18,610,23/05/2022
C001857,Nigeria,MTN Nigeria,39,16.44,20,475,20/09/2021
C001858,Nigeria,MTN Nigeria,29,16.09,16,665,20/07/2022
C001859,Nigeria,MTN Nigeria,33,17.6,21,555,19/03/2022
C001860,Nigeria,MTN Nigeria,24,14.28,19,673,03/01/2023
C001861,Ghana,MTN Ghana,59,14.31,26,881,19/02/2020
C001862,Pakistan,Zong,57,15.08,30,889,02/04/2020
C001863,Pakistan,Jazz,54,12.99,20,710,07/07/2020
C001864,Kenya,Safaricom,72,16.02,20,712,22/01/2019
C001865,Ghana,MTN Ghana,37,14.46,21,681,12/12/2021
C001866,Pakistan,Jazz,8,11.8,9,622,06/05/2024
C001867,Pakistan,Telenor Pakistan,34,10.61,13,609,17/03/2022
C001868,Nigeria,MTN Nigeria,53,18.8,25,758,05/08/2020
C001869,Kenya,Safaricom,28,9.84,14,457,07/09/2022
C001870,Uganda,Airtel Uganda,27,8.17,13,515,20/09/2022
C001871,Kenya,Safaricom,46,11.01,10,442,26/02/2021
C001872,Kenya,Safaricom,42,13.5,19,652,08/07/2021
C001873,Pakistan,Jazz,36,9.71,20,620,09/01/2022
C001874,Pakistan,Jazz,12,6.52,3,444,02/01/2024
C001875,Pakistan,Jazz,14,8.14,16,654,01/11/2023
C001876,Uganda,MTN Uganda,38,8.15,13,559,31/10/2021
C001877,Nigeria,MTN Nigeria,53,23.71,23,767,03/08/2020
C001878,Kenya,Safaricom,1,8.71,1,309,10/11/2024
C001879,Kenya,Safaricom,15,10.41,1,346,11/09/2023
C001880,Ghana,MTN Ghana,37,12.65,17,643,29/11/2021
C001881,Kenya,Safaricom,25,11.27,19,583,28/11/2022
C001882,Ghana,Telecel Ghana,33,13.75,18,705,07/04/2022
C001883,Kenya,Safaricom,46,16.24,15,643,13/03/2021
C001884,Uganda,Airtel Uganda,43,11.15,23,729,10/06/2021
C001885,Kenya,Airtel Kenya,30,13.68,15,630,20/06/2022
C001886,Kenya,Airtel Kenya,22,13.78,19,590,25/02/2023
C001887,Nigeria,MTN Nigeria,56,17.72,26,869,21/05/2020
C001888,Nigeria,MTN Nigeria,45,13.43,9,540,17/04/2021
C001889,Pakistan,Telenor Pakistan,48,9.61,26,710,22/01/2021
C001890,Kenya,Safaricom,18,9.39,13,418,16/06/2023
C001891,Nigeria,Airtel Nigeria,39,18.9,11,574,13/10/2021
C001892,Uganda,MTN Uganda,47,6.26,12,484,18/02/2021
C001893,Ghana,MTN Ghana,44,8.82,14,604,14/05/2021
C001894,Nigeria,MTN Nigeria,50,21.95,23,721,09/11/2020
C001895,Kenya,Safaricom,22,9.13,1,311,13/02/2023
C001896,Nigeria,MTN Nigeria,28,15.03,16,527,20/08/2022
C001897,Ghana,Telecel Ghana,44,11.4,23,669,17/05/2021
C001898,Nigeria,MTN Nigeria,25,14.85,10,550,28/11/2022
C001899,Nigeria,Airtel Nigeria,20,20.08,20,690,18/04/2023
C001900,Nigeria,Glo Nigeria,61,25.82,31,844,07/12/2019
C001901,Ghana,MTN Ghana,30,7.57,6,464,02/07/2022
C001902,Nigeria,MTN Nigeria,28,18.38,11,553,07/09/2022
C001903,Uganda,Airtel Uganda,54,9.89,19,630,03/07/2020
C001904,Nigeria,MTN Nigeria,20,16.73,12,536,29/04/2023
C001905,Ghana,MTN Ghana,1,7.31,4,478,25/11/2024
C001906,Kenya,Airtel Kenya,35,18.61,19,721,26/01/2022
C001907,Kenya,Safaricom,14,,23,616,13/10/2023
C001908,Nigeria,Airtel Nigeria,56,19.62,32,789,01/05/2020
C001909,Uganda,Airtel Uganda,26,8.61,14,618,16/10/2022
C001910,Pakistan,Jazz,55,9.7,14,659,07/06/2020
C001911,Nigeria,Airtel Nigeria,62,16.8,20,747,06/11/2019
C001912,Nigeria,Airtel Nigeria,33,15.41,28,738,10/04/2022
C001913,Pakistan,Telenor Pakistan,35,10.63,25,745,07/02/2022
C001914,Kenya,Safaricom,38,11.83,18,527,14/11/2021
C001915,Nigeria,Airtel Nigeria,73,24.89,31,876,01/01/2019
C001916,Nigeria,Glo Nigeria,17,22.16,16,744,16/07/2023
C001917,Ghana,MTN Ghana,50,13.62,17,727,10/11/2020
C001918,Uganda,Airtel Uganda,1,6.92,12,572,16/11/2024
C001919,Ghana,MTN Ghana,44,13.73,22,801,20/05/2021
C001920,Pakistan,Telenor Pakistan,50,10.22,11,568,18/11/2020
C001921,Kenya,Airtel Kenya,91,17.23,18,717,10/07/2017
C001922,Kenya,Airtel Kenya,37,13.06,20,654,04/12/2021
C001923,Kenya,Safaricom,32,20.07,24,782,30/04/2022
C001924,Kenya,Safaricom,42,18.84,28,774,18/07/2021
C001925,Nigeria,MTN Nigeria,31,17.18,13,523,26/05/2022
C001926,Nigeria,MTN Nigeria,34,20.37,17,699,15/03/2022
C001927,Kenya,Safaricom,30,14.39,20,694,21/06/2022
C001928,Uganda,Airtel Uganda,40,12.59,15,728,23/08/2021
C001929,Nigeria,MTN Nigeria,51,22.94,11,715,05/10/2020
C001930,Kenya,Airtel Kenya,43,17.83,23,716,05/06/2021
C001931,Ghana,MTN Ghana,38,16.63,27,790,28/10/2021
C001932,Ghana,Telecel Ghana,23,12.57,14,566,04/02/2023
C001933,Uganda,Airtel Uganda,21,8.24,9,485,16/03/2023
C001934,Uganda,Airtel Uganda,23,7.89,11,630,16/01/2023
C001935,Uganda,Airtel Uganda,38,11.06,27,762,29/10/2021
C001936,Nigeria,Airtel Nigeria,49,18.45,19,640,24/11/2020
C001937,Kenya,Airtel Kenya,47,18.78,24,779,12/02/2021
C001938,Ghana,MTN Ghana,30,15.05,26,858,20/06/2022
C001939,Nigeria,MTN Nigeria,58,18.49,17,678,27/03/2020
C001940,Nigeria,MTN Nigeria,51,23.62,16,709,02/10/2020
C001941,Nigeria,Airtel Nigeria,22,17.99,20,679,05/03/2023
C001942,Kenya,Safaricom,34,11.51,15,639,18/02/2022
C001943,Kenya,Safaricom,14,11.91,9,473,22/10/2023
C001944,Nigeria,Airtel Nigeria,42,14.31,20,548,16/07/2021
C001945,Uganda,MTN Uganda,26,7.14,13,544,04/11/2022
C001946,Pakistan,Telenor Pakistan,41,11.69,9,677,25/07/2021
C001947,Nigeria,Airtel Nigeria,28,18.42,11,541,21/08/2022
C001948,Pakistan,Telenor Pakistan,14,9.14,12,608,29/10/2023
C001949,Nigeria,Airtel Nigeria,56,15.2,14,585,20/05/2020
C001950,Pakistan,Zong,44,9.45,9,578,22/05/2021
C001951,Pakistan,Telenor Pakistan,40,13.71,25,788,16/09/2021
C001952,Nigeria,Glo Nigeria,45,,17,674,22/04/2021
C001953,Uganda,MTN Uganda,38,6.65,7,447,09/11/2021
C001954,Pakistan,Telenor Pakistan,60,15.3,28,885,23/01/2020
C001955,Pakistan,Telenor Pakistan,72,15.08,22,764,02/02/2019
C001956,Pakistan,Telenor Pakistan,78,8.69,14,572,14/07/2018
C001957,Ghana,MTN Ghana,43,13.39,19,717,26/05/2021
C001958,Nigeria,Airtel Nigeria,19,16.11,11,498,16/05/2023
C001959,Uganda,MTN Uganda,35,9.54,24,777,22/01/2022
C001960,Ghana,Telecel Ghana,1,10.3,11,468,29/11/2024
C001961,Ghana,MTN Ghana,62,11.54,24,687,25/11/2019
C001962,Kenya,Safaricom,24,,10,519,18/12/2022
C001963,Ghana,MTN Ghana,60,10.14,22,732,28/01/2020
C001964,Nigeria,MTN Nigeria,47,11.74,23,539,30/01/2021
C001965,Uganda,MTN Uganda,13,8.78,12,510,05/12/2023
C001966,Nigeria,Airtel Nigeria,16,15.97,12,524,08/09/2023
C001967,Uganda,MTN Uganda,73,12.05,16,739,11/12/2018
C001968,Uganda,MTN Uganda,26,8.33,8,490,23/10/2022
C001969,Kenya,Safaricom,22,11.64,13,553,11/03/2023
C001970,Kenya,Safaricom,23,16.66,19,631,10/02/2023
C001971,Kenya,Airtel Kenya,48,19.54,25,776,27/12/2020
C001972,Pakistan,Jazz,54,8.51,15,547,19/07/2020
C001973,Uganda,MTN Uganda,61,12.66,27,789,30/11/2019
C001974,Kenya,Airtel Kenya,36,14.46,10,564,02/01/2022
C001975,Nigeria,Airtel Nigeria,56,15.22,15,548,28/04/2020
C001976,Nigeria,MTN Nigeria,46,10.95,10,466,24/02/2021
C001977,Kenya,Airtel Kenya,17,7.07,4,306,23/07/2023
C001978,Pakistan,Jazz,83,13.33,17,663,06/03/2018
C001979,Uganda,Airtel Uganda,28,8.91,9,541,19/08/2022
C001980,Nigeria,Airtel Nigeria,68,23.91,19,795,23/05/2019
C001981,Pakistan,Zong,36,13.12,20,674,10/01/2022
C001982,Kenya,Airtel Kenya,39,9.26,12,471,02/10/2021
C001983,Pakistan,Jazz,30,11.68,14,574,06/07/2022
C001984,Nigeria,Airtel Nigeria,31,13.27,9,457,25/05/2022
C001985,Ghana,MTN Ghana,65,10.71,9,509,24/08/2019
C001986,Pakistan,Telenor Pakistan,52,9.37,19,624,28/08/2020
C001987,Nigeria,Airtel Nigeria,32,12.2,10,462,15/05/2022
C001988,Ghana,MTN Ghana,16,8.77,10,497,26/08/2023
C001989,Pakistan,Jazz,51,11.27,26,757,26/09/2020
C001990,Nigeria,MTN Nigeria,26,14.2,21,659,19/10/2022
C001991,Nigeria,MTN Nigeria,61,18.09,15,742,05/12/2019
C001992,Ghana,MTN Ghana,40,9.83,11,483,01/09/2021
C001993,Kenya,Airtel Kenya,47,19.52,19,767,04/02/2021
C001994,Nigeria,MTN Nigeria,65,13.91,18,653,25/08/2019
C001995,Kenya,Airtel Kenya,49,8.41,1,478,15/12/2020
C001996,Uganda,Airtel Uganda,46,10.56,21,703,06/03/2021
C001997,Nigeria,Airtel Nigeria,32,14.02,12,442,08/05/2022
C001998,Kenya,Safaricom,32,15.18,18,664,08/05/2022
C001999,Uganda,Airtel Uganda,42,12.67,16,721,01/07/2021
C002000,Kenya,Safaricom,23,12.1,25,635,21/01/2023
C002001,Uganda,Airtel Uganda,32,9.24,22,640,03/05/2022
C002002,Kenya,Airtel Kenya,32,15.17,12,570,09/05/2022
C002003,Pakistan,Telenor Pakistan,1,6.42,3,329,27/11/2024
C002004,Ghana,MTN Ghana,68,16.26,20,896,26/05/2019
C002005,Nigeria,Glo Nigeria,43,17.13,13,501,12/06/2021
C002006,Pakistan,Telenor Pakistan,25,7.46,5,470,15/11/2022
C002007,Kenya,Airtel Kenya,1,9.96,15,530,23/11/2024
C002008,Nigeria,MTN Nigeria,44,16.5,26,748,25/04/2021
C002009,Nigeria,MTN Nigeria,28,23.54,22,764,29/08/2022
C002010,Ghana,MTN Ghana,26,12.81,11,595,31/10/2022
C002011,Nigeria,MTN Nigeria,74,18.71,29,807,26/11/2018
C002012,Nigeria,Glo Nigeria,1,9.84,4,325,10/11/2024
C002013,Nigeria,MTN Nigeria,40,22.05,24,797,25/08/2021
C002014,Kenya,Safaricom,32,7.73,3,394,18/04/2022
C002015,Kenya,Safaricom,31,17.08,19,675,23/05/2022
C002016,Kenya,Airtel Kenya,1,7.32,2,303,30/11/2024
C002017,Nigeria,MTN Nigeria,89,27.08,22,877,15/08/2017
C002018,Nigeria,MTN Nigeria,54,22.54,27,749,08/07/2020
C002019,Ghana,MTN Ghana,54,10.66,25,650,11/07/2020
C002020,Kenya,Safaricom,34,12.22,15,486,11/03/2022
C002021,Ghana,Telecel Ghana,31,10.74,15,512,01/06/2022
C002022,Nigeria,Glo Nigeria,51,14.11,21,556,30/09/2020
C002023,Nigeria,MTN Nigeria,61,13.72,10,558,12/12/2019
C002024,Nigeria,MTN Nigeria,1,14.18,4,420,29/11/2024
C002025,Kenya,Safaricom,33,13.74,13,570,26/03/2022
C002026,Kenya,Safaricom,32,13.75,15,553,24/04/2022
C002027,Uganda,Airtel Uganda,45,10.23,22,791,02/04/2021
C002028,Kenya,Safaricom,50,14.44,11,591,17/11/2020
C002029,Kenya,Safaricom,43,15.37,17,638,13/06/2021
C002030,Ghana,Telecel Ghana,71,11.25,18,676,19/02/2019
C002031,Nigeria,MTN Nigeria,47,13.15,16,525,26/01/2021
C002032,Kenya,Safaricom,53,12.03,14,558,01/08/2020
C002033,Kenya,Safaricom,31,18.04,14,757,14/06/2022
C002034,Kenya,Safaricom,16,9.77,13,505,07/09/2023
C002035,Nigeria,MTN Nigeria,25,19.57,22,603,12/12/2022
C002036,Uganda,Airtel Uganda,70,9.75,23,776,07/03/2019
C002037,Pakistan,Jazz,29,13.09,23,695,21/07/2022
C002038,Nigeria,Airtel Nigeria,20,13.29,12,573,06/05/2023
C002039,Ghana,Telecel Ghana,28,14.3,23,715,18/08/2022
C002040,Uganda,Airtel Uganda,82,9.86,15,660,24/03/2018
C002041,Nigeria,Airtel Nigeria,15,11.91,5,368,30/09/2023
C002042,Uganda,MTN Uganda,58,13.59,22,780,06/03/2020
C002043,Ghana,MTN Ghana,28,10.1,22,715,12/09/2022
C002044,Pakistan,Jazz,27,4.79,1,306,11/10/2022
C002045,Pakistan,Zong,3,7.03,6,520,26/09/2024
C002046,Nigeria,Glo Nigeria,37,21.44,26,799,30/11/2021
C002047,Kenya,Safaricom,22,14.38,16,565,16/02/2023
C002048,Kenya,Safaricom,46,11.62,19,680,08/03/2021
C002049,Nigeria,MTN Nigeria,25,18.95,20,608,30/11/2022
C002050,Kenya,Safaricom,67,14.69,19,703,15/06/2019
C002051,Pakistan,Zong,46,12.47,18,627,23/03/2021
C002052,Nigeria,MTN Nigeria,16,12.91,9,479,21/08/2023
C002053,Kenya,Safaricom,35,11.72,6,404,23/01/2022
C002054,Uganda,MTN Uganda,30,8.98,17,594,04/07/2022
C002055,Kenya,Safaricom,39,19.79,31,749,30/09/2021
C002056,Kenya,Safaricom,48,13.68,18,581,14/01/2021
C002057,Pakistan,Zong,5,10.17,21,674,07/07/2024
C002058,Kenya,Safaricom,62,19.32,27,793,24/11/2019
C002059,Nigeria,Airtel Nigeria,26,16.69,7,611,09/11/2022
C002060,Nigeria,MTN Nigeria,27,15.42,18,618,16/09/2022
C002061,Pakistan,Jazz,61,9.09,17,548,14/12/2019
C002062,Nigeria,MTN Nigeria,37,22.66,21,715,06/12/2021
C002063,Kenya,Safaricom,65,18.49,23,781,07/08/2019
C002064,Nigeria,MTN Nigeria,53,17.1,18,757,17/08/2020
C002065,Kenya,Safaricom,48,17.16,17,682,14/01/2021
C002066,Pakistan,Zong,32,9.53,12,595,16/05/2022
C002067,Kenya,Safaricom,22,8.78,14,480,26/02/2023
C002068,Pakistan,Zong,78,11,31,833,15/07/2018
C002069,Nigeria,MTN Nigeria,26,7.54,11,302,15/10/2022
C002070,Kenya,Safaricom,27,13.85,11,576,29/09/2022
C002071,Pakistan,Telenor Pakistan,36,11.27,21,799,15/01/2022
C002072,Kenya,Safaricom,17,8.79,7,476,05/08/2023
C002073,Nigeria,MTN Nigeria,47,14.46,10,554,13/02/2021
C002074,Pakistan,Telenor Pakistan,33,7.36,1,342,22/03/2022
C002075,Kenya,Airtel Kenya,45,14.28,14,612,05/04/2021
C002076,Kenya,Safaricom,32,17.93,30,855,19/04/2022
C002077,Pakistan,Jazz,44,10.41,11,561,27/04/2021
C002078,Nigeria,Glo Nigeria,78,18.46,31,879,11/07/2018
C002079,Kenya,Safaricom,33,14.14,18,533,09/04/2022
C002080,Nigeria,Glo Nigeria,64,13.66,16,583,14/09/2019
C002081,Kenya,Airtel Kenya,31,12.84,28,780,15/06/2022
C002082,Nigeria,Airtel Nigeria,57,18.48,16,737,16/04/2020
C002083,Ghana,Telecel Ghana,22,8.88,14,614,04/03/2023
C002084,Nigeria,MTN Nigeria,59,15.72,20,691,23/02/2020
C002085,Ghana,Telecel Ghana,60,15.6,24,789,27/01/2020
C002086,Nigeria,Airtel Nigeria,74,18.9,27,738,23/11/2018
C002087,Kenya,Safaricom,45,10.47,13,624,20/04/2021
C002088,Kenya,Safaricom,20,11.69,8,479,24/04/2023
C002089,Uganda,MTN Uganda,11,6.6,6,377,29/01/2024
C002090,Kenya,Safaricom,36,16.96,16,653,11/01/2022
C002091,Kenya,Safaricom,26,10.5,10,565,10/11/2022
C002092,Pakistan,Telenor Pakistan,52,10.65,11,542,11/09/2020
C002093,Ghana,Telecel Ghana,49,10.77,11,522,18/12/2020
C002094,Nigeria,Airtel Nigeria,11,16.19,20,565,20/01/2024
C002095,Pakistan,Telenor Pakistan,43,9.8,15,680,23/05/2021
C002096,Kenya,Safaricom,42,14.11,21,662,30/06/2021
C002097,Nigeria,MTN Nigeria,24,14.12,21,598,09/01/2023
C002098,Kenya,Safaricom,35,12.58,9,503,14/02/2022
C002099,Nigeria,MTN Nigeria,73,22.96,24,786,08/12/2018
C002100,Nigeria,MTN Nigeria,57,16.02,22,695,01/04/2020
C002101,Uganda,MTN Uganda,47,6.44,12,479,11/02/2021
C002102,Nigeria,MTN Nigeria,29,21.05,18,648,02/08/2022
C002103,Uganda,Airtel Uganda,43,9.68,16,679,10/06/2021
C002104,Pakistan,Jazz,32,11.59,22,698,30/04/2022
C002105,Ghana,MTN Ghana,37,12.7,12,,12/12/2021
C002106,Uganda,MTN Uganda,43,7.87,17,626,24/05/2021
C002107,Uganda,Airtel Uganda,57,10.44,20,681,15/04/2020
C002108,Pakistan,Telenor Pakistan,44,8.83,13,451,17/05/2021
C002109,Kenya,Safaricom,48,12.37,24,616,13/01/2021
C002110,Nigeria,MTN Nigeria,6,10.48,4,388,09/06/2024
C002111,Kenya,Airtel Kenya,18,16.38,17,629,03/07/2023
C002112,Kenya,Safaricom,49,11.62,12,660,29/11/2020
C002113,Nigeria,Airtel Nigeria,67,15.95,26,707,10/06/2019
C002114,Ghana,MTN Ghana,30,9.49,13,529,17/06/2022
C002115,Nigeria,Airtel Nigeria,13,18.7,14,593,04/12/2023
C002116,Pakistan,Zong,73,10.74,19,674,23/12/2018
C002117,Nigeria,MTN Nigeria,44,15.03,16,614,27/04/2021
C002118,Nigeria,Airtel Nigeria,47,18.3,17,705,18/02/2021
C002119,Nigeria,MTN Nigeria,6,12.54,14,445,04/07/2024
C002120,Nigeria,Airtel Nigeria,42,20.08,21,667,21/07/2021
C002121,Nigeria,MTN Nigeria,47,19.52,19,603,19/02/2021
C002122,Nigeria,MTN Nigeria,54,17.9,18,728,03/07/2020
C002123,Nigeria,Glo Nigeria,19,15.82,9,509,01/06/2023
C002124,Nigeria,Glo Nigeria,51,23.28,23,799,20/10/2020
C002125,Kenya,Safaricom,45,19.81,28,830,01/04/2021
C002126,Kenya,Airtel Kenya,77,17.52,26,795,27/08/2018
C002127,Kenya,Safaricom,40,8.49,8,484,15/09/2021
C002128,Kenya,Safaricom,33,15.35,21,656,19/03/2022
C002129,Nigeria,Glo Nigeria,1,11.37,1,357,15/11/2024
C002130,Nigeria,MTN Nigeria,49,20.13,17,709,10/12/2020
C002131,Nigeria,MTN Nigeria,36,16.72,20,690,21/12/2021
C002132,Uganda,Airtel Uganda,19,5.78,5,467,05/06/2023
C002133,Pakistan,Jazz,26,9.57,15,692,27/10/2022
C002134,Pakistan,Jazz,30,9.94,26,711,24/06/2022
C002135,Kenya,Safaricom,49,13.2,26,727,23/12/2020
C002136,Kenya,Safaricom,39,13.08,28,688,11/10/2021
C002137,Kenya,Safaricom,77,11.25,19,649,03/09/2018
C002138,Uganda,MTN Uganda,55,9.2,23,720,11/06/2020
C002139,Uganda,Airtel Uganda,32,13.41,22,760,27/04/2022
C002140,Uganda,MTN Uganda,22,10.38,19,719,09/03/2023
C002141,Pakistan,Jazz,48,10.25,22,681,18/01/2021
C002142,Kenya,Safaricom,27,,19,558,01/10/2022
C002143,Uganda,Airtel Uganda,68,10.59,25,753,22/05/2019
C002144,Uganda,MTN Uganda,29,5.45,6,457,12/08/2022
C002145,Kenya,Airtel Kenya,11,14.59,19,655,17/01/2024
C002146,Pakistan,Telenor Pakistan,8,6.94,6,440,13/04/2024
C002147,Nigeria,MTN Nigeria,32,18.93,17,675,05/05/2022
C002148,Pakistan,Telenor Pakistan,54,10.03,28,738,16/07/2020
C002149,Uganda,Airtel Uganda,10,7.17,5,474,03/03/2024
C002150,Nigeria,Airtel Nigeria,36,13.5,23,569,08/01/2022
C002151,Ghana,MTN Ghana,2,7.56,11,431,18/10/2024
C002152,Nigeria,Airtel Nigeria,45,20.82,18,709,24/03/2021
C002153,Uganda,Airtel Uganda,55,9.46,23,763,21/06/2020
C002154,Uganda,Airtel Uganda,58,8.54,13,606,04/03/2020
C002155,Ghana,Telecel Ghana,56,11.29,22,800,12/05/2020
C002156,Pakistan,Telenor Pakistan,16,9.28,12,501,24/08/2023
C002157,Nigeria,Glo Nigeria,71,,21,755,23/02/2019
C002158,Nigeria,Glo Nigeria,49,24.22,20,792,25/11/2020
C002159,Kenya,Safaricom,43,12.43,12,547,20/06/2021
C002160,Nigeria,MTN Nigeria,48,27.99,21,859,16/01/2021
C002161,Kenya,Safaricom,23,8.6,3,419,02/02/2023
C002162,Nigeria,MTN Nigeria,28,19.66,12,646,28/08/2022
C002163,Kenya,Safaricom,32,10.85,18,493,05/05/2022
C002164,Kenya,Airtel Kenya,57,14.35,22,707,31/03/2020
C002165,Pakistan,Zong,13,7.99,10,408,03/12/2023
C002166,Nigeria,MTN Nigeria,12,14.52,7,405,21/12/2023
C002167,Pakistan,Telenor Pakistan,39,10.62,16,568,05/10/2021
C002168,Kenya,Safaricom,42,16.05,30,824,12/07/2021
C002169,Kenya,Safaricom,7,11.83,14,523,05/06/2024
C002170,Kenya,Safaricom,39,11.01,21,573,25/09/2021
C002171,Kenya,Safaricom,39,15.07,18,654,13/10/2021
C002172,Nigeria,MTN Nigeria,48,19.65,25,772,18/01/2021
C002173,Kenya,Safaricom,35,9.64,14,486,30/01/2022
C002174,Nigeria,Airtel Nigeria,45,12.57,11,589,18/04/2021
C002175,Kenya,Safaricom,53,21.32,26,838,06/08/2020
C002176,Ghana,MTN Ghana,20,8.88,8,605,21/04/2023
C002177,Kenya,Safaricom,30,12.87,17,641,10/07/2022
C002178,Uganda,Airtel Uganda,59,9.4,22,775,25/02/2020
C002179,Nigeria,Glo Nigeria,44,18.35,17,679,20/05/2021
C002180,Pakistan,Jazz,24,7.94,12,555,11/01/2023
C002181,Uganda,MTN Uganda,29,10.64,20,659,01/08/2022
C002182,Pakistan,Jazz,56,10.25,17,732,16/05/2020
C002183,Uganda,Airtel Uganda,47,9.47,31,784,29/01/2021
C002184,Nigeria,MTN Nigeria,44,13.53,16,562,11/05/2021
C002185,Kenya,Safaricom,52,12.52,14,633,05/09/2020
C002186,Nigeria,MTN Nigeria,34,18.49,19,633,04/03/2022
C002187,Uganda,MTN Uganda,30,4.88,9,349,04/07/2022
C002188,Ghana,MTN Ghana,34,11.15,15,547,24/02/2022
C002189,Nigeria,MTN Nigeria,29,12.84,6,462,31/07/2022
C002190,Pakistan,Telenor Pakistan,1,6.85,19,465,15/11/2024
C002191,Nigeria,MTN Nigeria,25,15.46,20,647,30/11/2022
C002192,Ghana,MTN Ghana,14,9.6,6,502,18/10/2023
C002193,Uganda,Airtel Uganda,10,5.22,6,340,27/02/2024
C002194,Nigeria,MTN Nigeria,37,16.55,14,596,17/12/2021
C002195,Ghana,Telecel Ghana,28,10.26,10,467,02/09/2022
C002196,Uganda,Airtel Uganda,35,6.29,8,537,07/02/2022
C002197,Nigeria,MTN Nigeria,18,13.61,12,507,15/06/2023
C002198,Kenya,Airtel Kenya,36,10.43,7,475,20/12/2021
C002199,Nigeria,Airtel Nigeria,64,14.78,15,610,24/09/2019
C002200,Ghana,Telecel Ghana,46,13.64,25,791,11/03/2021
C002201,Nigeria,MTN Nigeria,41,21.67,21,789,08/08/2021
C002202,Pakistan,Jazz,34,11.92,19,708,12/03/2022
C002203,Pakistan,Jazz,41,11.46,21,648,20/08/2021
C002204,Nigeria,Glo Nigeria,37,15.39,17,716,19/11/2021
C002205,Kenya,Safaricom,9,12.64,12,582,18/03/2024
C002206,Ghana,MTN Ghana,21,13.79,14,680,31/03/2023
C002207,Uganda,MTN Uganda,58,9.67,16,684,23/03/2020
C002208,Kenya,Safaricom,52,13.46,14,563,10/09/2020
C002209,Nigeria,MTN Nigeria,66,19.25,21,681,24/07/2019
C002210,Nigeria,Airtel Nigeria,33,14.47,9,523,11/04/2022
C002211,Pakistan,Telenor Pakistan,35,9.95,25,778,19/01/2022
C002212,Kenya,Airtel Kenya,15,10.43,8,419,20/09/2023
C002213,Pakistan,Telenor Pakistan,16,10.47,11,627,31/08/2023
C002214,Kenya,Safaricom,29,12.93,24,795,09/08/2022
C002215,Pakistan,Zong,38,8.31,19,581,26/10/2021
C002216,Nigeria,MTN Nigeria,26,8.9,1,376,26/10/2022
C002217,Nigeria,Airtel Nigeria,65,17.04,23,598,06/08/2019
C002218,Pakistan,Telenor Pakistan,41,8.44,16,674,29/07/2021
C002219,Pakistan,Jazz,32,14.99,18,809,05/05/2022
C002220,Kenya,Safaricom,35,16.42,17,616,28/01/2022
C002221,Kenya,Safaricom,46,20.35,26,778,12/03/2021
C002222,Kenya,Safaricom,28,11.47,14,598,12/09/2022
C002223,Kenya,Safaricom,51,15.56,22,725,24/10/2020
C002224,Nigeria,MTN Nigeria,28,23.18,29,727,12/09/2022
C002225,Pakistan,Telenor Pakistan,23,7.83,8,407,15/01/2023
C002226,Nigeria,MTN Nigeria,36,12.37,22,479,23/12/2021
C002227,Uganda,MTN Uganda,38,6.72,11,360,07/11/2021
C002228,Nigeria,MTN Nigeria,43,17.9,17,632,25/05/2021
C002229,Nigeria,MTN Nigeria,67,23.43,25,794,10/06/2019
C002230,Ghana,Telecel Ghana,35,14.82,17,669,12/02/2022
C002231,Kenya,Safaricom,30,15.87,16,579,10/07/2022
C002232,Ghana,MTN Ghana,71,14.02,26,788,21/02/2019
C002233,Nigeria,MTN Nigeria,10,12.55,11,535,12/02/2024
C002234,Pakistan,Jazz,15,7.67,2,412,20/09/2023
C002235,Uganda,Airtel Uganda,65,11.47,27,752,20/08/2019
C002236,Pakistan,Telenor Pakistan,41,11.85,24,708,26/07/2021
C002237,Nigeria,MTN Nigeria,36,17.22,12,657,08/01/2022
C002238,Kenya,Safaricom,24,11.82,12,502,16/12/2022
C002239,Kenya,Safaricom,56,17.9,29,832,06/05/2020
C002240,Kenya,Airtel Kenya,60,18.37,23,702,08/01/2020
C002241,Nigeria,Airtel Nigeria,49,18.78,12,585,21/12/2020
C002242,Nigeria,MTN Nigeria,29,13.7,16,511,11/08/2022
C002243,Kenya,Safaricom,50,13.05,14,568,25/10/2020
C002244,Nigeria,Airtel Nigeria,54,21.1,24,766,03/07/2020
C002245,Kenya,Safaricom,63,16.75,19,782,23/10/2019
C002246,Nigeria,Glo Nigeria,20,13.02,1,598,17/04/2023
C002247,Nigeria,Glo Nigeria,59,17.25,11,563,18/02/2020
C002248,Ghana,MTN Ghana,37,11.75,16,572,08/12/2021
C002249,Kenya,Airtel Kenya,1,13.21,15,604,23/11/2024
C002250,Kenya,Safaricom,67,17.38,21,672,18/06/2019
C002251,Kenya,Safaricom,20,11.51,11,395,20/04/2023
C002252,Uganda,MTN Uganda,25,9.22,12,537,09/12/2022
C002253,Kenya,Airtel Kenya,43,20.45,22,799,23/05/2021
C002254,Ghana,Telecel Ghana,21,6.73,1,,03/04/2023
C002255,Pakistan,Telenor Pakistan,7,8.55,1,404,07/05/2024
C002256,Kenya,Safaricom,39,19.32,16,747,23/09/2021
C002257,Pakistan,Jazz,40,12.76,24,750,03/09/2021
C002258,Uganda,Airtel Uganda,12,4.72,4,349,05/01/2024
C002259,Nigeria,Airtel Nigeria,28,13.84,13,602,28/08/2022
C002260,Kenya,Safaricom,62,16.19,20,768,07/11/2019
C002261,Ghana,Telecel Ghana,44,13.02,14,643,23/04/2021
C002262,Pakistan,Zong,42,9.9,19,598,19/07/2021
C002263,Kenya,Safaricom,43,14.45,15,569,30/05/2021
C002264,Nigeria,MTN Nigeria,27,16.21,16,508,06/10/2022
C002265,Ghana,MTN Ghana,35,11.82,14,774,25/01/2022
C002266,Nigeria,MTN Nigeria,56,11.81,14,506,10/05/2020
C002267,Uganda,MTN Uganda,46,9.02,12,552,26/02/2021
C002268,Kenya,Safaricom,51,10.01,9,479,24/10/2020
C002269,Uganda,Airtel Uganda,37,7.85,13,417,03/12/2021
C002270,Pakistan,Jazz,23,10.41,11,525,22/01/2023
C002271,Ghana,Telecel Ghana,9,12.34,22,702,26/03/2024
C002272,Ghana,Telecel Ghana,9,9.78,7,498,28/03/2024
C002273,Uganda,MTN Uganda,37,8.72,11,494,09/12/2021
C002274,Uganda,MTN Uganda,28,9.13,6,516,23/08/2022
C002275,Pakistan,Telenor Pakistan,39,11.84,20,713,13/10/2021
C002276,Nigeria,Airtel Nigeria,2,21.53,19,644,04/10/2024
C002277,Ghana,MTN Ghana,51,14.24,28,795,18/10/2020
C002278,Nigeria,Airtel Nigeria,20,13.03,12,606,30/04/2023
C002279,Pakistan,Telenor Pakistan,25,10.23,13,601,14/11/2022
C002280,Ghana,Telecel Ghana,45,11.68,11,,22/04/2021
C002281,Kenya,Safaricom,1,9.52,2,309,22/11/2024
C002282,Nigeria,MTN Nigeria,45,19.05,24,893,28/03/2021
C002283,Kenya,Safaricom,63,18.33,19,898,21/10/2019
C002284,Uganda,MTN Uganda,37,7.24,5,452,10/12/2021
C002285,Nigeria,Glo Nigeria,37,21.91,19,685,18/12/2021
C002286,Nigeria,Glo Nigeria,47,14.8,9,468,17/02/2021
C002287,Pakistan,Telenor Pakistan,20,9.09,19,635,07/05/2023
C002288,Uganda,MTN Uganda,28,12.81,26,,19/08/2022
C002289,Nigeria,Airtel Nigeria,24,21.32,19,737,27/12/2022
C002290,Nigeria,MTN Nigeria,14,20.49,10,630,02/11/2023
C002291,Pakistan,Jazz,45,12.24,19,645,29/03/2021
C002292,Uganda,MTN Uganda,31,8.51,20,720,29/05/2022
C002293,Ghana,Telecel Ghana,11,12.46,12,549,28/01/2024
C002294,Kenya,Safaricom,40,12.59,20,581,12/09/2021
C002295,Nigeria,Airtel Nigeria,45,18.97,15,553,16/04/2021
C002296,Nigeria,Glo Nigeria,67,17.97,24,794,11/06/2019
C002297,Uganda,Airtel Uganda,69,13.54,26,843,12/04/2019
C002298,Nigeria,MTN Nigeria,3,9.86,9,360,14/09/2024
C002299,Nigeria,Glo Nigeria,30,10.7,8,478,03/07/2022
C002300,Uganda,Airtel Uganda,32,8.62,6,454,02/05/2022
C002301,Pakistan,Telenor Pakistan,19,7.41,9,477,16/05/2023
C002302,Uganda,Airtel Uganda,39,7.16,11,610,03/10/2021
C002303,Kenya,Airtel Kenya,29,18.89,22,753,28/07/2022
C002304,Kenya,Safaricom,28,13.15,17,619,08/09/2022
C002305,Kenya,Safaricom,48,15.32,19,682,09/01/2021
C002306,Kenya,Safaricom,66,18.31,18,687,01/08/2019
C002307,Kenya,Safaricom,53,13.07,22,598,12/08/2020
C002308,Kenya,Airtel Kenya,62,13.44,27,796,05/11/2019
C002309,Ghana,MTN Ghana,44,13.4,18,680,02/05/2021
C002310,Pakistan,Jazz,42,12.31,20,689,25/06/2021
C002311,Pakistan,Jazz,28,10.55,28,771,04/09/2022
C002312,Nigeria,MTN Nigeria,22,16.44,12,581,18/02/2023
C002313,Kenya,Safaricom,14,10.1,6,470,18/10/2023
C002314,Nigeria,Airtel Nigeria,52,14.59,20,686,03/09/2020
C002315,Kenya,Safaricom,52,12.51,18,627,01/09/2020
C002316,Nigeria,MTN Nigeria,54,22.13,21,684,12/07/2020
C002317,Nigeria,Glo Nigeria,67,18.64,26,772,22/06/2019
C002318,Uganda,Airtel Uganda,36,7.47,12,583,31/12/2021
C002319,Kenya,Safaricom,22,16.19,10,608,02/03/2023
C002320,Pakistan,Jazz,51,12,21,797,04/10/2020
C002321,Nigeria,MTN Nigeria,21,18.69,16,554,18/03/2023
C002322,Nigeria,MTN Nigeria,50,21.12,14,657,23/11/2020
C002323,Kenya,Safaricom,26,12.07,6,548,26/10/2022
C002324,Nigeria,Glo Nigeria,32,14.89,15,567,05/05/2022
C002325,Nigeria,Airtel Nigeria,46,13.53,13,592,20/03/2021
C002326,Pakistan,Jazz,17,7.31,5,505,04/08/2023
C002327,Nigeria,Glo Nigeria,57,16.02,19,677,03/04/2020
C002328,Nigeria,MTN Nigeria,8,14,10,501,26/04/2024
C002329,Ghana,MTN Ghana,29,8.24,16,457,13/08/2022
C002330,Kenya,Safaricom,32,14.47,15,570,25/04/2022
C002331,Ghana,MTN Ghana,39,8.36,13,488,12/10/2021
C002332,Kenya,Airtel Kenya,15,12.74,15,599,29/09/2023
C002333,Uganda,MTN Uganda,12,7.07,12,584,02/01/2024
C002334,Nigeria,Airtel Nigeria,53,16.34,17,676,03/08/2020
C002335,Kenya,Safaricom,6,8.66,7,304,08/06/2024
C002336,Ghana,Telecel Ghana,41,13.41,22,675,22/07/2021
C002337,Pakistan,Telenor Pakistan,13,7.27,3,438,06/12/2023
C002338,Kenya,Safaricom,53,14.6,12,645,29/07/2020
C002339,Ghana,MTN Ghana,54,13.32,18,763,07/07/2020
C002340,Nigeria,Glo Nigeria,37,18.89,19,573,24/11/2021
C002341,Nigeria,MTN Nigeria,21,16.52,10,636,10/04/2023
C002342,Nigeria,MTN Nigeria,55,21.89,24,738,01/06/2020
C002343,Uganda,Airtel Uganda,11,6.26,12,474,28/01/2024
C002344,Nigeria,MTN Nigeria,39,19.66,23,759,08/10/2021
C002345,Uganda,MTN Uganda,24,10.23,18,701,17/12/2022
C002346,Nigeria,MTN Nigeria,33,13.27,20,592,27/03/2022
C002347,Pakistan,Jazz,45,9.1,12,516,07/04/2021
C002348,Uganda,MTN Uganda,31,7.78,5,496,27/05/2022
C002349,Nigeria,MTN Nigeria,39,16.13,15,715,09/10/2021
C002350,Nigeria,MTN Nigeria,26,16.11,3,451,15/10/2022
C002351,Nigeria,MTN Nigeria,48,15.77,26,728,20/01/2021
C002352,Pakistan,Jazz,40,12.35,23,633,02/09/2021
C002353,Nigeria,Glo Nigeria,41,17.2,21,631,19/08/2021
C002354,Kenya,Safaricom,18,11.01,14,571,29/06/2023
C002355,Kenya,Safaricom,31,9.43,6,512,01/06/2022
C002356,Uganda,MTN Uganda,18,11.04,15,700,16/06/2023
C002357,Kenya,Safaricom,57,18.2,18,759,30/03/2020
C002358,Kenya,Safaricom,12,12.34,11,503,16/12/2023
C002359,Pakistan,Jazz,67,11.77,28,763,04/06/2019
C002360,Nigeria,Airtel Nigeria,22,19.7,33,888,10/03/2023
C002361,Uganda,MTN Uganda,48,7.77,7,442,07/01/2021
C002362,Nigeria,Airtel Nigeria,8,18.27,5,557,19/04/2024
C002363,Kenya,Airtel Kenya,8,10.24,5,471,04/05/2024
C002364,Pakistan,Zong,38,11.01,19,568,01/11/2021
C002365,Ghana,MTN Ghana,67,16.38,28,877,01/07/2019
C002366,Ghana,MTN Ghana,40,12.86,18,706,01/09/2021
C002367,Nigeria,MTN Nigeria,65,22.13,22,790,25/08/2019
C002368,Kenya,Airtel Kenya,12,8.5,6,453,10/12/2023
C002369,Kenya,Airtel Kenya,33,11.51,12,641,08/04/2022
C002370,Kenya,Airtel Kenya,22,12.1,19,478,23/02/2023
C002371,Kenya,Safaricom,40,19.61,29,748,01/09/2021
C002372,Kenya,Airtel Kenya,1,11.29,8,495,06/11/2024
C002373,Kenya,Safaricom,30,9.3,5,525,06/07/2022
C002374,Nigeria,Airtel Nigeria,16,8.9,7,374,30/08/2023
C002375,Kenya,Safaricom,44,11.03,10,493,02/05/2021
C002376,Nigeria,MTN Nigeria,11,15.82,15,523,05/02/2024
C002377,Pakistan,Jazz,14,6.38,12,439,23/10/2023
C002378,Ghana,Telecel Ghana,68,10.78,18,780,22/05/2019
C002379,Nigeria,MTN Nigeria,54,22.9,28,774,27/06/2020
C002380,Ghana,MTN Ghana,36,7.84,10,499,02/01/2022
C002381,Uganda,MTN Uganda,58,10.88,26,790,05/03/2020
C002382,Nigeria,MTN Nigeria,45,18.99,15,623,29/03/2021
C002383,Nigeria,Glo Nigeria,79,17.33,27,793,03/07/2018
C002384,Nigeria,MTN Nigeria,43,17.72,9,671,03/06/2021
C002385,Nigeria,MTN Nigeria,19,12.96,17,573,22/05/2023
C002386,Uganda,Airtel Uganda,42,7.69,10,558,08/07/2021
C002387,Pakistan,Telenor Pakistan,21,,13,524,07/04/2023
C002388,Nigeria,MTN Nigeria,39,19.37,23,653,06/10/2021
C002389,Uganda,MTN Uganda,54,8.38,19,761,25/07/2020
C002390,Nigeria,MTN Nigeria,40,17.52,20,798,21/08/2021
C002391,Ghana,MTN Ghana,31,10.4,15,632,14/06/2022
C002392,Uganda,MTN Uganda,43,10.53,14,603,17/06/2021
C002393,Kenya,Safaricom,40,18.1,18,757,15/09/2021
C002394,Nigeria,Airtel Nigeria,27,10.08,4,304,08/10/2022
C002395,Ghana,Telecel Ghana,4,6.4,7,387,29/08/2024
C002396,Pakistan,Zong,28,13.4,21,685,27/08/2022
C002397,Nigeria,MTN Nigeria,53,14.93,6,451,22/08/2020
C002398,Nigeria,MTN Nigeria,19,16.08,15,677,21/05/2023
C002399,Nigeria,Glo Nigeria,21,11.73,8,420,31/03/2023
C002400,Ghana,Telecel Ghana,61,10.15,13,567,18/12/2019
C002401,Ghana,MTN Ghana,42,12.75,18,677,06/07/2021
C002402,Uganda,MTN Uganda,70,10.39,20,777,03/04/2019
C002403,Uganda,MTN Uganda,48,7.86,18,624,07/01/2021
C002404,Pakistan,Telenor Pakistan,35,10.53,11,588,01/02/2022
C002405,Uganda,MTN Uganda,44,11.34,20,730,30/04/2021
C002406,Nigeria,MTN Nigeria,17,19.81,21,762,06/08/2023
C002407,Ghana,Telecel Ghana,30,10.77,15,588,15/07/2022
C002408,Nigeria,Airtel Nigeria,30,10.83,15,483,15/07/2022
C002409,Kenya,Safaricom,47,14.62,14,690,24/01/2021
C002410,Pakistan,Jazz,78,12.31,8,660,27/07/2018
C002411,Ghana,Telecel Ghana,45,12.51,16,661,15/04/2021
C002412,Pakistan,Telenor Pakistan,61,15.25,19,796,25/12/2019
C002413,Kenya,Safaricom,62,16.72,8,702,22/11/2019
C002414,Kenya,Safaricom,54,17.65,28,725,13/07/2020
C002415,Kenya,Safaricom,39,13.88,20,649,20/09/2021
C002416,Nigeria,Airtel Nigeria,54,18.83,28,844,04/07/2020
C002417,Nigeria,MTN Nigeria,40,22.95,19,712,25/08/2021
C002418,Kenya,Airtel Kenya,28,10.51,10,417,13/09/2022
C002419,Nigeria,MTN Nigeria,30,18.58,12,558,29/06/2022
C002420,Pakistan,Jazz,38,9.06,15,505,04/11/2021
C002421,Nigeria,MTN Nigeria,13,14.03,12,507,03/12/2023
C002422,Nigeria,MTN Nigeria,31,11.98,12,514,02/06/2022
C002423,Uganda,MTN Uganda,59,8.37,16,598,10/02/2020
C002424,Nigeria,MTN Nigeria,9,9.99,9,304,06/04/2024
C002425,Pakistan,Telenor Pakistan,59,10.92,14,539,29/01/2020
C002426,Uganda,MTN Uganda,26,7.86,5,439,22/10/2022
C002427,Nigeria,Glo Nigeria,37,17.19,18,623,21/11/2021
C002428,Ghana,MTN Ghana,46,12.33,22,703,21/03/2021
C002429,Ghana,MTN Ghana,52,11.75,26,859,23/09/2020
C002430,Uganda,Airtel Uganda,6,8.17,15,598,08/06/2024
C002431,Uganda,Airtel Uganda,39,8.81,6,469,22/09/2021
C002432,Uganda,Airtel Uganda,78,11.49,21,718,18/07/2018
C002433,Ghana,Telecel Ghana,33,9.07,5,469,11/04/2022
C002434,Kenya,Safaricom,63,20.7,24,834,22/10/2019
C002435,Ghana,MTN Ghana,44,10.09,18,729,29/04/2021
C002436,Pakistan,Jazz,59,13.4,23,676,31/01/2020
C002437,Ghana,MTN Ghana,17,8.18,12,374,21/07/2023
C002438,Ghana,MTN Ghana,21,5.61,1,364,31/03/2023
C002439,Kenya,Safaricom,10,13.96,14,573,12/02/2024
C002440,Uganda,Airtel Uganda,35,7.9,18,682,09/02/2022
C002441,Pakistan,Zong,50,12.18,22,706,20/11/2020
C002442,Nigeria,Airtel Nigeria,49,14.69,15,587,12/12/2020
C002443,Nigeria,Airtel Nigeria,54,15.17,16,644,12/07/2020
C002444,Kenya,Safaricom,6,12.45,13,521,17/06/2024
C002445,Kenya,Safaricom,19,14.1,18,670,22/05/2023
C002446,Ghana,Telecel Ghana,36,7.39,17,492,27/12/2021
C002447,Nigeria,Airtel Nigeria,25,19.16,12,603,07/12/2022
C002448,Kenya,Safaricom,49,11.66,16,594,04/12/2020
C002449,Ghana,MTN Ghana,24,14.26,24,757,11/01/2023
C002450,Ghana,MTN Ghana,35,11.65,17,603,20/01/2022
C002451,Ghana,MTN Ghana,26,7.24,9,483,31/10/2022
C002452,Uganda,MTN Uganda,51,12.51,25,703,26/09/2020
C002453,Ghana,MTN Ghana,28,12.16,11,692,19/08/2022
C002454,Uganda,Airtel Uganda,15,8.74,16,707,04/10/2023
C002455,Ghana,Telecel Ghana,38,10.56,18,591,15/11/2021
C002456,Kenya,Safaricom,59,17.69,20,792,31/01/2020
C002457,Ghana,Telecel Ghana,45,7.5,9,524,08/04/2021
C002458,Nigeria,Airtel Nigeria,34,15.75,15,637,15/03/2022
C002459,Nigeria,MTN Nigeria,61,20.81,19,766,11/12/2019
C002460,Kenya,Safaricom,32,11.58,12,461,19/04/2022
C002461,Pakistan,Telenor Pakistan,70,11.38,27,781,16/03/2019
C002462,Ghana,MTN Ghana,34,10.34,15,588,11/03/2022
C002463,Nigeria,MTN Nigeria,6,13.24,17,546,25/06/2024
C002464,Ghana,Telecel Ghana,14,6.18,1,335,01/11/2023
C002465,Nigeria,Glo Nigeria,50,22.21,23,763,07/11/2020
C002466,Uganda,MTN Uganda,56,9.94,27,755,15/05/2020
C002467,Uganda,MTN Uganda,2,6.37,14,465,23/10/2024
C002468,Ghana,MTN Ghana,22,8.36,17,487,08/03/2023
C002469,Ghana,Telecel Ghana,43,10.42,10,528,21/06/2021
C002470,Kenya,Safaricom,24,11.12,14,472,19/12/2022
C002471,Kenya,Safaricom,47,16.18,22,796,28/01/2021
C002472,Pakistan,Zong,55,8.74,13,480,23/06/2020
C002473,Uganda,MTN Uganda,13,8.25,17,513,02/12/2023
C002474,Kenya,Safaricom,38,7.16,4,393,05/11/2021
C002475,Kenya,Safaricom,53,12.58,9,621,08/08/2020
C002476,Nigeria,MTN Nigeria,37,15.54,25,649,21/11/2021
C002477,Nigeria,MTN Nigeria,40,20.82,20,662,30/08/2021
C002478,Nigeria,MTN Nigeria,39,15.68,17,643,30/09/2021
C002479,Kenya,Safaricom,59,16.5,26,856,05/02/2020
C002480,Pakistan,Zong,30,10.69,9,641,28/06/2022
C002481,Kenya,Safaricom,41,16.25,22,741,24/07/2021
C002482,Nigeria,Glo Nigeria,28,17.96,12,562,16/08/2022
C002483,Nigeria,Airtel Nigeria,9,9.48,4,324,24/03/2024
C002484,Kenya,Airtel Kenya,44,14.58,22,761,22/05/2021
C002485,Uganda,MTN Uganda,10,10.45,6,689,07/02/2024
C002486,Kenya,Airtel Kenya,34,13.73,16,555,09/03/2022
C002487,Uganda,MTN Uganda,20,9.41,12,505,04/05/2023
C002488,Uganda,MTN Uganda,7,9.17,16,589,02/06/2024
C002489,Nigeria,MTN Nigeria,43,20.16,21,757,30/05/2021
C002490,Ghana,MTN Ghana,24,8.12,13,525,07/01/2023
C002491,Pakistan,Zong,40,8.91,8,410,22/08/2021
C002492,Kenya,Airtel Kenya,22,12.81,13,523,07/03/2023
C002493,Nigeria,Airtel Nigeria,51,15.23,20,667,22/10/2020
C002494,Pakistan,Jazz,65,11.23,21,708,13/08/2019
C002495,Pakistan,Zong,29,10.6,24,627,09/08/2022
C002496,Kenya,Safaricom,45,13.52,18,727,14/04/2021
C002497,Ghana,MTN Ghana,69,13.78,18,688,30/04/2019
C002498,Nigeria,MTN Nigeria,45,19.44,25,668,03/04/2021
C002499,Uganda,Airtel Uganda,31,6.18,9,462,10/06/2022
C002500,Kenya,Safaricom,20,13.4,14,475,20/04/2023
C002501,Nigeria,MTN Nigeria,58,24.26,22,746,21/03/2020
C002502,Ghana,Telecel Ghana,23,7.61,8,444,30/01/2023
C002503,Pakistan,Jazz,1,7.75,14,462,18/11/2024
C002504,Uganda,MTN Uganda,43,12.83,24,757,05/06/2021
C002505,Nigeria,MTN Nigeria,18,15.84,9,602,17/06/2023
C002506,Nigeria,Airtel Nigeria,21,14.28,8,397,09/04/2023
C002507,Pakistan,Zong,35,10.51,18,765,10/02/2022
C002508,Pakistan,Zong,42,10.78,20,587,29/06/2021
C002509,Kenya,Safaricom,51,17.4,30,779,29/09/2020
C002510,Ghana,MTN Ghana,14,9.71,22,565,27/10/2023
C002511,Kenya,Safaricom,14,10.91,10,423,08/11/2023
C002512,Kenya,Safaricom,35,8.36,8,472,22/01/2022
C002513,Nigeria,MTN Nigeria,46,12.54,13,509,05/03/2021
C002514,Nigeria,Airtel Nigeria,33,17.48,17,735,02/04/2022
C002515,Nigeria,Airtel Nigeria,23,14.34,27,642,31/01/2023
C002516,Uganda,MTN Uganda,75,8.11,26,727,15/10/2018
C002517,Nigeria,Glo Nigeria,39,16.17,18,636,11/10/2021
C002518,Nigeria,Airtel Nigeria,34,13.34,17,552,08/03/2022
C002519,Kenya,Safaricom,16,9.17,9,488,17/08/2023
C002520,Nigeria,MTN Nigeria,34,12.51,8,533,07/03/2022
C002521,Nigeria,MTN Nigeria,63,19.65,7,620,02/10/2019
C002522,Ghana,MTN Ghana,42,9.22,17,625,08/07/2021
C002523,Kenya,Safaricom,65,18.06,21,763,15/08/2019
C002524,Ghana,MTN Ghana,28,7.37,13,494,26/08/2022
C002525,Pakistan,Jazz,27,8.64,19,680,24/09/2022
C002526,Nigeria,MTN Nigeria,17,13.58,13,491,26/07/2023
C002527,Pakistan,Telenor Pakistan,35,11.96,27,794,06/02/2022
C002528,Pakistan,Telenor Pakistan,26,7.71,3,432,20/10/2022
C002529,Uganda,MTN Uganda,55,9.86,20,614,05/06/2020
C002530,Ghana,MTN Ghana,29,8.41,9,487,14/08/2022
C002531,Ghana,MTN Ghana,25,8.32,14,518,25/11/2022
C002532,Ghana,MTN Ghana,29,13.88,22,664,19/07/2022
C002533,Ghana,MTN Ghana,40,8.99,19,579,03/09/2021
C002534,Nigeria,MTN Nigeria,16,18.54,15,587,13/08/2023
C002535,Pakistan,Jazz,17,9.94,15,573,30/07/2023
C002536,Ghana,Telecel Ghana,72,13.83,31,876,26/01/2019
C002537,Uganda,MTN Uganda,26,7.14,6,522,30/10/2022
C002538,Kenya,Airtel Kenya,30,12.04,11,579,13/07/2022
C002539,Nigeria,MTN Nigeria,46,21.05,21,754,22/03/2021
C002540,Kenya,Safaricom,52,17.76,13,665,07/09/2020
C002541,Kenya,Airtel Kenya,46,13.67,18,692,23/03/2021
C002542,Kenya,Safaricom,23,15.51,13,578,10/02/2023
C002543,Kenya,Safaricom,5,7.25,5,346,22/07/2024
C002544,Nigeria,Glo Nigeria,33,13.55,15,603,11/04/2022
C002545,Kenya,Safaricom,44,14.28,22,644,17/05/2021
C002546,Kenya,Safaricom,45,18.9,23,715,07/04/2021
C002547,Pakistan,Telenor Pakistan,44,11.54,20,720,13/05/2021
C002548,Nigeria,MTN Nigeria,31,16.96,11,528,29/05/2022
C002549,Kenya,Safaricom,18,8.97,6,381,29/06/2023
C002550,Nigeria,MTN Nigeria,22,18.6,14,575,08/03/2023
C002551,Kenya,Airtel Kenya,53,15.4,26,609,04/08/2020
C002552,Kenya,Safaricom,26,13.81,8,571,17/10/2022
C002553,Ghana,MTN Ghana,38,11.71,12,605,28/10/2021
C002554,Pakistan,Jazz,6,10.17,12,611,30/06/2024
C002555,Nigeria,Airtel Nigeria,42,23.36,21,712,05/07/2021
C002556,Ghana,Telecel Ghana,16,10.68,15,560,05/09/2023
C002557,Nigeria,MTN Nigeria,8,11.59,6,432,06/05/2024
C002558,Nigeria,MTN Nigeria,79,21.87,23,683,03/07/2018
C002559,Kenya,Airtel Kenya,36,13.24,15,551,24/12/2021
C002560,Nigeria,Glo Nigeria,48,14.91,16,514,26/12/2020
C002561,Ghana,Telecel Ghana,38,9.59,14,460,01/11/2021
C002562,Ghana,MTN Ghana,57,11.28,10,672,01/04/2020
C002563,Uganda,MTN Uganda,48,10.77,26,788,10/01/2021
C002564,Kenya,Safaricom,73,13.93,17,762,03/01/2019
C002565,Ghana,MTN Ghana,52,13.66,18,642,28/08/2020
C002566,Kenya,Airtel Kenya,28,11.99,11,488,24/08/2022
C002567,Nigeria,MTN Nigeria,39,18.76,15,588,30/09/2021
C002568,Nigeria,Airtel Nigeria,36,15.64,12,625,15/01/2022
C002569,Ghana,Telecel Ghana,54,17.79,29,814,28/06/2020
C002570,Pakistan,Zong,39,9.92,12,651,17/10/2021
C002571,Nigeria,Airtel Nigeria,43,15.85,19,621,21/06/2021
C002572,Ghana,Telecel Ghana,72,15.73,15,719,31/01/2019
C002573,Uganda,MTN Uganda,21,10,17,639,15/03/2023
C002574,Uganda,MTN Uganda,48,9.58,20,530,29/12/2020
C002575,Kenya,Safaricom,34,14.79,27,639,15/03/2022
C002576,Ghana,Telecel Ghana,57,10.11,10,630,15/04/2020
C002577,Ghana,Telecel Ghana,37,11.6,16,677,03/12/2021
C002578,Pakistan,Jazz,58,14.97,22,802,12/03/2020
C002579,Nigeria,MTN Nigeria,27,14.39,21,512,08/10/2022
C002580,Pakistan,Jazz,11,11.1,16,612,06/02/2024
C002581,Nigeria,MTN Nigeria,52,11.33,14,470,24/09/2020
C002582,Uganda,Airtel Uganda,18,7.78,15,548,14/06/2023
C002583,Nigeria,MTN Nigeria,38,19.51,11,611,31/10/2021
C002584,Nigeria,Airtel Nigeria,31,23.84,14,734,18/05/2022
C002585,Nigeria,Airtel Nigeria,14,14.63,12,576,14/10/2023
C002586,Kenya,Safaricom,41,12.76,29,700,13/08/2021
C002587,Kenya,Safaricom,13,7.71,9,428,06/12/2023
C002588,Nigeria,Glo Nigeria,15,12.85,18,561,20/09/2023
C002589,Kenya,Safaricom,38,16.11,11,635,12/11/2021
C002590,Kenya,Safaricom,23,15.1,19,716,22/01/2023
C002591,Uganda,MTN Uganda,43,8.6,21,658,23/05/2021
C002592,Pakistan,Zong,46,13.61,17,749,23/02/2021
C002593,Ghana,Telecel Ghana,8,14.58,20,712,29/04/2024
C002594,Nigeria,Airtel Nigeria,31,16.2,13,634,02/06/2022
C002595,Nigeria,Airtel Nigeria,50,22.15,22,687,02/11/2020
C002596,Pakistan,Zong,31,11.63,23,735,09/06/2022
C002597,Nigeria,MTN Nigeria,60,18.97,27,806,12/01/2020
C002598,Kenya,Safaricom,50,17.82,23,692,13/11/2020
C002599,Pakistan,Jazz,18,7.95,13,572,24/06/2023
C002600,Pakistan,Telenor Pakistan,38,12.65,20,622,30/10/2021
C002601,Kenya,Airtel Kenya,61,17.03,20,755,03/12/2019
C002602,Ghana,Telecel Ghana,33,15.54,23,,03/04/2022
C002603,Kenya,Safaricom,42,13.11,13,719,13/07/2021
C002604,Uganda,Airtel Uganda,42,6.71,7,462,19/07/2021
C002605,Nigeria,Glo Nigeria,12,15.53,19,458,18/12/2023
C002606,Nigeria,Glo Nigeria,55,23.33,24,751,02/06/2020
C002607,Ghana,Telecel Ghana,26,14.39,21,676,01/11/2022
C002608,Nigeria,MTN Nigeria,43,17.22,17,714,27/05/2021
C002609,Ghana,MTN Ghana,47,12.56,13,655,07/02/2021
C002610,Kenya,Airtel Kenya,11,15.08,20,,23/01/2024
C002611,Pakistan,Telenor Pakistan,24,8.51,13,556,11/01/2023
C002612,Uganda,Airtel Uganda,35,7.68,19,504,01/02/2022
C002613,Kenya,Safaricom,29,12,14,476,29/07/2022
C002614,Uganda,MTN Uganda,41,10.94,23,761,06/08/2021
C002615,Nigeria,MTN Nigeria,10,12.07,11,486,20/02/2024
C002616,Kenya,Airtel Kenya,59,18.79,25,767,12/02/2020
C002617,Nigeria,MTN Nigeria,38,22.85,14,688,29/10/2021
C002618,Pakistan,Telenor Pakistan,43,9.1,7,587,18/06/2021
C002619,Uganda,Airtel Uganda,37,9.46,16,544,03/12/2021
C002620,Pakistan,Zong,47,15.32,25,821,08/02/2021
C002621,Pakistan,Jazz,61,10.15,15,708,19/12/2019
C002622,Pakistan,Telenor Pakistan,37,12.76,12,720,05/12/2021
C002623,Nigeria,MTN Nigeria,68,25.19,27,782,13/05/2019
C002624,Pakistan,Jazz,60,11.88,16,652,30/12/2019
C002625,Ghana,MTN Ghana,68,10.97,25,797,27/05/2019
C002626,Kenya,Safaricom,38,15.02,17,657,17/11/2021
C002627,Ghana,Telecel Ghana,75,,16,612,25/10/2018
C002628,Kenya,Airtel Kenya,33,12.76,11,539,08/04/2022
C002629,Nigeria,MTN Nigeria,35,11.84,13,546,14/02/2022
C002630,Nigeria,Airtel Nigeria,50,17.01,25,779,09/11/2020
C002631,Nigeria,MTN Nigeria,22,19.83,16,634,26/02/2023
C002632,Kenya,Safaricom,70,16.59,22,783,09/03/2019
C002633,Pakistan,Zong,45,15.87,27,819,02/04/2021
C002634,Ghana,MTN Ghana,57,11.86,22,685,14/04/2020
C002635,Kenya,Safaricom,41,11.99,5,450,01/08/2021
C002636,Kenya,Safaricom,49,11.04,17,650,15/12/2020
C002637,Kenya,Safaricom,4,9.42,2,329,30/08/2024
C002638,Nigeria,Glo Nigeria,40,22.55,20,715,03/09/2021
C002639,Uganda,Airtel Uganda,3,9.35,25,694,19/09/2024
C002640,Nigeria,MTN Nigeria,41,16.78,20,681,12/08/2021
C002641,Uganda,MTN Uganda,53,11.49,27,663,30/07/2020
C002642,Uganda,Airtel Uganda,40,11.3,20,692,03/09/2021
C002643,Ghana,MTN Ghana,29,11.97,16,626,29/07/2022
C002644,Pakistan,Telenor Pakistan,27,8.78,13,539,24/09/2022
C002645,Nigeria,Airtel Nigeria,52,19.08,15,575,16/09/2020
C002646,Pakistan,Jazz,45,12.98,22,719,07/04/2021
C002647,Uganda,MTN Uganda,56,7.28,7,502,01/05/2020
C002648,Uganda,MTN Uganda,28,,15,601,27/08/2022
C002649,Ghana,MTN Ghana,31,7.57,8,494,22/05/2022
C002650,Uganda,Airtel Uganda,35,11.14,23,670,15/02/2022
C002651,Pakistan,Zong,56,9.16,2,456,06/05/2020
C002652,Kenya,Safaricom,52,15.35,23,772,05/09/2020
C002653,Uganda,MTN Uganda,57,,4,460,01/04/2020
C002654,Uganda,MTN Uganda,36,8.64,20,677,19/12/2021
C002655,Kenya,Safaricom,49,9.11,9,471,19/12/2020
C002656,Pakistan,Telenor Pakistan,43,13.09,11,661,07/06/2021
C002657,Kenya,Airtel Kenya,41,12.95,16,510,24/07/2021
C002658,Ghana,Telecel Ghana,29,12.8,11,739,22/07/2022
C002659,Nigeria,MTN Nigeria,51,15.91,21,727,21/10/2020
C002660,Nigeria,Airtel Nigeria,9,10.9,12,457,21/03/2024
C002661,Uganda,MTN Uganda,59,12.97,31,836,17/02/2020
C002662,Kenya,Airtel Kenya,12,11.05,8,581,17/12/2023
C002663,Kenya,Safaricom,32,11.76,12,571,02/05/2022
C002664,Nigeria,Glo Nigeria,66,25.14,27,774,23/07/2019
C002665,Kenya,Safaricom,34,11.23,15,472,06/03/2022
C002666,Uganda,MTN Uganda,16,9.88,20,584,11/08/2023
C002667,Pakistan,Telenor Pakistan,1,5.19,15,351,22/11/2024
C002668,Nigeria,MTN Nigeria,45,15.64,14,620,16/04/2021
C002669,Ghana,Telecel Ghana,62,13.63,18,628,26/11/2019
C002670,Kenya,Safaricom,35,18.81,21,767,12/02/2022
C002671,Ghana,Telecel Ghana,60,10.61,4,509,27/01/2020
C002672,Kenya,Safaricom,48,16.71,21,749,21/01/2021
C002673,Kenya,Airtel Kenya,1,9.92,3,490,17/11/2024
C002674,Kenya,Safaricom,12,13.59,13,591,22/12/2023
C002675,Ghana,MTN Ghana,52,9.37,12,657,01/09/2020
C002676,Kenya,Safaricom,29,9.44,12,482,28/07/2022
C002677,Kenya,Safaricom,44,10.05,5,427,17/05/2021
C002678,Uganda,Airtel Uganda,21,7.09,10,638,24/03/2023
C002679,Uganda,Airtel Uganda,31,6.75,15,514,03/06/2022
C002680,Kenya,Airtel Kenya,38,11.46,14,627,13/11/2021
C002681,Uganda,Airtel Uganda,57,11.59,26,893,08/04/2020
C002682,Pakistan,Telenor Pakistan,31,11.85,12,614,28/05/2022
C002683,Nigeria,MTN Nigeria,12,13.3,10,364,26/12/2023
C002684,Ghana,Telecel Ghana,34,8.46,14,539,14/03/2022
C002685,Nigeria,MTN Nigeria,33,12.59,9,511,17/04/2022
C002686,Uganda,Airtel Uganda,41,10.54,9,618,29/07/2021
C002687,Nigeria,MTN Nigeria,64,16.49,31,727,26/09/2019
C002688,Ghana,Telecel Ghana,8,10.1,18,475,28/04/2024
C002689,Nigeria,MTN Nigeria,3,11.95,18,530,13/09/2024
C002690,Kenya,Safaricom,51,14.02,12,593,12/10/2020
C002691,Pakistan,Jazz,18,8.21,11,552,17/06/2023
C002692,Kenya,Safaricom,27,13.83,15,554,03/10/2022
C002693,Pakistan,Jazz,43,12.85,20,798,26/05/2021
C002694,Pakistan,Jazz,19,7.28,8,506,31/05/2023
C002695,Pakistan,Jazz,16,9.78,22,624,07/09/2023
C002696,Nigeria,Airtel Nigeria,43,21.22,23,792,31/05/2021
C002697,Uganda,MTN Uganda,46,10.95,11,603,04/03/2021
C002698,Nigeria,Airtel Nigeria,50,20.6,27,780,25/10/2020
C002699,Kenya,Safaricom,57,13.74,20,772,25/04/2020
C002700,Pakistan,Telenor Pakistan,30,10.5,8,622,01/07/2022
C002701,Ghana,MTN Ghana,55,10.46,14,666,05/06/2020
C002702,Kenya,Safaricom,44,20.02,22,797,10/05/2021
C002703,Kenya,Safaricom,3,14.92,16,581,26/09/2024
C002704,Uganda,Airtel Uganda,37,6.78,14,554,10/12/2021
C002705,Uganda,MTN Uganda,53,10.15,23,673,25/08/2020
C002706,Kenya,Safaricom,39,17.38,20,741,01/10/2021
C002707,Pakistan,Jazz,46,7.56,10,505,28/02/2021
C002708,Nigeria,MTN Nigeria,13,14.35,15,473,25/11/2023
C002709,Nigeria,MTN Nigeria,52,18.01,23,676,23/09/2020
C002710,Ghana,Telecel Ghana,56,9.71,11,522,04/05/2020
C002711,Pakistan,Jazz,44,11.52,21,693,25/04/2021
C002712,Nigeria,Airtel Nigeria,24,14.6,9,498,25/12/2022
C002713,Nigeria,MTN Nigeria,42,20.71,15,697,19/07/2021
C002714,Nigeria,MTN Nigeria,63,16.79,25,627,18/10/2019
C002715,Pakistan,Jazz,35,9.61,10,513,30/01/2022
C002716,Nigeria,MTN Nigeria,62,14.5,13,518,01/11/2019
C002717,Kenya,Safaricom,42,14.74,10,624,07/07/2021
C002718,Pakistan,Zong,39,10.78,25,757,19/10/2021
C002719,Nigeria,Airtel Nigeria,26,16.48,10,584,23/10/2022
C002720,Ghana,MTN Ghana,28,9.1,18,487,25/08/2022
C002721,Kenya,Safaricom,1,10.61,19,520,25/11/2024
C002722,Uganda,Airtel Uganda,5,4.05,6,306,23/07/2024
C002723,Kenya,Safaricom,14,9.59,8,405,07/11/2023
C002724,Kenya,Safaricom,58,13.49,24,831,25/03/2020
C002725,Nigeria,Glo Nigeria,44,9.87,5,341,13/05/2021
C002726,Uganda,MTN Uganda,30,7.33,14,520,14/07/2022
C002727,Uganda,MTN Uganda,17,11.02,21,722,02/08/2023
C002728,Nigeria,MTN Nigeria,30,23.11,23,694,27/06/2022
C002729,Kenya,Safaricom,48,17.68,16,699,11/01/2021
C002730,Pakistan,Jazz,39,12.5,22,619,15/10/2021
C002731,Nigeria,Airtel Nigeria,72,24.14,20,741,15/01/2019
C002732,Nigeria,MTN Nigeria,27,7.76,1,312,19/09/2022
C002733,Ghana,MTN Ghana,44,8.86,14,528,05/05/2021
C002734,Kenya,Safaricom,42,13.95,22,717,12/07/2021
C002735,Nigeria,Airtel Nigeria,68,16.79,17,793,09/05/2019
C002736,Kenya,Safaricom,46,22,26,899,13/03/2021
C002737,Nigeria,Airtel Nigeria,48,18.78,6,569,22/01/2021
C002738,Kenya,Safaricom,45,17.25,20,769,03/04/2021
C002739,Uganda,MTN Uganda,16,10.76,14,620,19/08/2023
C002740,Ghana,MTN Ghana,57,14.84,23,755,21/04/2020
C002741,Nigeria,MTN Nigeria,66,18.8,17,719,21/07/2019
C002742,Uganda,MTN Uganda,24,6.54,10,523,12/01/2023
C002743,Nigeria,Airtel Nigeria,49,16.32,15,467,09/12/2020
C002744,Uganda,Airtel Uganda,18,10.77,27,683,28/06/2023
C002745,Kenya,Airtel Kenya,30,14.88,18,746,09/07/2022
C002746,Uganda,Airtel Uganda,17,5.13,11,395,26/07/2023
C002747,Nigeria,MTN Nigeria,46,24.07,25,792,03/03/2021
C002748,Nigeria,Airtel Nigeria,31,20.56,11,661,03/06/2022
C002749,Kenya,Safaricom,41,14.12,14,632,28/07/2021
C002750,Nigeria,Airtel Nigeria,29,20.8,4,611,02/08/2022
C002751,Nigeria,Glo Nigeria,42,18.93,23,747,09/07/2021
C002752,Uganda,MTN Uganda,31,8.92,6,485,28/05/2022
C002753,Uganda,Airtel Uganda,33,10.6,20,692,12/04/2022
C002754,Nigeria,Airtel Nigeria,24,15.14,21,476,18/12/2022
C002755,Pakistan,Jazz,38,14.31,28,742,31/10/2021
C002756,Uganda,Airtel Uganda,32,12.81,20,778,07/05/2022
C002757,Pakistan,Jazz,38,7.48,7,487,11/11/2021
C002758,Ghana,MTN Ghana,57,11.82,18,539,04/04/2020
C002759,Ghana,MTN Ghana,51,11.02,11,587,24/10/2020
C002760,Kenya,Safaricom,37,9.71,18,556,17/12/2021
C002761,Ghana,MTN Ghana,39,14.72,33,763,01/10/2021
C002762,Pakistan,Zong,34,10.3,19,627,04/03/2022
C002763,Nigeria,MTN Nigeria,59,18.99,24,690,22/02/2020
C002764,Kenya,Safaricom,13,15.26,26,743,27/11/2023
C002765,Nigeria,Airtel Nigeria,28,12.56,12,571,22/08/2022
C002766,Pakistan,Jazz,38,7.02,12,484,05/11/2021
C002767,Kenya,Safaricom,10,12.51,7,490,21/02/2024
C002768,Ghana,MTN Ghana,45,10.15,22,638,20/04/2021
C002769,Uganda,Airtel Uganda,41,9.25,11,592,30/07/2021
C002770,Pakistan,Telenor Pakistan,7,8.75,14,505,01/06/2024
C002771,Nigeria,MTN Nigeria,44,16.11,24,686,15/05/2021
C002772,Uganda,MTN Uganda,18,6.69,9,493,03/07/2023
C002773,Pakistan,Jazz,46,10.02,15,648,11/03/2021
C002774,Nigeria,Glo Nigeria,25,12.11,4,334,05/12/2022
C002775,Uganda,Airtel Uganda,48,11.74,15,670,29/12/2020
C002776,Kenya,Safaricom,16,7.87,5,340,29/08/2023
C002777,Ghana,MTN Ghana,43,9.1,13,637,20/06/2021
C002778,Kenya,Airtel Kenya,1,8.81,1,345,19/11/2024
C002779,Nigeria,MTN Nigeria,32,15,16,561,14/05/2022
C002780,Nigeria,Airtel Nigeria,35,19.61,24,733,10/02/2022
C002781,Nigeria,Airtel Nigeria,41,13.14,9,472,03/08/2021
C002782,Nigeria,MTN Nigeria,61,22.55,17,789,11/12/2019
C002783,Ghana,MTN Ghana,45,9.87,20,591,03/04/2021
C002784,Kenya,Safaricom,69,17.86,18,696,22/04/2019
C002785,Nigeria,MTN Nigeria,33,16.46,25,624,23/03/2022
C002786,Ghana,Telecel Ghana,26,9.96,14,584,12/11/2022
C002787,Ghana,Telecel Ghana,42,15.89,22,740,10/07/2021
C002788,Kenya,Airtel Kenya,21,14.43,19,719,05/04/2023
C002789,Pakistan,Telenor Pakistan,28,10.04,24,784,13/09/2022
C002790,Kenya,Safaricom,34,8.89,24,463,02/03/2022
C002791,Uganda,Airtel Uganda,22,10.84,17,681,12/03/2023
C002792,Nigeria,MTN Nigeria,8,13.53,15,456,18/04/2024
C002793,Uganda,MTN Uganda,34,8.91,16,596,21/02/2022
C002794,Pakistan,Jazz,7,4.78,9,321,13/05/2024
C002795,Uganda,Airtel Uganda,43,6.55,4,519,01/06/2021
C002796,Ghana,Telecel Ghana,39,10.88,24,627,12/10/2021
C002797,Ghana,MTN Ghana,40,13.73,25,794,31/08/2021
C002798,Kenya,Airtel Kenya,31,8.09,4,355,31/05/2022
C002799,Ghana,MTN Ghana,43,10.36,17,557,07/06/2021
C002800,Uganda,MTN Uganda,20,10.7,19,664,28/04/2023
C002801,Pakistan,Jazz,52,12.95,17,758,20/09/2020
C002802,Kenya,Airtel Kenya,31,15.4,9,674,22/05/2022
C002803,Nigeria,MTN Nigeria,16,14.4,18,493,15/08/2023
C002804,Ghana,MTN Ghana,58,8.43,11,524,07/03/2020
C002805,Nigeria,MTN Nigeria,36,16.77,12,576,01/01/2022
C002806,Nigeria,Airtel Nigeria,29,12.86,11,550,12/08/2022
C002807,Kenya,Airtel Kenya,47,17.03,26,718,02/02/2021
C002808,Uganda,MTN Uganda,64,10.87,21,783,02/09/2019
C002809,Nigeria,Glo Nigeria,35,20.17,23,722,13/02/2022
C002810,Nigeria,MTN Nigeria,22,17.4,11,528,03/03/2023
C002811,Nigeria,MTN Nigeria,61,19.67,18,786,02/12/2019
C002812,Pakistan,Telenor Pakistan,20,8.97,23,682,14/04/2023
C002813,Ghana,Telecel Ghana,33,8.8,10,371,04/04/2022
C002814,Nigeria,MTN Nigeria,3,13.11,8,493,25/09/2024
C002815,Nigeria,Airtel Nigeria,27,14.31,13,534,06/10/2022
C002816,Ghana,MTN Ghana,15,10.48,17,637,25/09/2023
C002817,Nigeria,Airtel Nigeria,41,21.89,28,863,11/08/2021
C002818,Ghana,Telecel Ghana,65,13.11,29,724,15/08/2019
C002819,Kenya,Airtel Kenya,43,13.08,10,495,19/06/2021
C002820,Pakistan,Telenor Pakistan,54,11.06,14,606,25/07/2020
C002821,Nigeria,Airtel Nigeria,8,14.67,11,517,06/05/2024
C002822,Ghana,MTN Ghana,10,10.11,6,470,15/02/2024
C002823,Nigeria,MTN Nigeria,22,12.69,1,361,14/02/2023
C002824,Pakistan,Jazz,53,8.7,19,677,22/08/2020
C002825,Pakistan,Zong,27,10.83,19,632,17/09/2022
C002826,Uganda,MTN Uganda,43,8.78,23,790,17/06/2021
C002827,Kenya,Airtel Kenya,29,14.15,20,724,14/08/2022
C002828,Nigeria,MTN Nigeria,52,15.81,8,495,16/09/2020
C002829,Uganda,Airtel Uganda,41,12.21,23,751,12/08/2021
C002830,Uganda,MTN Uganda,28,8.81,12,491,17/08/2022
C002831,Nigeria,Glo Nigeria,41,17.77,20,653,17/08/2021
C002832,Kenya,Safaricom,50,10.2,16,573,25/10/2020
C002833,Kenya,Safaricom,4,7.43,8,378,09/08/2024
C002834,Uganda,Airtel Uganda,43,6.25,15,465,07/06/2021
C002835,Ghana,Telecel Ghana,10,9.07,14,513,16/02/2024
C002836,Ghana,MTN Ghana,48,10.1,15,533,07/01/2021
C002837,Ghana,MTN Ghana,19,13.53,13,703,15/05/2023
C002838,Nigeria,Airtel Nigeria,26,11.82,15,496,07/11/2022
C002839,Kenya,Safaricom,62,11.66,15,624,01/11/2019
C002840,Nigeria,MTN Nigeria,68,19.39,27,872,21/05/2019
C002841,Uganda,Airtel Uganda,39,9.35,9,562,22/09/2021
C002842,Kenya,Safaricom,21,12.17,24,611,14/03/2023
C002843,Kenya,Safaricom,39,13.98,13,779,24/09/2021
C002844,Nigeria,Airtel Nigeria,48,13.8,17,504,30/12/2020
C002845,Nigeria,MTN Nigeria,37,12.99,14,525,05/12/2021
C002846,Ghana,MTN Ghana,50,10.41,8,605,03/11/2020
C002847,Nigeria,MTN Nigeria,44,21.49,27,688,15/05/2021
C002848,Nigeria,MTN Nigeria,40,17.6,22,709,11/09/2021
C002849,Uganda,MTN Uganda,25,4.41,1,314,21/11/2022
C002850,Kenya,Safaricom,42,12.04,15,630,29/06/2021
C002851,Kenya,Safaricom,45,12.47,24,748,15/04/2021
C002852,Kenya,Airtel Kenya,36,21.7,33,864,20/12/2021
C002853,Uganda,Airtel Uganda,40,7.91,9,474,30/08/2021
C002854,Kenya,Safaricom,32,10.64,1,473,18/04/2022
C002855,Uganda,MTN Uganda,41,11.34,29,775,06/08/2021
C002856,Pakistan,Telenor Pakistan,53,8.69,17,594,08/08/2020
C002857,Ghana,MTN Ghana,24,7.65,1,409,24/12/2022
C002858,Kenya,Safaricom,24,8.57,8,396,08/01/2023
C002859,Uganda,Airtel Uganda,58,11.77,22,709,20/03/2020
C002860,Kenya,Safaricom,51,15.97,17,657,26/09/2020
C002861,Kenya,Safaricom,47,13.26,16,,01/02/2021
C002862,Kenya,Safaricom,48,18.75,21,782,06/01/2021
C002863,Kenya,Safaricom,54,8.42,8,452,26/07/2020
C002864,Nigeria,MTN Nigeria,17,12.25,13,504,09/08/2023
C002865,Kenya,Safaricom,54,12.09,22,687,10/07/2020
C002866,Nigeria,MTN Nigeria,48,17.79,14,760,20/01/2021
C002867,Kenya,Safaricom,33,9.53,12,480,13/04/2022
C002868,Ghana,MTN Ghana,53,12.75,17,580,08/08/2020
C002869,Pakistan,Telenor Pakistan,25,8.05,13,519,15/11/2022
C002870,Nigeria,Airtel Nigeria,39,13.79,11,527,24/09/2021
C002871,Ghana,MTN Ghana,55,11.36,29,791,13/06/2020
C002872,Kenya,Safaricom,22,9.61,18,541,13/02/2023
C002873,Nigeria,MTN Nigeria,35,9.23,4,351,29/01/2022
C002874,Nigeria,MTN Nigeria,60,16.8,22,761,31/12/2019
C002875,Nigeria,MTN Nigeria,27,14.57,17,566,07/10/2022
C002876,Nigeria,MTN Nigeria,50,13.36,19,565,06/11/2020
C002877,Nigeria,Airtel Nigeria,32,16.16,17,708,20/04/2022
C002878,Kenya,Airtel Kenya,31,13.01,9,543,18/05/2022
C002879,Kenya,Airtel Kenya,27,15.42,16,574,19/09/2022
C002880,Nigeria,Glo Nigeria,49,13.12,12,623,19/12/2020
C002881,Nigeria,MTN Nigeria,20,15.41,3,494,24/04/2023
C002882,Nigeria,MTN Nigeria,47,17.77,12,599,19/02/2021
C002883,Kenya,Safaricom,47,14.38,18,631,10/02/2021
C002884,Kenya,Safaricom,38,16.53,26,701,18/11/2021
C002885,Kenya,Safaricom,75,15.92,18,739,13/10/2018
C002886,Nigeria,MTN Nigeria,37,24.11,21,748,25/11/2021
C002887,Nigeria,MTN Nigeria,21,15.25,19,671,10/04/2023
C002888,Pakistan,Jazz,42,8.68,10,520,24/06/2021
C002889,Nigeria,Airtel Nigeria,19,22.43,20,785,17/05/2023
C002890,Nigeria,Airtel Nigeria,59,19.95,17,607,02/02/2020
C002891,Nigeria,MTN Nigeria,47,19.14,16,715,08/02/2021
C002892,Pakistan,Zong,26,14.63,18,741,16/10/2022
C002893,Ghana,MTN Ghana,17,10.93,12,546,12/07/2023
C002894,Ghana,MTN Ghana,1,9.86,11,472,16/11/2024
C002895,Pakistan,Jazz,40,11.05,8,577,08/09/2021
C002896,Nigeria,Airtel Nigeria,23,20.8,19,692,20/01/2023
C002897,Pakistan,Telenor Pakistan,39,9.24,8,545,18/10/2021
C002898,Nigeria,MTN Nigeria,29,17.96,12,573,05/08/2022
C002899,Ghana,Telecel Ghana,43,10.76,26,777,21/06/2021
C002900,Kenya,Safaricom,45,16.3,16,615,31/03/2021
C002901,Kenya,Safaricom,37,13.09,18,500,17/12/2021
C002902,Pakistan,Telenor Pakistan,65,12.84,21,750,09/08/2019
C002903,Nigeria,Glo Nigeria,42,16.84,28,797,05/07/2021
C002904,Pakistan,Telenor Pakistan,53,11.75,28,819,12/08/2020
C002905,Kenya,Airtel Kenya,21,10.48,12,528,25/03/2023
C002906,Ghana,MTN Ghana,47,11.17,14,702,20/02/2021
C002907,Pakistan,Telenor Pakistan,37,13.24,22,763,24/11/2021
C002908,Nigeria,Airtel Nigeria,43,24.12,20,766,14/06/2021
C002909,Pakistan,Telenor Pakistan,35,11.75,16,663,22/01/2022
C002910,Ghana,MTN Ghana,28,8.04,9,439,19/08/2022
C002911,Uganda,Airtel Uganda,41,11.76,12,663,04/08/2021
C002912,Nigeria,MTN Nigeria,37,17.26,9,523,01/12/2021
C002913,Kenya,Safaricom,24,11.85,6,476,16/12/2022
C002914,Ghana,Telecel Ghana,43,13.47,23,799,09/06/2021
C002915,Kenya,Airtel Kenya,31,12.27,8,497,05/06/2022
C002916,Nigeria,Glo Nigeria,34,19.02,19,742,18/02/2022
C002917,Nigeria,Glo Nigeria,47,14.34,17,626,09/02/2021
C002918,Pakistan,Jazz,43,12.58,20,740,11/06/2021
C002919,Nigeria,Glo Nigeria,32,15.77,12,510,17/05/2022
C002920,Uganda,MTN Uganda,40,8.22,11,,10/09/2021
C002921,Pakistan,Telenor Pakistan,59,11.73,12,587,20/02/2020
C002922,Nigeria,MTN Nigeria,57,24.66,32,793,04/04/2020
C002923,Nigeria,Airtel Nigeria,33,15.79,10,543,02/04/2022
C002924,Ghana,MTN Ghana,18,7.47,3,500,01/07/2023
C002925,Nigeria,Airtel Nigeria,64,16.3,25,796,02/09/2019
C002926,Ghana,MTN Ghana,13,7.76,3,362,25/11/2023
C002927,Ghana,MTN Ghana,14,12.84,17,609,27/10/2023
C002928,Ghana,MTN Ghana,20,8.47,8,438,21/04/2023
C002929,Kenya,Safaricom,22,7.23,9,395,06/03/2023
C002930,Ghana,Telecel Ghana,29,10.01,18,665,03/08/2022
C002931,Ghana,MTN Ghana,35,9.67,15,612,26/01/2022
C002932,Nigeria,Airtel Nigeria,36,17.84,21,612,08/01/2022
C002933,Ghana,MTN Ghana,32,10.37,5,563,05/05/2022
C002934,Pakistan,Jazz,70,10.31,18,797,03/04/2019
C002935,Ghana,Telecel Ghana,34,14.56,22,824,23/02/2022
C002936,Kenya,Safaricom,59,13.34,5,500,02/02/2020
C002937,Kenya,Safaricom,33,12.26,12,568,28/03/2022
C002938,Nigeria,MTN Nigeria,48,14.7,15,647,07/01/2021
C002939,Nigeria,MTN Nigeria,49,20.58,25,740,27/11/2020
C002940,Nigeria,Airtel Nigeria,15,21.77,18,665,14/09/2023
C002941,Pakistan,Jazz,23,8.46,16,630,28/01/2023
C002942,Nigeria,MTN Nigeria,26,13.24,13,570,26/10/2022
C002943,Uganda,Airtel Uganda,47,8.49,9,553,24/01/2021
C002944,Nigeria,MTN Nigeria,25,17.94,24,722,07/12/2022
C002945,Nigeria,Airtel Nigeria,28,21.31,23,659,22/08/2022
C002946,Kenya,Safaricom,44,16.11,14,674,12/05/2021
C002947,Kenya,Airtel Kenya,34,9.2,17,485,16/03/2022
C002948,Uganda,MTN Uganda,45,10.84,14,631,10/04/2021
C002949,Pakistan,Jazz,11,8.7,7,475,22/01/2024
C002950,Pakistan,Zong,27,12.55,25,788,22/09/2022
C002951,Nigeria,Airtel Nigeria,52,16.6,22,695,20/09/2020
C002952,Uganda,Airtel Uganda,52,8.45,12,526,08/09/2020
C002953,Nigeria,Glo Nigeria,20,15.74,8,460,23/04/2023
C002954,Pakistan,Jazz,20,7.92,21,616,23/04/2023
C002955,Kenya,Airtel Kenya,45,15.98,21,799,29/03/2021
C002956,Kenya,Safaricom,41,15.63,15,585,29/07/2021
C002957,Nigeria,MTN Nigeria,26,13.76,19,517,31/10/2022
C002958,Nigeria,MTN Nigeria,64,14.56,14,691,22/09/2019
C002959,Nigeria,MTN Nigeria,72,18.72,25,878,07/01/2019
C002960,Pakistan,Zong,52,13.31,26,761,29/08/2020
C002961,Uganda,MTN Uganda,1,8.29,13,501,29/11/2024
C002962,Pakistan,Jazz,33,9.13,23,689,04/04/2022
C002963,Nigeria,Airtel Nigeria,39,17.19,16,740,27/09/2021
C002964,Ghana,Telecel Ghana,40,14.44,25,790,31/08/2021
C002965,Nigeria,MTN Nigeria,40,18.39,15,615,24/08/2021
C002966,Kenya,Airtel Kenya,53,13.85,32,776,19/08/2020
C002967,Kenya,Safaricom,18,14.57,22,687,13/06/2023
C002968,Nigeria,Airtel Nigeria,41,14.74,11,506,13/08/2021
C002969,Ghana,MTN Ghana,16,5.52,6,346,07/09/2023
C002970,Nigeria,MTN Nigeria,38,13.52,14,559,27/10/2021
C002971,Kenya,Safaricom,33,11.81,11,421,21/03/2022
C002972,Ghana,MTN Ghana,28,13.84,14,644,04/09/2022
C002973,Nigeria,MTN Nigeria,65,17.89,26,727,27/08/2019
C002974,Pakistan,Jazz,49,14.79,18,788,27/11/2020
C002975,Kenya,Airtel Kenya,46,10.81,10,438,21/03/2021
C002976,Uganda,Airtel Uganda,9,8.26,5,433,18/03/2024
C002977,Ghana,Telecel Ghana,61,14.26,17,641,26/12/2019
C002978,Uganda,Airtel Uganda,30,10.6,23,697,27/06/2022
C002979,Uganda,Airtel Uganda,69,7.92,6,538,30/04/2019
C002980,Pakistan,Jazz,31,9.54,19,711,05/06/2022
C002981,Ghana,MTN Ghana,48,10.35,8,548,09/01/2021
C002982,Nigeria,Glo Nigeria,13,10.84,5,382,11/11/2023
C002983,Nigeria,Glo Nigeria,62,22.53,18,792,08/11/2019
C002984,Ghana,Telecel Ghana,41,9.68,19,664,23/07/2021
C002985,Nigeria,Airtel Nigeria,23,20.46,16,647,26/01/2023
C002986,Nigeria,MTN Nigeria,1,20.22,18,600,25/11/2024
C002987,Nigeria,Glo Nigeria,82,16.37,25,704,27/03/2018
C002988,Kenya,Airtel Kenya,16,8.88,5,342,25/08/2023
C002989,Nigeria,Airtel Nigeria,1,20.35,21,653,16/11/2024
C002990,Ghana,Telecel Ghana,35,10.28,18,536,20/01/2022
C002991,Uganda,Airtel Uganda,42,9.9,10,551,25/06/2021
C002992,Uganda,Airtel Uganda,24,8.64,20,582,09/01/2023
C002993,Kenya,Safaricom,29,12.64,17,651,23/07/2022
C002994,Kenya,Airtel Kenya,26,10.8,7,479,05/11/2022
C002995,Ghana,MTN Ghana,63,12.76,21,715,13/10/2019
C002996,Kenya,Safaricom,35,11.06,14,563,19/01/2022
C002997,Ghana,MTN Ghana,71,15.47,17,764,06/02/2019
C002998,Nigeria,MTN Nigeria,56,18.46,13,640,13/05/2020
C002999,Pakistan,Jazz,47,11.78,30,786,20/02/2021
C003000,Nigeria,Glo Nigeria,12,15.88,17,598,10/12/2023
C003001,Uganda,Airtel Uganda,30,7.94,20,571,19/06/2022
C003002,Ghana,Telecel Ghana,58,13.52,21,780,17/03/2020
C003003,Nigeria,MTN Nigeria,53,21.52,21,799,21/08/2020
C003004,Uganda,MTN Uganda,46,8.17,9,605,08/03/2021
C003005,Nigeria,Airtel Nigeria,55,21.22,23,680,02/06/2020
C003006,Uganda,Airtel Uganda,49,11.61,20,665,10/12/2020
C003007,Ghana,MTN Ghana,39,12.53,17,687,19/10/2021
C003008,Nigeria,Airtel Nigeria,45,18.57,13,614,09/04/2021
C003009,Nigeria,Airtel Nigeria,78,23.09,25,711,22/07/2018
C003010,Uganda,Airtel Uganda,11,7.19,13,569,10/01/2024
C003011,Nigeria,Glo Nigeria,49,15.4,18,665,29/11/2020
C003012,Pakistan,Telenor Pakistan,70,8.81,16,680,14/03/2019
C003013,Uganda,Airtel Uganda,38,11.59,24,846,06/11/2021
C003014,Ghana,MTN Ghana,40,8.07,12,457,22/08/2021
C003015,Nigeria,MTN Nigeria,42,13.56,4,458,15/07/2021
C003016,Uganda,MTN Uganda,7,7.51,12,510,27/05/2024
C003017,Pakistan,Telenor Pakistan,54,9.52,23,688,01/07/2020
C003018,Nigeria,Airtel Nigeria,33,15.93,16,611,19/03/2022
C003019,Kenya,Safaricom,39,10.97,22,648,25/09/2021
C003020,Nigeria,Airtel Nigeria,24,14.55,17,505,22/12/2022
C003021,Kenya,Safaricom,71,14.97,27,789,04/02/2019
C003022,Uganda,MTN Uganda,40,7.96,16,675,16/09/2021
C003023,Kenya,Airtel Kenya,28,10.21,15,581,25/08/2022
C003024,Ghana,MTN Ghana,23,10.73,13,518,30/01/2023
C003025,Kenya,Safaricom,26,10.56,11,535,27/10/2022
C003026,Nigeria,MTN Nigeria,7,13.72,7,440,29/05/2024
C003027,Nigeria,MTN Nigeria,32,20.08,15,639,03/05/2022
C003028,Pakistan,Telenor Pakistan,36,9.6,25,577,10/01/2022
C003029,Ghana,Telecel Ghana,35,7.88,10,506,28/01/2022
C003030,Kenya,Safaricom,58,14.95,22,650,01/03/2020
C003031,Uganda,Airtel Uganda,19,4.42,1,341,10/06/2023
C003032,Nigeria,MTN Nigeria,37,21.65,26,696,20/11/2021
C003033,Nigeria,Airtel Nigeria,11,15.25,9,474,18/01/2024
C003034,Nigeria,MTN Nigeria,36,14.44,13,541,17/01/2022
C003035,Pakistan,Jazz,15,5.85,1,364,22/09/2023
C003036,Uganda,Airtel Uganda,31,9.02,18,551,12/06/2022
C003037,Ghana,MTN Ghana,52,13.9,27,755,31/08/2020
C003038,Nigeria,MTN Nigeria,47,14.63,13,645,13/02/2021
C003039,Nigeria,MTN Nigeria,26,14.07,13,430,12/11/2022
C003040,Ghana,Telecel Ghana,54,13.85,21,855,01/07/2020
C003041,Kenya,Safaricom,41,20.42,27,810,04/08/2021
C003042,Pakistan,Jazz,34,12.94,18,689,28/02/2022
C003043,Uganda,Airtel Uganda,41,6.83,17,507,27/07/2021
C003044,Kenya,Safaricom,40,13.83,22,728,03/09/2021
C003045,Uganda,Airtel Uganda,39,11.87,31,890,26/09/2021
C003046,Pakistan,Jazz,62,13.2,25,713,12/11/2019
C003047,Kenya,Safaricom,19,10.37,13,566,11/06/2023
C003048,Ghana,Telecel Ghana,39,10.5,17,631,21/09/2021
C003049,Pakistan,Telenor Pakistan,64,14.68,22,863,02/09/2019
C003050,Nigeria,Airtel Nigeria,18,8.77,5,377,03/07/2023
C003051,Pakistan,Jazz,1,7.19,21,543,13/11/2024
C003052,Nigeria,Airtel Nigeria,52,21.98,24,727,21/09/2020
C003053,Ghana,Telecel Ghana,52,10.33,9,549,16/09/2020
C003054,Uganda,Airtel Uganda,44,8.47,20,554,04/05/2021
C003055,Ghana,Telecel Ghana,1,7.81,11,463,22/11/2024
C003056,Kenya,Safaricom,57,10.92,13,469,29/03/2020
C003057,Ghana,MTN Ghana,1,6.63,5,312,30/11/2024
C003058,Nigeria,MTN Nigeria,21,16.22,18,616,22/03/2023
C003059,Nigeria,Airtel Nigeria,54,22.5,11,680,08/07/2020
C003060,Nigeria,Glo Nigeria,49,14.34,23,673,27/11/2020
C003061,Ghana,Telecel Ghana,42,11.52,9,662,27/06/2021
C003062,Kenya,Safaricom,36,17.74,24,702,22/12/2021
C003063,Nigeria,MTN Nigeria,62,15.85,19,680,06/11/2019
C003064,Pakistan,Telenor Pakistan,55,16.08,29,840,20/06/2020
C003065,Kenya,Airtel Kenya,17,13.85,19,660,29/07/2023
C003066,Kenya,Safaricom,39,8.05,12,409,29/09/2021
C003067,Kenya,Safaricom,49,12.48,21,719,24/11/2020
C003068,Nigeria,MTN Nigeria,65,18.47,23,752,06/08/2019
C003069,Uganda,MTN Uganda,32,8.15,10,439,28/04/2022
C003070,Kenya,Airtel Kenya,71,15.77,23,590,01/03/2019
C003071,Nigeria,MTN Nigeria,36,18.45,20,658,05/01/2022
C003072,Pakistan,Telenor Pakistan,32,7.49,8,546,28/04/2022
C003073,Uganda,MTN Uganda,47,8.7,13,605,29/01/2021
C003074,Uganda,MTN Uganda,23,7.13,13,489,03/02/2023
C003075,Pakistan,Zong,29,5.78,11,368,01/08/2022
C003076,Pakistan,Telenor Pakistan,6,9.97,20,781,11/06/2024
C003077,Kenya,Safaricom,36,12.77,25,616,23/12/2021
C003078,Ghana,MTN Ghana,46,12.56,22,749,17/03/2021
C003079,Ghana,Telecel Ghana,44,14.22,22,723,15/05/2021
C003080,Nigeria,Glo Nigeria,47,22.41,23,899,10/02/2021
C003081,Nigeria,MTN Nigeria,56,14.23,23,684,08/05/2020
C003082,Nigeria,Airtel Nigeria,32,13.49,15,640,27/04/2022
C003083,Ghana,MTN Ghana,35,11.08,10,546,25/01/2022
C003084,Uganda,Airtel Uganda,40,10.21,16,653,03/09/2021
C003085,Uganda,MTN Uganda,51,8.39,25,694,27/09/2020
C003086,Kenya,Airtel Kenya,67,18.13,22,717,29/06/2019
C003087,Nigeria,Glo Nigeria,38,,11,585,03/11/2021
C003088,Kenya,Safaricom,44,10.09,11,539,16/05/2021
C003089,Kenya,Safaricom,50,14.32,27,743,07/11/2020
C003090,Pakistan,Jazz,39,14.56,20,738,23/09/2021
C003091,Pakistan,Jazz,39,10.34,20,663,23/09/2021
C003092,Pakistan,Jazz,35,9.24,21,645,18/01/2022
C003093,Pakistan,Jazz,45,10.07,2,602,08/04/2021
C003094,Pakistan,Zong,49,10.24,26,740,03/12/2020
C003095,Kenya,Safaricom,25,15.33,13,612,29/11/2022
C003096,Nigeria,Glo Nigeria,30,18.05,13,570,16/07/2022
C003097,Nigeria,MTN Nigeria,1,11.72,11,334,24/11/2024
C003098,Kenya,Safaricom,26,12.05,17,504,22/10/2022
C003099,Nigeria,MTN Nigeria,50,22.66,25,778,22/11/2020
C003100,Nigeria,Glo Nigeria,64,15.41,19,613,11/09/2019
C003101,Pakistan,Jazz,37,7.66,9,358,05/12/2021
C003102,Nigeria,MTN Nigeria,14,12.07,18,515,27/10/2023
C003103,Pakistan,Telenor Pakistan,37,8.44,21,574,26/11/2021
C003104,Uganda,Airtel Uganda,50,13.05,22,739,17/11/2020
C003105,Ghana,Telecel Ghana,31,13.1,12,582,09/06/2022
C003106,Ghana,MTN Ghana,47,13.69,21,766,17/02/2021
C003107,Kenya,Safaricom,40,15.34,21,712,16/09/2021
C003108,Ghana,Telecel Ghana,66,9.25,16,618,30/07/2019
C003109,Nigeria,Airtel Nigeria,43,21.86,18,760,18/06/2021
C003110,Pakistan,Telenor Pakistan,36,6.98,14,534,29/12/2021
C003111,Kenya,Safaricom,3,13.08,12,659,25/09/2024
C003112,Nigeria,MTN Nigeria,36,12.28,9,441,07/01/2022
C003113,Uganda,Airtel Uganda,38,7.51,8,402,27/10/2021
C003114,Ghana,Telecel Ghana,1,8.71,6,352,17/11/2024
C003115,Kenya,Safaricom,18,13.3,14,474,09/07/2023
C003116,Ghana,Telecel Ghana,51,14.52,23,707,09/10/2020
C003117,Nigeria,Airtel Nigeria,36,14.71,24,592,29/12/2021
C003118,Ghana,MTN Ghana,52,10.06,18,715,06/09/2020
C003119,Nigeria,MTN Nigeria,32,16.09,17,606,21/04/2022
C003120,Nigeria,Airtel Nigeria,68,16.14,19,656,16/05/2019
C003121,Nigeria,MTN Nigeria,20,15.73,13,520,18/04/2023
C003122,Kenya,Safaricom,76,12.38,10,598,20/09/2018
C003123,Kenya,Safaricom,57,16.3,12,627,08/04/2020
C003124,Kenya,Safaricom,58,14.6,21,,24/03/2020
C003125,Nigeria,Glo Nigeria,32,18.94,15,751,18/04/2022
C003126,Nigeria,MTN Nigeria,42,15.95,10,501,21/07/2021
C003127,Kenya,Safaricom,45,13.72,13,596,24/03/2021
C003128,Nigeria,Airtel Nigeria,3,14.4,14,590,16/09/2024
C003129,Ghana,Telecel Ghana,23,13.61,24,697,01/02/2023
C003130,Pakistan,Jazz,34,8.82,7,504,06/03/2022
C003131,Kenya,Safaricom,37,11.27,20,635,16/12/2021
C003132,Pakistan,Zong,36,11.19,17,702,05/01/2022
C003133,Nigeria,Airtel Nigeria,50,19.21,13,578,21/11/2020
C003134,Nigeria,Airtel Nigeria,23,14.35,18,604,30/01/2023
C003135,Uganda,MTN Uganda,25,7.82,12,547,09/12/2022
C003136,Uganda,MTN Uganda,36,9.21,17,718,14/01/2022
C003137,Uganda,Airtel Uganda,34,7.45,9,481,25/02/2022
C003138,Nigeria,MTN Nigeria,6,18.8,6,549,30/06/2024
C003139,Uganda,Airtel Uganda,20,6.86,13,499,02/05/2023
C003140,Kenya,Safaricom,21,18.24,9,733,24/03/2023
C003141,Kenya,Safaricom,44,18.96,26,764,07/05/2021
C003142,Nigeria,MTN Nigeria,29,9.92,9,374,31/07/2022
C003143,Pakistan,Jazz,43,10.35,20,546,08/06/2021
C003144,Nigeria,MTN Nigeria,34,23.56,29,709,28/02/2022
C003145,Uganda,Airtel Uganda,50,11.78,22,669,04/11/2020
C003146,Ghana,MTN Ghana,13,7.31,2,342,05/12/2023
C003147,Uganda,MTN Uganda,79,10.31,36,881,09/06/2018
C003148,Uganda,MTN Uganda,29,6.55,8,535,22/07/2022
C003149,Pakistan,Zong,1,9.8,11,678,20/11/2024
C003150,Nigeria,MTN Nigeria,44,15.78,20,537,11/05/2021
C003151,Nigeria,MTN Nigeria,43,19.48,25,772,31/05/2021
C003152,Ghana,MTN Ghana,41,14.05,13,715,02/08/2021
C003153,Kenya,Safaricom,38,14.16,8,559,25/10/2021
C003154,Nigeria,Glo Nigeria,15,14.06,18,602,26/09/2023
C003155,Nigeria,Airtel Nigeria,49,23.96,18,750,10/12/2020
C003156,Kenya,Airtel Kenya,54,12.42,18,731,12/07/2020
C003157,Nigeria,Glo Nigeria,46,15.99,26,662,15/03/2021
C003158,Nigeria,MTN Nigeria,32,20.62,27,659,24/04/2022
C003159,Pakistan,Jazz,67,10.8,24,797,09/06/2019
C003160,Kenya,Safaricom,2,7.54,5,360,30/10/2024
C003161,Pakistan,Jazz,12,9.01,12,418,05/01/2024
C003162,Pakistan,Telenor Pakistan,28,10.58,10,524,12/09/2022
C003163,Nigeria,MTN Nigeria,56,24.4,15,799,18/05/2020
C003164,Uganda,MTN Uganda,25,6.68,1,528,10/12/2022
C003165,Ghana,MTN Ghana,45,8.06,10,479,05/04/2021
C003166,Ghana,Telecel Ghana,37,8.99,17,553,19/11/2021
C003167,Nigeria,Airtel Nigeria,33,13.02,13,547,27/03/2022
C003168,Nigeria,Glo Nigeria,45,21.92,21,658,26/03/2021
C003169,Nigeria,MTN Nigeria,53,15.34,22,672,21/08/2020
C003170,Ghana,MTN Ghana,34,11.09,18,530,25/02/2022
C003171,Pakistan,Zong,31,10.85,28,874,26/05/2022
C003172,Ghana,Telecel Ghana,46,10.05,13,525,10/03/2021
C003173,Uganda,Airtel Uganda,53,8.95,23,793,03/08/2020
C003174,Pakistan,Telenor Pakistan,53,8.83,18,687,23/08/2020
C003175,Ghana,MTN Ghana,21,8.09,5,489,25/03/2023
C003176,Nigeria,Glo Nigeria,1,15.74,14,454,08/11/2024
C003177,Pakistan,Telenor Pakistan,1,9.93,12,557,21/11/2024
C003178,Kenya,Safaricom,23,14.55,14,618,06/02/2023
C003179,Nigeria,MTN Nigeria,38,13.54,11,534,18/11/2021
C003180,Kenya,Safaricom,78,20.6,22,885,29/07/2018
C003181,Pakistan,Jazz,41,10.95,16,611,27/07/2021
C003182,Nigeria,Airtel Nigeria,31,,23,731,22/05/2022
C003183,Kenya,Safaricom,16,12.35,9,501,22/08/2023
C003184,Nigeria,MTN Nigeria,51,17.57,17,533,17/10/2020
C003185,Nigeria,MTN Nigeria,20,21.49,16,646,05/05/2023
C003186,Nigeria,Glo Nigeria,57,16.5,4,465,02/04/2020
C003187,Uganda,MTN Uganda,55,7.36,16,487,09/06/2020
C003188,Pakistan,Jazz,51,5.32,7,383,01/10/2020
C003189,Nigeria,Airtel Nigeria,24,9.9,10,381,01/01/2023
C003190,Nigeria,Airtel Nigeria,46,17.85,27,783,26/02/2021
C003191,Nigeria,Airtel Nigeria,37,13.75,9,543,04/12/2021
C003192,Nigeria,Glo Nigeria,67,20.09,22,811,12/06/2019
C003193,Ghana,MTN Ghana,16,9.75,14,473,15/08/2023
C003194,Ghana,Telecel Ghana,20,11.3,23,609,02/05/2023
C003195,Ghana,Telecel Ghana,31,11.73,16,595,24/05/2022
C003196,Kenya,Safaricom,25,16.48,13,612,24/11/2022
C003197,Ghana,Telecel Ghana,63,9.96,27,705,16/10/2019
C003198,Nigeria,MTN Nigeria,35,14.67,17,708,23/01/2022
C003199,Nigeria,MTN Nigeria,24,13.41,10,426,30/12/2022
C003200,Pakistan,Jazz,48,9.65,12,566,31/12/2020
C003201,Uganda,MTN Uganda,70,11.03,24,783,01/04/2019
C003202,Pakistan,Zong,19,7.39,1,346,17/05/2023
C003203,Pakistan,Jazz,42,8.28,14,597,23/06/2021
C003204,Ghana,MTN Ghana,10,9.15,7,461,07/02/2024
C003205,Pakistan,Jazz,48,11.16,16,553,28/12/2020
C003206,Kenya,Safaricom,55,12.96,16,604,06/06/2020
C003207,Nigeria,MTN Nigeria,14,19.01,22,675,17/10/2023
C003208,Nigeria,MTN Nigeria,78,16.76,20,792,10/07/2018
C003209,Nigeria,Airtel Nigeria,22,14.47,13,560,20/02/2023
C003210,Nigeria,Glo Nigeria,53,14.85,22,704,17/08/2020
C003211,Kenya,Safaricom,47,15.97,24,717,17/02/2021
C003212,Uganda,Airtel Uganda,40,10.05,12,665,21/08/2021
C003213,Uganda,Airtel Uganda,31,10.44,16,582,12/06/2022
C003214,Ghana,Telecel Ghana,20,11.5,12,585,15/04/2023
C003215,Nigeria,MTN Nigeria,59,16.03,27,789,30/01/2020
C003216,Uganda,MTN Uganda,27,9.31,20,538,13/10/2022
C003217,Kenya,Airtel Kenya,30,15.06,12,767,22/06/2022
C003218,Nigeria,Airtel Nigeria,18,17.57,12,575,24/06/2023
C003219,Nigeria,MTN Nigeria,17,14.85,17,608,30/07/2023
C003220,Kenya,Airtel Kenya,27,14.57,15,586,29/09/2022
C003221,Nigeria,MTN Nigeria,47,21.35,21,651,09/02/2021
C003222,Uganda,Airtel Uganda,31,7.73,19,667,23/05/2022
C003223,Uganda,MTN Uganda,48,8.65,12,572,10/01/2021
C003224,Ghana,Telecel Ghana,29,10.27,9,540,12/08/2022
C003225,Nigeria,MTN Nigeria,33,15.28,12,620,06/04/2022
C003226,Uganda,MTN Uganda,42,8.96,15,669,06/07/2021
C003227,Ghana,Telecel Ghana,54,11.25,12,559,13/07/2020
C003228,Nigeria,MTN Nigeria,16,15.01,17,605,25/08/2023
C003229,Ghana,Telecel Ghana,49,6.75,9,452,24/11/2020
C003230,Kenya,Safaricom,64,18.59,20,772,19/09/2019
C003231,Kenya,Safaricom,33,13.28,10,563,24/03/2022
C003232,Nigeria,MTN Nigeria,54,14.59,13,601,27/06/2020
C003233,Kenya,Airtel Kenya,37,17.68,16,667,24/11/2021
C003234,Nigeria,Airtel Nigeria,45,21.45,15,663,06/04/2021
C003235,Nigeria,Glo Nigeria,41,24.93,25,764,22/07/2021
C003236,Nigeria,MTN Nigeria,44,14.73,18,520,10/05/2021
C003237,Pakistan,Zong,19,7.62,7,515,03/06/2023
C003238,Nigeria,MTN Nigeria,39,14.91,22,647,24/09/2021
C003239,Kenya,Safaricom,37,13.44,14,486,21/11/2021
C003240,Kenya,Safaricom,40,12.42,10,454,15/09/2021
C003241,Pakistan,Jazz,15,9.4,17,495,30/09/2023
C003242,Ghana,Telecel Ghana,44,10.42,13,558,14/05/2021
C003243,Pakistan,Zong,41,12.68,27,847,27/07/2021
C003244,Nigeria,MTN Nigeria,1,15.47,12,497,24/11/2024
C003245,Nigeria,Glo Nigeria,14,10.3,10,469,20/10/2023
C003246,Ghana,MTN Ghana,63,14,25,779,02/10/2019
C003247,Kenya,Safaricom,57,19.91,27,871,31/03/2020
C003248,Uganda,MTN Uganda,20,8.56,13,506,16/04/2023
C003249,Pakistan,Jazz,52,12.36,21,793,09/09/2020
C003250,Kenya,Safaricom,27,12.22,8,479,26/09/2022
C003251,Pakistan,Jazz,55,9.47,18,727,05/06/2020
C003252,Ghana,MTN Ghana,1,5.88,3,328,23/11/2024
C003253,Nigeria,Airtel Nigeria,37,14.37,21,632,03/12/2021
C003254,Kenya,Airtel Kenya,28,9.97,8,471,31/08/2022
C003255,Nigeria,Airtel Nigeria,30,19.4,26,787,22/06/2022
C003256,Uganda,MTN Uganda,1,5.28,6,346,15/11/2024
C003257,Nigeria,Airtel Nigeria,32,16.83,15,624,04/05/2022
C003258,Kenya,Safaricom,39,13.38,22,630,03/10/2021
C003259,Ghana,Telecel Ghana,16,6.99,8,346,04/09/2023
C003260,Nigeria,Airtel Nigeria,42,23.13,23,774,14/07/2021
C003261,Nigeria,MTN Nigeria,31,14.78,17,654,23/05/2022
C003262,Ghana,MTN Ghana,24,9.16,13,526,09/01/2023
C003263,Nigeria,Airtel Nigeria,33,11,6,511,28/03/2022
C003264,Kenya,Airtel Kenya,56,10.55,13,620,30/04/2020
C003265,Kenya,Safaricom,1,11.82,13,495,12/11/2024
C003266,Nigeria,Glo Nigeria,50,21.11,12,658,04/11/2020
C003267,Nigeria,Glo Nigeria,35,15.16,13,607,26/01/2022
C003268,Uganda,MTN Uganda,45,8.6,15,616,18/04/2021
C003269,Pakistan,Telenor Pakistan,52,8.25,26,575,20/09/2020
C003270,Nigeria,MTN Nigeria,38,17.02,25,768,20/10/2021
C003271,Pakistan,Telenor Pakistan,47,11.1,18,562,09/02/2021
C003272,Ghana,MTN Ghana,25,13.02,16,699,01/12/2022
C003273,Ghana,Telecel Ghana,47,14.09,22,715,17/02/2021
C003274,Uganda,Airtel Uganda,23,8.77,4,489,21/01/2023
C003275,Uganda,MTN Uganda,36,9.01,14,586,16/01/2022
C003276,Uganda,MTN Uganda,32,,23,,12/05/2022
C003277,Kenya,Safaricom,42,14.55,10,599,15/07/2021
C003278,Kenya,Safaricom,82,20.54,28,872,12/03/2018
C003279,Kenya,Airtel Kenya,20,12.27,16,577,14/04/2023
C003280,Nigeria,MTN Nigeria,38,17.21,13,590,16/11/2021
C003281,Ghana,MTN Ghana,46,10.41,11,566,19/03/2021
C003282,Nigeria,Airtel Nigeria,12,9.79,2,350,10/12/2023
C003283,Nigeria,MTN Nigeria,80,25.41,26,894,19/05/2018
C003284,Nigeria,MTN Nigeria,21,12.24,10,489,22/03/2023
C003285,Nigeria,MTN Nigeria,56,21.21,29,878,10/05/2020
C003286,Ghana,MTN Ghana,23,10.83,14,620,05/02/2023
C003287,Ghana,MTN Ghana,50,,28,746,02/11/2020
C003288,Kenya,Airtel Kenya,59,21.69,34,883,22/02/2020
C003289,Nigeria,MTN Nigeria,42,16.32,15,555,21/07/2021
C003290,Kenya,Safaricom,49,20.66,26,887,28/11/2020
C003291,Kenya,Safaricom,38,14.46,20,749,07/11/2021
C003292,Uganda,Airtel Uganda,43,9.23,17,603,20/06/2021
C003293,Ghana,MTN Ghana,64,10.04,21,686,17/09/2019
C003294,Kenya,Safaricom,36,10.86,10,485,14/01/2022
C003295,Kenya,Safaricom,51,11.27,8,447,10/10/2020
C003296,Pakistan,Jazz,40,7.74,15,544,30/08/2021
C003297,Uganda,Airtel Uganda,43,10.37,15,591,11/06/2021
C003298,Kenya,Safaricom,37,10.62,8,485,16/12/2021
C003299,Kenya,Safaricom,64,15.78,19,672,04/09/2019
C003300,Nigeria,MTN Nigeria,53,15.83,12,580,09/08/2020
C003301,Pakistan,Telenor Pakistan,25,11.96,15,660,13/12/2022
C003302,Kenya,Safaricom,57,16,20,714,10/04/2020
C003303,Nigeria,MTN Nigeria,58,17.85,22,821,01/03/2020
C003304,Pakistan,Telenor Pakistan,45,14.5,19,751,22/04/2021
C003305,Uganda,Airtel Uganda,14,10.33,22,662,16/10/2023
C003306,Nigeria,MTN Nigeria,7,14.55,11,524,25/05/2024
C003307,Nigeria,Airtel Nigeria,43,22.05,30,761,31/05/2021
C003308,Nigeria,Airtel Nigeria,4,12.1,13,478,03/09/2024
C003309,Ghana,MTN Ghana,22,10.52,8,492,14/02/2023
C003310,Nigeria,Glo Nigeria,46,15.57,20,588,22/02/2021
C003311,Pakistan,Zong,27,11.23,12,592,28/09/2022
C003312,Pakistan,Jazz,37,8.84,23,599,12/12/2021
C003313,Kenya,Safaricom,3,10.54,8,390,29/09/2024
C003314,Ghana,MTN Ghana,50,15.45,23,722,03/11/2020
C003315,Nigeria,MTN Nigeria,32,16.11,10,455,24/04/2022
C003316,Nigeria,MTN Nigeria,8,16.58,13,520,16/04/2024
C003317,Uganda,Airtel Uganda,21,9.04,13,554,29/03/2023
C003318,Nigeria,Glo Nigeria,25,18.98,16,696,20/11/2022
C003319,Nigeria,MTN Nigeria,55,16.04,23,736,04/06/2020
C003320,Kenya,Safaricom,15,7.79,7,301,29/09/2023
C003321,Nigeria,MTN Nigeria,30,15.55,8,539,23/06/2022
C003322,Kenya,Safaricom,17,7.34,13,390,05/08/2023
C003323,Uganda,MTN Uganda,55,12.12,25,782,02/06/2020
C003324,Uganda,Airtel Uganda,61,9.91,24,844,14/12/2019
C003325,Ghana,Telecel Ghana,29,11.6,14,604,24/07/2022
C003326,Uganda,MTN Uganda,30,9.31,25,649,26/06/2022
C003327,Kenya,Safaricom,46,18.73,25,741,21/03/2021
C003328,Uganda,Airtel Uganda,26,6.66,16,506,22/10/2022
C003329,Kenya,Airtel Kenya,46,7.05,4,342,28/02/2021
C003330,Nigeria,MTN Nigeria,30,16.96,18,601,15/07/2022
C003331,Pakistan,Jazz,29,7.77,11,459,09/08/2022
C003332,Nigeria,Airtel Nigeria,48,15.2,18,667,31/12/2020
C003333,Nigeria,MTN Nigeria,57,17.51,16,603,17/04/2020
C003334,Nigeria,Airtel Nigeria,32,22.44,24,696,14/05/2022
C003335,Kenya,Safaricom,55,14.53,21,590,01/06/2020
C003336,Kenya,Safaricom,36,11.76,15,622,02/01/2022
C003337,Kenya,Airtel Kenya,64,9.61,5,481,19/09/2019
C003338,Pakistan,Jazz,55,12.67,29,770,10/06/2020
C003339,Nigeria,MTN Nigeria,32,22.57,30,781,06/05/2022
C003340,Kenya,Safaricom,15,10.98,8,373,06/10/2023
C003341,Kenya,Safaricom,47,9.01,18,487,05/02/2021
C003342,Uganda,Airtel Uganda,22,6.59,9,412,13/02/2023
C003343,Nigeria,Airtel Nigeria,13,12.49,1,329,10/11/2023
C003344,Nigeria,MTN Nigeria,30,9.43,2,390,27/06/2022
C003345,Kenya,Airtel Kenya,25,,7,524,09/12/2022
C003346,Ghana,MTN Ghana,43,12.81,21,728,15/06/2021
C003347,Uganda,Airtel Uganda,35,12.04,21,766,07/02/2022
C003348,Ghana,MTN Ghana,76,13.28,20,774,04/10/2018
C003349,Uganda,MTN Uganda,15,9.78,14,568,05/10/2023
C003350,Kenya,Safaricom,49,18.81,24,733,30/11/2020
C003351,Nigeria,Glo Nigeria,54,16.71,19,741,14/07/2020
C003352,Nigeria,Glo Nigeria,50,23.18,20,778,29/10/2020
C003353,Nigeria,Airtel Nigeria,30,15.63,20,757,15/07/2022
C003354,Kenya,Safaricom,33,14.29,25,746,15/04/2022
C003355,Kenya,Safaricom,54,16.14,21,733,06/07/2020
C003356,Kenya,Airtel Kenya,20,12.93,15,552,05/05/2023
C003357,Ghana,Telecel Ghana,1,8.15,16,453,26/11/2024
C003358,Kenya,Safaricom,21,7.34,16,336,24/03/2023
C003359,Ghana,Telecel Ghana,20,8.88,17,568,15/04/2023
C003360,Ghana,MTN Ghana,23,5.77,6,318,30/01/2023
C003361,Kenya,Safaricom,26,9.51,7,511,22/10/2022
C003362,Kenya,Airtel Kenya,16,8.22,8,391,30/08/2023
C003363,Ghana,MTN Ghana,33,11.95,14,558,23/03/2022
C003364,Ghana,MTN Ghana,40,13.59,30,860,07/09/2021
C003365,Kenya,Safaricom,21,15.19,13,573,08/04/2023
C003366,Kenya,Airtel Kenya,23,9.76,12,488,27/01/2023
C003367,Ghana,MTN Ghana,27,12.52,22,698,06/10/2022
C003368,Ghana,Telecel Ghana,49,9.66,24,629,18/12/2020
C003369,Nigeria,MTN Nigeria,28,11.93,20,556,09/09/2022
C003370,Kenya,Safaricom,14,14.08,21,603,28/10/2023
C003371,Pakistan,Jazz,12,6.55,10,401,07/01/2024
C003372,Nigeria,MTN Nigeria,36,14.97,13,584,15/01/2022
C003373,Pakistan,Jazz,17,7.39,12,445,24/07/2023
C003374,Nigeria,MTN Nigeria,43,19.1,13,614,21/06/2021
C003375,Kenya,Safaricom,53,14.45,19,703,02/08/2020
C003376,Kenya,Safaricom,84,12.98,29,755,09/01/2018
C003377,Nigeria,Airtel Nigeria,47,13.06,14,518,16/02/2021
C003378,Pakistan,Zong,23,12.43,22,746,10/02/2023
C003379,Kenya,Safaricom,46,20.84,25,793,17/03/2021
C003380,Pakistan,Jazz,47,10.47,23,790,20/02/2021
C003381,Nigeria,MTN Nigeria,34,12.23,1,465,10/03/2022
C003382,Pakistan,Telenor Pakistan,19,9.33,9,563,16/05/2023
C003383,Pakistan,Jazz,19,10,13,482,18/05/2023
C003384,Ghana,MTN Ghana,1,6.29,3,391,03/11/2024
C003385,Nigeria,MTN Nigeria,30,19.96,17,641,22/06/2022
C003386,Ghana,MTN Ghana,27,12.04,10,591,19/09/2022
C003387,Kenya,Airtel Kenya,27,11.07,10,545,27/09/2022
C003388,Pakistan,Telenor Pakistan,29,13.31,21,731,11/08/2022
C003389,Kenya,Safaricom,56,15.09,22,671,04/05/2020
C003390,Nigeria,Airtel Nigeria,66,19.59,32,883,13/07/2019
C003391,Nigeria,Airtel Nigeria,23,17.21,17,711,14/01/2023
C003392,Ghana,MTN Ghana,46,11.92,22,724,03/03/2021
C003393,Pakistan,Jazz,22,10.67,15,722,25/02/2023
C003394,Nigeria,Airtel Nigeria,51,16.95,13,542,01/10/2020
C003395,Uganda,MTN Uganda,40,6.14,9,353,31/08/2021
C003396,Pakistan,Telenor Pakistan,50,14.44,23,784,20/11/2020
C003397,Nigeria,MTN Nigeria,15,14.2,17,498,21/09/2023
C003398,Nigeria,Airtel Nigeria,28,15.78,20,619,03/09/2022
C003399,Ghana,Telecel Ghana,36,9.83,20,686,13/01/2022
C003400,Ghana,Telecel Ghana,26,10.68,10,495,05/11/2022
C003401,Nigeria,MTN Nigeria,51,11.78,10,525,29/09/2020
C003402,Uganda,MTN Uganda,51,8.15,10,614,05/10/2020
C003403,Kenya,Safaricom,48,13.6,9,566,21/01/2021
C003404,Pakistan,Zong,35,10.52,18,559,06/02/2022
C003405,Pakistan,Zong,1,4.85,10,331,12/11/2024
C003406,Uganda,Airtel Uganda,29,10.05,14,659,31/07/2022
C003407,Kenya,Safaricom,28,9.19,11,488,22/08/2022
C003408,Nigeria,Airtel Nigeria,20,19.07,10,619,24/04/2023
C003409,Kenya,Airtel Kenya,29,11.76,6,461,14/08/2022
C003410,Nigeria,Airtel Nigeria,41,16.19,13,513,26/07/2021
C003411,Ghana,Telecel Ghana,59,10.99,21,781,10/02/2020
C003412,Nigeria,MTN Nigeria,37,14.89,4,513,21/11/2021
C003413,Kenya,Safaricom,24,14.88,31,798,06/01/2023
C003414,Nigeria,MTN Nigeria,44,13.04,9,453,02/05/2021
C003415,Nigeria,MTN Nigeria,1,16.11,5,453,02/12/2024
C003416,Nigeria,Airtel Nigeria,26,11.43,12,501,09/11/2022
C003417,Ghana,Telecel Ghana,55,13.61,20,727,31/05/2020
C003418,Uganda,Airtel Uganda,46,7.97,19,653,25/02/2021
C003419,Nigeria,MTN Nigeria,11,,11,530,09/01/2024
C003420,Pakistan,Jazz,17,9.53,15,566,04/08/2023
C003421,Pakistan,Jazz,47,10.94,23,688,26/01/2021
C003422,Kenya,Airtel Kenya,52,16.21,15,704,23/09/2020
C003423,Ghana,Telecel Ghana,41,18.71,24,869,08/08/2021
C003424,Kenya,Airtel Kenya,43,15.33,19,608,08/06/2021
C003425,Nigeria,MTN Nigeria,17,21.59,15,650,18/07/2023
C003426,Kenya,Safaricom,43,10.73,14,566,01/06/2021
C003427,Nigeria,Airtel Nigeria,46,29,26,894,13/03/2021
C003428,Pakistan,Jazz,44,10.17,18,691,18/05/2021
C003429,Pakistan,Zong,27,6.64,9,502,04/10/2022
C003430,Uganda,Airtel Uganda,73,11.62,21,851,26/12/2018
C003431,Ghana,MTN Ghana,61,13.35,28,864,09/12/2019
C003432,Ghana,MTN Ghana,30,13.06,21,637,14/07/2022
C003433,Pakistan,Zong,44,8.34,16,632,10/05/2021
C003434,Nigeria,Airtel Nigeria,71,17.86,21,639,14/02/2019
C003435,Nigeria,Airtel Nigeria,62,18.83,21,786,10/11/2019
C003436,Ghana,Telecel Ghana,38,10.05,15,642,28/10/2021
C003437,Kenya,Safaricom,22,15.15,16,580,05/03/2023
C003438,Kenya,Airtel Kenya,34,14.98,21,687,03/03/2022
C003439,Nigeria,Glo Nigeria,45,14.79,14,583,20/04/2021
C003440,Ghana,MTN Ghana,12,9.98,13,467,25/12/2023
C003441,Nigeria,Airtel Nigeria,52,24.84,19,800,26/08/2020
C003442,Nigeria,MTN Nigeria,47,13.14,9,472,27/01/2021
C003443,Nigeria,MTN Nigeria,36,13.35,18,566,30/12/2021
C003444,Kenya,Safaricom,32,20.01,26,757,05/05/2022
C003445,Pakistan,Zong,75,10.23,22,674,08/10/2018
C003446,Kenya,Safaricom,51,9.05,14,457,11/10/2020
C003447,Ghana,MTN Ghana,56,10.86,20,750,05/05/2020
C003448,Uganda,Airtel Uganda,44,5.77,3,458,05/05/2021
C003449,Kenya,Safaricom,43,19.29,20,743,21/06/2021
C003450,Uganda,Airtel Uganda,27,6.91,8,352,23/09/2022
C003451,Ghana,Telecel Ghana,27,10.61,17,571,18/09/2022
C003452,Ghana,MTN Ghana,23,13.58,17,690,19/01/2023
C003453,Nigeria,MTN Nigeria,79,20.42,14,646,19/06/2018
C003454,Nigeria,Glo Nigeria,21,18.86,15,677,11/04/2023
C003455,Pakistan,Jazz,36,9.81,11,541,17/01/2022
C003456,Uganda,MTN Uganda,47,12.17,12,690,27/01/2021
C003457,Pakistan,Zong,38,7.48,10,525,04/11/2021
C003458,Pakistan,Zong,45,9.75,21,731,09/04/2021
C003459,Nigeria,Airtel Nigeria,41,20.52,18,675,01/08/2021
C003460,Uganda,Airtel Uganda,40,10.07,15,629,23/08/2021
C003461,Kenya,Airtel Kenya,22,7.09,2,341,28/02/2023
C003462,Uganda,Airtel Uganda,37,8.08,14,608,02/12/2021
C003463,Nigeria,Airtel Nigeria,35,17.89,13,596,31/01/2022
C003464,Nigeria,Airtel Nigeria,8,14.07,14,497,22/04/2024
C003465,Uganda,Airtel Uganda,72,11.47,18,667,14/01/2019
C003466,Uganda,MTN Uganda,26,6.92,19,373,08/11/2022
C003467,Ghana,MTN Ghana,29,9.05,9,478,04/08/2022
C003468,Kenya,Safaricom,35,16.53,22,710,02/02/2022
C003469,Kenya,Safaricom,16,12.84,12,536,25/08/2023
C003470,Pakistan,Jazz,40,6.76,10,492,05/09/2021
C003471,Kenya,Safaricom,35,13.07,22,617,04/02/2022
C003472,Kenya,Airtel Kenya,59,16.1,27,777,01/02/2020
C003473,Ghana,MTN Ghana,2,9.87,1,427,09/10/2024
C003474,Kenya,Safaricom,51,13.47,7,502,28/09/2020
C003475,Ghana,MTN Ghana,53,9.26,17,645,08/08/2020
C003476,Kenya,Safaricom,34,15.12,13,587,04/03/2022
C003477,Uganda,Airtel Uganda,50,10.48,13,690,11/11/2020
C003478,Pakistan,Jazz,50,8.03,17,636,28/10/2020
C003479,Pakistan,Jazz,30,11.66,15,772,27/06/2022
C003480,Ghana,Telecel Ghana,70,15.15,21,712,09/03/2019
C003481,Kenya,Safaricom,47,13.15,20,646,27/01/2021
C003482,Uganda,MTN Uganda,16,8.03,14,488,12/08/2023
C003483,Uganda,Airtel Uganda,11,7.74,11,496,21/01/2024
C003484,Ghana,MTN Ghana,44,10.17,18,519,12/05/2021
C003485,Ghana,Telecel Ghana,45,12.02,20,670,26/03/2021
C003486,Uganda,Airtel Uganda,54,10.45,25,736,20/07/2020
C003487,Ghana,Telecel Ghana,43,14.66,16,681,12/06/2021
C003488,Uganda,MTN Uganda,11,6.92,16,473,09/01/2024
C003489,Nigeria,Airtel Nigeria,46,14.81,17,635,02/03/2021
C003490,Kenya,Safaricom,50,16.65,31,816,06/11/2020
C003491,Ghana,MTN Ghana,26,10.15,16,480,29/10/2022
C003492,Nigeria,Glo Nigeria,87,20.78,24,790,27/10/2017
C003493,Pakistan,Jazz,57,12.62,21,702,01/04/2020
C003494,Ghana,Telecel Ghana,57,10.86,18,687,15/04/2020
C003495,Nigeria,Airtel Nigeria,77,17.19,12,600,22/08/2018
C003496,Uganda,MTN Uganda,46,11.16,20,655,21/03/2021
C003497,Uganda,MTN Uganda,27,7.15,12,460,11/10/2022
C003498,Uganda,Airtel Uganda,30,10.03,11,647,10/07/2022
C003499,Kenya,Safaricom,16,10.99,8,436,01/09/2023
C003500,Pakistan,Jazz,18,13.52,25,756,03/07/2023
C003501,Kenya,Safaricom,59,14.69,27,737,07/02/2020
C003502,Ghana,Telecel Ghana,23,12.84,21,669,26/01/2023
C003503,Nigeria,MTN Nigeria,54,17.17,12,657,26/07/2020
C003504,Ghana,MTN Ghana,24,8.41,6,463,28/12/2022
C003505,Uganda,Airtel Uganda,31,7.68,11,517,14/06/2022
C003506,Ghana,MTN Ghana,39,11.29,23,650,03/10/2021
C003507,Kenya,Safaricom,51,9.15,10,525,23/10/2020
C003508,Uganda,MTN Uganda,65,11.69,25,732,29/08/2019
C003509,Ghana,Telecel Ghana,27,9.68,8,491,20/09/2022
C003510,Nigeria,Glo Nigeria,38,17.51,26,796,18/11/2021
C003511,Pakistan,Jazz,53,9.25,13,636,27/07/2020
C003512,Uganda,MTN Uganda,24,9.64,16,627,30/12/2022
C003513,Pakistan,Telenor Pakistan,29,12.85,19,799,22/07/2022
C003514,Pakistan,Zong,42,10.74,21,585,16/07/2021
C003515,Pakistan,Jazz,45,8.32,8,490,08/04/2021
C003516,Uganda,Airtel Uganda,44,12.85,17,776,26/04/2021
C003517,Ghana,Telecel Ghana,47,9.52,11,657,19/02/2021
C003518,Nigeria,MTN Nigeria,26,16.11,13,547,01/11/2022
C003519,Kenya,Safaricom,51,13.27,16,648,21/10/2020
C003520,Uganda,MTN Uganda,52,7.99,18,598,14/09/2020
C003521,Kenya,Safaricom,33,16.25,15,610,19/03/2022
C003522,Pakistan,Jazz,29,13.47,25,710,30/07/2022
C003523,Nigeria,Glo Nigeria,21,15.83,18,689,02/04/2023
C003524,Kenya,Safaricom,39,8.41,14,464,01/10/2021
C003525,Kenya,Safaricom,11,13.43,8,505,29/01/2024
C003526,Kenya,Airtel Kenya,33,9.41,5,491,15/04/2022
C003527,Nigeria,Airtel Nigeria,57,23.15,17,714,11/04/2020
C003528,Nigeria,Airtel Nigeria,19,12.25,6,480,20/05/2023
C003529,Uganda,Airtel Uganda,37,8.99,12,645,13/12/2021
C003530,Kenya,Safaricom,47,9.71,15,556,17/02/2021
C003531,Nigeria,Airtel Nigeria,40,21.57,23,797,02/09/2021
C003532,Nigeria,MTN Nigeria,9,10.79,9,436,26/03/2024
C003533,Kenya,Safaricom,21,10.22,12,459,15/03/2023
C003534,Nigeria,Glo Nigeria,70,25.14,17,787,24/03/2019
C003535,Uganda,Airtel Uganda,60,7.78,18,,17/01/2020
C003536,Uganda,MTN Uganda,31,8.86,9,561,30/05/2022
C003537,Nigeria,MTN Nigeria,36,16.85,19,731,19/12/2021
C003538,Ghana,Telecel Ghana,66,14.6,15,781,12/07/2019
C003539,Nigeria,MTN Nigeria,4,13.11,15,517,15/08/2024
C003540,Kenya,Safaricom,50,16.94,14,725,30/10/2020
C003541,Pakistan,Jazz,29,9.95,7,522,22/07/2022
C003542,Kenya,Safaricom,77,21.68,22,871,21/08/2018
C003543,Pakistan,Jazz,51,10.63,12,525,16/10/2020
C003544,Nigeria,Glo Nigeria,14,12.53,11,505,04/11/2023
C003545,Kenya,Safaricom,24,8.14,11,423,26/12/2022
C003546,Kenya,Safaricom,41,12.82,22,764,31/07/2021
C003547,Kenya,Safaricom,49,19.07,28,813,13/12/2020
C003548,Pakistan,Telenor Pakistan,40,7.61,14,531,05/09/2021
C003549,Nigeria,Airtel Nigeria,31,18.87,12,599,03/06/2022
C003550,Pakistan,Telenor Pakistan,33,10.75,10,521,31/03/2022
C003551,Pakistan,Telenor Pakistan,44,7.29,18,518,28/04/2021
C003552,Ghana,Telecel Ghana,69,11.78,26,734,20/04/2019
C003553,Kenya,Airtel Kenya,18,8.11,7,324,26/06/2023
C003554,Kenya,Safaricom,59,17.73,31,870,15/02/2020
C003555,Nigeria,Airtel Nigeria,34,20.17,25,785,09/03/2022
C003556,Uganda,MTN Uganda,55,6.91,14,534,05/06/2020
C003557,Kenya,Safaricom,47,16.67,18,644,03/02/2021
C003558,Pakistan,Telenor Pakistan,56,14.23,32,824,12/05/2020
C003559,Ghana,MTN Ghana,48,10.94,19,732,14/01/2021
C003560,Kenya,Airtel Kenya,55,12.65,24,776,31/05/2020
C003561,Uganda,MTN Uganda,29,6.55,1,362,22/07/2022
C003562,Kenya,Safaricom,34,7.42,2,410,24/02/2022
C003563,Pakistan,Zong,71,13.93,28,732,08/02/2019
C003564,Nigeria,MTN Nigeria,36,15.62,16,552,03/01/2022
C003565,Pakistan,Jazz,66,12.65,16,641,14/07/2019
C003566,Uganda,MTN Uganda,65,12.24,22,760,25/08/2019
C003567,Pakistan,Zong,39,12.54,12,645,26/09/2021
C003568,Kenya,Safaricom,1,12.19,9,478,02/12/2024
C003569,Uganda,Airtel Uganda,43,10.08,13,672,06/06/2021
C003570,Kenya,Airtel Kenya,71,13.55,21,749,26/02/2019
C003571,Uganda,Airtel Uganda,30,10.68,21,665,29/06/2022
C003572,Nigeria,Glo Nigeria,21,12.13,9,392,04/04/2023
C003573,Kenya,Airtel Kenya,58,17.42,32,842,29/02/2020
C003574,Kenya,Safaricom,54,14.61,19,652,23/07/2020
C003575,Kenya,Airtel Kenya,33,12.15,7,637,24/03/2022
C003576,Kenya,Safaricom,35,15.37,30,752,27/01/2022
C003577,Uganda,MTN Uganda,48,7.74,14,648,24/12/2020
C003578,Nigeria,MTN Nigeria,42,20.58,25,810,12/07/2021
C003579,Uganda,Airtel Uganda,24,11.05,24,791,22/12/2022
C003580,Nigeria,MTN Nigeria,54,16.15,12,484,26/07/2020
C003581,Uganda,Airtel Uganda,49,8.73,15,584,03/12/2020
C003582,Uganda,MTN Uganda,58,9.44,13,527,15/03/2020
C003583,Kenya,Safaricom,48,15.83,10,585,01/01/2021
C003584,Uganda,MTN Uganda,54,7.91,30,699,03/07/2020
C003585,Pakistan,Zong,43,10.59,19,614,07/06/2021
C003586,Uganda,MTN Uganda,52,10.6,25,830,14/09/2020
C003587,Kenya,Safaricom,40,14.56,21,560,29/08/2021
C003588,Kenya,Safaricom,36,15.17,16,705,21/12/2021
C003589,Uganda,MTN Uganda,17,6.7,18,565,31/07/2023
C003590,Nigeria,Airtel Nigeria,27,13.31,11,552,19/09/2022
C003591,Uganda,MTN Uganda,35,6.13,7,349,03/02/2022
C003592,Kenya,Safaricom,17,10.54,17,597,15/07/2023
C003593,Uganda,Airtel Uganda,19,8.49,7,615,23/05/2023
C003594,Nigeria,MTN Nigeria,35,15.96,5,474,27/01/2022
C003595,Nigeria,MTN Nigeria,38,14.79,26,707,29/10/2021
C003596,Pakistan,Telenor Pakistan,40,10.26,13,562,26/08/2021
C003597,Pakistan,Telenor Pakistan,49,10.41,23,578,28/11/2020
C003598,Pakistan,Telenor Pakistan,53,10.79,26,732,14/08/2020
C003599,Pakistan,Jazz,24,7.78,13,573,21/12/2022
C003600,Kenya,Safaricom,56,10.8,14,605,07/05/2020
C003601,Nigeria,MTN Nigeria,54,22.78,26,688,09/07/2020
C003602,Nigeria,MTN Nigeria,16,11.25,13,339,03/09/2023
C003603,Kenya,Safaricom,34,12.02,13,576,05/03/2022
C003604,Nigeria,Glo Nigeria,35,16.89,18,517,10/02/2022
C003605,Pakistan,Telenor Pakistan,23,6.9,15,500,07/02/2023
C003606,Nigeria,MTN Nigeria,8,12.78,19,558,08/04/2024
C003607,Nigeria,MTN Nigeria,33,10.48,8,418,27/03/2022
C003608,Nigeria,Airtel Nigeria,68,25.85,24,872,17/05/2019
C003609,Nigeria,MTN Nigeria,9,18.01,15,697,24/03/2024
C003610,Nigeria,MTN Nigeria,39,16.25,8,544,17/10/2021
C003611,Ghana,MTN Ghana,75,11.81,30,759,25/10/2018
C003612,Kenya,Safaricom,23,16.11,18,653,06/02/2023
C003613,Ghana,Telecel Ghana,36,12.82,11,612,01/01/2022
C003614,Pakistan,Jazz,40,10.64,23,683,06/09/2021
C003615,Ghana,MTN Ghana,73,11.62,20,756,06/12/2018
C003616,Ghana,Telecel Ghana,43,9.75,8,483,27/05/2021
C003617,Kenya,Safaricom,1,6.7,11,301,14/11/2024
C003618,Nigeria,Airtel Nigeria,62,18.86,21,859,03/11/2019
C003619,Kenya,Safaricom,53,9.55,7,379,16/08/2020
C003620,Pakistan,Telenor Pakistan,41,12.56,21,781,17/08/2021
C003621,Ghana,Telecel Ghana,34,12.14,12,579,02/03/2022
C003622,Nigeria,Airtel Nigeria,49,16.43,13,672,22/12/2020
C003623,Kenya,Safaricom,35,13.19,20,703,19/01/2022
C003624,Uganda,Airtel Uganda,83,12.89,23,859,06/03/2018
C003625,Ghana,MTN Ghana,10,7.94,8,360,11/02/2024
C003626,Ghana,MTN Ghana,15,10.57,15,600,19/09/2023
C003627,Pakistan,Jazz,40,11.64,20,744,12/09/2021
C003628,Ghana,Telecel Ghana,45,8.84,11,584,07/04/2021
C003629,Ghana,MTN Ghana,34,12.71,26,719,02/03/2022
C003630,Nigeria,Glo Nigeria,46,22.22,21,671,01/03/2021
C003631,Nigeria,MTN Nigeria,34,11.07,8,474,06/03/2022
C003632,Pakistan,Telenor Pakistan,32,12.79,17,774,30/04/2022
C003633,Ghana,MTN Ghana,41,10.57,15,771,08/08/2021
C003634,Kenya,Safaricom,18,7.02,8,305,09/07/2023
C003635,Ghana,MTN Ghana,62,15.73,27,788,08/11/2019
C003636,Nigeria,MTN Nigeria,22,15.34,17,529,06/03/2023
C003637,Uganda,MTN Uganda,24,5.24,7,419,04/01/2023
C003638,Nigeria,MTN Nigeria,26,14.57,16,531,04/11/2022
C003639,Uganda,MTN Uganda,60,8.65,26,759,12/01/2020
C003640,Kenya,Safaricom,40,11.53,13,549,29/08/2021
C003641,Nigeria,MTN Nigeria,20,15.16,9,469,18/04/2023
C003642,Nigeria,Glo Nigeria,52,16.89,16,708,07/09/2020
C003643,Uganda,MTN Uganda,34,9.31,20,656,07/03/2022
C003644,Nigeria,MTN Nigeria,33,13.7,13,480,20/03/2022
C003645,Nigeria,MTN Nigeria,36,16.86,10,511,03/01/2022
C003646,Uganda,MTN Uganda,83,8.68,20,740,05/03/2018
C003647,Kenya,Safaricom,31,13.57,15,601,23/05/2022
C003648,Kenya,Safaricom,49,13.05,27,789,25/11/2020
C003649,Nigeria,MTN Nigeria,4,8.02,1,321,26/08/2024
C003650,Pakistan,Telenor Pakistan,19,8.34,10,579,05/06/2023
C003651,Nigeria,MTN Nigeria,43,22.63,18,767,11/06/2021
C003652,Nigeria,Glo Nigeria,40,11.59,12,528,09/09/2021
C003653,Kenya,Airtel Kenya,42,14.5,14,533,16/07/2021
C003654,Nigeria,MTN Nigeria,39,15.63,11,585,18/10/2021
C003655,Kenya,Safaricom,38,17.16,23,682,13/11/2021
C003656,Nigeria,MTN Nigeria,21,12.52,18,511,04/04/2023
C003657,Nigeria,MTN Nigeria,45,21.41,29,882,17/04/2021
C003658,Kenya,Safaricom,25,13.84,18,561,08/12/2022
C003659,Pakistan,Telenor Pakistan,17,9.41,12,604,13/07/2023
C003660,Nigeria,MTN Nigeria,49,14.3,8,503,17/12/2020
C003661,Nigeria,MTN Nigeria,67,19.98,19,637,08/06/2019
C003662,Pakistan,Jazz,4,10.12,14,566,17/08/2024
C003663,Pakistan,Zong,53,14.04,18,754,12/08/2020
C003664,Ghana,Telecel Ghana,44,9.49,23,650,29/04/2021
C003665,Nigeria,MTN Nigeria,50,20.79,22,737,23/11/2020
C003666,Kenya,Safaricom,29,14.38,19,626,24/07/2022
C003667,Nigeria,MTN Nigeria,51,17.26,13,595,12/10/2020
C003668,Nigeria,Airtel Nigeria,57,21.84,30,787,03/04/2020
C003669,Kenya,Safaricom,55,15.48,17,640,29/05/2020
C003670,Ghana,Telecel Ghana,37,15.69,26,756,27/11/2021
C003671,Kenya,Safaricom,31,14.72,21,794,13/06/2022
C003672,Ghana,MTN Ghana,56,11.08,23,767,28/04/2020
C003673,Nigeria,Glo Nigeria,12,10.9,13,479,16/12/2023
C003674,Kenya,Safaricom,45,9.73,20,,22/04/2021
C003675,Uganda,MTN Uganda,12,10.75,18,,02/01/2024
C003676,Pakistan,Telenor Pakistan,45,12.29,25,803,24/03/2021
C003677,Kenya,Airtel Kenya,30,13.05,20,644,21/06/2022
C003678,Ghana,Telecel Ghana,29,12.69,9,574,03/08/2022
C003679,Nigeria,Airtel Nigeria,46,21.74,10,673,23/02/2021
C003680,Nigeria,Airtel Nigeria,26,11.94,3,396,30/10/2022
C003681,Uganda,MTN Uganda,41,7.95,17,544,25/07/2021
C003682,Nigeria,Airtel Nigeria,41,12.98,19,517,03/08/2021
C003683,Kenya,Airtel Kenya,10,7.47,1,303,17/02/2024
C003684,Kenya,Airtel Kenya,80,15.42,17,752,07/06/2018
C003685,Nigeria,MTN Nigeria,64,14.21,25,686,01/09/2019
C003686,Nigeria,MTN Nigeria,21,15.23,8,474,07/04/2023
C003687,Kenya,Airtel Kenya,31,12.16,12,563,10/06/2022
C003688,Pakistan,Jazz,36,9.33,24,658,04/01/2022
C003689,Ghana,MTN Ghana,44,12.34,22,626,30/04/2021
C003690,Kenya,Airtel Kenya,18,,17,558,18/06/2023
C003691,Nigeria,MTN Nigeria,4,9.52,1,342,16/08/2024
C003692,Ghana,MTN Ghana,3,9.61,10,600,07/09/2024
C003693,Nigeria,MTN Nigeria,23,11.52,17,517,22/01/2023
C003694,Kenya,Safaricom,44,11.32,13,498,18/05/2021
C003695,Uganda,Airtel Uganda,26,7.1,8,499,21/10/2022
C003696,Kenya,Safaricom,40,11.38,17,671,12/09/2021
C003697,Nigeria,MTN Nigeria,30,15.71,15,479,01/07/2022
C003698,Nigeria,MTN Nigeria,25,20.35,24,651,25/11/2022
C003699,Nigeria,MTN Nigeria,27,13.8,11,487,03/10/2022
C003700,Kenya,Safaricom,30,10.16,3,363,06/07/2022
C003701,Pakistan,Jazz,53,12.02,21,756,17/08/2020
C003702,Nigeria,MTN Nigeria,55,15.02,23,,18/06/2020
C003703,Ghana,MTN Ghana,42,8.61,14,442,22/06/2021
C003704,Ghana,MTN Ghana,45,9.91,16,591,11/04/2021
C003705,Nigeria,MTN Nigeria,14,12.95,8,461,25/10/2023
C003706,Nigeria,MTN Nigeria,42,24.38,26,743,30/06/2021
C003707,Kenya,Safaricom,48,8.48,13,382,15/01/2021
C003708,Ghana,MTN Ghana,40,9.33,9,585,14/09/2021
C003709,Kenya,Safaricom,54,13.83,22,789,20/07/2020
C003710,Uganda,MTN Uganda,18,9.39,17,530,10/07/2023
C003711,Pakistan,Telenor Pakistan,27,6.54,12,500,01/10/2022
C003712,Uganda,MTN Uganda,48,10.8,14,618,22/01/2021
C003713,Pakistan,Telenor Pakistan,53,10.15,25,805,14/08/2020
C003714,Uganda,Airtel Uganda,31,10.32,18,631,01/06/2022
C003715,Pakistan,Jazz,35,9.46,13,640,09/02/2022
C003716,Uganda,MTN Uganda,49,7.09,13,539,16/12/2020
C003717,Uganda,MTN Uganda,48,7.75,18,626,04/01/2021
C003718,Uganda,MTN Uganda,33,5.9,8,467,01/04/2022
C003719,Pakistan,Telenor Pakistan,41,7.63,11,578,28/07/2021
C003720,Kenya,Safaricom,1,6.7,2,324,06/11/2024
C003721,Ghana,Telecel Ghana,47,12.98,15,691,14/02/2021
C003722,Kenya,Safaricom,46,12.3,16,530,15/03/2021
C003723,Pakistan,Telenor Pakistan,38,9.83,15,674,03/11/2021
C003724,Kenya,Airtel Kenya,65,18.14,24,784,26/08/2019
C003725,Uganda,MTN Uganda,53,11.52,19,710,04/08/2020
C003726,Uganda,Airtel Uganda,70,15.03,24,871,03/04/2019
C003727,Pakistan,Zong,41,10.41,23,656,09/08/2021
C003728,Nigeria,MTN Nigeria,48,15.19,14,584,24/12/2020
C003729,Uganda,MTN Uganda,1,7.32,3,374,10/11/2024
C003730,Uganda,MTN Uganda,50,13.22,19,767,08/11/2020
C003731,Pakistan,Jazz,53,13.39,20,685,25/08/2020
C003732,Pakistan,Telenor Pakistan,38,9.94,17,567,25/10/2021
C003733,Ghana,MTN Ghana,59,13.04,24,684,14/02/2020
C003734,Ghana,MTN Ghana,49,16.91,23,792,28/11/2020
C003735,Nigeria,Airtel Nigeria,43,20.87,23,792,29/05/2021
C003736,Pakistan,Jazz,19,9.81,20,701,13/05/2023
C003737,Nigeria,MTN Nigeria,31,19.89,16,584,13/06/2022
C003738,Uganda,MTN Uganda,48,11.05,15,654,28/12/2020
C003739,Uganda,Airtel Uganda,58,8.28,27,733,07/03/2020
C003740,Kenya,Safaricom,12,10.17,14,560,30/12/2023
C003741,Nigeria,MTN Nigeria,59,21.36,20,665,02/02/2020
C003742,Nigeria,Airtel Nigeria,18,14.01,15,555,25/06/2023
C003743,Pakistan,Jazz,36,11.11,18,617,29/12/2021
C003744,Kenya,Safaricom,43,13.84,20,795,24/05/2021
C003745,Nigeria,Airtel Nigeria,44,14.28,16,617,05/05/2021
C003746,Uganda,MTN Uganda,53,12.55,33,791,06/08/2020
C003747,Nigeria,Airtel Nigeria,57,24.4,28,741,02/04/2020
C003748,Pakistan,Zong,64,9.98,16,603,07/09/2019
C003749,Kenya,Airtel Kenya,31,8.31,8,462,28/05/2022
C003750,Nigeria,MTN Nigeria,28,14.53,7,604,18/08/2022
C003751,Nigeria,Airtel Nigeria,43,14.3,14,601,25/05/2021
C003752,Kenya,Safaricom,71,17.73,18,677,14/02/2019
C003753,Kenya,Airtel Kenya,61,16.21,22,792,27/12/2019
C003754,Uganda,Airtel Uganda,26,6.16,2,303,24/10/2022
C003755,Kenya,Safaricom,1,12.42,12,461,23/11/2024
C003756,Kenya,Safaricom,55,15.97,18,765,09/06/2020
C003757,Nigeria,MTN Nigeria,44,15.52,23,,11/05/2021
C003758,Nigeria,MTN Nigeria,25,20.12,15,595,03/12/2022
C003759,Pakistan,Jazz,26,6.27,7,477,15/10/2022
C003760,Nigeria,MTN Nigeria,36,18.9,22,584,10/01/2022
C003761,Pakistan,Telenor Pakistan,29,9.91,20,629,11/08/2022
C003762,Kenya,Safaricom,35,11.19,10,554,28/01/2022
C003763,Nigeria,MTN Nigeria,27,14.1,14,524,25/09/2022
C003764,Nigeria,Airtel Nigeria,46,15.32,10,596,22/02/2021
C003765,Nigeria,MTN Nigeria,41,18.41,13,615,19/08/2021
C003766,Uganda,MTN Uganda,44,9.52,22,630,25/04/2021
C003767,Kenya,Airtel Kenya,49,11.4,16,582,28/11/2020
C003768,Kenya,Airtel Kenya,51,14.99,20,683,18/10/2020
C003769,Ghana,MTN Ghana,40,11.32,22,653,26/08/2021
C003770,Ghana,MTN Ghana,11,14.76,21,681,12/01/2024
C003771,Pakistan,Jazz,64,15.95,25,848,27/09/2019
C003772,Pakistan,Zong,24,10.7,20,615,12/01/2023
C003773,Ghana,Telecel Ghana,34,13.2,8,586,27/02/2022
C003774,Uganda,Airtel Uganda,44,8.67,14,632,05/05/2021
C003775,Uganda,Airtel Uganda,69,8.71,22,760,08/04/2019
C003776,Kenya,Safaricom,65,10.59,18,614,04/08/2019
C003777,Uganda,MTN Uganda,20,9.83,13,573,09/05/2023
C003778,Nigeria,Airtel Nigeria,27,18.48,14,728,16/09/2022
C003779,Uganda,Airtel Uganda,29,8.15,2,452,21/07/2022
C003780,Pakistan,Jazz,40,9.71,15,599,01/09/2021
C003781,Nigeria,Airtel Nigeria,21,13.38,15,638,02/04/2023
C003782,Uganda,MTN Uganda,59,12.72,24,896,09/02/2020
C003783,Pakistan,Zong,54,12.13,16,719,10/07/2020
C003784,Nigeria,MTN Nigeria,1,9.42,4,308,21/11/2024
C003785,Kenya,Safaricom,31,18.21,26,730,14/06/2022
C003786,Pakistan,Jazz,36,12.38,21,717,27/12/2021
C003787,Pakistan,Telenor Pakistan,37,10.01,23,655,09/12/2021
C003788,Nigeria,Airtel Nigeria,35,14.4,8,452,09/02/2022
C003789,Kenya,Safaricom,27,,15,548,03/10/2022
C003790,Ghana,Telecel Ghana,43,14.23,24,678,20/06/2021
C003791,Nigeria,Glo Nigeria,72,15.31,16,624,22/01/2019
C003792,Kenya,Airtel Kenya,37,18.2,24,792,23/11/2021
C003793,Nigeria,MTN Nigeria,19,13.9,10,513,21/05/2023
C003794,Nigeria,Airtel Nigeria,54,15.29,22,699,25/07/2020
C003795,Ghana,MTN Ghana,41,9.68,14,479,11/08/2021
C003796,Ghana,MTN Ghana,50,11.9,21,700,04/11/2020
C003797,Ghana,MTN Ghana,41,7.16,3,327,24/07/2021
C003798,Uganda,Airtel Uganda,41,9.04,10,604,07/08/2021
C003799,Kenya,Safaricom,2,9.51,13,544,04/10/2024
C003800,Nigeria,MTN Nigeria,38,14.34,15,606,17/11/2021
C003801,Nigeria,MTN Nigeria,26,17.65,16,582,17/10/2022
C003802,Nigeria,MTN Nigeria,65,18.77,20,707,27/08/2019
C003803,Kenya,Safaricom,40,10.53,16,466,29/08/2021
C003804,Nigeria,MTN Nigeria,12,12.69,13,604,04/01/2024
C003805,Nigeria,Airtel Nigeria,57,15.28,10,614,29/03/2020
C003806,Nigeria,MTN Nigeria,33,12.28,2,381,11/04/2022
C003807,Ghana,MTN Ghana,17,9.74,6,422,30/07/2023
C003808,Ghana,Telecel Ghana,31,10.65,18,553,28/05/2022
C003809,Pakistan,Zong,63,11.21,13,676,29/10/2019
C003810,Uganda,Airtel Uganda,27,11.9,22,858,27/09/2022
C003811,Ghana,Telecel Ghana,28,8.77,9,413,06/09/2022
C003812,Nigeria,Glo Nigeria,66,23.63,26,776,20/07/2019
C003813,Ghana,MTN Ghana,42,10.73,13,686,12/07/2021
C003814,Nigeria,Glo Nigeria,43,17.31,7,565,27/05/2021
C003815,Kenya,Airtel Kenya,40,12.21,14,636,06/09/2021
C003816,Kenya,Safaricom,48,14.55,30,891,31/12/2020
C003817,Kenya,Airtel Kenya,29,11.42,18,658,14/08/2022
C003818,Nigeria,Airtel Nigeria,56,15.02,17,711,07/05/2020
C003819,Ghana,Telecel Ghana,19,8.63,15,512,31/05/2023
C003820,Uganda,Airtel Uganda,28,9.12,23,780,28/08/2022
C003821,Uganda,MTN Uganda,56,9.38,25,828,02/05/2020
C003822,Ghana,MTN Ghana,41,11.32,16,764,31/07/2021
C003823,Kenya,Safaricom,24,11.44,16,676,02/01/2023
C003824,Nigeria,Airtel Nigeria,49,18.65,30,753,17/12/2020
C003825,Uganda,Airtel Uganda,26,6.24,3,329,18/10/2022
C003826,Kenya,Airtel Kenya,39,14.21,13,633,12/10/2021
C003827,Nigeria,Airtel Nigeria,23,13.84,16,639,10/02/2023
C003828,Kenya,Airtel Kenya,44,12.64,16,611,14/05/2021
C003829,Pakistan,Jazz,56,10.3,21,652,27/05/2020
C003830,Ghana,Telecel Ghana,50,6.18,8,365,01/11/2020
C003831,Kenya,Safaricom,53,11.33,10,538,30/07/2020
C003832,Ghana,MTN Ghana,6,7.54,13,419,23/06/2024
C003833,Kenya,Safaricom,55,14.53,22,671,08/06/2020
C003834,Kenya,Safaricom,52,17.64,20,753,27/08/2020
C003835,Nigeria,MTN Nigeria,28,19.18,20,720,18/08/2022
C003836,Kenya,Safaricom,54,13.15,25,773,25/07/2020
C003837,Ghana,Telecel Ghana,73,10.03,24,708,01/01/2019
C003838,Nigeria,Airtel Nigeria,56,20.38,11,628,16/05/2020
C003839,Uganda,MTN Uganda,18,9.07,14,559,03/07/2023
C003840,Nigeria,Airtel Nigeria,39,18.54,17,630,15/10/2021
C003841,Ghana,MTN Ghana,37,11.67,10,519,14/12/2021
C003842,Ghana,MTN Ghana,11,11.45,14,613,13/01/2024
C003843,Ghana,MTN Ghana,22,10.57,26,742,08/03/2023
C003844,Ghana,MTN Ghana,36,11.61,16,569,03/01/2022
C003845,Pakistan,Telenor Pakistan,49,9.89,29,731,22/12/2020
C003846,Kenya,Safaricom,1,12.14,9,495,14/11/2024
C003847,Uganda,Airtel Uganda,57,10.64,24,786,05/04/2020
C003848,Uganda,Airtel Uganda,48,6.25,14,540,05/01/2021
C003849,Nigeria,Airtel Nigeria,48,16.67,27,795,14/01/2021
C003850,Nigeria,Glo Nigeria,26,12.58,15,461,11/11/2022
C003851,Kenya,Safaricom,44,13.73,16,,10/05/2021
C003852,Nigeria,MTN Nigeria,44,14.34,12,620,29/04/2021
C003853,Kenya,Safaricom,4,9.45,9,515,31/08/2024
C003854,Kenya,Safaricom,27,13.45,18,656,20/09/2022
C003855,Ghana,MTN Ghana,24,11.34,17,529,16/12/2022
C003856,Nigeria,MTN Nigeria,25,19.44,11,625,25/11/2022
C003857,Uganda,Airtel Uganda,70,11.73,17,756,09/03/2019
C003858,Kenya,Airtel Kenya,53,14.47,22,694,17/08/2020
C003859,Uganda,MTN Uganda,18,8.42,10,587,23/06/2023
C003860,Nigeria,MTN Nigeria,47,18.1,19,781,31/01/2021
C003861,Kenya,Safaricom,58,11.84,22,657,07/03/2020
C003862,Nigeria,MTN Nigeria,36,14.82,19,715,27/12/2021
C003863,Ghana,Telecel Ghana,56,14.56,18,689,22/05/2020
C003864,Kenya,Safaricom,63,14.68,24,678,03/10/2019
C003865,Pakistan,Jazz,48,6.8,8,528,02/01/2021
C003866,Kenya,Safaricom,28,10.81,5,464,11/09/2022
C003867,Ghana,MTN Ghana,53,9.37,21,572,06/08/2020
C003868,Nigeria,MTN Nigeria,42,19.82,23,769,24/06/2021
C003869,Ghana,MTN Ghana,62,9.58,12,462,29/11/2019
C003870,Kenya,Safaricom,49,17.61,19,712,27/11/2020
C003871,Kenya,Safaricom,54,14.72,16,611,17/07/2020
C003872,Nigeria,Glo Nigeria,27,18.31,11,552,06/10/2022
C003873,Nigeria,MTN Nigeria,57,18,24,772,13/04/2020
C003874,Nigeria,Airtel Nigeria,56,21.73,25,754,06/05/2020
C003875,Pakistan,Jazz,19,11.14,15,563,08/06/2023
C003876,Kenya,Safaricom,14,10.39,16,505,01/11/2023
C003877,Nigeria,Glo Nigeria,21,15.01,12,456,19/03/2023
C003878,Pakistan,Telenor Pakistan,41,9.57,5,458,13/08/2021
C003879,Nigeria,MTN Nigeria,20,21.43,21,749,02/05/2023
C003880,Kenya,Safaricom,33,11.51,15,625,29/03/2022
C003881,Uganda,Airtel Uganda,56,7.84,19,602,20/05/2020
C003882,Pakistan,Zong,11,9.43,14,513,05/02/2024
C003883,Uganda,Airtel Uganda,56,10.49,16,609,12/05/2020
C003884,Kenya,Safaricom,22,10.78,21,638,11/03/2023
C003885,Pakistan,Telenor Pakistan,22,9.14,8,603,02/03/2023
C003886,Nigeria,MTN Nigeria,38,15.64,16,658,30/10/2021
C003887,Pakistan,Jazz,85,13.08,24,858,17/12/2017
C003888,Uganda,Airtel Uganda,36,11.61,21,717,20/12/2021
C003889,Pakistan,Telenor Pakistan,14,10.69,20,653,13/10/2023
C003890,Nigeria,MTN Nigeria,9,14.99,13,529,05/04/2024
C003891,Nigeria,Airtel Nigeria,59,20.08,15,708,13/02/2020
C003892,Ghana,Telecel Ghana,29,13.66,24,761,15/08/2022
C003893,Kenya,Airtel Kenya,68,18.1,23,779,09/05/2019
C003894,Kenya,Safaricom,34,10.26,8,568,16/03/2022
C003895,Pakistan,Jazz,31,7.01,12,540,24/05/2022
C003896,Ghana,MTN Ghana,52,15.33,23,742,24/09/2020
C003897,Kenya,Safaricom,29,14.24,25,661,12/08/2022
C003898,Kenya,Safaricom,45,13.41,15,685,26/03/2021
C003899,Nigeria,MTN Nigeria,26,18.44,23,698,08/11/2022
C003900,Nigeria,MTN Nigeria,59,18.68,13,638,13/02/2020
C003901,Nigeria,MTN Nigeria,25,14.64,13,656,28/11/2022
C003902,Uganda,Airtel Uganda,42,8.78,10,589,01/07/2021
C003903,Uganda,Airtel Uganda,20,7.12,18,594,14/04/2023
C003904,Kenya,Safaricom,34,17.22,19,,06/03/2022
C003905,Kenya,Airtel Kenya,11,8.95,4,360,19/01/2024
C003906,Ghana,MTN Ghana,95,15.95,25,782,13/02/2017
C003907,Uganda,MTN Uganda,33,9.18,14,559,14/04/2022
C003908,Pakistan,Zong,22,11.15,15,584,27/02/2023
C003909,Kenya,Safaricom,27,11.81,13,576,05/10/2022
C003910,Uganda,MTN Uganda,16,7.62,13,630,12/08/2023
C003911,Kenya,Safaricom,31,14.87,21,563,29/05/2022
C003912,Kenya,Safaricom,44,10.11,11,352,03/05/2021
C003913,Pakistan,Telenor Pakistan,57,15.07,30,799,22/04/2020
C003914,Kenya,Safaricom,44,14.68,10,530,24/04/2021
C003915,Kenya,Safaricom,44,19.29,24,876,20/05/2021
C003916,Kenya,Safaricom,31,12.76,13,571,02/06/2022
C003917,Kenya,Safaricom,19,9.82,10,355,22/05/2023
C003918,Kenya,Safaricom,29,11.57,18,652,20/07/2022
C003919,Ghana,Telecel Ghana,38,11.69,11,554,10/11/2021
C003920,Kenya,Safaricom,65,20.49,27,844,21/08/2019
C003921,Nigeria,MTN Nigeria,60,21.87,21,793,27/01/2020
C003922,Pakistan,Telenor Pakistan,31,8.9,9,563,28/05/2022
C003923,Kenya,Safaricom,59,15.96,20,686,22/02/2020
C003924,Pakistan,Jazz,50,15.62,23,820,05/11/2020
C003925,Nigeria,MTN Nigeria,29,13.43,15,579,13/08/2022
C003926,Ghana,MTN Ghana,56,9.75,4,580,13/05/2020
C003927,Kenya,Safaricom,27,16.15,16,690,30/09/2022
C003928,Uganda,Airtel Uganda,14,10.82,17,641,24/10/2023
C003929,Nigeria,MTN Nigeria,37,22.17,17,775,09/12/2021
C003930,Pakistan,Jazz,42,10.44,10,606,16/07/2021
C003931,Kenya,Safaricom,70,13.46,23,787,11/03/2019
C003932,Ghana,MTN Ghana,29,11.26,20,638,19/07/2022
C003933,Kenya,Safaricom,66,16.58,14,640,24/07/2019
C003934,Nigeria,Glo Nigeria,41,16.84,17,663,07/08/2021
C003935,Kenya,Airtel Kenya,49,15.65,22,778,20/12/2020
C003936,Nigeria,Glo Nigeria,27,16.58,11,653,10/10/2022
C003937,Kenya,Safaricom,74,14.36,25,713,24/11/2018
C003938,Ghana,MTN Ghana,40,11.73,18,,29/08/2021
C003939,Kenya,Safaricom,15,14.74,14,590,19/09/2023
C003940,Nigeria,Glo Nigeria,89,20.81,25,800,20/08/2017
C003941,Nigeria,MTN Nigeria,53,20.83,15,739,23/08/2020
C003942,Nigeria,MTN Nigeria,46,15.37,18,569,22/03/2021
C003943,Nigeria,MTN Nigeria,72,23.16,25,732,25/01/2019
C003944,Ghana,Telecel Ghana,38,8.11,12,508,09/11/2021
C003945,Nigeria,Airtel Nigeria,31,8.9,7,359,01/06/2022
C003946,Pakistan,Telenor Pakistan,51,11.97,22,783,07/10/2020
C003947,Nigeria,MTN Nigeria,61,25.17,26,769,24/12/2019
C003948,Nigeria,Airtel Nigeria,14,11.18,1,332,15/10/2023
C003949,Pakistan,Jazz,48,12.78,22,754,31/12/2020
C003950,Nigeria,MTN Nigeria,43,17.2,18,668,12/06/2021
C003951,Kenya,Safaricom,45,15.16,23,789,03/04/2021
C003952,Pakistan,Telenor Pakistan,55,14.5,26,740,18/06/2020
C003953,Pakistan,Jazz,59,12.22,32,793,26/02/2020
C003954,Uganda,Airtel Uganda,57,11.16,19,705,05/04/2020
C003955,Nigeria,MTN Nigeria,67,26.25,29,868,30/06/2019
C003956,Ghana,MTN Ghana,71,13,15,668,26/02/2019
C003957,Pakistan,Telenor Pakistan,43,,15,493,12/06/2021
C003958,Pakistan,Telenor Pakistan,29,8.32,11,553,20/07/2022
C003959,Nigeria,MTN Nigeria,56,15.87,35,769,10/05/2020
C003960,Kenya,Safaricom,48,13.53,4,485,30/12/2020
C003961,Kenya,Safaricom,31,17.88,29,716,20/05/2022
C003962,Nigeria,MTN Nigeria,56,12.78,14,467,01/05/2020
C003963,Ghana,Telecel Ghana,39,16.39,18,777,01/10/2021
C003964,Nigeria,Airtel Nigeria,48,13.4,24,579,12/01/2021
C003965,Kenya,Safaricom,48,12.55,18,749,10/01/2021
C003966,Nigeria,MTN Nigeria,59,19.46,27,897,23/02/2020
C003967,Kenya,Safaricom,22,17.08,13,664,24/02/2023
C003968,Nigeria,MTN Nigeria,52,14.52,16,633,07/09/2020
C003969,Kenya,Airtel Kenya,9,9.05,11,503,08/03/2024
C003970,Nigeria,MTN Nigeria,24,16.43,24,718,07/01/2023
C003971,Pakistan,Zong,65,11.49,31,745,09/08/2019
C003972,Nigeria,MTN Nigeria,52,13.33,8,465,17/09/2020
C003973,Kenya,Airtel Kenya,3,6.82,1,313,01/10/2024
C003974,Nigeria,MTN Nigeria,48,18.05,17,567,10/01/2021
C003975,Nigeria,MTN Nigeria,41,17.6,10,511,23/07/2021
C003976,Nigeria,MTN Nigeria,44,17.44,28,720,09/05/2021
C003977,Nigeria,MTN Nigeria,45,16.12,10,466,17/04/2021
C003978,Nigeria,Glo Nigeria,49,24.13,20,787,14/12/2020
C003979,Kenya,Safaricom,61,20.43,20,813,09/12/2019
C003980,Ghana,Telecel Ghana,31,10.84,25,771,08/06/2022
C003981,Nigeria,MTN Nigeria,19,19.52,15,613,05/06/2023
C003982,Kenya,Safaricom,46,11.96,18,508,16/03/2021
C003983,Ghana,Telecel Ghana,53,9.87,19,703,23/08/2020
C003984,Nigeria,Airtel Nigeria,42,21.21,25,701,01/07/2021
C003985,Kenya,Safaricom,87,16.28,22,882,31/10/2017
C003986,Nigeria,Airtel Nigeria,66,19.47,9,622,23/07/2019
C003987,Nigeria,MTN Nigeria,19,10.29,7,311,02/06/2023
C003988,Kenya,Airtel Kenya,33,17.61,23,835,28/03/2022
C003989,Pakistan,Jazz,46,9.33,21,751,25/02/2021
C003990,Pakistan,Jazz,13,9.48,6,464,16/11/2023
C003991,Pakistan,Zong,50,10.09,18,755,06/11/2020
C003992,Kenya,Safaricom,4,10.47,9,379,13/08/2024
C003993,Nigeria,MTN Nigeria,21,19.07,17,641,06/04/2023
C003994,Kenya,Safaricom,8,11.6,14,672,09/04/2024
C003995,Nigeria,MTN Nigeria,40,17.18,19,613,01/09/2021
C003996,Nigeria,Glo Nigeria,1,18.42,18,539,04/11/2024
C003997,Nigeria,Airtel Nigeria,23,16.97,11,498,03/02/2023
C003998,Kenya,Safaricom,48,11.3,20,619,18/01/2021
C003999,Kenya,Airtel Kenya,18,9.83,8,516,20/06/2023
C004000,Nigeria,Airtel Nigeria,23,14.66,20,643,02/02/2023
C004001,Uganda,Airtel Uganda,31,9.23,14,553,10/06/2022
C004002,Kenya,Safaricom,39,14.23,21,798,26/09/2021
C004003,Pakistan,Telenor Pakistan,46,8.89,28,691,08/03/2021
C004004,Nigeria,MTN Nigeria,11,12.96,11,479,14/01/2024
C004005,Kenya,Safaricom,17,11.18,4,384,03/08/2023
C004006,Nigeria,Airtel Nigeria,45,18.83,23,777,20/04/2021
C004007,Kenya,Safaricom,51,18.66,20,792,12/10/2020
C004008,Nigeria,MTN Nigeria,81,18.82,22,859,10/04/2018
C004009,Nigeria,Airtel Nigeria,55,22.56,22,803,09/06/2020
C004010,Ghana,MTN Ghana,48,12.3,16,652,28/12/2020
C004011,Nigeria,MTN Nigeria,35,22.82,17,710,22/01/2022
C004012,Nigeria,Airtel Nigeria,43,19.57,23,651,26/05/2021
C004013,Pakistan,Zong,45,9.98,19,759,09/04/2021
C004014,Nigeria,MTN Nigeria,58,21.74,23,864,22/03/2020
C004015,Ghana,Telecel Ghana,55,9.84,16,720,31/05/2020
C004016,Kenya,Airtel Kenya,30,12.01,11,625,01/07/2022
C004017,Nigeria,Airtel Nigeria,33,,21,643,08/04/2022
C004018,Kenya,Safaricom,19,10.75,12,481,29/05/2023
C004019,Nigeria,Airtel Nigeria,27,18.82,17,578,21/09/2022
C004020,Uganda,Airtel Uganda,48,,25,723,12/01/2021
C004021,Nigeria,MTN Nigeria,45,24.72,22,786,29/03/2021
C004022,Nigeria,Glo Nigeria,50,16.72,17,497,17/11/2020
C004023,Kenya,Airtel Kenya,89,17.56,20,766,01/09/2017
C004024,Pakistan,Telenor Pakistan,30,8.43,12,628,12/07/2022
C004025,Uganda,Airtel Uganda,46,11.51,20,675,25/02/2021
C004026,Pakistan,Telenor Pakistan,54,12.27,17,627,30/06/2020
C004027,Ghana,Telecel Ghana,29,8.98,15,565,09/08/2022
C004028,Ghana,Telecel Ghana,31,15.64,25,721,01/06/2022
C004029,Kenya,Safaricom,70,17.91,20,702,11/03/2019
C004030,Pakistan,Jazz,61,10.76,24,783,11/12/2019
C004031,Kenya,Safaricom,45,,23,650,03/04/2021
C004032,Kenya,Airtel Kenya,63,13.32,19,664,23/10/2019
C004033,Ghana,MTN Ghana,41,9.79,14,522,20/08/2021
C004034,Kenya,Airtel Kenya,41,17.34,13,674,23/07/2021
C004035,Nigeria,MTN Nigeria,29,22.21,34,698,19/07/2022
C004036,Kenya,Safaricom,32,11.95,11,648,19/04/2022
C004037,Kenya,Airtel Kenya,64,15.99,19,726,29/09/2019
C004038,Uganda,Airtel Uganda,44,8.53,12,566,02/05/2021
C004039,Kenya,Safaricom,46,15.85,31,759,16/03/2021
C004040,Uganda,MTN Uganda,68,10.64,16,666,24/05/2019
C004041,Kenya,Safaricom,36,14.86,19,635,05/01/2022
C004042,Uganda,MTN Uganda,61,9.35,19,731,23/12/2019
C004043,Nigeria,MTN Nigeria,53,19.11,19,772,08/08/2020
C004044,Pakistan,Telenor Pakistan,77,14.19,24,745,19/08/2018
C004045,Kenya,Safaricom,58,14.37,18,729,01/03/2020
C004046,Nigeria,MTN Nigeria,31,14.58,14,534,23/05/2022
C004047,Nigeria,MTN Nigeria,54,27.73,29,858,05/07/2020
C004048,Nigeria,MTN Nigeria,46,22.92,29,729,22/02/2021
C004049,Kenya,Airtel Kenya,25,14.48,10,600,01/12/2022
C004050,Uganda,MTN Uganda,1,5.55,6,386,30/11/2024
C004051,Pakistan,Jazz,42,10.74,16,614,25/06/2021
C004052,Ghana,MTN Ghana,37,13.74,20,717,08/12/2021
C004053,Kenya,Airtel Kenya,49,17.4,37,861,10/12/2020
C004054,Kenya,Airtel Kenya,48,12.8,22,769,11/01/2021
C004055,Uganda,Airtel Uganda,33,7.68,3,551,21/03/2022
C004056,Uganda,Airtel Uganda,19,6.08,6,381,31/05/2023
C004057,Nigeria,Airtel Nigeria,65,21.14,17,637,11/08/2019
C004058,Pakistan,Zong,46,11,15,600,03/03/2021
C004059,Kenya,Safaricom,58,8.99,8,485,12/03/2020
C004060,Uganda,Airtel Uganda,20,6.64,5,482,26/04/2023
C004061,Pakistan,Zong,39,8.52,20,495,17/10/2021
C004062,Uganda,Airtel Uganda,25,7.77,14,531,17/11/2022
C004063,Nigeria,MTN Nigeria,39,15.29,21,747,09/10/2021
C004064,Ghana,Telecel Ghana,76,15.19,28,699,29/09/2018
C004065,Nigeria,MTN Nigeria,25,19.92,12,607,07/12/2022
C004066,Uganda,Airtel Uganda,7,11.43,20,655,25/05/2024
C004067,Nigeria,MTN Nigeria,46,21.79,21,855,05/03/2021
C004068,Ghana,MTN Ghana,20,15.99,26,776,26/04/2023
C004069,Pakistan,Telenor Pakistan,28,12.2,14,683,20/08/2022
C004070,Nigeria,MTN Nigeria,35,20.24,24,,23/01/2022
C004071,Kenya,Safaricom,49,12.83,30,750,13/12/2020
C004072,Ghana,MTN Ghana,13,10.49,20,691,14/11/2023
C004073,Kenya,Safaricom,61,13.07,10,690,09/12/2019
C004074,Nigeria,Airtel Nigeria,16,22.46,20,700,15/08/2023
C004075,Nigeria,Airtel Nigeria,32,17.18,16,574,17/05/2022
C004076,Kenya,Safaricom,27,15.16,17,552,29/09/2022
C004077,Ghana,Telecel Ghana,40,9.65,17,494,01/09/2021
C004078,Ghana,Telecel Ghana,46,9.6,24,660,16/03/2021
C004079,Nigeria,MTN Nigeria,51,15.47,13,562,05/10/2020
C004080,Kenya,Safaricom,31,10.89,13,607,26/05/2022
C004081,Kenya,Safaricom,32,16.61,13,638,13/05/2022
C004082,Nigeria,MTN Nigeria,32,12.09,8,472,19/04/2022
C004083,Uganda,MTN Uganda,56,8.2,20,660,29/04/2020
C004084,Kenya,Safaricom,47,13.02,9,585,13/02/2021
C004085,Kenya,Safaricom,56,19.15,19,784,22/05/2020
C004086,Pakistan,Jazz,40,10.01,18,603,14/09/2021
C004087,Kenya,Safaricom,19,7.22,4,390,10/06/2023
C004088,Ghana,Telecel Ghana,25,8.47,8,382,13/12/2022
C004089,Nigeria,MTN Nigeria,66,12.78,12,595,23/07/2019
C004090,Nigeria,MTN Nigeria,24,14.73,12,494,24/12/2022
C004091,Nigeria,Airtel Nigeria,37,19.38,16,677,28/11/2021
C004092,Uganda,MTN Uganda,32,7.95,9,633,01/05/2022
C004093,Uganda,MTN Uganda,50,9.91,24,707,04/11/2020
C004094,Nigeria,MTN Nigeria,9,13.68,15,657,02/04/2024
C004095,Nigeria,MTN Nigeria,12,9.05,3,327,09/12/2023
C004096,Kenya,Safaricom,51,14.44,14,623,19/10/2020
C004097,Ghana,MTN Ghana,40,11.97,24,747,08/09/2021
C004098,Ghana,MTN Ghana,31,7.4,13,499,28/05/2022
C004099,Ghana,MTN Ghana,76,13.71,22,704,02/10/2018
C004100,Pakistan,Zong,40,10.94,13,592,06/09/2021
C004101,Nigeria,MTN Nigeria,1,11.31,3,308,04/11/2024
C004102,Ghana,MTN Ghana,6,10.99,13,492,29/06/2024
C004103,Ghana,MTN Ghana,45,13.57,28,763,04/04/2021
C004104,Kenya,Safaricom,45,17.45,28,866,04/04/2021
C004105,Pakistan,Telenor Pakistan,46,11.91,16,707,21/03/2021
C004106,Nigeria,Airtel Nigeria,29,18.01,15,569,14/08/2022
C004107,Uganda,MTN Uganda,67,10.78,22,766,28/06/2019
C004108,Uganda,MTN Uganda,12,9.4,4,504,07/01/2024
C004109,Pakistan,Zong,39,11.71,11,675,04/10/2021
C004110,Kenya,Safaricom,38,11.71,14,582,11/11/2021
C004111,Kenya,Airtel Kenya,58,19.67,24,813,11/03/2020
C004112,Uganda,MTN Uganda,39,7.41,15,605,11/10/2021
C004113,Uganda,MTN Uganda,4,11.35,21,646,24/08/2024
C004114,Kenya,Safaricom,29,10.46,8,499,12/08/2022
C004115,Uganda,MTN Uganda,31,9.13,9,566,24/05/2022
C004116,Nigeria,Airtel Nigeria,26,10.29,1,311,10/11/2022
C004117,Ghana,MTN Ghana,60,11.04,20,768,01/01/2020
C004118,Pakistan,Telenor Pakistan,19,6.97,5,345,06/06/2023
C004119,Kenya,Safaricom,45,12.92,14,651,24/03/2021
C004120,Kenya,Airtel Kenya,47,10.34,2,480,31/01/2021
C004121,Pakistan,Telenor Pakistan,53,7.99,5,598,01/08/2020
C004122,Uganda,Airtel Uganda,30,8.27,11,472,22/06/2022
C004123,Pakistan,Zong,76,13.25,15,698,22/09/2018
C004124,Kenya,Safaricom,23,10.19,6,553,06/02/2023
C004125,Pakistan,Zong,16,10.91,17,570,20/08/2023
C004126,Nigeria,Glo Nigeria,51,24.84,29,784,05/10/2020
C004127,Kenya,Safaricom,28,10.27,14,572,21/08/2022
C004128,Kenya,Safaricom,1,16.2,16,593,25/11/2024
C004129,Uganda,MTN Uganda,36,7.96,22,727,24/12/2021
C004130,Pakistan,Telenor Pakistan,35,10.22,3,520,21/01/2022
C004131,Uganda,MTN Uganda,46,10.9,25,742,02/03/2021
C004132,Ghana,Telecel Ghana,47,18.87,32,884,13/02/2021
C004133,Kenya,Safaricom,51,15.26,30,775,17/10/2020
C004134,Kenya,Safaricom,40,12.88,15,630,16/09/2021
C004135,Kenya,Safaricom,57,18.14,16,726,03/04/2020
C004136,Nigeria,Airtel Nigeria,32,19.99,24,669,04/05/2022
C004137,Kenya,Safaricom,56,15.45,21,680,18/05/2020
C004138,Pakistan,Telenor Pakistan,42,14.91,31,884,17/07/2021
C004139,Uganda,MTN Uganda,17,7.61,7,456,27/07/2023
C004140,Uganda,MTN Uganda,75,8.6,24,770,30/10/2018
C004141,Kenya,Safaricom,25,11.69,14,656,18/11/2022
C004142,Kenya,Airtel Kenya,22,10.32,13,544,03/03/2023
C004143,Nigeria,MTN Nigeria,16,13.79,14,590,27/08/2023
C004144,Kenya,Safaricom,38,19.33,32,779,30/10/2021
C004145,Kenya,Safaricom,42,13.53,20,654,01/07/2021
C004146,Nigeria,Airtel Nigeria,62,20.87,15,788,26/11/2019
C004147,Nigeria,MTN Nigeria,40,14.33,18,654,17/09/2021
C004148,Ghana,MTN Ghana,46,16.4,25,785,15/03/2021
C004149,Kenya,Safaricom,18,10.22,14,605,19/06/2023
C004150,Kenya,Safaricom,34,12.38,16,717,21/02/2022
C004151,Nigeria,MTN Nigeria,4,15.93,13,487,05/08/2024
C004152,Kenya,Safaricom,53,12.02,15,672,17/08/2020
C004153,Kenya,Safaricom,57,17.53,23,714,05/04/2020
C004154,Kenya,Airtel Kenya,19,,3,396,06/06/2023
C004155,Ghana,MTN Ghana,50,14.22,17,698,18/11/2020
C004156,Nigeria,Glo Nigeria,64,16.52,27,790,14/09/2019
C004157,Pakistan,Telenor Pakistan,51,11.36,24,767,22/10/2020
C004158,Nigeria,MTN Nigeria,71,20.58,23,779,04/03/2019
C004159,Kenya,Safaricom,30,16.29,20,713,17/06/2022
C004160,Nigeria,MTN Nigeria,43,,22,750,28/05/2021
C004161,Kenya,Safaricom,31,12.12,14,630,27/05/2022
C004162,Nigeria,Glo Nigeria,51,19.52,12,668,18/10/2020
C004163,Pakistan,Telenor Pakistan,25,9.8,23,729,11/12/2022
C004164,Kenya,Safaricom,67,17.5,26,712,29/06/2019
C004165,Ghana,MTN Ghana,38,11.78,15,520,06/11/2021
C004166,Nigeria,MTN Nigeria,64,13.42,18,624,06/09/2019
C004167,Nigeria,Airtel Nigeria,42,14.68,14,677,04/07/2021
C004168,Kenya,Safaricom,40,18.24,25,749,25/08/2021
C004169,Kenya,Safaricom,52,17.34,21,677,28/08/2020
C004170,Kenya,Safaricom,64,17.22,25,751,08/09/2019
C004171,Pakistan,Jazz,40,12.22,27,778,17/09/2021
C004172,Uganda,Airtel Uganda,1,8.84,19,522,25/11/2024
C004173,Pakistan,Jazz,8,8.86,11,591,26/04/2024
C004174,Nigeria,MTN Nigeria,40,20.32,10,597,04/09/2021
C004175,Uganda,Airtel Uganda,54,9.4,14,540,03/07/2020
C004176,Ghana,Telecel Ghana,15,12.78,11,585,10/09/2023
C004177,Ghana,MTN Ghana,36,13.9,13,655,19/12/2021
C004178,Pakistan,Telenor Pakistan,40,13.93,25,715,05/09/2021
C004179,Ghana,Telecel Ghana,70,9.54,14,664,05/03/2019
C004180,Pakistan,Jazz,49,7.33,4,333,25/11/2020
C004181,Uganda,MTN Uganda,46,8.21,11,640,19/03/2021
C004182,Nigeria,MTN Nigeria,62,18.89,22,757,09/11/2019
C004183,Ghana,MTN Ghana,48,10.06,19,581,09/01/2021
C004184,Kenya,Airtel Kenya,19,11.94,21,624,17/05/2023
C004185,Pakistan,Telenor Pakistan,62,12.22,28,788,03/11/2019
C004186,Uganda,Airtel Uganda,14,7.81,12,518,03/11/2023
C004187,Nigeria,Airtel Nigeria,41,15.72,24,699,02/08/2021
C004188,Nigeria,Airtel Nigeria,59,16.93,20,668,31/01/2020
C004189,Nigeria,Airtel Nigeria,50,18.96,21,765,03/11/2020
C004190,Kenya,Safaricom,65,17.54,24,757,06/08/2019
C004191,Nigeria,MTN Nigeria,43,13.27,12,441,31/05/2021
C004192,Uganda,MTN Uganda,22,11.85,17,753,18/02/2023
C004193,Ghana,MTN Ghana,15,15.04,17,741,14/09/2023
C004194,Uganda,MTN Uganda,68,12.02,23,784,05/05/2019
C004195,Nigeria,MTN Nigeria,70,18.52,19,794,29/03/2019
C004196,Kenya,Safaricom,52,16.04,17,748,01/09/2020
C004197,Nigeria,Airtel Nigeria,31,13.14,8,465,05/06/2022
C004198,Pakistan,Jazz,53,8.38,21,642,08/08/2020
C004199,Nigeria,MTN Nigeria,63,24.53,27,774,11/10/2019
C004200,Nigeria,MTN Nigeria,32,,17,607,28/04/2022
C004201,Nigeria,MTN Nigeria,55,22.09,19,662,21/06/2020
C004202,Uganda,Airtel Uganda,43,8.36,30,754,28/05/2021
C004203,Nigeria,MTN Nigeria,50,21.78,19,,02/11/2020
C004204,Ghana,MTN Ghana,52,12.22,23,763,02/09/2020
C004205,Uganda,MTN Uganda,34,12.62,19,,28/02/2022
C004206,Uganda,Airtel Uganda,19,9.15,7,529,25/05/2023
C004207,Nigeria,Airtel Nigeria,78,14.64,24,701,29/07/2018
C004208,Nigeria,MTN Nigeria,45,17.92,26,882,05/04/2021
C004209,Kenya,Safaricom,21,8.84,8,346,04/04/2023
C004210,Nigeria,Airtel Nigeria,40,12.72,12,546,24/08/2021
C004211,Ghana,Telecel Ghana,49,10.61,28,776,22/12/2020
C004212,Kenya,Safaricom,45,15.88,11,587,22/04/2021
C004213,Kenya,Safaricom,29,10.99,14,447,25/07/2022
C004214,Nigeria,MTN Nigeria,15,10.87,15,500,18/09/2023
C004215,Ghana,MTN Ghana,46,11.43,10,629,07/03/2021
C004216,Nigeria,Airtel Nigeria,35,15.56,17,687,31/01/2022
C004217,Ghana,Telecel Ghana,77,16.09,28,792,04/09/2018
C004218,Nigeria,Glo Nigeria,47,13.83,24,655,27/01/2021
C004219,Pakistan,Telenor Pakistan,41,11.95,27,798,26/07/2021
C004220,Ghana,MTN Ghana,21,6.19,3,349,06/04/2023
C004221,Nigeria,Glo Nigeria,21,19.92,11,586,12/04/2023
C004222,Nigeria,MTN Nigeria,36,12.37,16,555,02/01/2022
C004223,Kenya,Safaricom,43,17.43,19,735,14/06/2021
C004224,Nigeria,Airtel Nigeria,44,22.47,25,861,19/05/2021
C004225,Nigeria,MTN Nigeria,23,18.95,14,597,08/02/2023
C004226,Pakistan,Zong,93,11.73,30,858,24/04/2017
C004227,Ghana,Telecel Ghana,14,7.49,11,307,29/10/2023
C004228,Nigeria,Airtel Nigeria,30,20.2,20,604,24/06/2022
C004229,Ghana,Telecel Ghana,41,11.9,23,775,11/08/2021
C004230,Nigeria,MTN Nigeria,40,13.83,11,567,01/09/2021
C004231,Pakistan,Jazz,40,15.09,25,772,11/09/2021
C004232,Nigeria,Airtel Nigeria,14,14.35,19,527,23/10/2023
C004233,Uganda,Airtel Uganda,48,12.52,26,757,02/01/2021
C004234,Uganda,Airtel Uganda,31,9.36,14,539,06/06/2022
C004235,Nigeria,MTN Nigeria,25,,11,546,17/11/2022
C004236,Nigeria,MTN Nigeria,19,13.13,15,556,23/05/2023
C004237,Kenya,Safaricom,44,15.36,27,768,16/05/2021
C004238,Pakistan,Telenor Pakistan,28,10.15,16,586,19/08/2022
C004239,Kenya,Airtel Kenya,28,13.44,16,612,31/08/2022
C004240,Ghana,Telecel Ghana,24,8.64,4,393,22/12/2022
C004241,Uganda,MTN Uganda,54,6.54,18,407,16/07/2020
C004242,Uganda,MTN Uganda,42,7.59,5,426,21/07/2021
C004243,Kenya,Safaricom,79,13.36,19,771,21/06/2018
C004244,Kenya,Safaricom,22,11.52,13,528,26/02/2023
C004245,Uganda,MTN Uganda,64,7.18,16,640,09/09/2019
C004246,Nigeria,Airtel Nigeria,37,12.93,18,568,26/11/2021
C004247,Pakistan,Telenor Pakistan,47,8.53,18,554,01/02/2021
C004248,Nigeria,MTN Nigeria,45,20.54,12,630,07/04/2021
C004249,Nigeria,Airtel Nigeria,15,11.29,4,407,09/10/2023
C004250,Uganda,Airtel Uganda,44,7.5,11,567,05/05/2021
C004251,Kenya,Safaricom,55,17.25,25,744,29/05/2020
C004252,Nigeria,MTN Nigeria,1,14.93,12,476,05/11/2024
C004253,Nigeria,Airtel Nigeria,47,20.07,21,757,19/02/2021
C004254,Kenya,Airtel Kenya,30,7.8,6,359,20/06/2022
C004255,Uganda,Airtel Uganda,50,9.37,16,721,19/11/2020
C004256,Nigeria,MTN Nigeria,59,18.1,21,801,25/02/2020
C004257,Nigeria,MTN Nigeria,5,9.89,1,348,04/08/2024
C004258,Kenya,Airtel Kenya,42,11.59,17,628,06/07/2021
C004259,Pakistan,Jazz,42,11.95,20,689,16/07/2021
C004260,Nigeria,MTN Nigeria,43,23.13,17,724,03/06/2021
C004261,Pakistan,Zong,28,9.1,18,627,31/08/2022
C004262,Pakistan,Jazz,53,9.14,21,635,31/07/2020
C004263,Nigeria,Airtel Nigeria,34,17.28,8,515,12/03/2022
C004264,Uganda,Airtel Uganda,20,5.84,4,349,05/05/2023
C004265,Ghana,MTN Ghana,64,11.64,16,566,15/09/2019
C004266,Kenya,Safaricom,50,17.65,19,688,19/11/2020
C004267,Kenya,Safaricom,70,18.24,18,795,21/03/2019
C004268,Uganda,Airtel Uganda,52,11.86,20,744,07/09/2020
C004269,Uganda,Airtel Uganda,34,8.8,15,638,28/02/2022
C004270,Uganda,Airtel Uganda,17,9.98,13,555,27/07/2023
C004271,Pakistan,Jazz,48,12.53,19,706,19/01/2021
C004272,Kenya,Airtel Kenya,5,12.17,26,709,28/07/2024
C004273,Uganda,Airtel Uganda,54,11.51,22,774,24/07/2020
C004274,Pakistan,Telenor Pakistan,59,10.56,18,823,30/01/2020
C004275,Nigeria,Airtel Nigeria,31,16.19,15,578,30/05/2022
C004276,Nigeria,MTN Nigeria,43,15.23,27,702,12/06/2021
C004277,Kenya,Airtel Kenya,14,13.11,13,554,30/10/2023
C004278,Pakistan,Jazz,48,8.2,9,491,21/01/2021
C004279,Nigeria,MTN Nigeria,34,17.73,16,632,04/03/2022
C004280,Uganda,Airtel Uganda,24,9.94,19,637,11/01/2023
C004281,Nigeria,Glo Nigeria,46,14.97,15,619,02/03/2021
C004282,Kenya,Airtel Kenya,29,10.3,5,496,09/08/2022
C004283,Ghana,MTN Ghana,45,13.68,20,776,19/04/2021
C004284,Nigeria,MTN Nigeria,29,16.91,15,594,12/08/2022
C004285,Pakistan,Telenor Pakistan,35,11.69,17,586,16/02/2022
C004286,Nigeria,MTN Nigeria,51,13.97,11,536,13/10/2020
C004287,Pakistan,Zong,47,11.15,17,654,20/02/2021
C004288,Nigeria,Airtel Nigeria,27,16.97,11,498,12/10/2022
C004289,Pakistan,Jazz,48,10.83,12,592,16/01/2021
C004290,Ghana,MTN Ghana,34,9.7,14,571,02/03/2022
C004291,Nigeria,MTN Nigeria,50,18.25,22,705,17/11/2020
C004292,Nigeria,Glo Nigeria,45,21.7,14,678,10/04/2021
C004293,Nigeria,Airtel Nigeria,48,16.94,18,639,10/01/2021
C004294,Ghana,MTN Ghana,38,11.2,16,706,01/11/2021
C004295,Uganda,MTN Uganda,17,8.6,10,575,09/08/2023
C004296,Kenya,Safaricom,60,13.33,18,729,30/12/2019
C004297,Kenya,Safaricom,49,11.33,16,477,21/12/2020
C004298,Ghana,Telecel Ghana,22,14.25,10,633,12/02/2023
C004299,Kenya,Safaricom,19,10.64,4,360,03/06/2023
C004300,Ghana,MTN Ghana,36,12.98,19,682,05/01/2022
C004301,Kenya,Airtel Kenya,71,21.75,32,872,02/03/2019
C004302,Uganda,MTN Uganda,47,11.4,27,687,10/02/2021
C004303,Pakistan,Jazz,92,13.43,17,680,17/05/2017
C004304,Kenya,Safaricom,27,14.29,15,542,24/09/2022
C004305,Nigeria,MTN Nigeria,75,25.25,23,798,17/10/2018
C004306,Nigeria,MTN Nigeria,60,14.35,15,597,17/01/2020
C004307,Ghana,Telecel Ghana,34,7.54,11,472,19/02/2022
C004308,Kenya,Airtel Kenya,54,13.57,18,817,03/07/2020
C004309,Pakistan,Jazz,41,11.36,17,645,13/08/2021
C004310,Ghana,Telecel Ghana,40,14.29,19,652,01/09/2021
C004311,Kenya,Safaricom,30,9.64,1,313,05/07/2022
C004312,Uganda,Airtel Uganda,17,9.3,14,532,05/08/2023
C004313,Nigeria,MTN Nigeria,48,24.04,16,779,03/01/2021
C004314,Uganda,Airtel Uganda,35,9.47,18,645,04/02/2022
C004315,Nigeria,MTN Nigeria,30,21.79,31,844,14/07/2022
C004316,Ghana,Telecel Ghana,27,7.11,3,323,19/09/2022
C004317,Pakistan,Zong,54,7.95,13,626,08/07/2020
C004318,Uganda,MTN Uganda,36,11.74,15,717,01/01/2022
C004319,Pakistan,Telenor Pakistan,55,11.29,19,641,28/05/2020
C004320,Kenya,Safaricom,12,11.1,19,597,17/12/2023
C004321,Uganda,Airtel Uganda,35,9.23,15,588,18/01/2022
C004322,Ghana,MTN Ghana,35,11.83,14,617,26/01/2022
C004323,Ghana,MTN Ghana,50,15.37,14,758,18/11/2020
C004324,Nigeria,Airtel Nigeria,38,19.36,16,606,04/11/2021
C004325,Nigeria,MTN Nigeria,42,16.58,17,695,06/07/2021
C004326,Ghana,MTN Ghana,26,11.81,11,552,05/11/2022
C004327,Nigeria,MTN Nigeria,41,15.78,26,687,11/08/2021
C004328,Uganda,MTN Uganda,45,6.59,2,451,05/04/2021
C004329,Uganda,MTN Uganda,45,11.58,18,822,10/04/2021
C004330,Pakistan,Telenor Pakistan,66,10.55,14,550,29/07/2019
C004331,Nigeria,Airtel Nigeria,20,17.53,11,523,25/04/2023
C004332,Pakistan,Jazz,43,8.15,15,647,04/06/2021
C004333,Nigeria,MTN Nigeria,29,13.38,9,409,22/07/2022
C004334,Kenya,Safaricom,13,10.28,7,361,05/12/2023
C004335,Uganda,Airtel Uganda,42,7.94,4,418,08/07/2021
C004336,Nigeria,Airtel Nigeria,33,11.89,8,466,21/03/2022
C004337,Nigeria,MTN Nigeria,38,15.34,19,669,11/11/2021
C004338,Nigeria,MTN Nigeria,72,21.11,24,794,11/01/2019
C004339,Kenya,Safaricom,27,17.53,21,679,04/10/2022
C004340,Uganda,MTN Uganda,32,8.75,16,661,12/05/2022
C004341,Nigeria,MTN Nigeria,48,17.71,19,648,01/01/2021
C004342,Nigeria,MTN Nigeria,50,21.29,21,629,31/10/2020
C004343,Ghana,Telecel Ghana,42,10.95,16,610,24/06/2021
C004344,Nigeria,MTN Nigeria,40,19.55,18,680,29/08/2021
C004345,Uganda,Airtel Uganda,36,11.63,17,647,08/01/2022
C004346,Pakistan,Telenor Pakistan,54,9.51,14,616,05/07/2020
C004347,Uganda,MTN Uganda,25,5.82,4,418,13/12/2022
C004348,Pakistan,Zong,31,10.24,19,706,06/06/2022
C004349,Kenya,Safaricom,45,19.57,29,881,16/04/2021
C004350,Uganda,MTN Uganda,73,9.32,19,781,19/12/2018
C004351,Nigeria,Airtel Nigeria,4,8.62,4,334,14/08/2024
C004352,Nigeria,MTN Nigeria,48,16.85,19,705,05/01/2021
C004353,Ghana,MTN Ghana,61,12.16,25,657,24/12/2019
C004354,Nigeria,Airtel Nigeria,23,11.82,7,330,31/01/2023
C004355,Pakistan,Telenor Pakistan,41,12.94,27,800,18/08/2021
C004356,Ghana,MTN Ghana,29,14.33,23,702,30/07/2022
C004357,Pakistan,Zong,54,9.91,8,474,04/07/2020
C004358,Kenya,Safaricom,37,19.06,30,805,11/12/2021
C004359,Kenya,Safaricom,22,12.68,13,528,26/02/2023
C004360,Uganda,MTN Uganda,45,7.11,17,637,27/03/2021
C004361,Nigeria,MTN Nigeria,28,14.63,8,535,11/09/2022
C004362,Kenya,Safaricom,40,10.86,12,546,22/08/2021
C004363,Ghana,Telecel Ghana,35,15.23,19,861,07/02/2022
C004364,Pakistan,Telenor Pakistan,32,11.81,14,586,08/05/2022
C004365,Uganda,Airtel Uganda,35,6.45,7,460,26/01/2022
C004366,Nigeria,MTN Nigeria,61,17.57,22,787,19/12/2019
C004367,Kenya,Safaricom,37,18.01,15,725,06/12/2021
C004368,Ghana,Telecel Ghana,36,17.27,26,789,11/01/2022
C004369,Nigeria,Airtel Nigeria,54,23.78,26,788,22/07/2020
C004370,Kenya,Airtel Kenya,29,13.5,29,,21/07/2022
C004371,Nigeria,Glo Nigeria,59,17.93,24,641,25/02/2020
C004372,Nigeria,MTN Nigeria,46,17.89,20,693,19/03/2021
C004373,Kenya,Safaricom,40,17.61,27,776,26/08/2021
C004374,Nigeria,Glo Nigeria,14,15.8,13,519,16/10/2023
C004375,Ghana,MTN Ghana,18,10.72,9,494,05/07/2023
C004376,Nigeria,MTN Nigeria,14,14.97,15,623,15/10/2023
C004377,Uganda,Airtel Uganda,35,9.08,13,490,26/01/2022
C004378,Nigeria,MTN Nigeria,31,16.17,36,692,07/06/2022
C004379,Pakistan,Jazz,55,10.05,27,764,24/06/2020
C004380,Nigeria,MTN Nigeria,49,20.96,19,667,30/11/2020
C004381,Kenya,Safaricom,47,12.2,16,557,01/02/2021
C004382,Kenya,Safaricom,46,14.64,21,678,10/03/2021
C004383,Nigeria,MTN Nigeria,64,18.18,21,742,22/09/2019
C004384,Kenya,Airtel Kenya,51,9.25,15,524,14/10/2020
C004385,Uganda,MTN Uganda,16,4.37,3,306,01/09/2023
C004386,Pakistan,Telenor Pakistan,47,12.5,15,684,26/01/2021
C004387,Kenya,Airtel Kenya,32,12.3,19,649,11/05/2022
C004388,Nigeria,Airtel Nigeria,23,20.97,19,619,29/01/2023
C004389,Uganda,MTN Uganda,55,9.96,15,596,07/06/2020
C004390,Ghana,MTN Ghana,25,8.21,6,347,12/12/2022
C004391,Nigeria,Airtel Nigeria,46,19.37,19,596,08/03/2021
C004392,Uganda,Airtel Uganda,25,9.34,14,571,24/11/2022
C004393,Kenya,Safaricom,62,13.39,15,620,14/11/2019
C004394,Ghana,MTN Ghana,44,15.97,19,746,03/05/2021
C004395,Kenya,Safaricom,35,15.36,20,742,02/02/2022
C004396,Kenya,Safaricom,21,9.48,18,521,24/03/2023
C004397,Nigeria,Airtel Nigeria,61,17.64,15,614,30/11/2019
C004398,Uganda,Airtel Uganda,8,5.73,11,460,26/04/2024
C004399,Nigeria,Airtel Nigeria,20,16.11,11,535,02/05/2023
C004400,Uganda,Airtel Uganda,91,13.14,20,743,22/06/2017
C004401,Uganda,Airtel Uganda,43,8.41,8,516,19/06/2021
C004402,Uganda,Airtel Uganda,20,6.99,14,543,04/05/2023
C004403,Nigeria,MTN Nigeria,34,17.15,21,777,14/03/2022
C004404,Nigeria,MTN Nigeria,23,18.8,27,754,29/01/2023
C004405,Kenya,Safaricom,50,13.43,22,755,20/11/2020
C004406,Ghana,Telecel Ghana,62,14.4,23,785,23/11/2019
C004407,Pakistan,Telenor Pakistan,65,12.45,18,674,19/08/2019
C004408,Kenya,Safaricom,6,13.78,16,578,17/06/2024
C004409,Pakistan,Telenor Pakistan,20,11.13,23,644,30/04/2023
C004410,Nigeria,Airtel Nigeria,41,17.86,15,680,27/07/2021
C004411,Kenya,Safaricom,83,12.3,20,671,14/02/2018
C004412,Nigeria,MTN Nigeria,27,10.55,1,319,12/10/2022
C004413,Uganda,MTN Uganda,23,5.63,11,365,22/01/2023
C004414,Nigeria,Glo Nigeria,30,18.26,21,752,16/07/2022
C004415,Nigeria,Glo Nigeria,1,,1,339,27/11/2024
C004416,Uganda,Airtel Uganda,41,8.93,13,652,29/07/2021
C004417,Kenya,Safaricom,46,13.5,25,748,06/03/2021
C004418,Nigeria,Airtel Nigeria,42,19.45,14,730,12/07/2021
C004419,Nigeria,MTN Nigeria,30,14.9,17,601,12/07/2022
C004420,Kenya,Airtel Kenya,20,13.36,11,536,03/05/2023
C004421,Kenya,Safaricom,36,13.15,23,787,25/12/2021
C004422,Nigeria,MTN Nigeria,63,21.3,16,672,14/10/2019
C004423,Ghana,MTN Ghana,30,12.17,15,687,13/07/2022
C004424,Nigeria,MTN Nigeria,47,16.27,22,795,07/02/2021
C004425,Ghana,Telecel Ghana,27,7.8,14,500,08/10/2022
C004426,Kenya,Airtel Kenya,44,15.23,13,565,19/05/2021
C004427,Nigeria,MTN Nigeria,18,15.15,14,530,09/07/2023
C004428,Nigeria,MTN Nigeria,44,16.36,11,514,30/04/2021
C004429,Nigeria,Airtel Nigeria,28,19.78,18,608,10/09/2022
C004430,Nigeria,Airtel Nigeria,41,17.2,21,696,15/08/2021
C004431,Kenya,Safaricom,61,13.54,13,601,04/12/2019
C004432,Pakistan,Jazz,28,11.94,15,686,21/08/2022
C004433,Uganda,Airtel Uganda,60,12.6,26,760,13/01/2020
C004434,Kenya,Safaricom,59,14.64,17,705,05/02/2020
C004435,Ghana,Telecel Ghana,27,10.12,10,429,14/10/2022
C004436,Ghana,MTN Ghana,48,14.5,23,776,17/01/2021
C004437,Uganda,MTN Uganda,61,9.13,10,515,19/12/2019
C004438,Nigeria,Airtel Nigeria,39,14.07,19,643,27/09/2021
C004439,Nigeria,MTN Nigeria,38,15.88,20,584,16/11/2021
C004440,Kenya,Safaricom,41,13.16,23,722,01/08/2021
C004441,Nigeria,Airtel Nigeria,27,15.66,10,454,12/10/2022
C004442,Kenya,Airtel Kenya,48,11.13,21,574,24/12/2020
C004443,Pakistan,Telenor Pakistan,23,9.12,4,484,05/02/2023
C004444,Pakistan,Jazz,1,6.79,7,505,11/11/2024
C004445,Nigeria,Airtel Nigeria,41,13.57,12,570,02/08/2021
C004446,Kenya,Safaricom,23,12.68,23,634,31/01/2023
C004447,Kenya,Safaricom,57,17.73,25,727,05/04/2020
C004448,Kenya,Safaricom,35,11.48,8,589,29/01/2022
C004449,Ghana,MTN Ghana,58,14.36,18,692,15/03/2020
C004450,Nigeria,MTN Nigeria,38,24.16,18,799,30/10/2021
C004451,Uganda,Airtel Uganda,42,13.7,23,781,13/07/2021
C004452,Pakistan,Jazz,39,12.39,24,706,27/09/2021
C004453,Ghana,Telecel Ghana,1,8.54,11,409,11/11/2024
C004454,Ghana,Telecel Ghana,51,11.19,16,578,10/10/2020
C004455,Kenya,Safaricom,24,13.19,20,757,24/12/2022
C004456,Kenya,Safaricom,48,12.15,13,539,29/12/2020
C004457,Nigeria,MTN Nigeria,33,16.24,14,,29/03/2022
C004458,Ghana,MTN Ghana,28,7.82,23,543,06/09/2022
C004459,Nigeria,Airtel Nigeria,46,14.7,13,657,15/03/2021
C004460,Uganda,Airtel Uganda,40,9.19,22,596,22/08/2021
C004461,Kenya,Airtel Kenya,27,14.65,15,565,20/09/2022
C004462,Kenya,Safaricom,46,13.25,22,672,14/03/2021
C004463,Kenya,Safaricom,48,15.99,17,619,01/01/2021
C004464,Pakistan,Jazz,10,7.3,15,458,06/03/2024
C004465,Nigeria,Glo Nigeria,50,18.84,21,711,03/11/2020
C004466,Nigeria,MTN Nigeria,4,22.83,17,695,28/08/2024
C004467,Nigeria,MTN Nigeria,1,13.05,12,475,23/11/2024
C004468,Ghana,Telecel Ghana,40,10.67,18,547,23/08/2021
C004469,Pakistan,Telenor Pakistan,34,12.87,18,652,14/03/2022
C004470,Nigeria,MTN Nigeria,34,17.43,13,731,23/02/2022
C004471,Pakistan,Telenor Pakistan,36,8.09,15,608,05/01/2022
C004472,Nigeria,MTN Nigeria,15,14.88,8,417,26/09/2023
C004473,Ghana,MTN Ghana,13,9.62,11,494,25/11/2023
C004474,Nigeria,MTN Nigeria,1,11.86,1,311,05/11/2024
C004475,Kenya,Safaricom,5,15.21,20,585,20/07/2024
C004476,Ghana,Telecel Ghana,62,14.58,14,786,22/11/2019
C004477,Kenya,Safaricom,34,14.07,18,655,18/03/2022
C004478,Nigeria,Airtel Nigeria,63,19.92,22,751,23/10/2019
C004479,Uganda,MTN Uganda,8,4.63,13,337,02/05/2024
C004480,Pakistan,Telenor Pakistan,43,10.01,16,622,18/06/2021
C004481,Kenya,Airtel Kenya,48,19.16,25,779,24/12/2020
C004482,Ghana,MTN Ghana,34,12.87,14,563,05/03/2022
C004483,Uganda,Airtel Uganda,53,13.81,24,799,27/07/2020
C004484,Nigeria,Airtel Nigeria,24,18.33,20,536,28/12/2022
C004485,Pakistan,Telenor Pakistan,17,7.63,11,598,04/08/2023
C004486,Nigeria,MTN Nigeria,54,18.59,16,681,22/07/2020
C004487,Uganda,Airtel Uganda,53,6.67,15,518,03/08/2020
C004488,Nigeria,MTN Nigeria,74,21.61,23,767,01/12/2018
C004489,Nigeria,Glo Nigeria,25,19.25,13,572,12/12/2022
C004490,Kenya,Airtel Kenya,12,11.95,8,436,27/12/2023
C004491,Kenya,Safaricom,39,18.78,25,746,10/10/2021
C004492,Pakistan,Zong,48,11.69,25,781,16/01/2021
C004493,Pakistan,Zong,46,11.79,18,731,08/03/2021
C004494,Nigeria,Airtel Nigeria,32,17.59,22,731,30/04/2022
C004495,Nigeria,MTN Nigeria,10,15.68,13,547,23/02/2024
C004496,Kenya,Safaricom,39,12.42,18,625,04/10/2021
C004497,Kenya,Safaricom,1,19.66,23,807,12/11/2024
C004498,Kenya,Safaricom,29,11.78,8,534,11/08/2022
C004499,Pakistan,Zong,21,10.64,18,585,01/04/2023
C004500,Uganda,MTN Uganda,63,13.17,26,788,30/10/2019
C004501,Nigeria,Airtel Nigeria,47,13.72,19,542,23/01/2021
C004502,Kenya,Safaricom,61,16.16,15,708,10/12/2019
C004503,Ghana,Telecel Ghana,34,13.54,17,638,22/02/2022
C004504,Kenya,Safaricom,35,20.62,23,798,24/01/2022
C004505,Nigeria,Airtel Nigeria,31,15.67,18,690,16/06/2022
C004506,Kenya,Safaricom,43,14.97,11,629,07/06/2021
C004507,Kenya,Safaricom,25,15.9,18,768,17/11/2022
C004508,Nigeria,MTN Nigeria,40,10.42,8,391,02/09/2021
C004509,Uganda,Airtel Uganda,30,7.18,13,581,29/06/2022
C004510,Kenya,Safaricom,57,17.03,19,766,30/03/2020
C004511,Ghana,MTN Ghana,28,13.55,31,834,23/08/2022
C004512,Kenya,Safaricom,41,19.06,35,834,28/07/2021
C004513,Pakistan,Jazz,9,9.07,16,614,14/03/2024
C004514,Nigeria,Airtel Nigeria,58,14.01,13,678,18/03/2020
C004515,Nigeria,MTN Nigeria,33,18.3,17,587,19/03/2022
C004516,Kenya,Airtel Kenya,44,10.91,7,588,27/04/2021
C004517,Kenya,Airtel Kenya,33,10.87,8,552,17/04/2022
C004518,Nigeria,MTN Nigeria,21,8.73,6,323,27/03/2023
C004519,Uganda,MTN Uganda,19,6.37,4,447,04/06/2023
C004520,Nigeria,MTN Nigeria,34,16.8,15,616,03/03/2022
C004521,Nigeria,Glo Nigeria,33,18.46,9,580,24/03/2022
C004522,Kenya,Safaricom,50,16.1,20,695,03/11/2020
C004523,Uganda,MTN Uganda,31,5.8,14,454,24/05/2022
C004524,Pakistan,Telenor Pakistan,90,10.22,19,749,30/07/2017
C004525,Uganda,MTN Uganda,84,14.4,27,881,05/02/2018
C004526,Ghana,MTN Ghana,15,10.63,15,666,13/09/2023
C004527,Uganda,MTN Uganda,43,8.95,18,720,19/06/2021
C004528,Ghana,MTN Ghana,44,10.48,19,771,17/05/2021
C004529,Nigeria,Airtel Nigeria,48,16.37,15,513,01/01/2021
C004530,Ghana,MTN Ghana,25,10.84,6,518,01/12/2022
C004531,Uganda,MTN Uganda,33,6.74,9,477,03/04/2022
C004532,Kenya,Safaricom,1,7.55,10,422,01/12/2024
C004533,Ghana,Telecel Ghana,16,13.13,21,634,04/09/2023
C004534,Kenya,Safaricom,61,9.53,14,523,08/12/2019
C004535,Kenya,Airtel Kenya,52,16.58,23,794,08/09/2020
C004536,Nigeria,MTN Nigeria,27,21.36,16,678,06/10/2022
C004537,Ghana,Telecel Ghana,45,10.62,22,668,10/04/2021
C004538,Pakistan,Jazz,39,12.43,22,830,07/10/2021
C004539,Nigeria,Airtel Nigeria,48,23.04,21,806,26/12/2020
C004540,Kenya,Safaricom,27,17.55,27,758,18/09/2022
C004541,Nigeria,Glo Nigeria,32,18.66,21,704,03/05/2022
C004542,Nigeria,Glo Nigeria,52,22.24,28,872,19/09/2020
C004543,Pakistan,Jazz,58,10.37,20,661,11/03/2020
C004544,Kenya,Safaricom,56,16.09,22,757,27/05/2020
C004545,Kenya,Safaricom,24,7.45,1,325,24/12/2022
C004546,Nigeria,MTN Nigeria,42,16.31,20,681,04/07/2021
C004547,Pakistan,Telenor Pakistan,52,9.57,17,640,29/08/2020
C004548,Nigeria,Airtel Nigeria,5,11.15,3,377,22/07/2024
C004549,Uganda,MTN Uganda,8,5.77,2,385,20/04/2024
C004550,Nigeria,MTN Nigeria,19,10.13,3,312,10/06/2023
C004551,Nigeria,Glo Nigeria,26,15.66,7,524,20/10/2022
C004552,Ghana,MTN Ghana,13,7.96,3,309,30/11/2023
C004553,Nigeria,Airtel Nigeria,36,18.37,16,637,26/12/2021
C004554,Ghana,MTN Ghana,64,14.32,20,718,23/09/2019
C004555,Nigeria,MTN Nigeria,54,13.03,16,582,16/07/2020
C004556,Uganda,MTN Uganda,25,9.72,17,586,06/12/2022
C004557,Uganda,MTN Uganda,1,5.09,1,302,06/11/2024
C004558,Uganda,Airtel Uganda,40,13.16,27,789,27/08/2021
C004559,Nigeria,MTN Nigeria,17,18.25,12,531,20/07/2023
C004560,Uganda,Airtel Uganda,45,7.2,21,556,13/04/2021
C004561,Pakistan,Telenor Pakistan,47,11.25,11,559,30/01/2021
C004562,Nigeria,MTN Nigeria,35,22.46,17,779,02/02/2022
C004563,Nigeria,MTN Nigeria,41,23.74,27,802,30/07/2021
C004564,Uganda,Airtel Uganda,26,10.53,23,747,06/11/2022
C004565,Nigeria,Airtel Nigeria,47,17.86,25,712,05/02/2021
C004566,Ghana,MTN Ghana,38,13.3,18,639,21/10/2021
C004567,Uganda,MTN Uganda,56,7.79,29,700,25/05/2020
C004568,Nigeria,Airtel Nigeria,33,13.68,9,468,25/03/2022
C004569,Ghana,MTN Ghana,41,8.11,17,546,31/07/2021
C004570,Ghana,Telecel Ghana,36,13.73,25,887,05/01/2022
C004571,Kenya,Safaricom,51,20.91,30,899,27/09/2020
C004572,Pakistan,Telenor Pakistan,55,12.16,21,665,05/06/2020
C004573,Nigeria,MTN Nigeria,23,17.81,16,536,27/01/2023
C004574,Kenya,Safaricom,4,12.71,15,510,25/08/2024
C004575,Uganda,MTN Uganda,55,10.65,6,680,06/06/2020
C004576,Nigeria,Airtel Nigeria,16,16.09,9,,07/09/2023
C004577,Uganda,MTN Uganda,57,9.77,16,662,20/04/2020
C004578,Nigeria,Airtel Nigeria,19,12.53,5,394,30/05/2023
C004579,Kenya,Safaricom,20,12.37,8,457,06/05/2023
C004580,Nigeria,MTN Nigeria,47,15.42,14,480,05/02/2021
C004581,Ghana,Telecel Ghana,26,14.61,21,722,18/10/2022
C004582,Uganda,MTN Uganda,58,9.12,14,611,18/03/2020
C004583,Uganda,MTN Uganda,25,8.69,9,581,01/12/2022
C004584,Pakistan,Zong,38,10.5,21,592,06/11/2021
C004585,Ghana,Telecel Ghana,49,14.32,18,730,02/12/2020
C004586,Uganda,Airtel Uganda,33,9.53,17,640,27/03/2022
C004587,Kenya,Safaricom,34,13.08,29,714,11/03/2022
C004588,Pakistan,Telenor Pakistan,20,7.17,8,475,16/04/2023
C004589,Ghana,Telecel Ghana,21,10.96,14,598,24/03/2023
C004590,Pakistan,Jazz,67,8.74,17,618,06/06/2019
C004591,Nigeria,Airtel Nigeria,37,18.33,13,705,22/11/2021
C004592,Kenya,Safaricom,77,15.72,21,900,19/08/2018
C004593,Uganda,Airtel Uganda,62,8.71,19,731,08/11/2019
C004594,Nigeria,Airtel Nigeria,52,22.79,19,729,06/09/2020
C004595,Nigeria,MTN Nigeria,26,14.6,12,506,26/10/2022
C004596,Pakistan,Telenor Pakistan,45,12.5,15,678,07/04/2021
C004597,Kenya,Safaricom,36,8.64,13,496,11/01/2022
C004598,Nigeria,MTN Nigeria,28,12.22,2,476,03/09/2022
C004599,Kenya,Safaricom,15,10.7,17,635,18/09/2023
C004600,Kenya,Safaricom,21,12.25,23,749,21/03/2023
C004601,Ghana,MTN Ghana,70,10.32,23,743,20/03/2019
C004602,Pakistan,Jazz,12,12.86,23,798,04/01/2024
C004603,Pakistan,Telenor Pakistan,47,9.12,17,699,17/02/2021
C004604,Ghana,MTN Ghana,45,15.42,21,757,27/03/2021
C004605,Ghana,MTN Ghana,47,12.82,25,708,18/02/2021
C004606,Kenya,Airtel Kenya,31,14.23,20,757,08/06/2022
C004607,Pakistan,Telenor Pakistan,37,10.62,17,545,17/12/2021
C004608,Nigeria,MTN Nigeria,46,18.73,24,689,17/03/2021
C004609,Nigeria,Glo Nigeria,87,18.04,14,722,15/10/2017
C004610,Pakistan,Jazz,56,13.46,24,820,19/05/2020
C004611,Pakistan,Zong,34,6.49,1,323,21/02/2022
C004612,Kenya,Safaricom,19,15.02,13,673,18/05/2023
C004613,Ghana,Telecel Ghana,53,13.75,20,624,04/08/2020
C004614,Kenya,Safaricom,30,10.27,13,484,08/07/2022
C004615,Kenya,Safaricom,51,15.07,22,733,25/09/2020
C004616,Nigeria,MTN Nigeria,20,12.2,1,341,24/04/2023
C004617,Nigeria,MTN Nigeria,68,19.71,20,683,10/05/2019
C004618,Kenya,Safaricom,51,19.45,16,742,14/10/2020
C004619,Kenya,Safaricom,23,14.79,15,587,23/01/2023
C004620,Kenya,Safaricom,20,11.81,10,521,23/04/2023
C004621,Nigeria,MTN Nigeria,52,18.75,22,646,07/09/2020
C004622,Pakistan,Telenor Pakistan,47,10.26,16,658,04/02/2021
C004623,Ghana,Telecel Ghana,36,12.72,28,882,27/12/2021
C004624,Pakistan,Telenor Pakistan,53,10.99,21,711,27/07/2020
C004625,Nigeria,Airtel Nigeria,36,19.07,24,801,22/12/2021
C004626,Ghana,Telecel Ghana,31,9.5,10,,07/06/2022
C004627,Uganda,MTN Uganda,38,11.86,24,771,23/10/2021
C004628,Kenya,Safaricom,39,18.04,16,690,09/10/2021
C004629,Nigeria,Glo Nigeria,39,15.76,23,734,12/10/2021
C004630,Nigeria,Airtel Nigeria,64,17.84,22,667,25/09/2019
C004631,Nigeria,Airtel Nigeria,36,14.01,14,523,27/12/2021
C004632,Kenya,Airtel Kenya,43,10.47,8,447,08/06/2021
C004633,Kenya,Safaricom,91,13.12,22,748,18/06/2017
C004634,Nigeria,MTN Nigeria,46,,19,717,26/02/2021
C004635,Ghana,Telecel Ghana,53,10.61,12,527,09/08/2020
C004636,Nigeria,MTN Nigeria,31,16.64,14,673,10/06/2022
C004637,Kenya,Safaricom,69,17.64,28,771,30/04/2019
C004638,Ghana,Telecel Ghana,30,10.91,27,680,18/06/2022
C004639,Nigeria,Airtel Nigeria,36,15.64,13,606,08/01/2022
C004640,Nigeria,MTN Nigeria,58,24.51,26,769,28/03/2020
C004641,Nigeria,Airtel Nigeria,46,12.61,21,590,12/03/2021
C004642,Nigeria,MTN Nigeria,29,17.8,18,745,22/07/2022
C004643,Kenya,Airtel Kenya,22,15.68,6,587,11/03/2023
C004644,Nigeria,MTN Nigeria,54,16.04,26,716,06/07/2020
C004645,Nigeria,Glo Nigeria,19,12.47,9,455,30/05/2023
C004646,Pakistan,Telenor Pakistan,28,12.02,20,767,18/08/2022
C004647,Pakistan,Jazz,30,9.7,13,538,03/07/2022
C004648,Nigeria,MTN Nigeria,45,20.7,20,732,07/04/2021
C004649,Kenya,Safaricom,50,16.89,33,743,10/11/2020
C004650,Kenya,Safaricom,40,14.91,11,552,30/08/2021
C004651,Uganda,Airtel Uganda,44,8.53,17,613,20/05/2021
C004652,Uganda,Airtel Uganda,15,7.26,16,479,08/10/2023
C004653,Nigeria,MTN Nigeria,33,21.26,22,637,31/03/2022
C004654,Nigeria,Airtel Nigeria,57,15.28,23,686,16/04/2020
C004655,Kenya,Airtel Kenya,10,10.92,4,376,02/03/2024
C004656,Pakistan,Zong,24,10.63,11,518,20/12/2022
C004657,Pakistan,Jazz,35,16.74,18,871,25/01/2022
C004658,Nigeria,MTN Nigeria,33,12.64,14,574,14/04/2022
C004659,Ghana,Telecel Ghana,41,11.48,16,603,15/08/2021
C004660,Nigeria,MTN Nigeria,1,15.42,13,462,09/11/2024
C004661,Ghana,MTN Ghana,21,10.29,23,617,29/03/2023
C004662,Pakistan,Telenor Pakistan,21,11.58,22,683,03/04/2023
C004663,Kenya,Safaricom,60,14.19,26,749,13/01/2020
C004664,Nigeria,Airtel Nigeria,9,13.99,16,619,27/03/2024
C004665,Ghana,MTN Ghana,13,7.93,9,331,06/12/2023
C004666,Kenya,Safaricom,47,16.19,15,597,02/02/2021
C004667,Uganda,Airtel Uganda,26,5.41,13,440,24/10/2022
C004668,Kenya,Airtel Kenya,40,12.87,24,731,17/09/2021
C004669,Pakistan,Zong,35,9.2,14,523,09/02/2022
C004670,Nigeria,Glo Nigeria,40,10.53,3,455,01/09/2021
C004671,Nigeria,MTN Nigeria,32,16.82,19,570,25/04/2022
C004672,Kenya,Airtel Kenya,1,12.15,12,482,05/11/2024
C004673,Nigeria,Glo Nigeria,60,17.79,22,685,10/01/2020
C004674,Nigeria,MTN Nigeria,41,18.13,16,584,18/08/2021
C004675,Ghana,MTN Ghana,57,12.51,29,873,17/04/2020
C004676,Nigeria,MTN Nigeria,1,9.09,9,325,25/11/2024
C004677,Nigeria,Airtel Nigeria,35,20.1,15,642,18/01/2022
C004678,Nigeria,Airtel Nigeria,36,16.32,24,759,17/01/2022
C004679,Nigeria,MTN Nigeria,11,13,9,513,26/01/2024
C004680,Pakistan,Jazz,33,10.41,18,,02/04/2022
C004681,Pakistan,Telenor Pakistan,37,10.19,21,717,10/12/2021
C004682,Nigeria,MTN Nigeria,44,20.81,21,789,01/05/2021
C004683,Uganda,Airtel Uganda,60,12.53,22,757,25/01/2020
C004684,Uganda,MTN Uganda,50,9.22,18,722,27/10/2020
C004685,Pakistan,Jazz,30,9.8,15,613,04/07/2022
C004686,Kenya,Safaricom,35,11.77,21,708,05/02/2022
C004687,Nigeria,Glo Nigeria,21,15.53,12,498,16/03/2023
C004688,Kenya,Airtel Kenya,33,12.56,8,614,13/04/2022
C004689,Pakistan,Jazz,54,13.52,22,714,12/07/2020
C004690,Uganda,MTN Uganda,32,8.56,20,745,17/05/2022
C004691,Kenya,Safaricom,71,18.52,21,764,17/02/2019
C004692,Nigeria,MTN Nigeria,32,14.64,4,439,08/05/2022
C004693,Uganda,Airtel Uganda,9,12.42,22,771,15/03/2024
C004694,Pakistan,Jazz,29,9.47,9,501,31/07/2022
C004695,Kenya,Safaricom,66,14.51,28,777,14/07/2019
C004696,Ghana,MTN Ghana,52,12.54,14,729,28/08/2020
C004697,Kenya,Safaricom,23,11.03,8,517,14/01/2023
C004698,Kenya,Safaricom,43,13.29,16,702,15/06/2021
C004699,Kenya,Safaricom,36,12.46,15,562,02/01/2022
C004700,Uganda,MTN Uganda,51,10.26,22,644,01/10/2020
C004701,Pakistan,Jazz,32,12.91,27,820,14/05/2022
C004702,Kenya,Safaricom,31,17.47,13,654,02/06/2022
C004703,Kenya,Airtel Kenya,64,15.5,16,,14/09/2019
C004704,Kenya,Safaricom,13,7.54,1,310,12/11/2023
C004705,Nigeria,MTN Nigeria,50,13.3,13,490,21/11/2020
C004706,Nigeria,MTN Nigeria,64,12.09,5,392,05/09/2019
C004707,Nigeria,Airtel Nigeria,33,17.3,12,657,10/04/2022
C004708,Kenya,Airtel Kenya,24,12.68,21,673,18/12/2022
C004709,Nigeria,Airtel Nigeria,32,16.7,21,600,28/04/2022
C004710,Kenya,Safaricom,59,15.87,18,676,15/02/2020
C004711,Uganda,Airtel Uganda,45,6.89,11,486,18/04/2021
C004712,Nigeria,MTN Nigeria,66,13.81,7,552,22/07/2019
C004713,Ghana,Telecel Ghana,48,11.74,14,761,31/12/2020
C004714,Pakistan,Telenor Pakistan,33,7.62,3,475,11/04/2022
C004715,Ghana,MTN Ghana,23,9.27,14,570,22/01/2023
C004716,Nigeria,MTN Nigeria,1,11.67,3,339,26/11/2024
C004717,Kenya,Safaricom,41,15.59,21,674,18/08/2021
C004718,Ghana,MTN Ghana,34,12.61,23,791,28/02/2022
C004719,Kenya,Airtel Kenya,33,12.69,13,444,24/03/2022
C004720,Nigeria,MTN Nigeria,7,17.58,19,596,08/05/2024
C004721,Kenya,Safaricom,37,13.27,20,746,03/12/2021
C004722,Kenya,Airtel Kenya,34,13.77,9,530,28/02/2022
C004723,Nigeria,MTN Nigeria,52,22.03,13,732,04/09/2020
C004724,Ghana,MTN Ghana,36,11.15,22,608,05/01/2022
C004725,Nigeria,Airtel Nigeria,54,11.84,6,474,25/07/2020
C004726,Kenya,Airtel Kenya,72,18.62,16,758,26/01/2019
C004727,Uganda,MTN Uganda,30,7.75,18,649,05/07/2022
C004728,Nigeria,MTN Nigeria,51,13.24,5,483,05/10/2020
C004729,Ghana,Telecel Ghana,71,14.56,20,703,23/02/2019
C004730,Kenya,Airtel Kenya,39,16.45,17,661,13/10/2021
C004731,Kenya,Safaricom,50,17.3,26,762,27/10/2020
C004732,Pakistan,Jazz,25,6.22,14,473,11/12/2022
C004733,Kenya,Airtel Kenya,17,10.13,15,482,18/07/2023
C004734,Nigeria,MTN Nigeria,43,24.73,24,796,19/06/2021
C004735,Pakistan,Jazz,59,11.67,14,645,18/02/2020
C004736,Uganda,Airtel Uganda,35,8.82,8,510,22/01/2022
C004737,Ghana,MTN Ghana,41,10.78,20,764,26/07/2021
C004738,Nigeria,MTN Nigeria,30,22.67,27,693,05/07/2022
C004739,Nigeria,Airtel Nigeria,25,14.44,15,602,13/12/2022
C004740,Ghana,Telecel Ghana,44,12.01,22,729,24/04/2021
C004741,Nigeria,MTN Nigeria,50,19.41,22,607,28/10/2020
C004742,Nigeria,MTN Nigeria,29,17.38,19,670,01/08/2022
C004743,Uganda,Airtel Uganda,59,10.94,17,713,27/02/2020
C004744,Nigeria,Airtel Nigeria,38,16.51,18,582,29/10/2021
C004745,Nigeria,Airtel Nigeria,48,22.86,19,724,30/12/2020
C004746,Nigeria,Airtel Nigeria,65,17.07,23,764,07/08/2019
C004747,Kenya,Safaricom,52,11.41,20,647,03/09/2020
C004748,Ghana,Telecel Ghana,15,11.82,14,606,13/09/2023
C004749,Pakistan,Zong,38,15.31,26,828,03/11/2021
C004750,Nigeria,MTN Nigeria,47,24.87,29,776,17/02/2021
C004751,Nigeria,Glo Nigeria,30,12.46,7,454,26/06/2022
C004752,Kenya,Airtel Kenya,50,13.11,18,524,17/11/2020
C004753,Kenya,Safaricom,36,12.22,12,582,30/12/2021
C004754,Kenya,Safaricom,77,15.37,31,790,01/09/2018
C004755,Pakistan,Telenor Pakistan,37,9.23,18,742,17/12/2021
C004756,Kenya,Safaricom,41,14.4,21,765,07/08/2021
C004757,Kenya,Safaricom,20,8.97,16,463,25/04/2023
C004758,Pakistan,Telenor Pakistan,34,10.42,27,726,14/03/2022
C004759,Nigeria,MTN Nigeria,38,10.73,11,405,26/10/2021
C004760,Pakistan,Jazz,1,12.17,13,633,13/11/2024
C004761,Kenya,Airtel Kenya,34,12.43,19,666,22/02/2022
C004762,Kenya,Safaricom,56,16,17,635,17/05/2020
C004763,Pakistan,Telenor Pakistan,34,12.22,14,636,27/02/2022
C004764,Kenya,Safaricom,47,11.81,16,536,24/01/2021
C004765,Kenya,Safaricom,60,12.41,8,493,23/01/2020
C004766,Nigeria,MTN Nigeria,52,19.21,18,790,31/08/2020
C004767,Ghana,MTN Ghana,34,5.53,1,356,28/02/2022
C004768,Ghana,Telecel Ghana,72,12.13,22,600,12/01/2019
C004769,Nigeria,Airtel Nigeria,36,15.59,10,528,30/12/2021
C004770,Uganda,MTN Uganda,32,8.08,12,553,27/04/2022
C004771,Ghana,MTN Ghana,39,10.64,6,468,26/09/2021
C004772,Kenya,Safaricom,62,16.92,25,708,28/11/2019
C004773,Nigeria,Airtel Nigeria,38,16.57,11,627,18/11/2021
C004774,Kenya,Safaricom,22,9.12,7,513,11/03/2023
C004775,Nigeria,Airtel Nigeria,70,22.34,18,702,07/03/2019
C004776,Nigeria,MTN Nigeria,10,12.33,4,324,24/02/2024
C004777,Kenya,Safaricom,64,16.71,24,731,01/09/2019
C004778,Nigeria,Airtel Nigeria,30,15.45,8,480,19/06/2022
C004779,Nigeria,Airtel Nigeria,72,19.21,26,711,23/01/2019
C004780,Ghana,Telecel Ghana,1,5.87,1,326,30/11/2024
C004781,Kenya,Safaricom,29,17.57,15,677,21/07/2022
C004782,Pakistan,Telenor Pakistan,53,11.66,13,655,13/08/2020
C004783,Pakistan,Telenor Pakistan,19,10.08,12,595,03/06/2023
C004784,Ghana,MTN Ghana,48,14.15,16,727,30/12/2020
C004785,Pakistan,Telenor Pakistan,48,7.97,13,459,08/01/2021
C004786,Pakistan,Telenor Pakistan,9,7.87,12,603,28/03/2024
C004787,Kenya,Safaricom,53,17.09,21,740,14/08/2020
C004788,Uganda,MTN Uganda,69,8.58,19,791,06/04/2019
C004789,Nigeria,MTN Nigeria,41,15.6,13,662,11/08/2021
C004790,Ghana,Telecel Ghana,24,9.51,21,622,15/12/2022
C004791,Kenya,Safaricom,41,14.21,27,714,03/08/2021
C004792,Nigeria,MTN Nigeria,37,24.44,27,766,17/12/2021
C004793,Nigeria,MTN Nigeria,53,16.89,18,794,22/08/2020
C004794,Pakistan,Jazz,41,10.69,15,709,02/08/2021
C004795,Kenya,Safaricom,34,16.5,27,677,14/03/2022
C004796,Nigeria,Airtel Nigeria,41,18.79,14,578,16/08/2021
C004797,Nigeria,MTN Nigeria,64,19.84,12,655,17/09/2019
C004798,Kenya,Safaricom,30,13.14,14,469,03/07/2022
C004799,Uganda,MTN Uganda,69,11.85,22,760,05/04/2019
C004800,Uganda,MTN Uganda,59,9.65,17,586,01/02/2020
C004801,Kenya,Safaricom,10,8.75,1,381,09/02/2024
C004802,Nigeria,Airtel Nigeria,43,15.83,16,640,19/06/2021
C004803,Nigeria,Airtel Nigeria,23,14.2,16,512,18/01/2023
C004804,Kenya,Safaricom,1,10.7,5,402,04/11/2024
C004805,Uganda,MTN Uganda,38,8.92,19,561,31/10/2021
C004806,Uganda,Airtel Uganda,34,12.4,17,771,17/02/2022
C004807,Kenya,Safaricom,41,13.51,14,574,27/07/2021
C004808,Ghana,MTN Ghana,1,8.78,14,402,12/11/2024
C004809,Kenya,Safaricom,36,10.57,10,569,05/01/2022
C004810,Ghana,Telecel Ghana,1,6.81,7,372,22/11/2024
C004811,Kenya,Safaricom,57,16.32,24,739,16/04/2020
C004812,Ghana,MTN Ghana,26,7.84,14,547,06/11/2022
C004813,Kenya,Safaricom,42,19.51,21,763,04/07/2021
C004814,Pakistan,Jazz,30,5.13,1,313,04/07/2022
C004815,Kenya,Airtel Kenya,16,7.67,8,405,01/09/2023
C004816,Nigeria,MTN Nigeria,36,17.32,14,580,12/01/2022
C004817,Nigeria,MTN Nigeria,43,16.73,15,729,06/06/2021
C004818,Kenya,Safaricom,55,16.31,26,738,26/06/2020
C004819,Kenya,Safaricom,57,12.76,15,667,16/04/2020
C004820,Ghana,Telecel Ghana,56,10.49,14,692,26/05/2020
C004821,Uganda,Airtel Uganda,16,7.55,6,439,30/08/2023
C004822,Nigeria,Glo Nigeria,52,15.12,11,576,05/09/2020
C004823,Ghana,MTN Ghana,19,10.76,13,560,23/05/2023
C004824,Uganda,MTN Uganda,40,9.62,18,783,19/09/2021
C004825,Kenya,Safaricom,34,13.44,17,594,25/02/2022
C004826,Kenya,Safaricom,64,15.63,28,759,21/09/2019
C004827,Nigeria,Glo Nigeria,34,16.68,24,798,04/03/2022
C004828,Kenya,Safaricom,28,8.96,1,328,25/08/2022
C004829,Uganda,MTN Uganda,36,9.13,12,607,16/01/2022
C004830,Pakistan,Telenor Pakistan,44,15.13,24,787,17/05/2021
C004831,Ghana,Telecel Ghana,56,13.51,10,648,23/05/2020
C004832,Nigeria,MTN Nigeria,31,19.32,14,691,07/06/2022
C004833,Ghana,Telecel Ghana,83,10.65,16,764,09/03/2018
C004834,Uganda,Airtel Uganda,24,8.2,11,481,12/01/2023
C004835,Kenya,Airtel Kenya,53,17.04,32,781,10/08/2020
C004836,Uganda,MTN Uganda,64,11.16,13,664,27/09/2019
C004837,Nigeria,MTN Nigeria,46,19.35,23,690,10/03/2021
C004838,Nigeria,MTN Nigeria,56,13.01,14,622,21/05/2020
C004839,Nigeria,Glo Nigeria,9,19.72,11,626,08/03/2024
C004840,Nigeria,Glo Nigeria,9,12.12,11,349,03/04/2024
C004841,Pakistan,Telenor Pakistan,21,5.05,13,340,29/03/2023
C004842,Kenya,Safaricom,60,16.42,21,699,14/01/2020
C004843,Nigeria,MTN Nigeria,55,19.06,21,697,04/06/2020
C004844,Kenya,Safaricom,49,14.39,17,630,20/12/2020
C004845,Kenya,Safaricom,39,12.17,8,443,21/09/2021
C004846,Kenya,Safaricom,34,9.75,12,486,09/03/2022
C004847,Nigeria,Airtel Nigeria,1,11.52,15,535,01/12/2024
C004848,Ghana,MTN Ghana,61,10.12,24,646,08/12/2019
C004849,Nigeria,MTN Nigeria,17,17.6,10,522,25/07/2023
C004850,Uganda,MTN Uganda,34,6.76,13,522,27/02/2022
C004851,Nigeria,MTN Nigeria,42,19.09,17,646,24/06/2021
C004852,Uganda,Airtel Uganda,52,12.69,27,785,13/09/2020
C004853,Uganda,MTN Uganda,20,10.27,25,609,15/04/2023
C004854,Nigeria,MTN Nigeria,2,11.5,17,535,06/10/2024
C004855,Nigeria,MTN Nigeria,30,14.83,24,719,30/06/2022
C004856,Pakistan,Jazz,47,11.9,18,581,29/01/2021
C004857,Kenya,Safaricom,19,14.51,23,658,10/06/2023
C004858,Ghana,Telecel Ghana,17,7.8,22,525,23/07/2023
C004859,Nigeria,MTN Nigeria,37,11.71,6,540,16/12/2021
C004860,Nigeria,MTN Nigeria,20,18.77,18,592,29/04/2023
C004861,Kenya,Safaricom,16,12.56,1,,18/08/2023
C004862,Pakistan,Telenor Pakistan,39,10.43,20,627,18/10/2021
C004863,Nigeria,MTN Nigeria,47,17.32,21,681,09/02/2021
C004864,Uganda,Airtel Uganda,16,8.94,11,547,28/08/2023
C004865,Ghana,MTN Ghana,33,7.74,2,536,10/04/2022
C004866,Nigeria,MTN Nigeria,34,16.87,11,500,02/03/2022
C004867,Nigeria,MTN Nigeria,23,16.29,20,680,18/01/2023
C004868,Nigeria,Airtel Nigeria,18,8.7,4,332,12/06/2023
C004869,Kenya,Safaricom,32,13.55,17,688,20/04/2022
C004870,Ghana,Telecel Ghana,30,7.57,8,507,18/06/2022
C004871,Kenya,Safaricom,48,12.7,16,609,16/01/2021
C004872,Nigeria,Airtel Nigeria,46,22.37,19,759,20/03/2021
C004873,Ghana,Telecel Ghana,64,13.83,26,779,25/09/2019
C004874,Ghana,MTN Ghana,47,11.69,15,587,23/01/2021
C004875,Kenya,Safaricom,47,10.87,7,566,15/02/2021
C004876,Ghana,MTN Ghana,47,11.39,19,660,30/01/2021
C004877,Nigeria,Airtel Nigeria,68,21.34,25,795,21/05/2019
C004878,Ghana,Telecel Ghana,45,12.16,24,646,02/04/2021
C004879,Kenya,Safaricom,1,6.77,8,321,10/11/2024
C004880,Kenya,Safaricom,37,18.74,19,765,21/11/2021
C004881,Nigeria,MTN Nigeria,10,7.93,9,317,05/03/2024
C004882,Ghana,MTN Ghana,45,10.58,15,731,13/04/2021
C004883,Ghana,Telecel Ghana,18,5.62,3,305,08/07/2023
C004884,Kenya,Safaricom,16,12.15,14,499,29/08/2023
C004885,Pakistan,Jazz,77,9.43,27,733,26/08/2018
C004886,Uganda,Airtel Uganda,32,6.42,22,566,21/04/2022
C004887,Nigeria,Airtel Nigeria,36,16.25,20,597,27/12/2021
C004888,Ghana,Telecel Ghana,39,12.63,22,765,16/10/2021
C004889,Kenya,Safaricom,31,13.12,23,730,03/06/2022
C004890,Pakistan,Zong,32,10.23,15,572,26/04/2022
C004891,Nigeria,Airtel Nigeria,57,24.08,23,855,05/04/2020
C004892,Nigeria,MTN Nigeria,40,14.78,18,663,26/08/2021
C004893,Kenya,Safaricom,55,10.42,20,533,20/06/2020
C004894,Nigeria,Glo Nigeria,46,18.75,24,748,25/02/2021
C004895,Ghana,MTN Ghana,39,14.7,26,657,22/09/2021
C004896,Kenya,Airtel Kenya,63,18.82,19,783,24/10/2019
C004897,Nigeria,Airtel Nigeria,18,10.92,6,401,22/06/2023
C004898,Kenya,Airtel Kenya,36,13.92,13,503,28/12/2021
C004899,Pakistan,Telenor Pakistan,1,5.67,6,309,06/11/2024
C004900,Uganda,Airtel Uganda,16,8.25,15,594,07/09/2023
C004901,Kenya,Safaricom,48,19.07,24,733,16/01/2021
C004902,Nigeria,MTN Nigeria,33,18.66,19,610,23/03/2022
C004903,Nigeria,Airtel Nigeria,11,13.12,3,443,05/02/2024
C004904,Pakistan,Telenor Pakistan,36,10.13,18,582,03/01/2022
C004905,Uganda,Airtel Uganda,42,11.3,21,632,13/07/2021
C004906,Ghana,Telecel Ghana,33,10.5,21,699,30/03/2022
C004907,Pakistan,Telenor Pakistan,32,9.77,10,643,03/05/2022
C004908,Nigeria,Airtel Nigeria,29,13.01,9,472,21/07/2022
C004909,Ghana,MTN Ghana,28,15.39,21,694,12/09/2022
C004910,Nigeria,Glo Nigeria,27,13.28,12,601,29/09/2022
C004911,Nigeria,MTN Nigeria,32,10.71,13,456,02/05/2022
C004912,Kenya,Safaricom,37,13.1,19,615,03/12/2021
C004913,Kenya,Airtel Kenya,28,10.94,15,587,12/09/2022
C004914,Pakistan,Jazz,28,11.92,19,673,01/09/2022
C004915,Kenya,Safaricom,1,7.64,5,333,06/11/2024
C004916,Uganda,MTN Uganda,29,9.28,13,532,28/07/2022
C004917,Uganda,Airtel Uganda,75,11.34,15,705,01/11/2018
C004918,Ghana,MTN Ghana,40,9.99,11,543,29/08/2021
C004919,Pakistan,Jazz,24,13.29,20,705,16/12/2022
C004920,Kenya,Airtel Kenya,54,12.11,25,691,02/07/2020
C004921,Kenya,Safaricom,22,12.99,17,562,11/03/2023
C004922,Nigeria,MTN Nigeria,51,22,29,787,24/10/2020
C004923,Nigeria,Airtel Nigeria,33,16.09,13,675,12/04/2022
C004924,Pakistan,Jazz,59,6.79,10,510,17/02/2020
C004925,Kenya,Safaricom,7,10.67,18,455,09/05/2024
C004926,Kenya,Airtel Kenya,44,14.15,14,644,10/05/2021
C004927,Nigeria,Airtel Nigeria,29,18.84,14,643,17/07/2022
C004928,Kenya,Safaricom,60,13.97,21,756,26/01/2020
C004929,Uganda,Airtel Uganda,44,,25,645,30/04/2021
C004930,Nigeria,MTN Nigeria,62,23.06,17,695,07/11/2019
C004931,Uganda,MTN Uganda,43,,16,550,24/05/2021
C004932,Ghana,Telecel Ghana,18,11.76,13,503,26/06/2023
C004933,Uganda,MTN Uganda,89,11.28,12,710,23/08/2017
C004934,Nigeria,MTN Nigeria,22,10.53,4,320,13/03/2023
C004935,Ghana,Telecel Ghana,42,12.69,20,772,25/06/2021
C004936,Nigeria,MTN Nigeria,27,15.19,12,447,26/09/2022
C004937,Kenya,Safaricom,47,16.17,23,616,31/01/2021
C004938,Uganda,MTN Uganda,22,5.78,2,315,03/03/2023
C004939,Ghana,Telecel Ghana,54,14.48,20,736,24/07/2020
C004940,Nigeria,Airtel Nigeria,42,13.87,21,489,30/06/2021
C004941,Pakistan,Zong,57,9.05,17,699,06/04/2020
C004942,Nigeria,MTN Nigeria,37,25.41,17,769,13/12/2021
C004943,Ghana,Telecel Ghana,65,8.11,20,569,07/08/2019
C004944,Pakistan,Telenor Pakistan,56,8.26,10,484,27/05/2020
C004945,Kenya,Safaricom,56,14.27,21,706,08/05/2020
C004946,Uganda,MTN Uganda,40,10.66,26,648,17/09/2021
C004947,Ghana,Telecel Ghana,21,8.78,2,401,21/03/2023
C004948,Uganda,MTN Uganda,28,8.82,13,560,01/09/2022
C004949,Ghana,Telecel Ghana,44,10.48,16,734,13/05/2021
C004950,Ghana,MTN Ghana,10,10.83,20,686,14/02/2024
C004951,Nigeria,MTN Nigeria,74,16.83,21,783,10/11/2018
C004952,Uganda,Airtel Uganda,66,13.28,17,758,14/07/2019
C004953,Nigeria,Airtel Nigeria,13,14.05,19,623,16/11/2023
C004954,Pakistan,Telenor Pakistan,57,13.85,20,699,27/04/2020
C004955,Nigeria,Airtel Nigeria,50,16.8,18,772,30/10/2020
C004956,Nigeria,MTN Nigeria,40,21.97,15,693,02/09/2021
C004957,Pakistan,Telenor Pakistan,32,8.19,10,458,13/05/2022
C004958,Nigeria,MTN Nigeria,8,18.68,8,583,22/04/2024
C004959,Kenya,Safaricom,44,16.17,21,704,04/05/2021
C004960,Uganda,MTN Uganda,32,9.05,18,537,24/04/2022
C004961,Nigeria,MTN Nigeria,31,16.26,15,520,01/06/2022
C004962,Nigeria,MTN Nigeria,5,11.91,8,469,28/07/2024
C004963,Kenya,Safaricom,30,12.46,10,446,09/07/2022
C004964,Nigeria,Glo Nigeria,76,25.14,23,896,14/09/2018
C004965,Nigeria,MTN Nigeria,41,13.87,15,584,26/07/2021
C004966,Nigeria,MTN Nigeria,46,18.55,21,765,05/03/2021
C004967,Kenya,Safaricom,90,16.64,18,767,19/07/2017
C004968,Kenya,Safaricom,18,14.56,16,552,23/06/2023
C004969,Nigeria,MTN Nigeria,61,23.43,15,769,15/12/2019
C004970,Ghana,MTN Ghana,57,13.17,20,823,15/04/2020
C004971,Ghana,Telecel Ghana,81,15.28,19,790,24/04/2018
C004972,Nigeria,MTN Nigeria,57,15.93,21,784,27/04/2020
C004973,Kenya,Airtel Kenya,52,13.67,24,686,07/09/2020
C004974,Pakistan,Jazz,58,14.43,26,,23/03/2020
C004975,Ghana,Telecel Ghana,1,5.58,4,325,05/11/2024
C004976,Kenya,Safaricom,34,14.71,21,737,21/02/2022
C004977,Kenya,Safaricom,36,10.91,18,657,03/01/2022
C004978,Nigeria,Airtel Nigeria,50,12.76,21,599,05/11/2020
C004979,Uganda,MTN Uganda,53,9.12,15,771,24/08/2020
C004980,Pakistan,Jazz,33,8.05,19,601,31/03/2022
C004981,Pakistan,Jazz,35,6.02,2,327,22/01/2022
C004982,Nigeria,MTN Nigeria,18,23.96,24,752,26/06/2023
C004983,Kenya,Airtel Kenya,30,13.18,25,769,21/06/2022
C004984,Nigeria,Airtel Nigeria,1,20.23,20,628,30/11/2024
C004985,Kenya,Safaricom,67,17.66,29,765,03/06/2019
C004986,Kenya,Airtel Kenya,46,13.44,16,744,13/03/2021
C004987,Ghana,Telecel Ghana,65,,27,778,31/08/2019
C004988,Nigeria,Airtel Nigeria,38,15.1,17,648,31/10/2021
C004989,Pakistan,Jazz,54,11.89,15,637,08/07/2020
C004990,Nigeria,MTN Nigeria,46,22.08,30,744,20/03/2021
C004991,Nigeria,MTN Nigeria,54,18.3,25,754,16/07/2020
C004992,Pakistan,Jazz,28,6.21,8,456,18/08/2022
C004993,Uganda,MTN Uganda,34,6.55,16,517,13/03/2022
C004994,Kenya,Safaricom,60,13.67,15,581,26/01/2020
C004995,Ghana,MTN Ghana,27,11.23,22,786,20/09/2022
C004996,Nigeria,MTN Nigeria,49,21.18,21,781,03/12/2020
C004997,Nigeria,MTN Nigeria,41,18.17,18,630,06/08/2021
C004998,Kenya,Safaricom,32,13.07,10,535,08/05/2022
C004999,Kenya,Safaricom,34,11.66,18,651,20/02/2022
C005000,Ghana,MTN Ghana,37,12.59,24,715,23/11/2021
