ApplicationID,CustomerID,ApplicationDate,Product,RequestedAmount,BehavioralScoreAtDecision,Decision,DeclineReason
APP0000001,C000005,2025-06-03,BNPL,425.98,621,Approved,
APP0000002,C004135,2025-05-30,Nano,275.12,712,Approved,
APP0000003,C002365,2025-09-23,ACS,8.15,876,Approved,
APP0000004,C001667,2025-09-01,BNPL,543.51,774,Approved,
APP0000005,C001742,2025-04-13,ACS,25.85,653,Approved,
APP0000006,C002311,2025-04-28,Nano,222.7,771,Approved,
APP0000007,C002869,2025-01-12,ACS,20.32,511,Approved,
APP0000008,C004796,2025-05-20,Nano,211.73,586,Declined,Low Behavioural Score
APP0000009,C000126,2025-06-07,Nano,254.36,618,Approved,
APP0000010,C003040,2025-06-10,ACS,16.61,842,Approved,
APP0000011,C000329,2025-07-08,Nano,154.31,635,Approved,
APP0000012,C000031,2025-03-12,Nano,53.09,680,Approved,
APP0000013,C001516,2025-02-07,ACS,29.23,640,Approved,
APP0000014,C003887,2025-06-10,Nano,276.34,851,Approved,
APP0000015,C001729,2025-05-15,ACS,21.73,795,Approved,
APP0000016,C001807,2025-05-28,BNPL,567.06,642,Approved,
APP0000017,C004513,2025-02-13,Nano,181.1,602,Approved,
APP0000018,C001380,2025-05-06,ACS,9.37,488,Approved,
APP0000019,C003840,2025-06-13,ACS,22.29,623,Approved,
APP0000020,C004161,2025-06-24,ACS,23.22,622,Approved,
APP0000021,C003240,2025-02-27,Nano,191.84,453,Declined,Low Behavioural Score
APP0000022,C004838,2025-04-23,BNPL,106.12,634,Declined,High Existing Exposure
APP0000023,C004919,2025-07-05,Nano,41.11,687,Approved,
APP0000024,C000311,2025-03-27,Nano,60.51,376,Declined,Low Behavioural Score
APP0000025,C000851,2025-08-21,ACS,22.82,595,Approved,
APP0000026,C001952,2025-01-31,ACS,15.66,686,Approved,
APP0000027,C003331,2025-03-21,Nano,247.19,449,Declined,Low Behavioural Score
APP0000028,C001399,2025-07-16,ACS,29.1,512,Approved,
APP0000029,C003187,2025-05-09,BNPL,565.0,493,Declined,Low Behavioural Score
APP0000030,C004489,2025-04-04,ACS,12.88,580,Declined,Policy Rule Failure
APP0000031,C000032,2025-06-08,Nano,182.13,740,Approved,
APP0000032,C004339,2025-04-18,Nano,111.17,679,Approved,
APP0000033,C002431,2025-03-31,Nano,130.06,474,Approved,
APP0000034,C004506,2025-07-08,ACS,6.72,631,Approved,
APP0000035,C003402,2025-02-22,ACS,13.36,634,Approved,
APP0000036,C000214,2025-09-14,Nano,292.63,666,Approved,
APP0000037,C004512,2025-01-14,Nano,229.28,842,Approved,
APP0000038,C000251,2025-03-02,ACS,28.39,781,Approved,
APP0000039,C001252,2025-05-12,BNPL,382.58,776,Approved,
APP0000040,C002758,2025-04-01,Nano,81.99,547,Approved,
APP0000041,C004520,2025-08-09,ACS,6.78,630,Approved,
APP0000042,C000835,2025-11-11,Nano,176.32,548,Declined,Low Behavioural Score
APP0000043,C002691,2025-01-14,BNPL,829.7,561,Declined,High Existing Exposure
APP0000044,C000564,2025-04-13,ACS,29.41,544,Declined,Low Behavioural Score
APP0000045,C001699,2025-02-25,BNPL,286.64,787,Approved,
APP0000046,C001302,2025-08-07,Nano,39.78,871,Approved,
APP0000047,C002140,2025-02-16,Nano,144.63,715,Approved,
APP0000048,C003548,2025-05-18,Nano,131.07,527,Declined,Low Behavioural Score
APP0000049,C003604,2025-03-30,ACS,20.34,518,Approved,
APP0000050,C003359,2025-02-24,Nano,182.15,572,Declined,Incomplete Data
APP0000051,C000138,2025-03-11,Nano,182.15,584,Approved,
APP0000052,C003926,2025-07-16,Nano,289.27,568,Approved,
APP0000053,C003234,2025-03-04,Nano,246.59,668,Approved,
APP0000054,C000314,2025-10-20,Nano,158.75,873,Approved,
APP0000055,C004734,2025-07-17,ACS,9.84,779,Approved,
APP0000056,C003833,2025-05-25,ACS,25.95,658,Declined,High Existing Exposure
APP0000057,C003459,2025-09-27,BNPL,149.3,677,Approved,
APP0000058,C002454,2025-08-31,Nano,122.73,712,Approved,
APP0000059,C003974,2025-02-16,Nano,112.1,576,Declined,Incomplete Data
APP0000060,C001565,2025-06-06,ACS,5.86,544,Declined,Duplicate Application
APP0000061,C003624,2025-01-21,ACS,13.6,854,Approved,
APP0000062,C003052,2025-02-01,ACS,10.16,731,Approved,
APP0000063,C003052,2025-02-11,BNPL,672.87,720,Approved,
APP0000064,C003998,2025-02-06,ACS,12.3,612,Approved,
APP0000065,C000866,2025-01-29,BNPL,932.57,462,Approved,
APP0000066,C000520,2025-03-04,Nano,225.24,877,Approved,
APP0000067,C002777,2025-05-03,BNPL,215.56,641,Approved,
APP0000068,C004037,2025-06-24,ACS,24.48,727,Approved,
APP0000069,C001268,2025-02-18,BNPL,936.53,569,Approved,
APP0000070,C002848,2025-02-25,ACS,6.2,706,Approved,
APP0000071,C004786,2025-06-29,ACS,15.14,603,Approved,
APP0000072,C003101,2025-05-08,Nano,270.32,368,Declined,Low Behavioural Score
APP0000073,C000394,2025-03-17,BNPL,243.44,639,Approved,
APP0000074,C004395,2025-01-26,Nano,247.85,743,Approved,
APP0000075,C004881,2025-02-21,Nano,55.03,322,Declined,Low Behavioural Score
APP0000076,C003550,2025-03-17,BNPL,325.36,531,Approved,
APP0000077,C003053,2025-01-27,BNPL,693.58,538,Approved,
APP0000078,C002918,2025-05-03,Nano,27.44,740,Declined,High Existing Exposure
APP0000079,C003117,2025-01-11,Nano,239.44,579,Approved,
APP0000080,C001681,2025-01-12,ACS,21.84,591,Declined,Policy Rule Failure
APP0000081,C003224,2025-10-16,Nano,285.35,536,Approved,
APP0000082,C002552,2025-04-23,Nano,21.68,582,Approved,
APP0000083,C003961,2025-04-06,Nano,74.48,725,Approved,
APP0000084,C004183,2025-09-16,Nano,136.98,597,Approved,
APP0000085,C003550,2025-05-03,BNPL,745.03,519,Declined,Policy Rule Failure
APP0000086,C004979,2025-03-11,ACS,17.2,773,Approved,
APP0000087,C002244,2025-09-06,Nano,50.66,766,Approved,
APP0000088,C003781,2025-09-10,Nano,34.0,649,Approved,
APP0000089,C001714,2025-06-25,Nano,117.09,632,Approved,
APP0000090,C003951,2025-06-15,Nano,64.57,781,Approved,
APP0000091,C001337,2025-05-16,Nano,69.41,448,Approved,
APP0000092,C003498,2025-04-14,Nano,102.62,657,Approved,
APP0000093,C000072,2025-05-19,Nano,183.12,792,Approved,
APP0000094,C003835,2025-06-29,BNPL,805.92,722,Approved,
APP0000095,C001453,2025-05-06,ACS,10.21,594,Approved,
APP0000096,C001216,2025-04-27,ACS,15.77,400,Approved,
APP0000097,C001671,2025-05-31,Nano,222.55,681,Approved,
APP0000098,C002120,2025-04-02,ACS,26.49,657,Approved,
APP0000099,C000642,2025-06-28,ACS,10.22,747,Approved,
APP0000100,C002780,2025-07-07,ACS,26.01,739,Approved,
APP0000101,C000620,2025-04-06,Nano,141.79,749,Approved,
APP0000102,C002748,2025-05-02,ACS,21.18,662,Approved,
APP0000103,C001844,2025-09-13,ACS,16.61,664,Approved,
APP0000104,C002987,2025-02-06,Nano,228.65,695,Approved,
APP0000105,C000757,2025-03-27,ACS,23.02,722,Approved,
APP0000106,C004868,2025-06-29,ACS,17.95,324,Declined,Fraud Flag
APP0000107,C000075,2025-07-15,BNPL,958.35,509,Approved,
APP0000108,C004277,2025-04-27,ACS,27.59,564,Approved,
APP0000109,C001760,2025-04-07,BNPL,404.19,677,Approved,
APP0000110,C004140,2025-03-22,BNPL,207.99,763,Approved,
APP0000111,C002982,2025-02-08,ACS,8.67,388,Declined,Duplicate Application
APP0000112,C004152,2025-08-13,Nano,92.51,671,Approved,
APP0000113,C002776,2025-01-17,ACS,21.35,346,Declined,Low Behavioural Score
APP0000114,C003967,2025-01-27,ACS,9.68,664,Approved,
APP0000115,C003278,2025-08-29,Nano,177.52,872,Approved,
APP0000116,C003397,2025-04-06,Nano,229.85,515,Approved,
APP0000117,C002858,2025-05-19,BNPL,286.52,388,Declined,Fraud Flag
APP0000118,C001283,2025-03-14,Nano,106.12,601,Approved,
APP0000119,C004245,2025-09-24,Nano,32.63,646,Approved,
APP0000120,C004279,2025-07-01,Nano,52.09,641,Approved,
APP0000121,C003616,2025-02-11,ACS,14.36,475,Declined,Low Behavioural Score
APP0000122,C001399,2025-06-25,ACS,11.87,509,Approved,
APP0000123,C002037,2025-03-06,Nano,79.78,692,Declined,Low Behavioural Score
APP0000124,C003625,2025-03-06,Nano,111.48,360,Declined,Incomplete Data
APP0000125,C000934,2025-04-03,Nano,50.46,690,Approved,
APP0000126,C000555,2025-07-17,BNPL,754.78,764,Approved,
APP0000127,C002014,2025-05-22,Nano,186.24,407,Approved,
APP0000128,C002737,2025-02-19,ACS,11.55,578,Approved,
APP0000129,C004469,2025-05-22,ACS,8.39,641,Approved,
APP0000130,C001595,2025-06-09,Nano,31.68,625,Approved,
APP0000131,C001082,2025-01-07,Nano,210.31,654,Approved,
APP0000132,C003523,2025-02-27,ACS,10.34,700,Approved,
APP0000133,C004376,2025-04-17,Nano,140.71,614,Approved,
APP0000134,C004277,2025-02-17,BNPL,631.1,549,Approved,
APP0000135,C003163,2025-03-28,ACS,13.91,793,Approved,
APP0000136,C000078,2025-04-23,ACS,5.92,507,Declined,Low Behavioural Score
APP0000137,C003265,2025-06-16,Nano,166.77,480,Approved,
APP0000138,C000572,2025-03-27,BNPL,945.0,695,Approved,
APP0000139,C003938,2025-02-27,ACS,8.21,674,Approved,
APP0000140,C004628,2025-06-30,Nano,125.32,692,Approved,
APP0000141,C003054,2025-04-24,ACS,12.86,541,Approved,
APP0000142,C001197,2025-04-09,ACS,11.02,375,Declined,Fraud Flag
APP0000143,C001494,2025-06-17,ACS,20.78,514,Declined,Duplicate Application
APP0000144,C003654,2025-01-21,BNPL,433.16,573,Declined,Policy Rule Failure
APP0000145,C003800,2025-09-06,ACS,12.85,604,Approved,
APP0000146,C004063,2025-01-30,ACS,9.26,744,Approved,
APP0000147,C000509,2025-09-21,Nano,121.77,313,Declined,Policy Rule Failure
APP0000148,C003703,2025-02-07,BNPL,992.5,431,Declined,Duplicate Application
APP0000149,C004803,2025-06-17,ACS,26.69,521,Declined,Fraud Flag
APP0000150,C000161,2025-07-26,BNPL,186.41,453,Declined,Low Behavioural Score
APP0000151,C002156,2025-05-21,BNPL,669.05,500,Declined,Policy Rule Failure
APP0000152,C003678,2025-06-09,ACS,17.06,573,Declined,Low Behavioural Score
APP0000153,C002646,2025-03-22,ACS,21.97,719,Approved,
APP0000154,C004808,2025-04-28,ACS,28.51,391,Declined,High Existing Exposure
APP0000155,C003382,2025-04-22,Nano,45.37,565,Approved,
APP0000156,C001844,2025-06-15,ACS,18.85,643,Approved,
APP0000157,C003111,2025-06-23,Nano,39.37,663,Approved,
APP0000158,C003552,2025-08-06,BNPL,434.76,741,Approved,
APP0000159,C003908,2025-10-19,Nano,146.17,584,Approved,
APP0000160,C001383,2025-07-09,ACS,7.12,674,Approved,
APP0000161,C004581,2025-04-07,ACS,11.08,735,Approved,
APP0000162,C004988,2025-06-26,Nano,180.24,651,Approved,
APP0000163,C001079,2025-02-14,Nano,83.14,455,Declined,Low Behavioural Score
APP0000164,C001042,2025-08-03,ACS,22.99,615,Declined,Fraud Flag
APP0000165,C001924,2025-01-25,Nano,206.65,777,Approved,
APP0000166,C001528,2025-02-01,ACS,17.44,707,Approved,
APP0000167,C000933,2025-04-26,ACS,18.98,700,Approved,
APP0000168,C000840,2025-08-10,Nano,110.49,771,Approved,
APP0000169,C003550,2025-08-20,Nano,173.85,511,Declined,Policy Rule Failure
APP0000170,C004776,2025-03-19,ACS,13.03,325,Declined,Low Behavioural Score
APP0000171,C000479,2025-02-14,Nano,273.91,464,Approved,
APP0000172,C002858,2025-07-17,ACS,7.08,389,Declined,Low Behavioural Score
APP0000173,C001399,2025-04-17,ACS,10.08,508,Approved,
APP0000174,C001235,2025-06-02,ACS,11.3,792,Approved,
APP0000175,C002861,2025-06-02,Nano,240.58,682,Approved,
APP0000176,C000673,2025-03-15,Nano,146.61,501,Declined,High Existing Exposure
APP0000177,C000416,2025-04-18,ACS,18.88,816,Approved,
APP0000178,C004375,2025-04-10,ACS,12.39,502,Declined,High Existing Exposure
APP0000179,C002231,2025-08-01,BNPL,341.99,567,Declined,Duplicate Application
APP0000180,C000314,2025-03-16,ACS,21.21,880,Approved,
APP0000181,C004383,2025-05-01,ACS,22.15,737,Approved,
APP0000182,C003217,2025-08-14,Nano,165.09,774,Approved,
APP0000183,C003693,2025-09-06,ACS,22.59,531,Approved,
APP0000184,C003051,2025-05-06,Nano,236.49,544,Approved,
APP0000185,C002370,2025-07-19,Nano,48.5,482,Declined,Low Behavioural Score
APP0000186,C003859,2025-03-11,Nano,85.74,590,Approved,
APP0000187,C001724,2025-03-22,ACS,20.54,582,Approved,
APP0000188,C003410,2025-05-15,Nano,264.69,511,Declined,Fraud Flag
APP0000189,C004413,2025-08-18,Nano,247.14,370,Declined,Low Behavioural Score
APP0000190,C004183,2025-10-08,ACS,19.57,575,Approved,
APP0000191,C002773,2025-06-07,ACS,16.09,657,Approved,
APP0000192,C000191,2025-04-06,ACS,5.81,699,Approved,
APP0000193,C000077,2025-06-11,Nano,278.08,631,Approved,
APP0000194,C002152,2025-04-08,Nano,228.45,704,Declined,Incomplete Data
APP0000195,C003315,2025-02-28,Nano,99.57,458,Declined,Low Behavioural Score
APP0000196,C000405,2025-04-03,ACS,17.64,512,Approved,
APP0000197,C002054,2025-05-09,BNPL,315.28,598,Approved,
APP0000198,C002027,2025-05-01,Nano,276.35,787,Approved,
APP0000199,C002295,2025-06-29,ACS,16.21,565,Approved,
APP0000200,C002805,2025-04-02,ACS,26.35,585,Approved,
APP0000201,C001396,2025-09-16,BNPL,657.82,594,Declined,High Existing Exposure
APP0000202,C002969,2025-03-02,ACS,18.13,341,Declined,Policy Rule Failure
APP0000203,C002264,2025-02-04,ACS,27.67,497,Declined,Fraud Flag
APP0000204,C004624,2025-04-28,Nano,58.7,717,Approved,
APP0000205,C001623,2025-05-25,BNPL,157.95,651,Approved,
APP0000206,C004609,2025-01-31,ACS,21.58,730,Approved,
APP0000207,C004811,2025-04-05,ACS,27.88,747,Approved,
APP0000208,C001549,2025-04-25,Nano,57.4,469,Declined,Low Behavioural Score
APP0000209,C002038,2025-02-19,ACS,11.07,573,Approved,
APP0000210,C003496,2025-03-16,BNPL,459.77,655,Approved,
APP0000211,C002293,2025-02-27,BNPL,938.85,561,Approved,
APP0000212,C003564,2025-02-12,BNPL,867.44,549,Declined,Duplicate Application
APP0000213,C001296,2025-02-08,ACS,29.29,748,Approved,
APP0000214,C004786,2025-03-04,BNPL,796.39,604,Approved,
APP0000215,C003491,2025-06-08,Nano,117.55,492,Approved,
APP0000216,C000420,2025-04-08,ACS,6.32,697,Approved,
APP0000217,C001216,2025-06-13,Nano,192.31,391,Approved,
APP0000218,C003086,2025-05-01,BNPL,905.19,702,Approved,
APP0000219,C001466,2025-06-29,ACS,16.17,777,Approved,
APP0000220,C002037,2025-01-26,Nano,129.84,697,Declined,High Existing Exposure
APP0000221,C003233,2025-04-27,ACS,24.82,665,Approved,
APP0000222,C001737,2025-01-12,Nano,131.81,777,Approved,
APP0000223,C004521,2025-04-20,Nano,225.4,592,Declined,Incomplete Data
APP0000224,C003088,2025-06-02,ACS,10.2,533,Declined,Fraud Flag
APP0000225,C002098,2025-10-18,ACS,20.84,501,Declined,Low Behavioural Score
APP0000226,C001398,2025-03-08,Nano,179.57,745,Approved,
APP0000227,C001479,2025-06-10,ACS,15.97,774,Approved,
APP0000228,C000180,2025-10-05,ACS,13.22,579,Approved,
APP0000229,C000431,2025-04-23,BNPL,654.09,416,Approved,
APP0000230,C003889,2025-01-10,Nano,285.33,652,Approved,
APP0000231,C003844,2025-06-26,Nano,106.06,573,Approved,
APP0000232,C000434,2025-10-30,ACS,6.4,669,Approved,
APP0000233,C002763,2025-01-07,ACS,26.96,706,Approved,
APP0000234,C001641,2025-02-21,ACS,5.46,743,Approved,
APP0000235,C003488,2025-09-28,BNPL,157.49,461,Approved,
APP0000236,C002975,2025-09-17,Nano,60.14,432,Declined,Duplicate Application
APP0000237,C003998,2025-02-14,ACS,23.67,624,Approved,
APP0000238,C003119,2025-07-30,BNPL,161.77,611,Approved,
APP0000239,C001000,2025-06-12,Nano,158.82,745,Approved,
APP0000240,C003332,2025-04-04,ACS,8.45,667,Approved,
APP0000241,C004175,2025-05-22,ACS,18.9,541,Declined,Fraud Flag
APP0000242,C004973,2025-04-15,ACS,17.15,691,Declined,Incomplete Data
APP0000243,C003519,2025-05-05,Nano,107.0,647,Declined,Policy Rule Failure
APP0000244,C002007,2025-03-06,ACS,19.3,520,Declined,Low Behavioural Score
APP0000245,C002546,2025-05-07,ACS,12.66,709,Approved,
APP0000246,C000688,2025-07-31,BNPL,856.44,726,Approved,
APP0000247,C003185,2025-02-03,Nano,279.49,636,Approved,
APP0000248,C000690,2025-03-06,BNPL,566.84,887,Approved,
APP0000249,C001302,2025-01-22,ACS,8.08,873,Approved,
APP0000250,C002552,2025-04-12,BNPL,390.16,570,Approved,
APP0000251,C002393,2025-02-15,Nano,249.89,762,Approved,
APP0000252,C001919,2025-01-16,ACS,10.2,814,Approved,
APP0000253,C003237,2025-02-15,BNPL,214.71,521,Declined,High Existing Exposure
APP0000254,C004566,2025-07-16,ACS,29.07,644,Approved,
APP0000255,C004615,2025-08-24,BNPL,595.89,721,Approved,
APP0000256,C002555,2025-04-14,Nano,149.38,716,Approved,
APP0000257,C002759,2025-06-30,Nano,278.54,586,Declined,High Existing Exposure
APP0000258,C002260,2025-01-13,BNPL,582.82,777,Approved,
APP0000259,C004486,2025-03-08,ACS,17.37,670,Approved,
APP0000260,C004312,2025-07-14,Nano,104.06,538,Approved,
APP0000261,C000272,2025-02-13,Nano,209.19,770,Approved,
APP0000262,C003981,2025-05-05,ACS,22.85,604,Approved,
APP0000263,C000150,2025-03-21,ACS,8.38,708,Approved,
APP0000264,C003570,2025-05-21,ACS,24.52,749,Approved,
APP0000265,C001694,2025-02-22,ACS,16.06,465,Declined,Incomplete Data
APP0000266,C002637,2025-02-16,Nano,137.36,324,Declined,Low Behavioural Score
APP0000267,C003915,2025-05-09,BNPL,914.18,873,Approved,
APP0000268,C001174,2025-06-13,Nano,63.81,804,Approved,
APP0000269,C000665,2025-08-15,Nano,157.18,467,Declined,Low Behavioural Score
APP0000270,C002838,2025-02-28,Nano,146.24,494,Declined,Low Behavioural Score
APP0000271,C004190,2025-03-18,ACS,20.04,754,Approved,
APP0000272,C000579,2025-05-19,Nano,82.24,500,Declined,Policy Rule Failure
APP0000273,C001939,2025-09-17,BNPL,322.22,678,Approved,
APP0000274,C002685,2025-04-17,ACS,6.28,513,Approved,
APP0000275,C001137,2025-05-18,ACS,25.24,793,Approved,
APP0000276,C004258,2025-05-07,Nano,46.48,636,Approved,
APP0000277,C002993,2025-02-12,Nano,191.63,648,Approved,
APP0000278,C002576,2025-03-13,ACS,5.75,632,Approved,
APP0000279,C000694,2025-06-28,ACS,19.78,534,Approved,
APP0000280,C000343,2025-05-17,ACS,10.72,377,Declined,Low Behavioural Score
APP0000281,C000828,2025-07-04,ACS,21.64,683,Approved,
APP0000282,C000157,2025-08-26,ACS,24.18,601,Approved,
APP0000283,C002674,2025-05-10,Nano,294.11,576,Approved,
APP0000284,C004303,2025-03-22,BNPL,770.77,679,Approved,
APP0000285,C003791,2025-03-12,Nano,285.02,625,Approved,
APP0000286,C001122,2025-09-10,ACS,28.28,687,Approved,
APP0000287,C000981,2025-03-07,ACS,12.03,563,Declined,Duplicate Application
APP0000288,C002629,2025-03-06,BNPL,459.73,559,Approved,
APP0000289,C003888,2025-08-15,ACS,15.31,719,Approved,
APP0000290,C003884,2025-04-20,BNPL,411.26,628,Approved,
APP0000291,C002610,2025-06-24,Nano,227.04,740,Approved,
APP0000292,C001267,2025-06-04,ACS,14.59,642,Approved,
APP0000293,C002416,2025-02-02,ACS,28.03,860,Approved,
APP0000294,C003688,2025-03-31,Nano,176.41,653,Approved,
APP0000295,C004399,2025-02-14,ACS,12.64,536,Approved,
APP0000296,C000377,2025-02-25,BNPL,859.79,701,Approved,
APP0000297,C003872,2025-03-01,ACS,22.1,545,Approved,
APP0000298,C003744,2025-02-03,ACS,12.92,789,Approved,
APP0000299,C001067,2025-09-17,ACS,27.38,726,Approved,
APP0000300,C000320,2025-04-26,Nano,145.11,574,Declined,Fraud Flag
APP0000301,C001545,2025-08-19,BNPL,195.36,681,Declined,Duplicate Application
APP0000302,C001386,2025-04-13,BNPL,833.32,478,Declined,Incomplete Data
APP0000303,C000567,2025-08-07,ACS,22.63,526,Declined,Fraud Flag
APP0000304,C001284,2025-01-13,Nano,30.77,375,Declined,Low Behavioural Score
APP0000305,C000978,2025-01-18,BNPL,223.26,533,Approved,
APP0000306,C004458,2025-04-20,Nano,270.16,545,Approved,
APP0000307,C000430,2025-05-03,ACS,6.01,660,Approved,
APP0000308,C002673,2025-07-16,BNPL,595.02,494,Approved,
APP0000309,C001633,2025-04-25,ACS,6.48,455,Approved,
APP0000310,C004216,2025-04-21,ACS,25.8,674,Approved,
APP0000311,C002373,2025-04-19,ACS,8.96,522,Declined,Fraud Flag
APP0000312,C002912,2025-04-26,BNPL,639.96,520,Declined,Fraud Flag
APP0000313,C001980,2025-01-20,BNPL,987.24,800,Approved,
APP0000314,C004035,2025-06-29,BNPL,698.13,690,Approved,
APP0000315,C003340,2025-08-11,ACS,15.05,382,Declined,Low Behavioural Score
APP0000316,C002757,2025-03-03,ACS,14.16,487,Declined,Incomplete Data
APP0000317,C001983,2025-05-16,ACS,28.78,582,Approved,
APP0000318,C002250,2025-02-23,ACS,19.69,661,Approved,
APP0000319,C001264,2025-04-18,ACS,29.91,457,Declined,Low Behavioural Score
APP0000320,C003290,2025-06-05,Nano,37.2,888,Approved,
APP0000321,C001476,2025-06-26,BNPL,829.76,418,Declined,Incomplete Data
APP0000322,C001433,2025-09-13,ACS,9.65,786,Approved,
APP0000323,C002333,2025-05-04,ACS,13.52,586,Approved,
APP0000324,C004594,2025-03-18,ACS,21.22,711,Approved,
APP0000325,C002198,2025-04-21,Nano,245.88,488,Declined,Incomplete Data
APP0000326,C004541,2025-04-28,Nano,179.23,699,Approved,
APP0000327,C002634,2025-04-02,Nano,49.3,680,Approved,
APP0000328,C000364,2025-04-21,Nano,21.13,683,Approved,
APP0000329,C002920,2025-01-17,ACS,26.81,607,Approved,
APP0000330,C004584,2025-01-31,Nano,96.76,581,Approved,
APP0000331,C004411,2025-04-04,Nano,207.91,659,Approved,
APP0000332,C000910,2025-03-01,BNPL,798.2,755,Approved,
APP0000333,C001340,2025-09-09,ACS,22.55,458,Declined,Low Behavioural Score
APP0000334,C003407,2025-05-14,ACS,7.53,490,Declined,Duplicate Application
APP0000335,C002185,2025-06-23,Nano,237.0,625,Approved,
APP0000336,C004116,2025-03-25,Nano,270.01,324,Declined,Incomplete Data
APP0000337,C002603,2025-05-05,ACS,24.85,726,Approved,
APP0000338,C001207,2025-06-25,Nano,162.86,689,Approved,
APP0000339,C001659,2025-06-04,ACS,9.99,525,Declined,Policy Rule Failure
APP0000340,C000564,2025-03-19,ACS,20.63,547,Approved,
APP0000341,C001431,2025-02-19,BNPL,730.51,532,Declined,Incomplete Data
APP0000342,C003781,2025-03-27,ACS,11.77,645,Declined,Low Behavioural Score
APP0000343,C001111,2025-02-18,ACS,21.04,673,Approved,
APP0000344,C002213,2025-05-24,ACS,26.88,641,Approved,
APP0000345,C000900,2025-03-14,Nano,126.82,514,Approved,
APP0000346,C002434,2025-08-05,Nano,169.01,848,Approved,
APP0000347,C004829,2025-08-04,ACS,22.93,589,Approved,
APP0000348,C003810,2025-05-09,ACS,23.54,858,Approved,
APP0000349,C003822,2025-01-17,ACS,21.12,767,Approved,
APP0000350,C001269,2025-09-05,Nano,167.87,420,Declined,Low Behavioural Score
APP0000351,C001537,2025-06-03,ACS,22.58,612,Approved,
APP0000352,C000486,2025-10-22,Nano,257.04,674,Approved,
APP0000353,C004606,2025-01-20,ACS,27.43,768,Approved,
APP0000354,C004789,2025-04-19,Nano,140.12,672,Approved,
APP0000355,C001695,2025-01-15,Nano,219.35,683,Approved,
APP0000356,C003499,2025-06-01,Nano,133.1,440,Approved,
APP0000357,C001056,2025-06-06,ACS,26.52,796,Approved,
APP0000358,C003261,2025-02-10,ACS,25.77,670,Approved,
APP0000359,C000476,2025-07-17,Nano,230.88,383,Declined,Low Behavioural Score
APP0000360,C001665,2025-01-31,ACS,17.24,781,Approved,
APP0000361,C001967,2025-02-21,ACS,18.45,747,Approved,
APP0000362,C004979,2025-08-15,Nano,244.24,776,Approved,
APP0000363,C002337,2025-09-05,ACS,6.2,426,Declined,Policy Rule Failure
APP0000364,C001113,2025-04-16,Nano,178.94,539,Declined,Duplicate Application
APP0000365,C000236,2025-05-04,ACS,11.0,527,Approved,
APP0000366,C000891,2025-03-05,Nano,188.83,484,Approved,
APP0000367,C001212,2025-04-02,ACS,16.91,740,Approved,
APP0000368,C001592,2025-07-22,Nano,198.63,529,Declined,Fraud Flag
APP0000369,C000682,2025-10-23,Nano,46.34,739,Approved,
APP0000370,C003695,2025-03-11,ACS,28.16,504,Approved,
APP0000371,C001935,2025-04-23,Nano,183.38,745,Approved,
APP0000372,C001186,2025-04-17,ACS,12.36,579,Approved,
APP0000373,C002629,2025-07-16,Nano,243.11,553,Declined,Low Behavioural Score
APP0000374,C001564,2025-05-16,BNPL,714.17,493,Declined,Fraud Flag
APP0000375,C003420,2025-08-21,ACS,16.2,562,Approved,
APP0000376,C002649,2025-09-30,ACS,11.97,505,Declined,Policy Rule Failure
APP0000377,C004662,2025-03-25,BNPL,387.82,685,Approved,
APP0000378,C003250,2025-07-15,ACS,6.28,486,Declined,Incomplete Data
APP0000379,C001835,2025-03-09,ACS,14.61,523,Approved,
APP0000380,C000747,2025-03-14,ACS,17.81,629,Declined,Fraud Flag
APP0000381,C000509,2025-09-13,ACS,26.05,324,Declined,Low Behavioural Score
APP0000382,C003274,2025-01-12,Nano,201.27,483,Declined,Low Behavioural Score
APP0000383,C000165,2025-01-22,ACS,10.44,496,Declined,Low Behavioural Score
APP0000384,C001906,2025-02-13,BNPL,967.32,721,Declined,Fraud Flag
APP0000385,C000103,2025-06-14,Nano,82.04,769,Approved,
APP0000386,C001731,2025-08-13,Nano,192.99,722,Approved,
APP0000387,C004418,2025-01-06,ACS,13.21,736,Approved,
APP0000388,C000396,2025-02-20,Nano,54.16,689,Approved,
APP0000389,C004873,2025-06-01,ACS,25.58,796,Approved,
APP0000390,C004870,2025-02-10,BNPL,630.29,506,Approved,
APP0000391,C004319,2025-02-08,Nano,166.93,645,Approved,
APP0000392,C003466,2025-05-31,ACS,12.51,366,Declined,High Existing Exposure
APP0000393,C000893,2025-05-30,ACS,24.47,735,Approved,
APP0000394,C000500,2025-04-10,ACS,26.32,722,Approved,
APP0000395,C004596,2025-03-26,Nano,254.24,683,Approved,
APP0000396,C001832,2025-06-21,Nano,40.28,512,Approved,
APP0000397,C002249,2025-06-11,BNPL,278.92,594,Approved,
APP0000398,C000401,2025-06-30,Nano,54.68,731,Approved,
APP0000399,C000300,2025-08-25,Nano,105.24,900,Approved,
APP0000400,C002708,2025-05-25,ACS,7.82,457,Declined,Low Behavioural Score
APP0000401,C002028,2025-04-27,ACS,9.42,608,Approved,
APP0000402,C003501,2025-05-12,ACS,22.66,740,Approved,
APP0000403,C004171,2025-02-15,ACS,21.73,762,Approved,
APP0000404,C000283,2025-07-09,Nano,99.14,695,Approved,
APP0000405,C004852,2025-10-19,ACS,25.6,772,Approved,
APP0000406,C004611,2025-03-06,Nano,207.03,315,Declined,Low Behavioural Score
APP0000407,C002867,2025-02-27,ACS,15.79,484,Approved,
APP0000408,C001871,2025-05-29,Nano,26.08,432,Approved,
APP0000409,C000834,2025-04-27,Nano,203.67,633,Approved,
APP0000410,C001174,2025-02-26,ACS,24.57,815,Approved,
APP0000411,C003506,2025-10-14,Nano,82.71,649,Declined,Policy Rule Failure
APP0000412,C000650,2025-10-17,Nano,53.3,464,Declined,Duplicate Application
APP0000413,C004828,2025-02-09,Nano,108.25,327,Declined,Low Behavioural Score
APP0000414,C000729,2025-07-04,Nano,216.64,807,Approved,
APP0000415,C003774,2025-07-16,ACS,29.06,639,Approved,
APP0000416,C004249,2025-07-01,Nano,129.83,396,Declined,Low Behavioural Score
APP0000417,C001479,2025-02-20,Nano,252.4,786,Approved,
APP0000418,C002401,2025-07-21,Nano,233.08,674,Approved,
APP0000419,C002885,2025-07-12,ACS,27.17,738,Approved,
APP0000420,C003993,2025-02-10,ACS,21.58,633,Approved,
APP0000421,C000256,2025-02-17,ACS,28.66,558,Approved,
APP0000422,C001136,2025-04-17,Nano,276.83,773,Approved,
APP0000423,C000750,2025-06-28,ACS,5.84,487,Approved,
APP0000424,C001590,2025-02-17,Nano,164.66,515,Declined,Low Behavioural Score
APP0000425,C003365,2025-01-20,ACS,13.19,564,Approved,
APP0000426,C002064,2025-02-26,ACS,26.17,756,Approved,
APP0000427,C002461,2025-08-29,ACS,15.23,764,Approved,
APP0000428,C002273,2025-03-01,Nano,275.79,489,Declined,Policy Rule Failure
APP0000429,C000027,2025-03-09,ACS,27.7,734,Approved,
APP0000430,C000489,2025-03-22,ACS,14.1,848,Approved,
APP0000431,C001136,2025-03-01,ACS,19.37,784,Approved,
APP0000432,C000226,2025-09-11,Nano,27.74,729,Approved,
APP0000433,C004112,2025-09-04,ACS,13.93,603,Approved,
APP0000434,C004980,2025-02-02,ACS,21.45,593,Declined,Duplicate Application
APP0000435,C002424,2025-01-28,ACS,10.28,302,Declined,Incomplete Data
APP0000436,C003333,2025-01-03,ACS,8.97,612,Approved,
APP0000437,C000282,2025-03-29,ACS,28.85,720,Approved,
APP0000438,C000274,2025-06-04,ACS,19.59,648,Approved,
APP0000439,C003025,2025-06-09,Nano,178.16,532,Approved,
APP0000440,C003863,2025-10-26,Nano,249.71,687,Approved,
APP0000441,C004647,2025-08-27,ACS,18.93,534,Approved,
APP0000442,C001806,2025-05-01,Nano,200.95,688,Approved,
APP0000443,C002093,2025-03-22,ACS,12.68,528,Declined,Duplicate Application
APP0000444,C003983,2025-04-24,Nano,125.7,721,Approved,
APP0000445,C000704,2025-03-05,Nano,96.62,674,Approved,
APP0000446,C004750,2025-02-22,Nano,187.63,782,Approved,
APP0000447,C001489,2025-06-11,ACS,19.89,493,Declined,Low Behavioural Score
APP0000448,C000133,2025-05-26,ACS,9.14,670,Approved,
APP0000449,C003952,2025-03-29,Nano,233.98,739,Approved,
APP0000450,C004822,2025-06-04,ACS,9.84,581,Declined,Fraud Flag
APP0000451,C002409,2025-02-08,Nano,211.85,694,Approved,
APP0000452,C000829,2025-04-01,ACS,6.57,664,Approved,
APP0000453,C000758,2025-03-31,Nano,277.15,559,Approved,
APP0000454,C001487,2025-03-08,BNPL,154.06,859,Approved,
APP0000455,C002669,2025-02-20,BNPL,157.93,618,Approved,
APP0000456,C003135,2025-04-29,ACS,7.16,549,Declined,Policy Rule Failure
APP0000457,C003492,2025-05-13,Nano,147.16,789,Approved,
APP0000458,C003580,2025-05-23,ACS,18.77,495,Declined,Low Behavioural Score
APP0000459,C001205,2025-07-11,ACS,8.79,506,Declined,Low Behavioural Score
APP0000460,C000852,2025-02-16,Nano,230.23,586,Approved,
APP0000461,C004757,2025-07-14,Nano,54.55,468,Approved,
APP0000462,C000685,2025-06-07,Nano,282.57,559,Declined,Incomplete Data
APP0000463,C002549,2025-02-13,BNPL,490.87,383,Declined,Fraud Flag
APP0000464,C001433,2025-07-08,Nano,172.06,778,Approved,
APP0000465,C003657,2025-08-15,BNPL,789.27,872,Approved,
APP0000466,C001628,2025-03-14,Nano,252.43,856,Approved,
APP0000467,C000503,2025-06-13,ACS,24.93,473,Declined,Low Behavioural Score
APP0000468,C001592,2025-07-03,ACS,13.41,526,Declined,Low Behavioural Score
APP0000469,C000503,2025-07-05,BNPL,770.27,493,Declined,Duplicate Application
APP0000470,C000857,2025-08-20,Nano,44.39,659,Approved,
APP0000471,C002365,2025-07-31,ACS,20.71,885,Approved,
APP0000472,C004855,2025-05-25,Nano,119.75,723,Approved,
APP0000473,C001017,2025-09-30,ACS,5.43,541,Approved,
APP0000474,C003991,2025-09-10,ACS,24.78,760,Approved,
APP0000475,C002603,2025-08-24,ACS,26.98,723,Approved,
APP0000476,C004901,2025-05-27,Nano,55.59,729,Approved,
APP0000477,C002603,2025-10-01,Nano,66.19,717,Declined,Duplicate Application
APP0000478,C000519,2025-01-28,BNPL,215.61,598,Approved,
APP0000479,C002052,2025-02-20,Nano,299.91,482,Declined,Duplicate Application
APP0000480,C000378,2025-03-23,Nano,35.65,445,Approved,
APP0000481,C001110,2025-02-01,Nano,214.63,686,Approved,
APP0000482,C002680,2025-03-20,ACS,6.0,615,Approved,
APP0000483,C004501,2025-06-01,BNPL,684.31,546,Approved,
APP0000484,C003073,2025-01-03,BNPL,972.63,601,Approved,
APP0000485,C001824,2025-04-04,ACS,9.31,682,Approved,
APP0000486,C003176,2025-11-13,Nano,213.19,447,Declined,High Existing Exposure
APP0000487,C001222,2025-03-30,ACS,22.55,625,Approved,
APP0000488,C000467,2025-05-19,Nano,111.54,684,Approved,
APP0000489,C003669,2025-10-14,ACS,27.09,635,Approved,
APP0000490,C004219,2025-05-14,BNPL,727.37,792,Approved,
APP0000491,C003062,2025-02-10,BNPL,292.59,703,Approved,
APP0000492,C002449,2025-09-15,Nano,59.8,755,Approved,
APP0000493,C002290,2025-05-12,ACS,26.07,628,Declined,Fraud Flag
APP0000494,C001841,2025-02-01,ACS,5.87,726,Approved,
APP0000495,C004850,2025-04-30,Nano,263.19,514,Declined,Policy Rule Failure
APP0000496,C002523,2025-01-24,BNPL,183.7,762,Approved,
APP0000497,C004360,2025-01-12,ACS,26.8,643,Approved,
APP0000498,C000203,2025-05-27,ACS,11.37,643,Approved,
APP0000499,C001763,2025-02-19,Nano,246.09,346,Declined,Low Behavioural Score
APP0000500,C001076,2025-09-08,BNPL,999.41,612,Approved,
APP0000501,C000583,2025-05-04,BNPL,352.95,650,Approved,
APP0000502,C004993,2025-03-17,BNPL,861.63,513,Declined,Incomplete Data
APP0000503,C000261,2025-08-12,Nano,240.49,732,Approved,
APP0000504,C002763,2025-02-07,BNPL,808.75,690,Declined,Duplicate Application
APP0000505,C001088,2025-04-02,BNPL,394.38,571,Approved,
APP0000506,C000393,2025-06-25,BNPL,844.29,675,Approved,
APP0000507,C004913,2025-07-05,ACS,28.65,593,Approved,
APP0000508,C001465,2025-09-03,ACS,5.31,739,Approved,
APP0000509,C001758,2025-08-14,Nano,245.97,634,Approved,
APP0000510,C000924,2025-02-11,ACS,7.13,643,Approved,
APP0000511,C003432,2025-03-08,ACS,10.16,657,Approved,
APP0000512,C004624,2025-03-22,Nano,126.78,704,Approved,
APP0000513,C001697,2025-09-17,BNPL,988.48,722,Approved,
APP0000514,C004032,2025-07-18,Nano,223.16,670,Declined,High Existing Exposure
APP0000515,C002046,2025-05-22,ACS,29.77,786,Approved,
APP0000516,C002735,2025-01-15,Nano,129.22,782,Approved,
APP0000517,C004002,2025-03-06,ACS,23.09,808,Approved,
APP0000518,C004759,2025-10-24,ACS,21.73,407,Approved,
APP0000519,C003045,2025-08-05,ACS,5.12,881,Approved,
APP0000520,C001865,2025-02-26,Nano,46.14,691,Approved,
APP0000521,C002345,2025-01-13,ACS,5.33,700,Approved,
APP0000522,C004325,2025-02-12,Nano,151.54,703,Approved,
APP0000523,C001767,2025-01-20,Nano,181.55,584,Approved,
APP0000524,C002338,2025-04-17,Nano,31.7,643,Approved,
APP0000525,C003877,2025-04-24,ACS,11.2,441,Declined,Low Behavioural Score
APP0000526,C004244,2025-04-17,ACS,24.64,522,Declined,High Existing Exposure
APP0000527,C002234,2025-05-31,Nano,54.2,396,Declined,Low Behavioural Score
APP0000528,C004504,2025-02-16,ACS,22.15,791,Approved,
APP0000529,C004312,2025-06-16,Nano,146.92,543,Declined,Low Behavioural Score
APP0000530,C002315,2025-05-26,Nano,42.51,621,Approved,
APP0000531,C001387,2025-03-23,Nano,225.84,462,Approved,
APP0000532,C000891,2025-10-27,Nano,257.26,497,Declined,Low Behavioural Score
APP0000533,C000604,2025-01-15,BNPL,579.42,702,Approved,
APP0000534,C000962,2025-06-24,Nano,172.53,509,Declined,Low Behavioural Score
APP0000535,C000344,2025-06-30,ACS,6.39,808,Approved,
APP0000536,C001445,2025-05-19,ACS,28.81,480,Approved,
APP0000537,C004958,2025-05-29,BNPL,890.48,583,Approved,
APP0000538,C001115,2025-03-10,BNPL,993.97,560,Approved,
APP0000539,C001924,2025-04-10,Nano,226.91,762,Declined,Duplicate Application
APP0000540,C001942,2025-01-22,BNPL,659.85,649,Approved,
APP0000541,C002599,2025-09-19,Nano,264.57,575,Declined,Incomplete Data
APP0000542,C002534,2025-04-10,ACS,28.43,581,Approved,
APP0000543,C002906,2025-11-30,Nano,277.51,699,Approved,
APP0000544,C000436,2025-05-05,ACS,5.9,835,Approved,
APP0000545,C001606,2025-04-06,Nano,236.44,464,Approved,
APP0000546,C004549,2025-03-20,BNPL,433.58,386,Approved,
APP0000547,C004881,2025-01-18,Nano,247.74,330,Declined,Low Behavioural Score
APP0000548,C000013,2025-01-04,Nano,36.83,406,Declined,High Existing Exposure
APP0000549,C003152,2025-04-26,Nano,166.23,720,Approved,
APP0000550,C000692,2025-05-18,Nano,294.46,562,Declined,Duplicate Application
APP0000551,C002679,2025-06-15,Nano,188.59,534,Approved,
APP0000552,C000043,2025-05-18,ACS,6.39,578,Approved,
APP0000553,C003781,2025-09-06,BNPL,963.99,638,Approved,
APP0000554,C004933,2025-04-13,Nano,98.99,713,Approved,
APP0000555,C000616,2025-04-12,Nano,280.08,663,Approved,
APP0000556,C002054,2025-05-08,Nano,84.2,589,Approved,
APP0000557,C000971,2025-07-04,ACS,17.25,589,Approved,
APP0000558,C000981,2025-09-15,ACS,8.19,556,Approved,
APP0000559,C003965,2025-01-24,ACS,27.02,729,Approved,
APP0000560,C000594,2025-02-01,BNPL,697.39,633,Approved,
APP0000561,C000621,2025-01-22,Nano,50.72,698,Approved,
APP0000562,C001853,2025-06-23,Nano,256.54,557,Declined,Incomplete Data
APP0000563,C001545,2025-02-27,Nano,297.85,700,Approved,
APP0000564,C004880,2025-05-24,BNPL,957.28,761,Approved,
APP0000565,C001973,2025-02-18,Nano,31.96,784,Approved,
APP0000566,C002744,2025-08-11,BNPL,814.39,685,Approved,
APP0000567,C000516,2025-06-29,BNPL,932.61,482,Approved,
APP0000568,C001772,2025-05-18,Nano,298.47,683,Declined,Duplicate Application
APP0000569,C001031,2025-06-25,Nano,284.06,691,Approved,
APP0000570,C001823,2025-03-20,BNPL,888.52,771,Approved,
APP0000571,C001519,2025-08-21,BNPL,913.85,481,Approved,
APP0000572,C000587,2025-06-04,Nano,80.25,564,Declined,Incomplete Data
APP0000573,C002774,2025-08-28,ACS,28.9,332,Declined,Low Behavioural Score
APP0000574,C002586,2025-01-26,ACS,24.23,695,Approved,
APP0000575,C002594,2025-03-19,ACS,12.65,629,Approved,
APP0000576,C002121,2025-03-01,ACS,16.4,607,Approved,
APP0000577,C002625,2025-03-02,Nano,109.21,784,Approved,
APP0000578,C003645,2025-01-10,Nano,213.79,520,Declined,Incomplete Data
APP0000579,C001308,2025-07-07,Nano,55.29,746,Approved,
APP0000580,C000960,2025-02-06,ACS,12.72,823,Approved,
APP0000581,C003389,2025-04-02,Nano,222.54,666,Approved,
APP0000582,C000687,2025-07-01,ACS,24.73,803,Approved,
APP0000583,C001758,2025-05-29,Nano,159.54,633,Approved,
APP0000584,C002908,2025-04-30,BNPL,650.82,752,Approved,
APP0000585,C002923,2025-02-23,BNPL,772.83,541,Declined,High Existing Exposure
APP0000586,C003711,2025-03-30,ACS,16.85,520,Declined,Low Behavioural Score
APP0000587,C002359,2025-08-21,Nano,194.14,770,Approved,
APP0000588,C002488,2025-03-14,ACS,8.22,580,Approved,
APP0000589,C000222,2025-03-21,Nano,287.34,761,Approved,
APP0000590,C003951,2025-06-05,Nano,80.12,796,Approved,
APP0000591,C001185,2025-03-17,ACS,16.27,307,Declined,Low Behavioural Score
APP0000592,C004206,2025-03-12,Nano,274.54,517,Approved,
APP0000593,C003223,2025-02-26,Nano,126.88,558,Approved,
APP0000594,C004584,2025-02-26,Nano,79.25,598,Approved,
APP0000595,C004376,2025-06-03,ACS,26.19,621,Approved,
APP0000596,C001891,2025-08-06,ACS,7.89,583,Approved,
APP0000597,C001970,2025-04-24,Nano,249.37,634,Approved,
APP0000598,C004522,2025-05-08,Nano,57.83,688,Approved,
APP0000599,C004417,2025-03-31,Nano,27.64,748,Approved,
APP0000600,C003546,2025-06-07,Nano,78.44,761,Approved,
APP0000601,C004618,2025-07-24,BNPL,394.11,744,Approved,
APP0000602,C003125,2025-04-28,ACS,15.13,744,Approved,
APP0000603,C000124,2025-03-11,ACS,25.01,518,Declined,Low Behavioural Score
APP0000604,C002769,2025-06-03,Nano,264.31,591,Declined,Incomplete Data
APP0000605,C001851,2025-03-05,Nano,119.08,521,Declined,Fraud Flag
APP0000606,C000099,2025-04-01,Nano,66.86,541,Declined,Low Behavioural Score
APP0000607,C002780,2025-01-24,Nano,129.74,731,Approved,
APP0000608,C002802,2025-01-20,ACS,24.33,676,Approved,
APP0000609,C003660,2025-04-17,ACS,29.0,500,Approved,
APP0000610,C003895,2025-02-15,ACS,12.48,541,Approved,
APP0000611,C001613,2025-01-30,ACS,5.82,468,Declined,Low Behavioural Score
APP0000612,C004942,2025-05-23,ACS,26.96,771,Approved,
APP0000613,C002209,2025-02-20,BNPL,398.47,668,Approved,
APP0000614,C002166,2025-04-02,Nano,200.03,401,Declined,Low Behavioural Score
APP0000615,C000904,2025-02-11,Nano,59.68,708,Approved,
APP0000616,C004951,2025-05-21,ACS,16.36,786,Approved,
APP0000617,C001971,2025-05-31,Nano,140.35,772,Approved,
APP0000618,C000856,2025-06-19,BNPL,644.57,536,Approved,
APP0000619,C004233,2025-01-24,ACS,20.43,768,Approved,
APP0000620,C004791,2025-04-13,ACS,16.44,718,Approved,
APP0000621,C001071,2025-08-29,BNPL,978.93,795,Approved,
APP0000622,C002949,2025-03-26,ACS,29.24,491,Declined,Low Behavioural Score
APP0000623,C004526,2025-05-24,BNPL,287.33,668,Approved,
APP0000624,C003313,2025-03-06,ACS,16.17,392,Approved,
APP0000625,C002184,2025-04-23,BNPL,505.75,574,Approved,
APP0000626,C002869,2025-01-25,ACS,15.33,520,Declined,Duplicate Application
APP0000627,C000509,2025-06-03,Nano,29.43,319,Declined,Low Behavioural Score
APP0000628,C004915,2025-02-05,ACS,20.04,321,Declined,Policy Rule Failure
APP0000629,C002566,2025-10-10,Nano,97.78,487,Declined,Low Behavioural Score
APP0000630,C000222,2025-05-30,ACS,5.28,755,Approved,
APP0000631,C001690,2025-03-15,Nano,210.18,655,Approved,
APP0000632,C002053,2025-12-01,Nano,262.28,406,Declined,Low Behavioural Score
APP0000633,C004973,2025-01-25,ACS,5.84,668,Approved,
APP0000634,C004377,2025-03-13,Nano,251.64,493,Declined,Fraud Flag
APP0000635,C001520,2025-06-12,BNPL,650.9,657,Declined,Policy Rule Failure
APP0000636,C000836,2025-06-02,Nano,113.44,395,Declined,Fraud Flag
APP0000637,C000214,2025-01-18,ACS,19.71,647,Approved,
APP0000638,C002848,2025-04-28,BNPL,559.02,697,Approved,
APP0000639,C002228,2025-06-22,Nano,200.66,636,Approved,
APP0000640,C002618,2025-06-20,ACS,17.97,583,Declined,High Existing Exposure
APP0000641,C001364,2025-03-18,BNPL,488.9,629,Declined,Low Behavioural Score
APP0000642,C004038,2025-07-17,Nano,26.68,556,Declined,Fraud Flag
APP0000643,C002583,2025-11-04,Nano,119.1,613,Approved,
APP0000644,C004592,2025-07-09,ACS,13.06,893,Approved,
APP0000645,C001199,2025-03-31,BNPL,280.43,469,Declined,Incomplete Data
APP0000646,C001295,2025-12-09,ACS,12.17,612,Approved,
APP0000647,C002931,2025-02-03,Nano,291.22,618,Declined,Incomplete Data
APP0000648,C003466,2025-07-25,Nano,81.55,375,Declined,Duplicate Application
APP0000649,C001476,2025-01-31,Nano,47.6,426,Declined,Low Behavioural Score
APP0000650,C002739,2025-02-06,ACS,26.67,619,Approved,
APP0000651,C002555,2025-04-27,Nano,164.06,705,Approved,
APP0000652,C003314,2025-04-16,ACS,28.0,727,Approved,
APP0000653,C003182,2025-02-27,ACS,5.92,730,Approved,
APP0000654,C001002,2025-07-16,Nano,173.13,353,Declined,Low Behavioural Score
APP0000655,C000569,2025-03-19,Nano,106.05,608,Declined,Fraud Flag
APP0000656,C001364,2025-08-16,Nano,120.19,614,Approved,
APP0000657,C000632,2025-06-23,ACS,23.55,517,Approved,
APP0000658,C002750,2025-01-15,ACS,23.57,619,Approved,
APP0000659,C002561,2025-02-25,ACS,16.86,463,Declined,Low Behavioural Score
APP0000660,C000015,2025-05-17,Nano,29.75,746,Approved,
APP0000661,C004124,2025-08-10,BNPL,941.08,553,Approved,
APP0000662,C003583,2025-06-24,Nano,22.33,581,Approved,
APP0000663,C002333,2025-03-09,ACS,18.19,588,Declined,Incomplete Data
APP0000664,C000808,2025-03-29,ACS,10.04,450,Declined,Fraud Flag
APP0000665,C000805,2025-03-14,ACS,17.38,674,Approved,
APP0000666,C004657,2025-02-24,ACS,6.96,882,Approved,
APP0000667,C001181,2025-07-14,ACS,5.57,544,Approved,
APP0000668,C004304,2025-03-23,ACS,26.14,549,Approved,
APP0000669,C003318,2025-05-23,BNPL,296.09,684,Approved,
APP0000670,C003117,2025-07-20,Nano,91.41,593,Approved,
APP0000671,C004180,2025-05-14,ACS,5.47,319,Declined,Low Behavioural Score
APP0000672,C004456,2025-06-12,ACS,25.25,540,Declined,Incomplete Data
APP0000673,C001353,2025-06-29,BNPL,607.0,335,Declined,Low Behavioural Score
APP0000674,C004937,2025-07-11,Nano,246.76,623,Approved,
APP0000675,C000641,2025-06-11,ACS,16.06,557,Declined,Duplicate Application
APP0000676,C003875,2025-04-12,ACS,21.02,560,Approved,
APP0000677,C001931,2025-08-01,Nano,167.75,787,Approved,
APP0000678,C003134,2025-05-01,Nano,237.42,586,Declined,High Existing Exposure
APP0000679,C004176,2025-03-27,Nano,115.67,592,Approved,
APP0000680,C002247,2025-04-26,ACS,7.9,574,Approved,
APP0000681,C000408,2025-07-28,Nano,85.51,582,Approved,
APP0000682,C004068,2025-06-23,Nano,175.92,772,Approved,
APP0000683,C000658,2025-07-01,Nano,97.69,771,Approved,
APP0000684,C003523,2025-06-12,ACS,9.16,676,Approved,
APP0000685,C002201,2025-06-13,ACS,27.16,786,Approved,
APP0000686,C002364,2025-05-22,ACS,13.05,550,Declined,High Existing Exposure
APP0000687,C001312,2025-05-23,ACS,5.88,647,Approved,
APP0000688,C002501,2025-03-16,ACS,19.38,754,Approved,
APP0000689,C000936,2025-09-29,Nano,228.16,464,Approved,
APP0000690,C001145,2025-03-06,Nano,67.83,517,Approved,
APP0000691,C002367,2025-03-24,Nano,159.5,794,Approved,
APP0000692,C003943,2025-07-24,Nano,49.51,728,Approved,
APP0000693,C002569,2025-06-07,BNPL,274.35,823,Approved,
APP0000694,C004392,2025-03-21,ACS,11.46,573,Declined,Fraud Flag
APP0000695,C001372,2025-04-17,Nano,242.77,652,Approved,
APP0000696,C000083,2025-05-28,Nano,70.73,468,Approved,
APP0000697,C001541,2025-08-27,ACS,7.32,797,Approved,
APP0000698,C000560,2025-06-13,ACS,14.26,792,Approved,
APP0000699,C002616,2025-08-04,Nano,295.17,778,Approved,
APP0000700,C004957,2025-05-10,Nano,171.08,454,Declined,Low Behavioural Score
APP0000701,C002444,2025-02-16,BNPL,574.39,519,Declined,Policy Rule Failure
APP0000702,C000891,2025-03-14,Nano,242.36,470,Declined,Low Behavioural Score
APP0000703,C002919,2025-03-19,Nano,151.66,511,Declined,Policy Rule Failure
APP0000704,C003683,2025-04-17,BNPL,748.29,304,Declined,Duplicate Application
APP0000705,C004353,2025-03-05,Nano,38.62,655,Approved,
APP0000706,C002405,2025-02-10,ACS,11.92,740,Approved,
APP0000707,C002122,2025-04-18,ACS,15.64,728,Approved,
APP0000708,C002607,2025-07-05,ACS,13.31,671,Approved,
APP0000709,C001070,2025-03-14,ACS,5.83,549,Declined,High Existing Exposure
APP0000710,C000542,2025-01-05,ACS,17.36,633,Approved,
APP0000711,C003859,2025-07-25,Nano,94.27,574,Approved,
APP0000712,C000690,2025-12-07,BNPL,502.45,892,Approved,
APP0000713,C003446,2025-04-07,Nano,261.84,456,Approved,
APP0000714,C002890,2025-04-12,BNPL,205.67,604,Declined,High Existing Exposure
APP0000715,C002358,2025-05-19,BNPL,552.75,502,Declined,Low Behavioural Score
APP0000716,C001889,2025-06-30,Nano,123.77,719,Approved,
APP0000717,C004920,2025-06-11,ACS,12.65,689,Approved,
APP0000718,C003988,2025-03-05,ACS,14.84,827,Approved,
APP0000719,C000819,2025-09-07,ACS,8.0,466,Declined,Policy Rule Failure
APP0000720,C004860,2025-03-26,ACS,19.24,590,Approved,
APP0000721,C000649,2025-01-09,ACS,16.08,514,Declined,High Existing Exposure
APP0000722,C004062,2025-10-03,BNPL,901.49,543,Declined,Incomplete Data
APP0000723,C002134,2025-03-01,BNPL,147.36,705,Approved,
APP0000724,C002030,2025-05-10,Nano,216.07,690,Approved,
APP0000725,C002522,2025-10-04,Nano,30.63,639,Approved,
APP0000726,C002411,2025-03-03,BNPL,519.21,655,Approved,
APP0000727,C000631,2025-08-09,BNPL,415.11,509,Approved,
APP0000728,C000784,2025-05-31,Nano,80.81,478,Approved,
APP0000729,C003679,2025-05-13,Nano,295.89,685,Approved,
APP0000730,C003479,2025-02-25,Nano,166.55,779,Approved,
APP0000731,C001965,2025-04-20,ACS,27.85,510,Approved,
APP0000732,C002237,2025-04-03,ACS,18.87,661,Approved,
APP0000733,C001917,2025-04-08,ACS,29.06,733,Approved,
APP0000734,C004287,2025-04-05,ACS,28.78,657,Approved,
APP0000735,C000347,2025-05-11,Nano,39.13,610,Approved,
APP0000736,C003261,2025-03-04,Nano,96.72,661,Approved,
APP0000737,C001541,2025-03-17,ACS,27.72,796,Approved,
APP0000738,C000853,2025-06-04,Nano,110.49,656,Approved,
APP0000739,C000786,2025-05-28,ACS,17.13,691,Approved,
APP0000740,C002055,2025-08-20,ACS,10.49,759,Approved,
APP0000741,C000726,2025-01-11,ACS,25.87,815,Approved,
APP0000742,C003385,2025-06-05,Nano,115.11,642,Approved,
APP0000743,C001640,2025-05-09,Nano,184.5,852,Approved,
APP0000744,C004290,2025-06-02,ACS,17.22,572,Approved,
APP0000745,C000730,2025-01-10,ACS,21.08,817,Approved,
APP0000746,C001755,2025-09-13,ACS,21.33,640,Approved,
APP0000747,C001913,2025-04-13,Nano,73.63,738,Approved,
APP0000748,C003348,2025-05-12,Nano,87.44,762,Approved,
APP0000749,C001481,2025-01-28,ACS,12.98,657,Approved,
APP0000750,C000868,2025-03-07,BNPL,814.53,319,Declined,Low Behavioural Score
APP0000751,C002029,2025-03-02,Nano,135.81,629,Approved,
APP0000752,C004524,2025-07-19,Nano,195.46,736,Approved,
APP0000753,C004072,2025-08-06,Nano,122.98,688,Approved,
APP0000754,C002876,2025-03-19,BNPL,101.45,560,Declined,Policy Rule Failure
APP0000755,C004979,2025-04-03,ACS,18.52,766,Approved,
APP0000756,C003844,2025-04-16,ACS,14.0,579,Declined,Low Behavioural Score
APP0000757,C003828,2025-04-13,Nano,253.8,613,Approved,
APP0000758,C001985,2025-02-23,Nano,252.97,516,Declined,Duplicate Application
APP0000759,C002479,2025-02-02,Nano,202.79,874,Approved,
APP0000760,C004703,2025-07-26,Nano,48.03,640,Approved,
APP0000761,C004631,2025-03-12,ACS,21.25,525,Declined,Incomplete Data
APP0000762,C003601,2025-07-18,ACS,16.15,677,Approved,
APP0000763,C000487,2025-02-07,Nano,286.2,475,Declined,Low Behavioural Score
APP0000764,C000769,2025-03-09,ACS,17.91,746,Approved,
APP0000765,C002285,2025-05-28,BNPL,336.99,665,Approved,
APP0000766,C002751,2025-04-12,ACS,20.04,736,Approved,
APP0000767,C003118,2025-03-16,ACS,18.68,727,Declined,Fraud Flag
APP0000768,C001359,2025-08-14,Nano,121.59,488,Approved,
APP0000769,C003901,2025-02-07,ACS,22.37,655,Approved,
APP0000770,C004167,2025-04-09,Nano,159.96,681,Approved,
APP0000771,C001043,2025-05-08,BNPL,507.34,725,Approved,
APP0000772,C003915,2025-06-09,ACS,29.19,896,Approved,
APP0000773,C000754,2025-07-10,ACS,18.33,503,Approved,
APP0000774,C002473,2025-03-21,Nano,158.75,505,Approved,
APP0000775,C004390,2025-04-12,BNPL,831.72,340,Approved,
APP0000776,C001510,2025-04-02,Nano,228.65,577,Approved,
APP0000777,C003426,2025-07-24,Nano,58.19,546,Approved,
APP0000778,C004264,2025-03-03,ACS,17.73,351,Declined,Fraud Flag
APP0000779,C002455,2025-07-15,ACS,13.1,604,Approved,
APP0000780,C004253,2025-02-11,ACS,21.08,758,Approved,
APP0000781,C003189,2025-02-08,Nano,124.35,392,Declined,Duplicate Application
APP0000782,C002527,2025-02-25,Nano,198.51,777,Approved,
APP0000783,C000592,2025-06-17,Nano,156.6,711,Approved,
APP0000784,C003587,2025-03-19,ACS,17.12,562,Approved,
APP0000785,C001555,2025-02-11,ACS,28.93,780,Approved,
APP0000786,C001428,2025-03-09,Nano,274.77,459,Declined,High Existing Exposure
APP0000787,C004598,2025-03-13,BNPL,986.19,490,Approved,
APP0000788,C001745,2025-05-13,Nano,201.14,555,Approved,
APP0000789,C001799,2025-04-27,Nano,219.46,488,Approved,
APP0000790,C004721,2025-06-22,BNPL,272.74,759,Approved,
APP0000791,C001448,2025-06-23,BNPL,161.52,463,Declined,Low Behavioural Score
APP0000792,C003682,2025-03-13,Nano,86.91,521,Declined,Incomplete Data
APP0000793,C002601,2025-01-04,BNPL,408.98,747,Approved,
APP0000794,C000361,2025-03-27,BNPL,173.55,776,Approved,
APP0000795,C002909,2025-05-30,Nano,142.33,677,Declined,Low Behavioural Score
APP0000796,C002289,2025-04-06,ACS,15.37,740,Approved,
APP0000797,C003629,2025-02-27,Nano,190.86,719,Approved,
APP0000798,C001979,2025-04-22,ACS,26.9,538,Declined,Low Behavioural Score
APP0000799,C001202,2025-06-21,ACS,27.52,505,Declined,Policy Rule Failure
APP0000800,C001155,2025-07-03,ACS,21.11,490,Declined,Low Behavioural Score
APP0000801,C002641,2025-06-23,Nano,273.92,666,Approved,
APP0000802,C004975,2025-04-25,ACS,10.55,320,Declined,High Existing Exposure
APP0000803,C002254,2025-03-15,Nano,173.58,327,Declined,Incomplete Data
APP0000804,C000679,2025-06-19,BNPL,903.31,416,Declined,Incomplete Data
APP0000805,C004112,2025-05-10,ACS,28.4,616,Approved,
APP0000806,C001572,2025-08-01,Nano,298.66,882,Approved,
APP0000807,C002123,2025-07-24,Nano,246.69,504,Declined,Fraud Flag
APP0000808,C004244,2025-04-06,Nano,38.86,526,Approved,
APP0000809,C000555,2025-06-23,BNPL,809.24,754,Approved,
APP0000810,C000662,2025-01-25,Nano,53.21,764,Approved,
APP0000811,C001008,2025-02-13,ACS,25.27,593,Declined,Duplicate Application
APP0000812,C001881,2025-06-23,Nano,65.76,583,Approved,
APP0000813,C004289,2025-07-06,ACS,23.37,602,Approved,
APP0000814,C003171,2025-02-14,BNPL,867.03,869,Approved,
APP0000815,C003878,2025-02-14,Nano,58.47,459,Declined,Fraud Flag
APP0000816,C001685,2025-01-16,ACS,5.61,732,Approved,
APP0000817,C002063,2025-03-31,ACS,24.06,780,Approved,
APP0000818,C002045,2025-05-01,ACS,19.29,516,Approved,
APP0000819,C000568,2025-05-06,BNPL,413.42,758,Approved,
APP0000820,C002751,2025-06-22,ACS,14.65,744,Approved,
APP0000821,C001662,2025-08-22,ACS,7.26,707,Approved,
APP0000822,C004764,2025-07-18,ACS,23.91,522,Declined,Duplicate Application
APP0000823,C003457,2025-01-28,Nano,271.88,529,Declined,High Existing Exposure
APP0000824,C004355,2025-01-05,Nano,67.81,780,Approved,
APP0000825,C000976,2025-01-29,ACS,18.84,512,Approved,
APP0000826,C000560,2025-05-07,ACS,24.09,805,Approved,
APP0000827,C002184,2025-05-14,Nano,109.05,561,Approved,
APP0000828,C002848,2025-02-09,ACS,28.6,719,Approved,
APP0000829,C002800,2025-04-18,ACS,12.45,656,Approved,
APP0000830,C003267,2025-05-17,ACS,29.47,608,Declined,Policy Rule Failure
APP0000831,C004162,2025-02-17,Nano,49.94,661,Approved,
APP0000832,C001629,2025-08-09,BNPL,150.41,580,Approved,
APP0000833,C001458,2025-06-26,ACS,17.23,427,Declined,Low Behavioural Score
APP0000834,C001321,2025-01-30,BNPL,120.8,663,Approved,
APP0000835,C001816,2025-03-02,ACS,24.82,775,Approved,
APP0000836,C002989,2025-08-15,BNPL,754.57,643,Approved,
APP0000837,C004015,2025-04-02,ACS,5.24,713,Approved,
APP0000838,C002075,2025-08-21,ACS,7.23,616,Approved,
APP0000839,C002091,2025-08-25,Nano,148.11,567,Declined,High Existing Exposure
APP0000840,C004526,2025-04-28,ACS,29.29,660,Approved,
APP0000841,C001716,2025-04-19,ACS,25.66,715,Approved,
APP0000842,C000818,2025-02-06,Nano,120.54,756,Approved,
APP0000843,C001724,2025-07-15,ACS,12.84,566,Declined,Fraud Flag
APP0000844,C000206,2025-05-28,Nano,223.98,651,Approved,
APP0000845,C001830,2025-03-12,BNPL,373.73,395,Declined,Low Behavioural Score
APP0000846,C004499,2025-04-18,ACS,22.57,593,Declined,Incomplete Data
APP0000847,C004051,2025-10-18,ACS,6.05,604,Approved,
APP0000848,C004481,2025-05-23,Nano,250.95,773,Approved,
APP0000849,C001501,2025-05-16,Nano,71.85,673,Approved,
APP0000850,C002084,2025-06-02,Nano,121.76,685,Approved,
APP0000851,C004243,2025-03-14,ACS,22.85,774,Approved,
APP0000852,C003770,2025-03-31,Nano,81.18,686,Approved,
APP0000853,C000926,2025-05-04,Nano,299.32,539,Approved,
APP0000854,C004229,2025-03-13,Nano,116.27,761,Approved,
APP0000855,C000515,2025-03-07,ACS,19.1,714,Approved,
APP0000856,C001275,2025-05-22,ACS,26.49,339,Declined,Fraud Flag
APP0000857,C002665,2025-04-09,Nano,292.58,463,Declined,Low Behavioural Score
APP0000858,C003273,2025-05-23,ACS,27.61,708,Approved,
APP0000859,C003991,2025-05-30,ACS,27.82,769,Approved,
APP0000860,C003686,2025-04-27,ACS,23.18,480,Approved,
APP0000861,C001422,2025-05-22,ACS,7.53,512,Approved,
APP0000862,C001788,2025-05-24,ACS,11.04,560,Declined,Incomplete Data
APP0000863,C003610,2025-03-11,Nano,209.35,548,Declined,Policy Rule Failure
APP0000864,C004730,2025-02-12,ACS,21.34,654,Approved,
APP0000865,C004339,2025-07-18,ACS,20.88,683,Declined,High Existing Exposure
APP0000866,C004836,2025-06-15,Nano,55.13,660,Approved,
APP0000867,C003377,2025-05-08,Nano,92.79,503,Approved,
APP0000868,C002434,2025-03-12,BNPL,663.17,830,Approved,
APP0000869,C003834,2025-07-05,BNPL,521.95,744,Approved,
APP0000870,C000380,2025-05-16,Nano,197.8,425,Declined,Low Behavioural Score
APP0000871,C004682,2025-04-06,ACS,11.23,793,Approved,
APP0000872,C004595,2025-01-22,Nano,169.57,510,Declined,Low Behavioural Score
APP0000873,C002524,2025-02-24,ACS,5.68,497,Declined,Incomplete Data
APP0000874,C002615,2025-05-03,ACS,6.16,488,Declined,Low Behavioural Score
APP0000875,C002649,2025-07-20,ACS,12.59,485,Declined,Low Behavioural Score
APP0000876,C000695,2025-06-05,ACS,5.31,783,Approved,
APP0000877,C001029,2025-04-25,ACS,15.07,653,Approved,
APP0000878,C003661,2025-03-09,Nano,108.36,651,Approved,
APP0000879,C000164,2025-03-06,ACS,17.47,606,Declined,High Existing Exposure
APP0000880,C003436,2025-10-18,ACS,7.35,644,Approved,
APP0000881,C001526,2025-03-04,ACS,16.27,769,Approved,
APP0000882,C000700,2025-04-28,ACS,9.21,710,Approved,
APP0000883,C002982,2025-03-24,Nano,142.18,383,Declined,Low Behavioural Score
APP0000884,C001375,2025-06-07,ACS,9.98,392,Declined,Low Behavioural Score
APP0000885,C002237,2025-01-05,ACS,21.55,640,Approved,
APP0000886,C004322,2025-07-25,Nano,74.68,612,Approved,
APP0000887,C003490,2025-03-02,ACS,5.85,819,Approved,
APP0000888,C004848,2025-07-17,ACS,29.51,633,Approved,
APP0000889,C001986,2025-04-20,BNPL,725.52,628,Approved,
APP0000890,C002027,2025-06-28,ACS,24.38,781,Approved,
APP0000891,C003436,2025-08-11,BNPL,145.73,637,Approved,
APP0000892,C000673,2025-02-23,BNPL,693.1,512,Approved,
APP0000893,C004286,2025-03-12,BNPL,577.93,529,Approved,
APP0000894,C001760,2025-10-14,Nano,277.57,678,Approved,
APP0000895,C002350,2025-07-04,Nano,214.91,450,Declined,Low Behavioural Score
APP0000896,C002539,2025-05-28,ACS,10.15,755,Approved,
APP0000897,C000334,2025-02-23,ACS,9.03,397,Declined,Fraud Flag
APP0000898,C001503,2025-05-05,Nano,83.48,564,Approved,
APP0000899,C000699,2025-08-02,ACS,20.19,766,Approved,
APP0000900,C003057,2025-06-09,Nano,144.48,306,Declined,Low Behavioural Score
APP0000901,C003533,2025-06-21,Nano,288.02,459,Declined,Low Behavioural Score
APP0000902,C000040,2025-05-26,ACS,23.79,678,Approved,
APP0000903,C000041,2025-10-05,Nano,53.41,369,Declined,Incomplete Data
APP0000904,C004083,2025-05-09,Nano,286.15,656,Approved,
APP0000905,C001674,2025-03-26,Nano,232.07,745,Approved,
APP0000906,C004224,2025-04-10,Nano,27.79,863,Approved,
APP0000907,C003292,2025-06-08,Nano,272.71,604,Approved,
APP0000908,C003918,2025-03-12,ACS,21.41,654,Approved,
APP0000909,C001922,2025-06-16,ACS,14.21,654,Approved,
APP0000910,C001518,2025-04-29,ACS,6.4,624,Approved,
APP0000911,C003613,2025-03-26,ACS,25.09,611,Approved,
APP0000912,C003162,2025-02-19,Nano,79.67,535,Approved,
APP0000913,C002851,2025-04-03,Nano,151.99,743,Approved,
APP0000914,C001827,2025-02-02,ACS,28.88,677,Declined,Duplicate Application
APP0000915,C003069,2025-01-23,Nano,232.8,433,Approved,
APP0000916,C001947,2025-03-29,ACS,18.9,548,Declined,Policy Rule Failure
APP0000917,C004452,2025-06-02,ACS,14.44,694,Approved,
APP0000918,C003546,2025-05-05,BNPL,694.2,767,Approved,
APP0000919,C001986,2025-03-21,ACS,20.02,611,Declined,Incomplete Data
APP0000920,C004218,2025-06-10,ACS,11.13,662,Approved,
APP0000921,C000356,2025-08-14,ACS,25.04,611,Declined,Policy Rule Failure
APP0000922,C004155,2025-05-07,ACS,7.99,706,Approved,
APP0000923,C002075,2025-03-19,ACS,10.29,602,Approved,
APP0000924,C001156,2025-05-31,Nano,60.27,426,Approved,
APP0000925,C004152,2025-02-16,Nano,190.27,677,Approved,
APP0000926,C003291,2025-08-27,ACS,5.9,754,Approved,
APP0000927,C000371,2025-02-12,Nano,287.96,531,Approved,
APP0000928,C001336,2025-02-04,ACS,20.61,351,Declined,Duplicate Application
APP0000929,C002256,2025-04-16,ACS,27.51,743,Approved,
APP0000930,C003143,2025-04-18,BNPL,210.56,548,Approved,
APP0000931,C004033,2025-04-21,ACS,10.25,509,Declined,Incomplete Data
APP0000932,C001837,2025-05-02,BNPL,778.44,639,Approved,
APP0000933,C004044,2025-06-13,ACS,26.1,740,Approved,
APP0000934,C003950,2025-03-10,BNPL,342.1,672,Approved,
APP0000935,C001891,2025-03-18,ACS,23.07,565,Declined,Duplicate Application
APP0000936,C004688,2025-02-20,ACS,26.12,601,Declined,Policy Rule Failure
APP0000937,C004721,2025-02-17,Nano,104.36,751,Approved,
APP0000938,C001450,2025-05-16,ACS,13.74,598,Approved,
APP0000939,C002783,2025-07-26,ACS,15.21,598,Approved,
APP0000940,C004345,2025-09-01,ACS,24.01,650,Approved,
APP0000941,C002695,2025-08-08,ACS,13.89,633,Approved,
APP0000942,C003701,2025-01-30,ACS,7.67,759,Approved,
APP0000943,C003997,2025-04-07,Nano,176.81,491,Approved,
APP0000944,C002831,2025-02-18,ACS,6.35,672,Approved,
APP0000945,C001799,2025-02-13,ACS,18.96,487,Declined,Policy Rule Failure
APP0000946,C002625,2025-03-26,Nano,103.6,804,Approved,
APP0000947,C004162,2025-02-25,BNPL,719.85,672,Declined,Duplicate Application
APP0000948,C001597,2025-06-17,Nano,71.37,608,Approved,
APP0000949,C004222,2025-04-11,ACS,23.69,554,Declined,Policy Rule Failure
APP0000950,C001017,2025-04-06,Nano,279.97,554,Declined,High Existing Exposure
APP0000951,C002311,2025-11-22,ACS,23.58,766,Approved,
APP0000952,C000417,2025-05-25,ACS,12.51,620,Approved,
APP0000953,C004271,2025-07-20,Nano,172.27,696,Approved,
APP0000954,C003563,2025-05-11,BNPL,854.93,742,Approved,
APP0000955,C000592,2025-04-28,ACS,24.7,720,Approved,
APP0000956,C001113,2025-05-20,ACS,6.38,538,Approved,
APP0000957,C002639,2025-02-11,ACS,6.54,677,Approved,
APP0000958,C002477,2025-03-15,BNPL,199.67,658,Approved,
APP0000959,C000563,2025-07-14,Nano,148.5,770,Approved,
APP0000960,C004450,2025-09-28,Nano,70.49,790,Approved,
APP0000961,C002305,2025-01-14,Nano,216.25,671,Approved,
APP0000962,C003356,2025-04-27,Nano,271.35,553,Approved,
APP0000963,C003763,2025-03-18,BNPL,119.9,520,Declined,High Existing Exposure
APP0000964,C000847,2025-01-17,ACS,23.59,728,Approved,
APP0000965,C001668,2025-03-10,Nano,30.51,754,Approved,
APP0000966,C003673,2025-02-07,BNPL,169.88,493,Approved,
APP0000967,C003869,2025-09-10,ACS,15.83,454,Declined,Incomplete Data
APP0000968,C001075,2025-03-21,ACS,29.99,864,Approved,
APP0000969,C001599,2025-08-04,Nano,103.11,788,Approved,
APP0000970,C003900,2025-05-21,ACS,17.8,636,Approved,
APP0000971,C001720,2025-04-04,ACS,29.44,834,Approved,
APP0000972,C000389,2025-06-15,ACS,20.74,520,Approved,
APP0000973,C002490,2025-03-17,BNPL,427.64,528,Approved,
APP0000974,C000709,2025-05-02,Nano,111.66,600,Approved,
APP0000975,C002970,2025-07-21,Nano,98.91,556,Declined,Duplicate Application
APP0000976,C004671,2025-05-16,ACS,7.06,559,Declined,Fraud Flag
APP0000977,C000505,2025-06-06,Nano,49.09,727,Approved,
APP0000978,C001402,2025-08-05,BNPL,757.59,586,Approved,
APP0000979,C002832,2025-10-18,ACS,18.9,562,Approved,
APP0000980,C000754,2025-04-04,Nano,56.18,501,Approved,
APP0000981,C002675,2025-02-26,ACS,15.07,656,Declined,Duplicate Application
APP0000982,C001075,2025-02-28,Nano,85.51,856,Approved,
APP0000983,C003180,2025-07-28,Nano,137.48,881,Approved,
APP0000984,C001806,2025-02-11,Nano,194.64,686,Approved,
APP0000985,C004628,2025-04-05,ACS,8.09,680,Approved,
APP0000986,C004189,2025-03-15,BNPL,747.22,774,Approved,
APP0000987,C004968,2025-09-22,ACS,5.97,542,Declined,Duplicate Application
APP0000988,C000763,2025-03-22,BNPL,109.53,494,Approved,
APP0000989,C004741,2025-09-08,ACS,26.18,608,Approved,
APP0000990,C000079,2025-08-27,ACS,22.82,783,Approved,
APP0000991,C001096,2025-06-15,ACS,7.1,731,Approved,
APP0000992,C004325,2025-01-05,ACS,6.52,684,Approved,
APP0000993,C004312,2025-07-11,ACS,25.7,522,Approved,
APP0000994,C001499,2025-06-23,Nano,45.19,695,Approved,
APP0000995,C004209,2025-02-06,Nano,228.39,326,Declined,Policy Rule Failure
APP0000996,C000385,2025-03-29,Nano,194.78,700,Approved,
APP0000997,C001681,2025-06-01,ACS,26.02,596,Approved,
APP0000998,C000139,2025-05-28,Nano,146.9,681,Approved,
APP0000999,C002587,2025-04-24,ACS,19.45,427,Declined,Low Behavioural Score
APP0001000,C004498,2025-07-01,Nano,58.54,526,Approved,
APP0001001,C003068,2025-01-08,Nano,267.71,760,Approved,
APP0001002,C002616,2025-01-27,ACS,14.02,777,Approved,
APP0001003,C000991,2025-09-14,ACS,10.67,578,Approved,
APP0001004,C003053,2025-04-02,BNPL,126.87,554,Approved,
APP0001005,C001622,2025-02-14,ACS,16.33,630,Approved,
APP0001006,C003081,2025-01-31,ACS,5.04,687,Approved,
APP0001007,C000653,2025-05-17,BNPL,655.84,780,Approved,
APP0001008,C002611,2025-07-06,ACS,23.46,552,Declined,Low Behavioural Score
APP0001009,C002488,2025-05-30,Nano,51.34,579,Approved,
APP0001010,C003847,2025-03-03,Nano,150.47,780,Approved,
APP0001011,C004546,2025-02-22,ACS,16.51,686,Approved,
APP0001012,C004531,2025-01-22,ACS,8.41,475,Declined,Incomplete Data
APP0001013,C001709,2025-05-01,Nano,162.68,635,Approved,
APP0001014,C003206,2025-02-07,ACS,21.46,607,Declined,Low Behavioural Score
APP0001015,C003267,2025-06-11,Nano,216.93,616,Approved,
APP0001016,C004220,2025-10-12,BNPL,215.49,348,Declined,Low Behavioural Score
APP0001017,C004036,2025-05-08,ACS,23.21,647,Approved,
APP0001018,C000049,2025-04-06,ACS,21.57,878,Approved,
APP0001019,C004005,2025-08-17,Nano,62.36,393,Declined,Low Behavioural Score
APP0001020,C002401,2025-07-20,Nano,75.46,681,Approved,
APP0001021,C004753,2025-01-20,Nano,110.41,593,Approved,
APP0001022,C003021,2025-06-21,Nano,225.62,798,Approved,
APP0001023,C001935,2025-04-07,BNPL,395.14,761,Approved,
APP0001024,C001007,2025-06-11,Nano,231.8,782,Approved,
APP0001025,C004747,2025-06-23,Nano,207.61,648,Approved,
APP0001026,C000802,2025-02-07,ACS,23.27,523,Declined,Duplicate Application
APP0001027,C000451,2025-09-13,ACS,6.85,604,Approved,
APP0001028,C000682,2025-05-17,Nano,143.94,745,Approved,
APP0001029,C002758,2025-05-11,ACS,9.27,554,Declined,Low Behavioural Score
APP0001030,C001425,2025-02-19,ACS,6.95,408,Declined,Low Behavioural Score
APP0001031,C002905,2025-04-15,ACS,12.35,525,Approved,
APP0001032,C004118,2025-08-22,BNPL,677.35,328,Declined,Low Behavioural Score
APP0001033,C001456,2025-04-24,Nano,222.96,404,Declined,Low Behavioural Score
APP0001034,C000139,2025-09-25,Nano,273.72,666,Approved,
APP0001035,C001796,2025-04-12,ACS,22.99,766,Approved,
APP0001036,C003013,2025-01-29,Nano,43.7,846,Approved,
APP0001037,C003642,2025-06-01,Nano,218.01,701,Approved,
APP0001038,C000341,2025-05-09,BNPL,176.05,725,Approved,
APP0001039,C004393,2025-02-06,Nano,252.38,606,Approved,
APP0001040,C002966,2025-01-17,ACS,5.94,786,Approved,
APP0001041,C002409,2025-01-30,Nano,174.06,701,Declined,Policy Rule Failure
APP0001042,C001262,2025-04-24,ACS,25.49,775,Approved,
APP0001043,C004794,2025-04-14,ACS,14.09,702,Approved,
APP0001044,C000787,2025-05-15,Nano,136.58,803,Approved,
APP0001045,C002245,2025-02-03,Nano,204.32,796,Approved,
APP0001046,C002330,2025-05-27,Nano,110.19,570,Approved,
APP0001047,C002735,2025-05-31,Nano,284.99,796,Approved,
APP0001048,C001156,2025-05-07,BNPL,278.17,426,Approved,
APP0001049,C004718,2025-03-23,Nano,30.47,779,Approved,
APP0001050,C001892,2025-08-29,Nano,283.27,481,Declined,Low Behavioural Score
APP0001051,C003562,2025-04-29,ACS,16.54,404,Declined,Fraud Flag
APP0001052,C003166,2025-03-21,BNPL,828.53,555,Declined,Duplicate Application
APP0001053,C001015,2025-04-15,Nano,208.1,848,Approved,
APP0001054,C004682,2025-07-03,BNPL,804.34,789,Approved,
APP0001055,C002301,2025-04-15,BNPL,417.96,477,Declined,Low Behavioural Score
APP0001056,C003090,2025-05-18,ACS,28.66,738,Approved,
APP0001057,C003230,2025-07-25,BNPL,338.84,781,Approved,
APP0001058,C002536,2025-01-13,Nano,194.7,879,Approved,
APP0001059,C003191,2025-03-10,Nano,168.15,541,Approved,
APP0001060,C002786,2025-07-10,Nano,38.03,588,Approved,
APP0001061,C003703,2025-03-31,BNPL,832.53,438,Declined,High Existing Exposure
APP0001062,C002361,2025-04-04,Nano,45.57,433,Declined,Low Behavioural Score
APP0001063,C004063,2025-02-21,Nano,235.53,756,Approved,
APP0001064,C002815,2025-05-24,BNPL,504.1,529,Declined,Fraud Flag
APP0001065,C004993,2025-02-15,BNPL,719.38,509,Approved,
APP0001066,C002851,2025-05-18,Nano,128.62,760,Approved,
APP0001067,C002951,2025-07-25,Nano,206.21,702,Approved,
APP0001068,C002461,2025-10-12,ACS,20.96,780,Approved,
APP0001069,C001987,2025-07-09,Nano,131.77,469,Declined,Policy Rule Failure
APP0001070,C003942,2025-04-22,BNPL,868.21,565,Approved,
APP0001071,C003173,2025-04-07,ACS,28.63,797,Approved,
APP0001072,C001954,2025-01-25,BNPL,952.47,885,Approved,
APP0001073,C004035,2025-06-10,Nano,246.04,695,Approved,
APP0001074,C000543,2025-02-23,ACS,9.4,476,Declined,Low Behavioural Score
APP0001075,C000312,2025-08-04,BNPL,968.28,671,Approved,
APP0001076,C003216,2025-02-05,ACS,19.4,533,Approved,
APP0001077,C002291,2025-05-20,Nano,80.26,629,Approved,
APP0001078,C003981,2025-04-09,Nano,186.42,610,Approved,
APP0001079,C003321,2025-06-23,ACS,20.11,541,Declined,High Existing Exposure
APP0001080,C003901,2025-04-14,Nano,140.64,644,Declined,Duplicate Application
APP0001081,C001328,2025-02-08,Nano,50.92,398,Declined,Fraud Flag
APP0001082,C001261,2025-02-19,BNPL,698.69,545,Approved,
APP0001083,C001257,2025-04-25,Nano,67.33,507,Declined,High Existing Exposure
APP0001084,C003236,2025-02-26,ACS,11.53,519,Declined,High Existing Exposure
APP0001085,C003372,2025-04-08,BNPL,810.64,584,Declined,Low Behavioural Score
APP0001086,C004993,2025-02-23,BNPL,699.44,519,Approved,
APP0001087,C001085,2025-04-11,Nano,62.18,651,Approved,
APP0001088,C000523,2025-05-08,BNPL,609.44,365,Approved,
APP0001089,C004791,2025-02-11,Nano,93.6,719,Approved,
APP0001090,C002614,2025-09-08,ACS,23.04,757,Approved,
APP0001091,C001834,2025-04-23,Nano,117.93,672,Approved,
APP0001092,C001527,2025-01-22,Nano,75.74,318,Declined,Fraud Flag
APP0001093,C004418,2025-06-13,Nano,115.02,737,Approved,
APP0001094,C003957,2025-06-21,ACS,26.97,483,Declined,Low Behavioural Score
APP0001095,C000875,2025-05-26,ACS,6.2,900,Approved,
APP0001096,C001624,2025-07-18,ACS,23.29,668,Approved,
APP0001097,C004352,2025-05-30,Nano,281.36,701,Approved,
APP0001098,C003668,2025-02-02,ACS,11.42,781,Approved,
APP0001099,C004076,2025-08-09,ACS,9.06,551,Approved,
APP0001100,C000803,2025-03-30,ACS,28.45,623,Approved,
APP0001101,C002897,2025-08-10,ACS,15.17,538,Approved,
APP0001102,C000335,2025-05-11,ACS,10.16,457,Declined,Low Behavioural Score
APP0001103,C002253,2025-09-20,ACS,12.89,808,Approved,
APP0001104,C000521,2025-05-24,Nano,164.85,710,Approved,
APP0001105,C001342,2025-04-02,Nano,136.85,516,Declined,Policy Rule Failure
APP0001106,C001302,2025-02-10,Nano,168.43,871,Approved,
APP0001107,C000943,2025-02-01,Nano,128.56,581,Approved,
APP0001108,C004248,2025-08-29,Nano,168.52,628,Approved,
APP0001109,C001856,2025-05-31,Nano,272.8,612,Approved,
APP0001110,C000753,2025-03-24,Nano,249.4,629,Declined,Policy Rule Failure
APP0001111,C004942,2025-03-06,ACS,19.89,769,Approved,
APP0001112,C000167,2025-09-19,ACS,15.54,701,Approved,
APP0001113,C000742,2025-06-14,Nano,257.48,751,Approved,
APP0001114,C004268,2025-07-08,ACS,13.86,744,Approved,
APP0001115,C002257,2025-02-01,ACS,27.01,751,Approved,
APP0001116,C001875,2025-02-10,Nano,72.74,650,Approved,
APP0001117,C001526,2025-01-15,Nano,95.61,768,Approved,
APP0001118,C002944,2025-07-15,ACS,20.01,718,Approved,
APP0001119,C001795,2025-07-30,ACS,22.47,658,Approved,
APP0001120,C000419,2025-06-03,BNPL,927.94,346,Declined,High Existing Exposure
APP0001121,C004820,2025-03-16,ACS,15.61,696,Approved,
APP0001122,C004537,2025-07-24,ACS,15.28,656,Approved,
APP0001123,C000881,2025-02-15,Nano,38.93,466,Declined,Policy Rule Failure
APP0001124,C002523,2025-03-25,BNPL,710.73,766,Approved,
APP0001125,C002268,2025-07-09,Nano,239.78,475,Declined,Policy Rule Failure
APP0001126,C000448,2025-07-07,Nano,22.79,369,Declined,Low Behavioural Score
APP0001127,C001994,2025-03-16,BNPL,676.95,647,Approved,
APP0001128,C003170,2025-01-29,ACS,12.47,527,Declined,Duplicate Application
APP0001129,C000521,2025-05-17,Nano,229.79,710,Approved,
APP0001130,C001828,2025-04-27,ACS,6.78,447,Declined,Low Behavioural Score
APP0001131,C001257,2025-03-25,Nano,157.64,518,Declined,Policy Rule Failure
APP0001132,C001768,2025-02-05,Nano,264.15,787,Declined,Duplicate Application
APP0001133,C003150,2025-03-25,BNPL,983.13,535,Approved,
APP0001134,C002042,2025-04-05,Nano,221.74,762,Approved,
APP0001135,C003840,2025-04-28,Nano,43.71,627,Approved,
APP0001136,C002541,2025-08-27,Nano,171.88,691,Approved,
APP0001137,C003460,2025-05-25,ACS,18.2,635,Approved,
APP0001138,C003097,2025-01-12,Nano,156.83,328,Declined,Low Behavioural Score
APP0001139,C004085,2025-06-10,ACS,16.75,778,Declined,Duplicate Application
APP0001140,C000733,2025-05-12,Nano,25.93,712,Approved,
APP0001141,C004955,2025-01-21,ACS,22.17,762,Approved,
APP0001142,C003772,2025-04-22,ACS,20.01,601,Approved,
APP0001143,C000991,2025-02-16,Nano,173.41,583,Declined,Fraud Flag
APP0001144,C000136,2025-05-24,ACS,22.86,495,Declined,Policy Rule Failure
APP0001145,C000128,2025-06-20,Nano,174.65,816,Approved,
APP0001146,C003496,2025-02-08,Nano,139.49,660,Approved,
APP0001147,C002115,2025-08-25,Nano,113.6,586,Declined,Fraud Flag
APP0001148,C000917,2025-04-17,ACS,14.89,682,Approved,
APP0001149,C001589,2025-04-06,Nano,165.13,524,Declined,Duplicate Application
APP0001150,C002235,2025-02-03,ACS,14.36,740,Approved,
APP0001151,C000207,2025-03-03,ACS,16.01,644,Approved,
APP0001152,C002808,2025-03-07,Nano,198.79,786,Approved,
APP0001153,C000182,2025-01-01,Nano,175.2,677,Approved,
APP0001154,C003237,2025-06-09,Nano,142.16,518,Declined,Low Behavioural Score
APP0001155,C000306,2025-01-23,Nano,263.95,665,Approved,
APP0001156,C003956,2025-02-17,ACS,13.57,669,Approved,
APP0001157,C001266,2025-07-27,Nano,95.1,475,Declined,Fraud Flag
APP0001158,C002581,2025-07-01,ACS,13.5,469,Declined,Incomplete Data
APP0001159,C001930,2025-01-06,ACS,20.62,706,Approved,
APP0001160,C004401,2025-06-24,ACS,5.21,523,Approved,
APP0001161,C003972,2025-02-02,ACS,14.1,454,Declined,Policy Rule Failure
APP0001162,C004776,2025-06-04,Nano,32.34,316,Declined,Low Behavioural Score
APP0001163,C003578,2025-02-23,Nano,240.6,809,Approved,
APP0001164,C004881,2025-03-06,Nano,123.33,309,Declined,Low Behavioural Score
APP0001165,C001127,2025-03-22,ACS,9.08,686,Approved,
APP0001166,C001598,2025-04-16,Nano,159.02,580,Approved,
APP0001167,C004048,2025-03-09,Nano,122.14,735,Approved,
APP0001168,C000161,2025-06-02,ACS,28.17,468,Declined,Low Behavioural Score
APP0001169,C000895,2025-04-07,ACS,21.73,669,Approved,
APP0001170,C003579,2025-07-24,ACS,16.93,790,Approved,
APP0001171,C002000,2025-07-03,ACS,29.21,641,Approved,
APP0001172,C001260,2025-01-10,Nano,224.62,531,Declined,Policy Rule Failure
APP0001173,C001518,2025-07-06,ACS,9.87,642,Declined,High Existing Exposure
APP0001174,C003839,2025-01-04,BNPL,518.15,566,Approved,
APP0001175,C002401,2025-05-17,Nano,160.22,675,Approved,
APP0001176,C000026,2025-09-05,ACS,27.87,530,Declined,Incomplete Data
APP0001177,C002583,2025-12-24,ACS,18.91,623,Approved,
APP0001178,C003886,2025-03-25,ACS,22.16,675,Approved,
APP0001179,C000833,2025-03-13,BNPL,247.08,699,Declined,Low Behavioural Score
APP0001180,C000351,2025-08-28,ACS,15.14,458,Declined,Fraud Flag
APP0001181,C003139,2025-01-15,BNPL,263.02,491,Declined,Low Behavioural Score
APP0001182,C004397,2025-04-30,BNPL,504.65,606,Declined,Low Behavioural Score
APP0001183,C000354,2025-06-23,ACS,26.76,782,Approved,
APP0001184,C003257,2025-07-17,BNPL,869.09,644,Declined,Fraud Flag
APP0001185,C003894,2025-06-16,ACS,8.78,571,Declined,High Existing Exposure
APP0001186,C000809,2025-05-06,ACS,15.36,456,Declined,Low Behavioural Score
APP0001187,C001302,2025-05-11,BNPL,957.58,875,Approved,
APP0001188,C002540,2025-04-28,Nano,55.67,670,Approved,
APP0001189,C003055,2025-05-27,Nano,64.28,473,Declined,Duplicate Application
APP0001190,C002527,2025-06-06,ACS,7.3,789,Approved,
APP0001191,C000919,2025-02-27,Nano,166.04,720,Approved,
APP0001192,C004396,2025-02-08,Nano,299.2,528,Approved,
APP0001193,C002105,2025-06-28,ACS,27.2,564,Approved,
APP0001194,C002662,2025-05-02,BNPL,302.18,568,Approved,
APP0001195,C002679,2025-06-11,Nano,246.01,499,Declined,Policy Rule Failure
APP0001196,C002753,2025-05-09,ACS,5.69,681,Approved,
APP0001197,C001450,2025-04-18,Nano,188.26,602,Approved,
APP0001198,C001595,2025-03-03,ACS,26.82,640,Approved,
APP0001199,C000695,2025-03-04,Nano,119.14,780,Approved,
APP0001200,C003643,2025-09-12,Nano,128.53,663,Approved,
APP0001201,C001569,2025-06-25,ACS,21.32,669,Approved,
APP0001202,C000252,2025-08-31,ACS,26.85,811,Approved,
APP0001203,C000233,2025-02-28,Nano,171.88,593,Approved,
APP0001204,C004840,2025-03-04,Nano,283.01,356,Approved,
APP0001205,C002140,2025-04-07,ACS,19.66,714,Approved,
APP0001206,C003032,2025-03-13,ACS,13.6,695,Approved,
APP0001207,C002671,2025-04-17,Nano,256.25,508,Declined,Incomplete Data
APP0001208,C004229,2025-08-31,Nano,248.37,764,Approved,
APP0001209,C004440,2025-03-20,ACS,21.14,730,Approved,
APP0001210,C003906,2025-04-07,ACS,8.43,784,Approved,
APP0001211,C004911,2025-06-16,ACS,5.06,450,Declined,Fraud Flag
APP0001212,C001091,2025-06-07,BNPL,146.74,587,Approved,
APP0001213,C002247,2025-09-10,ACS,11.3,572,Approved,
APP0001214,C001446,2025-06-13,Nano,86.64,391,Approved,
APP0001215,C004165,2025-03-09,ACS,20.44,511,Declined,Policy Rule Failure
APP0001216,C001391,2025-04-14,ACS,15.78,668,Declined,High Existing Exposure
APP0001217,C003972,2025-03-06,Nano,27.27,484,Approved,
APP0001218,C001128,2025-05-03,ACS,26.64,488,Approved,
APP0001219,C003465,2025-04-26,Nano,186.24,659,Declined,Incomplete Data
APP0001220,C000080,2025-02-26,Nano,129.83,711,Declined,High Existing Exposure
APP0001221,C003944,2025-03-19,BNPL,447.83,510,Declined,Policy Rule Failure
APP0001222,C004135,2025-02-02,ACS,7.64,726,Approved,
APP0001223,C002816,2025-04-26,ACS,17.78,632,Approved,
APP0001224,C002690,2025-03-26,Nano,297.42,582,Approved,
APP0001225,C002297,2025-02-06,ACS,18.04,837,Approved,
APP0001226,C002956,2025-01-31,Nano,24.17,581,Approved,
APP0001227,C002828,2025-03-20,Nano,193.49,502,Approved,
APP0001228,C002459,2025-03-22,Nano,22.11,767,Approved,
APP0001229,C002604,2025-07-19,Nano,275.36,466,Approved,
APP0001230,C000622,2025-07-27,ACS,17.9,603,Approved,
APP0001231,C002330,2025-06-22,Nano,213.34,568,Approved,
APP0001232,C002181,2025-09-16,Nano,264.92,667,Approved,
APP0001233,C004477,2025-03-15,ACS,24.63,645,Approved,
APP0001234,C001469,2025-04-26,ACS,18.62,751,Approved,
APP0001235,C004841,2025-05-07,ACS,15.09,341,Declined,Low Behavioural Score
APP0001236,C004461,2025-05-31,Nano,278.72,570,Approved,
APP0001237,C003916,2025-07-02,Nano,26.47,556,Approved,
APP0001238,C003507,2025-04-15,ACS,15.15,531,Declined,Incomplete Data
APP0001239,C001585,2025-06-05,ACS,17.49,791,Approved,
APP0001240,C000814,2025-02-12,Nano,263.92,798,Approved,
APP0001241,C003950,2025-02-05,ACS,9.14,658,Approved,
APP0001242,C003510,2025-03-20,Nano,215.84,804,Approved,
APP0001243,C004158,2025-06-03,ACS,21.71,771,Approved,
APP0001244,C002742,2025-05-16,Nano,288.67,527,Declined,High Existing Exposure
APP0001245,C004492,2025-03-15,ACS,26.72,784,Approved,
APP0001246,C000409,2025-06-07,ACS,17.11,606,Approved,
APP0001247,C000549,2025-05-18,Nano,45.74,661,Approved,
APP0001248,C000348,2025-06-28,BNPL,856.22,618,Approved,
APP0001249,C001608,2025-02-11,Nano,89.33,593,Approved,
APP0001250,C000738,2025-02-09,ACS,23.86,693,Approved,
APP0001251,C000204,2025-02-10,Nano,177.35,673,Approved,
APP0001252,C004053,2025-02-08,ACS,6.2,877,Approved,
APP0001253,C000781,2025-03-23,Nano,20.77,554,Approved,
APP0001254,C004150,2025-02-02,ACS,8.18,706,Approved,
APP0001255,C003214,2025-07-19,Nano,96.45,583,Declined,Low Behavioural Score
APP0001256,C003041,2025-04-02,BNPL,346.79,815,Approved,
APP0001257,C000585,2025-08-13,Nano,82.01,667,Approved,
APP0001258,C000079,2025-03-03,ACS,26.75,751,Approved,
APP0001259,C000698,2025-09-01,Nano,169.43,556,Declined,Policy Rule Failure
APP0001260,C001586,2025-07-07,ACS,7.92,802,Approved,
APP0001261,C004783,2025-02-02,ACS,7.6,590,Approved,
APP0001262,C002005,2025-06-21,ACS,19.78,503,Declined,Duplicate Application
APP0001263,C001167,2025-08-27,BNPL,705.86,398,Declined,Low Behavioural Score
APP0001264,C001422,2025-10-29,ACS,22.84,519,Declined,Incomplete Data
APP0001265,C001675,2025-02-05,BNPL,688.17,385,Declined,Low Behavioural Score
APP0001266,C002906,2025-02-01,Nano,197.5,703,Approved,
APP0001267,C004032,2025-05-09,Nano,238.99,656,Approved,
APP0001268,C000312,2025-06-16,Nano,41.95,665,Approved,
APP0001269,C003874,2025-07-03,ACS,21.28,756,Approved,
APP0001270,C000100,2025-01-16,Nano,71.26,473,Declined,Duplicate Application
APP0001271,C001609,2025-01-31,Nano,74.86,300,Declined,Duplicate Application
APP0001272,C002940,2025-02-11,Nano,236.86,660,Approved,
APP0001273,C000525,2025-01-13,ACS,29.93,755,Approved,
APP0001274,C001323,2025-01-15,Nano,109.58,583,Approved,
APP0001275,C003193,2025-03-12,ACS,17.91,465,Declined,Low Behavioural Score
APP0001276,C003433,2025-05-07,Nano,216.44,630,Approved,
APP0001277,C000415,2025-03-16,Nano,285.5,583,Declined,Incomplete Data
APP0001278,C003888,2025-03-08,ACS,21.16,705,Approved,
APP0001279,C002041,2025-01-15,ACS,22.65,373,Declined,Low Behavioural Score
APP0001280,C003056,2025-07-28,Nano,100.02,468,Declined,High Existing Exposure
APP0001281,C001064,2025-08-04,ACS,14.28,507,Approved,
APP0001282,C004949,2025-02-15,Nano,271.42,727,Declined,Low Behavioural Score
APP0001283,C003806,2025-07-21,Nano,31.74,395,Declined,Duplicate Application
APP0001284,C003215,2025-09-03,Nano,175.6,789,Approved,
APP0001285,C000930,2025-06-27,ACS,8.41,572,Declined,Incomplete Data
APP0001286,C003864,2025-04-18,Nano,32.19,670,Approved,
APP0001287,C001888,2025-06-06,Nano,59.76,529,Declined,Incomplete Data
APP0001288,C003206,2025-02-10,Nano,150.83,599,Approved,
APP0001289,C003251,2025-02-27,ACS,20.3,721,Approved,
APP0001290,C004028,2025-03-05,ACS,9.07,718,Approved,
APP0001291,C004181,2025-09-27,Nano,163.54,634,Approved,
APP0001292,C001954,2025-02-19,Nano,292.29,892,Approved,
APP0001293,C000406,2025-10-20,Nano,170.54,531,Approved,
APP0001294,C002172,2025-09-03,Nano,37.38,766,Approved,
APP0001295,C002001,2025-07-24,ACS,11.14,638,Approved,
APP0001296,C001676,2025-08-28,Nano,30.91,535,Declined,Fraud Flag
APP0001297,C002444,2025-06-08,Nano,184.48,528,Approved,
APP0001298,C002883,2025-02-17,ACS,26.93,624,Declined,Fraud Flag
APP0001299,C003117,2025-01-14,ACS,24.38,589,Approved,
APP0001300,C001874,2025-03-18,Nano,32.72,441,Declined,Low Behavioural Score
APP0001301,C003083,2025-02-09,Nano,237.64,543,Declined,Low Behavioural Score
APP0001302,C004940,2025-08-26,Nano,162.73,506,Approved,
APP0001303,C003254,2025-03-30,ACS,26.29,481,Declined,Low Behavioural Score
APP0001304,C003016,2025-03-10,Nano,131.07,514,Declined,Policy Rule Failure
APP0001305,C001429,2025-03-12,ACS,15.17,321,Declined,Low Behavioural Score
APP0001306,C001679,2025-08-19,Nano,296.59,698,Declined,Duplicate Application
APP0001307,C000259,2025-01-09,ACS,13.61,578,Approved,
APP0001308,C002541,2025-05-28,ACS,9.93,689,Approved,
APP0001309,C000373,2025-06-19,ACS,29.37,543,Declined,Policy Rule Failure
APP0001310,C003904,2025-02-02,ACS,27.6,677,Approved,
APP0001311,C004786,2025-04-10,ACS,7.76,605,Declined,Low Behavioural Score
APP0001312,C004031,2025-01-29,Nano,80.4,650,Approved,
APP0001313,C000784,2025-03-16,ACS,26.4,455,Declined,Incomplete Data
APP0001314,C003186,2025-07-25,ACS,10.48,467,Declined,Low Behavioural Score
APP0001315,C002153,2025-04-02,BNPL,383.87,766,Approved,
APP0001316,C000012,2025-04-14,Nano,117.34,599,Declined,Duplicate Application
APP0001317,C003583,2025-01-09,ACS,13.48,579,Approved,
APP0001318,C004344,2025-01-31,Nano,84.83,669,Approved,
APP0001319,C002309,2025-03-26,ACS,9.48,689,Approved,
APP0001320,C004550,2025-01-19,ACS,14.06,309,Declined,Low Behavioural Score
APP0001321,C000278,2025-04-20,Nano,162.38,665,Declined,High Existing Exposure
APP0001322,C004359,2025-03-17,Nano,26.51,523,Declined,High Existing Exposure
APP0001323,C003406,2025-10-14,Nano,31.64,663,Declined,Duplicate Application
APP0001324,C003356,2025-02-03,ACS,18.77,559,Declined,Incomplete Data
APP0001325,C002516,2025-04-02,Nano,69.63,730,Approved,
APP0001326,C000136,2025-01-02,Nano,65.32,510,Declined,Incomplete Data
APP0001327,C002262,2025-03-05,Nano,38.34,595,Approved,
APP0001328,C004754,2025-08-02,Nano,241.84,786,Approved,
APP0001329,C002313,2025-03-29,ACS,12.14,467,Declined,Low Behavioural Score
APP0001330,C000340,2025-05-29,Nano,161.67,761,Approved,
APP0001331,C002471,2025-05-02,Nano,166.82,791,Approved,
APP0001332,C000748,2025-02-22,Nano,90.44,774,Approved,
APP0001333,C002107,2025-03-23,Nano,248.24,686,Approved,
APP0001334,C003140,2025-02-15,Nano,291.8,738,Approved,
APP0001335,C000335,2025-02-15,Nano,141.71,471,Approved,
APP0001336,C002310,2025-01-27,Nano,296.78,682,Approved,
APP0001337,C002529,2025-06-13,ACS,10.14,614,Approved,
APP0001338,C003774,2025-08-28,Nano,233.35,628,Declined,High Existing Exposure
APP0001339,C000340,2025-08-15,BNPL,569.67,753,Approved,
APP0001340,C003166,2025-02-07,ACS,18.6,551,Approved,
APP0001341,C003109,2025-06-21,ACS,27.72,765,Approved,
APP0001342,C000021,2025-06-25,Nano,287.34,529,Approved,
APP0001343,C000598,2025-05-30,ACS,5.06,616,Declined,Incomplete Data
APP0001344,C003215,2025-06-07,ACS,10.94,793,Approved,
APP0001345,C004301,2025-05-01,BNPL,364.33,868,Approved,
APP0001346,C004292,2025-04-16,ACS,16.77,684,Approved,
APP0001347,C003844,2025-05-07,ACS,19.8,562,Declined,Policy Rule Failure
APP0001348,C004261,2025-02-14,Nano,258.37,628,Declined,Incomplete Data
APP0001349,C003034,2025-02-13,Nano,296.71,544,Declined,Fraud Flag
APP0001350,C000788,2025-08-15,ACS,16.46,489,Declined,Low Behavioural Score
APP0001351,C002658,2025-04-14,ACS,12.87,738,Approved,
APP0001352,C001737,2025-07-20,Nano,232.95,761,Approved,
APP0001353,C001276,2025-03-01,ACS,22.62,570,Approved,
APP0001354,C000598,2025-08-29,ACS,8.0,613,Declined,Fraud Flag
APP0001355,C000100,2025-08-15,ACS,21.19,468,Approved,
APP0001356,C003758,2025-06-04,BNPL,849.29,589,Approved,
APP0001357,C000852,2025-04-07,Nano,39.89,588,Approved,
APP0001358,C003138,2025-09-07,Nano,172.5,554,Declined,High Existing Exposure
APP0001359,C001513,2025-07-07,BNPL,114.75,590,Approved,
APP0001360,C002423,2025-01-29,ACS,12.05,593,Approved,
APP0001361,C001988,2025-04-02,ACS,6.3,489,Approved,
APP0001362,C001499,2025-03-16,Nano,290.87,709,Approved,
APP0001363,C002404,2025-03-24,Nano,188.95,580,Approved,
APP0001364,C003936,2025-03-30,ACS,29.84,654,Approved,
APP0001365,C002521,2025-03-21,ACS,27.08,615,Approved,
APP0001366,C003958,2025-04-12,ACS,15.07,556,Declined,Policy Rule Failure
APP0001367,C004554,2025-02-13,Nano,165.22,726,Approved,
APP0001368,C002456,2025-04-24,ACS,22.86,791,Approved,
APP0001369,C004014,2025-03-17,Nano,81.54,870,Approved,
APP0001370,C000623,2025-08-24,ACS,6.54,736,Approved,
APP0001371,C002830,2025-06-11,ACS,26.08,493,Declined,Low Behavioural Score
APP0001372,C002327,2025-05-26,ACS,20.3,684,Approved,
APP0001373,C000029,2025-09-02,BNPL,936.23,784,Approved,
APP0001374,C004481,2025-03-28,Nano,217.99,789,Approved,
APP0001375,C003708,2025-07-01,Nano,98.54,572,Declined,Fraud Flag
APP0001376,C002921,2025-02-23,ACS,11.66,576,Approved,
APP0001377,C003479,2025-01-16,ACS,13.37,771,Approved,
APP0001378,C003771,2025-02-26,ACS,9.65,832,Approved,
APP0001379,C003889,2025-06-01,ACS,17.16,652,Approved,
APP0001380,C001474,2025-02-21,Nano,92.46,430,Declined,Low Behavioural Score
APP0001381,C002090,2025-02-17,ACS,26.53,654,Approved,
APP0001382,C001716,2025-08-20,Nano,238.4,719,Approved,
APP0001383,C004556,2025-01-28,Nano,79.35,585,Approved,
APP0001384,C000586,2025-04-03,ACS,17.83,641,Approved,
APP0001385,C004537,2025-07-15,ACS,27.38,662,Approved,
APP0001386,C001715,2025-04-06,Nano,54.58,713,Approved,
APP0001387,C003893,2025-04-21,BNPL,812.92,769,Approved,
APP0001388,C000849,2025-06-07,BNPL,319.32,792,Approved,
APP0001389,C004218,2025-01-30,ACS,13.55,658,Declined,Duplicate Application
APP0001390,C002695,2025-02-07,ACS,18.88,621,Approved,
APP0001391,C004925,2025-02-09,ACS,25.36,451,Declined,Fraud Flag
APP0001392,C001970,2025-06-03,BNPL,274.93,639,Approved,
APP0001393,C004973,2025-03-13,ACS,28.15,686,Approved,
APP0001394,C004179,2025-04-09,Nano,149.83,660,Approved,
APP0001395,C000041,2025-07-29,Nano,109.61,366,Declined,Low Behavioural Score
APP0001396,C001914,2025-08-27,ACS,10.36,520,Approved,
APP0001397,C002029,2025-04-15,Nano,108.87,618,Approved,
APP0001398,C001062,2025-04-20,Nano,108.14,591,Approved,
APP0001399,C004391,2025-04-23,ACS,25.29,586,Approved,
APP0001400,C000422,2025-05-25,ACS,15.34,484,Declined,Duplicate Application
APP0001401,C001294,2025-03-29,ACS,13.1,643,Approved,
APP0001402,C001263,2025-07-10,BNPL,237.72,679,Approved,
APP0001403,C002093,2025-02-07,BNPL,663.03,514,Declined,Low Behavioural Score
APP0001404,C003487,2025-01-29,ACS,14.52,684,Approved,
APP0001405,C000035,2025-02-21,Nano,250.6,897,Approved,
APP0001406,C003132,2025-03-05,Nano,61.37,709,Approved,
APP0001407,C002025,2025-05-25,BNPL,628.38,578,Approved,
APP0001408,C003100,2025-07-09,Nano,37.27,603,Approved,
APP0001409,C000309,2025-05-31,ACS,8.15,771,Approved,
APP0001410,C004291,2025-02-18,BNPL,982.38,703,Declined,Incomplete Data
APP0001411,C002887,2025-07-23,ACS,22.46,685,Approved,
APP0001412,C001265,2025-04-23,ACS,18.1,447,Declined,Low Behavioural Score
APP0001413,C003948,2025-08-22,Nano,49.65,335,Declined,Incomplete Data
APP0001414,C002354,2025-03-12,BNPL,111.91,560,Approved,
APP0001415,C001952,2025-02-26,Nano,92.47,679,Approved,
APP0001416,C000841,2025-06-13,Nano,156.27,749,Approved,
APP0001417,C002453,2025-01-25,ACS,6.88,697,Approved,
APP0001418,C001094,2025-05-13,Nano,119.65,554,Approved,
APP0001419,C003669,2025-04-20,ACS,11.49,636,Approved,
APP0001420,C001855,2025-05-13,ACS,28.07,534,Approved,
APP0001421,C000593,2025-04-07,BNPL,660.01,633,Approved,
APP0001422,C003536,2025-03-03,Nano,174.86,551,Approved,
APP0001423,C004226,2025-03-14,BNPL,539.01,870,Approved,
APP0001424,C004169,2025-06-14,ACS,8.79,675,Approved,
APP0001425,C002425,2025-02-26,Nano,126.3,546,Approved,
APP0001426,C001537,2025-07-24,ACS,20.25,611,Approved,
APP0001427,C001108,2025-06-10,ACS,26.05,648,Approved,
APP0001428,C001989,2025-03-10,ACS,28.89,755,Approved,
APP0001429,C000508,2025-02-26,ACS,21.73,407,Declined,Fraud Flag
APP0001430,C004439,2025-03-21,BNPL,777.71,603,Approved,
APP0001431,C001246,2025-01-31,Nano,163.97,609,Approved,
APP0001432,C003902,2025-04-01,BNPL,276.73,585,Declined,Fraud Flag
APP0001433,C001926,2025-08-19,ACS,22.11,687,Approved,
APP0001434,C003452,2025-08-18,Nano,224.01,690,Approved,
APP0001435,C004554,2025-01-06,ACS,10.96,718,Approved,
APP0001436,C002036,2025-01-12,ACS,27.29,784,Approved,
APP0001437,C004825,2025-05-30,BNPL,558.88,605,Approved,
APP0001438,C001706,2025-07-10,ACS,22.14,619,Declined,Low Behavioural Score
APP0001439,C001273,2025-03-30,Nano,165.97,817,Approved,
APP0001440,C003618,2025-04-19,BNPL,619.93,857,Approved,
APP0001441,C000704,2025-01-24,ACS,23.41,681,Approved,
APP0001442,C000467,2025-08-25,BNPL,303.12,685,Approved,
APP0001443,C001841,2025-06-13,Nano,240.22,747,Approved,
APP0001444,C002718,2025-11-05,Nano,115.44,759,Approved,
APP0001445,C002341,2025-05-25,Nano,176.21,635,Declined,High Existing Exposure
APP0001446,C000305,2025-02-28,Nano,189.87,729,Approved,
APP0001447,C002742,2025-03-09,BNPL,939.32,535,Approved,
APP0001448,C003117,2025-02-05,BNPL,259.36,599,Declined,Policy Rule Failure
APP0001449,C001424,2025-08-16,ACS,15.62,502,Declined,Fraud Flag
APP0001450,C002843,2025-04-10,Nano,49.66,779,Approved,
APP0001451,C001775,2025-02-16,ACS,15.7,493,Approved,
APP0001452,C000299,2025-06-03,ACS,23.18,572,Approved,
APP0001453,C003721,2025-03-05,ACS,12.96,700,Approved,
APP0001454,C002100,2025-05-02,ACS,20.85,678,Approved,
APP0001455,C004919,2025-04-04,Nano,227.4,698,Approved,
APP0001456,C000963,2025-02-13,ACS,18.73,869,Approved,
APP0001457,C000038,2025-02-05,ACS,25.91,555,Approved,
APP0001458,C003991,2025-02-04,BNPL,157.12,759,Approved,
APP0001459,C004312,2025-01-30,BNPL,747.11,524,Approved,
APP0001460,C004567,2025-02-12,Nano,260.29,693,Approved,
APP0001461,C004948,2025-09-15,BNPL,783.6,551,Declined,High Existing Exposure
APP0001462,C001574,2025-06-16,Nano,134.44,715,Approved,
APP0001463,C003395,2025-05-07,Nano,108.17,353,Declined,Low Behavioural Score
APP0001464,C000147,2025-07-14,ACS,9.39,433,Approved,
APP0001465,C002088,2025-02-22,ACS,15.27,471,Declined,Fraud Flag
APP0001466,C004489,2025-03-02,ACS,12.53,569,Approved,
APP0001467,C003172,2025-03-17,Nano,200.77,522,Declined,Policy Rule Failure
APP0001468,C004223,2025-02-21,Nano,75.5,729,Approved,
APP0001469,C004731,2025-03-02,Nano,21.5,767,Approved,
APP0001470,C003985,2025-08-10,ACS,24.27,879,Approved,
APP0001471,C003437,2025-05-10,Nano,231.62,581,Approved,
APP0001472,C001782,2025-05-02,BNPL,319.37,682,Approved,
APP0001473,C002658,2025-05-27,Nano,200.3,732,Approved,
APP0001474,C000399,2025-03-02,ACS,24.92,800,Approved,
APP0001475,C002886,2025-04-25,ACS,13.92,749,Approved,
APP0001476,C004875,2025-01-25,BNPL,578.58,567,Approved,
APP0001477,C000740,2025-04-06,ACS,11.99,618,Approved,
APP0001478,C002468,2025-06-11,ACS,12.24,494,Declined,Low Behavioural Score
APP0001479,C004498,2025-07-02,ACS,15.11,521,Approved,
APP0001480,C001784,2025-04-22,Nano,179.91,574,Approved,
APP0001481,C002946,2025-04-17,ACS,23.6,667,Approved,
APP0001482,C003887,2025-07-01,ACS,13.0,855,Approved,
APP0001483,C003941,2025-04-20,ACS,16.13,728,Approved,
APP0001484,C003354,2025-03-05,Nano,289.61,740,Approved,
APP0001485,C000314,2025-02-01,Nano,277.45,865,Approved,
APP0001486,C000210,2025-03-13,BNPL,199.67,651,Declined,Fraud Flag
APP0001487,C003774,2025-04-07,ACS,23.64,636,Approved,
APP0001488,C004792,2025-02-28,Nano,193.51,760,Approved,
APP0001489,C001339,2025-06-27,ACS,20.6,624,Approved,
APP0001490,C002781,2025-03-10,Nano,197.2,475,Approved,
APP0001491,C000357,2025-03-03,ACS,15.92,554,Declined,Incomplete Data
APP0001492,C000942,2025-07-18,Nano,250.24,764,Approved,
APP0001493,C002423,2025-05-14,Nano,202.5,592,Approved,
APP0001494,C000080,2025-02-01,BNPL,746.21,707,Approved,
APP0001495,C002944,2025-02-06,ACS,25.72,723,Approved,
APP0001496,C002762,2025-07-20,Nano,141.0,635,Approved,
APP0001497,C000464,2025-02-15,Nano,52.82,687,Declined,Policy Rule Failure
APP0001498,C002971,2025-06-03,Nano,48.88,424,Declined,Low Behavioural Score
APP0001499,C002278,2025-06-23,Nano,200.2,596,Approved,
APP0001500,C000499,2025-10-03,ACS,17.45,599,Approved,
APP0001501,C001094,2025-03-24,Nano,246.07,554,Approved,
APP0001502,C002725,2025-11-13,ACS,6.13,340,Declined,Low Behavioural Score
APP0001503,C004055,2025-07-13,Nano,35.53,546,Approved,
APP0001504,C002159,2025-03-09,ACS,24.2,556,Approved,
APP0001505,C003161,2025-02-05,BNPL,994.86,422,Declined,Incomplete Data
APP0001506,C002189,2025-04-24,ACS,26.19,458,Declined,Incomplete Data
APP0001507,C004308,2025-08-04,BNPL,477.11,829,Approved,
APP0001508,C004877,2025-04-18,ACS,26.9,789,Approved,
APP0001509,C002113,2025-09-14,ACS,5.91,701,Approved,
APP0001510,C001480,2025-01-11,Nano,225.15,738,Approved,
APP0001511,C002880,2025-02-19,BNPL,256.0,618,Approved,
APP0001512,C004421,2025-06-11,Nano,99.59,790,Approved,
APP0001513,C002998,2025-03-29,ACS,13.72,637,Approved,
APP0001514,C001723,2025-04-25,ACS,9.46,612,Approved,
APP0001515,C003882,2025-05-09,Nano,160.86,506,Approved,
APP0001516,C000898,2025-02-24,Nano,139.25,733,Approved,
APP0001517,C001365,2025-09-15,Nano,168.7,594,Declined,Fraud Flag
APP0001518,C000762,2025-01-17,ACS,14.21,710,Approved,
APP0001519,C004565,2025-06-05,ACS,7.31,701,Approved,
APP0001520,C004704,2025-03-17,Nano,245.61,324,Declined,Fraud Flag
APP0001521,C004793,2025-10-19,ACS,25.18,793,Approved,
APP0001522,C000117,2025-03-02,Nano,222.53,705,Approved,
APP0001523,C004497,2025-03-06,BNPL,692.5,787,Approved,
APP0001524,C001096,2025-01-27,ACS,16.93,720,Approved,
APP0001525,C004763,2025-03-26,ACS,23.53,628,Approved,
APP0001526,C001703,2025-04-13,ACS,26.72,452,Approved,
APP0001527,C001531,2025-06-10,ACS,23.93,641,Approved,
APP0001528,C003284,2025-06-22,ACS,11.38,485,Declined,Policy Rule Failure
APP0001529,C003951,2025-04-07,ACS,10.07,789,Approved,
APP0001530,C001880,2025-06-06,ACS,19.15,644,Approved,
APP0001531,C004122,2025-06-20,Nano,130.56,452,Declined,Low Behavioural Score
APP0001532,C000103,2025-05-02,ACS,13.67,772,Approved,
APP0001533,C004493,2025-01-01,Nano,282.11,747,Approved,
APP0001534,C002585,2025-06-08,ACS,23.44,584,Approved,
APP0001535,C002684,2025-03-26,ACS,17.53,542,Approved,
APP0001536,C004423,2025-03-11,Nano,116.27,688,Declined,High Existing Exposure
APP0001537,C000275,2025-04-28,ACS,11.59,523,Declined,High Existing Exposure
APP0001538,C004433,2025-05-08,ACS,29.92,764,Approved,
APP0001539,C001016,2025-02-26,BNPL,367.38,580,Approved,
APP0001540,C004958,2025-03-01,ACS,26.15,586,Declined,Low Behavioural Score
APP0001541,C003596,2025-06-30,Nano,56.96,568,Approved,
APP0001542,C001712,2025-06-24,Nano,234.35,384,Declined,High Existing Exposure
APP0001543,C000332,2025-06-13,ACS,17.3,757,Approved,
APP0001544,C000613,2025-06-17,ACS,16.31,753,Approved,
APP0001545,C000610,2025-08-25,BNPL,828.22,764,Approved,
APP0001546,C000348,2025-02-24,ACS,6.36,609,Approved,
APP0001547,C003080,2025-06-14,ACS,5.22,897,Approved,
APP0001548,C004336,2025-07-03,ACS,7.63,479,Approved,
APP0001549,C003999,2025-05-15,ACS,6.16,518,Approved,
APP0001550,C003742,2025-04-23,ACS,28.27,549,Approved,
APP0001551,C004903,2025-04-12,BNPL,206.59,431,Declined,Low Behavioural Score
APP0001552,C003138,2025-02-05,ACS,24.68,548,Declined,High Existing Exposure
APP0001553,C000475,2025-01-10,Nano,231.66,624,Declined,High Existing Exposure
APP0001554,C002484,2025-01-12,ACS,5.03,771,Approved,
APP0001555,C003791,2025-06-09,Nano,98.21,618,Approved,
APP0001556,C002287,2025-02-28,Nano,246.08,642,Approved,
APP0001557,C001536,2025-05-06,Nano,202.3,467,Approved,
APP0001558,C002470,2025-05-29,BNPL,797.64,468,Declined,Low Behavioural Score
APP0001559,C003906,2025-03-15,ACS,25.74,779,Approved,
APP0001560,C001820,2025-02-19,Nano,28.77,660,Approved,
APP0001561,C001766,2025-03-17,Nano,208.07,455,Declined,Low Behavioural Score
APP0001562,C002374,2025-08-19,ACS,5.86,375,Declined,Incomplete Data
APP0001563,C002097,2025-01-12,ACS,28.21,593,Approved,
APP0001564,C001052,2025-02-10,ACS,15.68,623,Approved,
APP0001565,C001400,2025-03-20,ACS,12.98,858,Approved,
APP0001566,C000589,2025-05-09,ACS,9.33,461,Declined,Low Behavioural Score
APP0001567,C003758,2025-02-15,ACS,21.94,587,Approved,
APP0001568,C001057,2025-08-05,ACS,25.49,535,Declined,Policy Rule Failure
APP0001569,C004893,2025-04-23,ACS,7.71,524,Approved,
APP0001570,C004855,2025-03-18,BNPL,983.94,712,Approved,
APP0001571,C003362,2025-04-03,Nano,42.59,411,Approved,
APP0001572,C004954,2025-09-01,ACS,24.6,684,Approved,
APP0001573,C004319,2025-08-23,Nano,39.23,648,Approved,
APP0001574,C003758,2025-06-08,Nano,78.28,599,Approved,
APP0001575,C001779,2025-01-23,ACS,8.94,615,Declined,Low Behavioural Score
APP0001576,C004186,2025-04-06,Nano,67.38,524,Approved,
APP0001577,C001705,2025-04-05,BNPL,871.81,505,Approved,
APP0001578,C000518,2025-03-18,ACS,21.58,636,Approved,
APP0001579,C002829,2025-03-27,BNPL,974.64,758,Approved,
APP0001580,C000616,2025-04-15,ACS,10.56,662,Approved,
APP0001581,C000462,2025-07-06,Nano,73.23,638,Approved,
APP0001582,C000464,2025-04-21,ACS,9.13,691,Declined,Duplicate Application
APP0001583,C004558,2025-02-03,ACS,25.86,789,Approved,
APP0001584,C000316,2025-09-06,ACS,13.29,755,Approved,
APP0001585,C001973,2025-02-06,BNPL,638.6,785,Approved,
APP0001586,C003737,2025-03-08,Nano,117.18,596,Approved,
APP0001587,C004011,2025-04-18,BNPL,586.45,710,Approved,
APP0001588,C000283,2025-03-27,Nano,213.12,691,Approved,
APP0001589,C004470,2025-04-03,Nano,53.16,728,Approved,
APP0001590,C004746,2025-02-10,ACS,27.59,761,Approved,
APP0001591,C004850,2025-02-05,BNPL,377.73,521,Declined,Incomplete Data
APP0001592,C003271,2025-01-15,Nano,66.08,560,Approved,
APP0001593,C002562,2025-01-29,Nano,240.52,675,Approved,
APP0001594,C000855,2025-02-16,Nano,299.01,801,Approved,
APP0001595,C000618,2025-03-25,Nano,112.91,593,Approved,
APP0001596,C004088,2025-01-16,ACS,15.29,378,Declined,High Existing Exposure
APP0001597,C004252,2025-07-19,ACS,9.69,468,Declined,Fraud Flag
APP0001598,C004119,2025-05-13,BNPL,121.1,652,Approved,
APP0001599,C003092,2025-01-29,ACS,8.35,646,Approved,
APP0001600,C002820,2025-04-20,ACS,28.9,614,Approved,
APP0001601,C000968,2025-04-15,Nano,267.49,713,Approved,
APP0001602,C000455,2025-04-25,ACS,24.95,581,Approved,
APP0001603,C001005,2025-02-26,Nano,283.35,720,Approved,
APP0001604,C002004,2025-08-16,Nano,196.99,900,Approved,
APP0001605,C001507,2025-05-11,BNPL,454.46,602,Approved,
APP0001606,C002743,2025-01-22,Nano,93.08,464,Approved,
APP0001607,C003909,2025-03-03,Nano,232.25,558,Approved,
APP0001608,C003719,2025-10-30,Nano,213.08,580,Declined,High Existing Exposure
APP0001609,C004141,2025-06-26,ACS,17.21,660,Approved,
APP0001610,C001493,2025-06-18,ACS,20.57,377,Declined,Low Behavioural Score
APP0001611,C004679,2025-01-02,Nano,200.05,516,Declined,High Existing Exposure
APP0001612,C004366,2025-08-07,Nano,143.63,788,Approved,
APP0001613,C001745,2025-01-28,ACS,10.14,550,Approved,
APP0001614,C001254,2025-03-19,Nano,81.11,466,Declined,Low Behavioural Score
APP0001615,C004440,2025-08-29,ACS,8.19,710,Approved,
APP0001616,C004991,2025-06-29,Nano,56.53,760,Approved,
APP0001617,C002326,2025-02-28,Nano,131.14,498,Declined,Fraud Flag
APP0001618,C000576,2025-03-14,ACS,10.51,598,Declined,High Existing Exposure
APP0001619,C003033,2025-02-28,Nano,33.13,475,Approved,
APP0001620,C004165,2025-06-15,ACS,13.55,521,Approved,
APP0001621,C002345,2025-05-27,Nano,56.67,710,Approved,
APP0001622,C000662,2025-01-18,Nano,217.21,766,Approved,
APP0001623,C003678,2025-07-06,ACS,17.61,568,Approved,
APP0001624,C003797,2025-05-09,ACS,5.89,327,Declined,Low Behavioural Score
APP0001625,C004375,2025-09-23,Nano,65.44,499,Declined,Duplicate Application
APP0001626,C004312,2025-03-16,Nano,26.34,536,Declined,Incomplete Data
APP0001627,C002390,2025-05-21,Nano,91.67,802,Approved,
APP0001628,C001565,2025-08-07,ACS,9.09,548,Approved,
APP0001629,C000828,2025-04-01,Nano,48.73,689,Approved,
APP0001630,C000507,2025-07-16,ACS,10.01,695,Approved,
APP0001631,C004135,2025-06-24,BNPL,718.62,729,Approved,
APP0001632,C005000,2025-05-10,Nano,26.17,713,Approved,
APP0001633,C003217,2025-06-04,Nano,69.22,780,Approved,
APP0001634,C004856,2025-04-28,ACS,18.47,579,Approved,
APP0001635,C001538,2025-02-27,ACS,12.78,531,Approved,
APP0001636,C003785,2025-03-11,ACS,16.78,728,Approved,
APP0001637,C001985,2025-06-13,Nano,296.52,510,Approved,
APP0001638,C001933,2025-04-05,Nano,95.48,483,Declined,Low Behavioural Score
APP0001639,C003201,2025-01-18,ACS,26.63,776,Approved,
APP0001640,C000673,2025-03-10,ACS,5.18,513,Declined,Duplicate Application
APP0001641,C002062,2025-02-05,Nano,121.99,724,Approved,
APP0001642,C002091,2025-06-25,ACS,12.02,554,Approved,
APP0001643,C002153,2025-01-06,Nano,203.25,764,Approved,
APP0001644,C003602,2025-03-20,Nano,294.03,330,Declined,Low Behavioural Score
APP0001645,C001391,2025-05-11,ACS,19.96,668,Approved,
APP0001646,C000762,2025-04-13,BNPL,563.81,686,Declined,High Existing Exposure
APP0001647,C003055,2025-08-07,ACS,22.95,463,Declined,Low Behavioural Score
APP0001648,C000085,2025-04-01,ACS,5.13,584,Declined,Fraud Flag
APP0001649,C004941,2025-04-13,Nano,232.6,700,Approved,
APP0001650,C004521,2025-02-23,ACS,7.54,579,Approved,
APP0001651,C001915,2025-01-03,ACS,28.13,880,Approved,
APP0001652,C003500,2025-01-29,Nano,272.74,739,Approved,
APP0001653,C002595,2025-02-20,ACS,14.25,673,Approved,
APP0001654,C003470,2025-03-02,BNPL,105.71,489,Declined,Low Behavioural Score
APP0001655,C001097,2025-04-27,Nano,94.13,359,Declined,Low Behavioural Score
APP0001656,C004736,2025-09-18,BNPL,831.11,518,Declined,Policy Rule Failure
APP0001657,C004408,2025-01-22,Nano,115.65,577,Declined,Low Behavioural Score
APP0001658,C002604,2025-04-19,Nano,133.81,455,Declined,Low Behavioural Score
APP0001659,C004388,2025-05-12,Nano,205.6,628,Approved,
APP0001660,C001591,2025-08-31,Nano,98.82,678,Approved,
APP0001661,C003929,2025-03-02,Nano,196.62,763,Approved,
APP0001662,C004548,2025-08-27,ACS,16.13,380,Declined,Incomplete Data
APP0001663,C003481,2025-02-09,ACS,29.99,646,Approved,
APP0001664,C004930,2025-03-05,Nano,291.19,702,Approved,
APP0001665,C001071,2025-05-24,ACS,17.74,797,Approved,
APP0001666,C000103,2025-08-08,BNPL,474.07,775,Approved,
APP0001667,C002634,2025-02-10,ACS,5.53,680,Approved,
APP0001668,C001654,2025-08-05,Nano,113.75,626,Approved,
APP0001669,C003197,2025-07-02,Nano,223.72,699,Approved,
APP0001670,C001813,2025-03-01,ACS,24.18,785,Approved,
APP0001671,C004344,2025-06-02,Nano,65.72,689,Approved,
APP0001672,C000557,2025-06-22,BNPL,910.95,681,Declined,High Existing Exposure
APP0001673,C004819,2025-08-08,BNPL,246.85,664,Approved,
APP0001674,C001108,2025-02-17,ACS,26.73,666,Approved,
APP0001675,C001635,2025-04-20,ACS,15.44,633,Declined,Fraud Flag
APP0001676,C000123,2025-03-29,ACS,10.89,324,Declined,Fraud Flag
APP0001677,C003394,2025-01-24,ACS,22.71,549,Declined,Duplicate Application
APP0001678,C003483,2025-05-16,ACS,26.47,495,Declined,Duplicate Application
APP0001679,C004648,2025-04-25,ACS,29.09,731,Approved,
APP0001680,C000535,2025-02-27,ACS,24.14,527,Declined,Low Behavioural Score
APP0001681,C002413,2025-03-11,ACS,29.01,704,Approved,
APP0001682,C004439,2025-03-16,BNPL,453.57,603,Approved,
APP0001683,C000151,2025-04-14,Nano,273.34,565,Approved,
APP0001684,C002920,2025-04-09,ACS,16.8,611,Approved,
APP0001685,C001150,2025-07-03,ACS,8.1,561,Declined,Policy Rule Failure
APP0001686,C001781,2025-05-19,Nano,290.34,389,Approved,
APP0001687,C003779,2025-03-27,Nano,62.55,457,Declined,Low Behavioural Score
APP0001688,C004045,2025-03-20,ACS,7.37,714,Approved,
APP0001689,C000029,2025-05-19,Nano,106.96,760,Approved,
APP0001690,C003254,2025-03-11,Nano,175.86,481,Declined,Low Behavioural Score
APP0001691,C001972,2025-07-01,Nano,109.72,555,Approved,
APP0001692,C003766,2025-06-19,ACS,19.97,632,Approved,
APP0001693,C004208,2025-09-18,Nano,187.47,888,Approved,
APP0001694,C004389,2025-02-22,ACS,23.72,614,Approved,
APP0001695,C000512,2025-02-09,ACS,29.24,759,Approved,
APP0001696,C004039,2025-06-17,Nano,195.32,776,Approved,
APP0001697,C004823,2025-01-19,Nano,89.19,564,Approved,
APP0001698,C003896,2025-03-01,Nano,27.5,740,Approved,
APP0001699,C001885,2025-08-08,ACS,20.57,641,Approved,
APP0001700,C003650,2025-05-28,Nano,121.92,573,Approved,
APP0001701,C000339,2025-01-06,Nano,121.61,685,Approved,
APP0001702,C001888,2025-03-10,ACS,13.26,538,Approved,
APP0001703,C004122,2025-04-12,ACS,15.61,485,Declined,Low Behavioural Score
APP0001704,C003260,2025-05-18,Nano,156.19,771,Approved,
APP0001705,C001326,2025-05-25,Nano,208.08,623,Approved,
APP0001706,C002829,2025-07-11,BNPL,791.77,750,Approved,
APP0001707,C000009,2025-03-14,ACS,16.46,479,Declined,High Existing Exposure
APP0001708,C004818,2025-04-08,Nano,43.99,748,Approved,
APP0001709,C002754,2025-02-19,ACS,16.05,476,Declined,Low Behavioural Score
APP0001710,C002505,2025-04-01,Nano,271.41,599,Declined,Policy Rule Failure
APP0001711,C001667,2025-07-09,ACS,27.66,781,Approved,
APP0001712,C001110,2025-05-22,Nano,290.35,683,Approved,
APP0001713,C001644,2025-02-11,ACS,24.79,654,Approved,
APP0001714,C002289,2025-04-16,ACS,22.57,730,Approved,
APP0001715,C002129,2025-04-07,Nano,172.78,352,Declined,Low Behavioural Score
APP0001716,C002074,2025-09-04,Nano,113.72,344,Declined,High Existing Exposure
APP0001717,C002541,2025-04-06,ACS,25.33,687,Approved,
APP0001718,C002343,2025-08-15,Nano,69.99,461,Approved,
APP0001719,C001550,2025-03-10,Nano,226.34,633,Approved,
APP0001720,C002906,2025-07-03,Nano,172.13,691,Approved,
APP0001721,C001232,2025-05-30,BNPL,626.51,892,Approved,
APP0001722,C004741,2025-01-17,ACS,14.78,605,Approved,
APP0001723,C003336,2025-05-05,Nano,177.89,631,Declined,Low Behavioural Score
APP0001724,C001406,2025-04-18,ACS,24.64,596,Approved,
APP0001725,C003464,2025-05-15,ACS,17.06,496,Approved,
APP0001726,C004846,2025-05-09,Nano,245.75,490,Declined,Low Behavioural Score
APP0001727,C003825,2025-02-04,Nano,26.52,329,Declined,Low Behavioural Score
APP0001728,C003898,2025-02-26,BNPL,821.87,687,Approved,
APP0001729,C001091,2025-07-26,ACS,27.27,587,Approved,
APP0001730,C000915,2025-02-07,ACS,28.21,802,Approved,
APP0001731,C002808,2025-11-03,Nano,149.09,778,Approved,
APP0001732,C001403,2025-06-02,Nano,143.01,543,Approved,
APP0001733,C000602,2025-07-15,Nano,124.79,725,Approved,
APP0001734,C004547,2025-05-20,ACS,7.08,649,Approved,
APP0001735,C001727,2025-07-08,Nano,264.81,682,Approved,
APP0001736,C004007,2025-05-04,Nano,90.86,808,Approved,
APP0001737,C003659,2025-04-08,Nano,62.47,609,Declined,Policy Rule Failure
APP0001738,C000717,2025-02-23,Nano,234.33,582,Declined,Low Behavioural Score
APP0001739,C000939,2025-05-26,BNPL,224.75,657,Approved,
APP0001740,C002923,2025-04-13,ACS,24.11,535,Approved,
APP0001741,C003120,2025-06-05,Nano,253.26,655,Declined,High Existing Exposure
APP0001742,C001385,2025-01-09,Nano,92.21,626,Approved,
APP0001743,C000767,2025-04-15,ACS,7.52,462,Declined,High Existing Exposure
APP0001744,C003149,2025-05-19,BNPL,431.09,674,Approved,
APP0001745,C001181,2025-06-08,Nano,57.53,551,Approved,
APP0001746,C000868,2025-05-04,ACS,19.63,310,Declined,Low Behavioural Score
APP0001747,C001893,2025-06-01,BNPL,909.87,612,Approved,
APP0001748,C001760,2025-08-10,ACS,17.96,669,Approved,
APP0001749,C002012,2025-03-01,ACS,10.85,319,Declined,Policy Rule Failure
APP0001750,C001943,2025-01-22,ACS,19.91,463,Declined,Low Behavioural Score
APP0001751,C002829,2025-09-01,ACS,7.26,751,Approved,
APP0001752,C002689,2025-02-03,ACS,12.66,538,Approved,
APP0001753,C000187,2025-06-08,BNPL,923.11,567,Approved,
APP0001754,C001197,2025-09-10,BNPL,866.04,379,Declined,Low Behavioural Score
APP0001755,C002523,2025-02-26,Nano,235.62,767,Approved,
APP0001756,C003639,2025-04-24,ACS,22.04,762,Approved,
APP0001757,C000152,2025-09-02,Nano,225.45,784,Approved,
APP0001758,C004047,2025-07-29,Nano,198.66,860,Approved,
APP0001759,C000472,2025-03-05,BNPL,610.88,596,Declined,Duplicate Application
APP0001760,C003200,2025-04-14,ACS,6.28,565,Declined,Fraud Flag
APP0001761,C001094,2025-04-22,ACS,7.48,551,Approved,
APP0001762,C004516,2025-07-30,ACS,10.8,593,Approved,
APP0001763,C003466,2025-02-13,Nano,173.29,379,Declined,Low Behavioural Score
APP0001764,C003953,2025-06-30,Nano,81.63,804,Approved,
APP0001765,C004058,2025-04-13,ACS,16.67,601,Approved,
APP0001766,C000221,2025-04-15,ACS,19.55,722,Approved,
APP0001767,C004235,2025-02-23,Nano,229.66,539,Declined,Policy Rule Failure
APP0001768,C000424,2025-07-05,Nano,176.3,447,Declined,Low Behavioural Score
APP0001769,C002714,2025-05-07,ACS,21.9,623,Approved,
APP0001770,C003300,2025-06-05,Nano,146.85,579,Declined,High Existing Exposure
APP0001771,C004500,2025-01-24,Nano,278.33,804,Approved,
APP0001772,C003610,2025-02-19,Nano,233.9,545,Approved,
APP0001773,C003560,2025-03-20,ACS,16.14,787,Approved,
APP0001774,C004840,2025-06-09,Nano,70.51,354,Declined,Incomplete Data
APP0001775,C000082,2025-08-20,Nano,218.71,511,Approved,
APP0001776,C000017,2025-04-12,BNPL,501.73,610,Approved,
APP0001777,C000952,2025-01-03,ACS,10.62,718,Approved,
APP0001778,C001185,2025-02-17,Nano,188.23,305,Declined,Low Behavioural Score
APP0001779,C002500,2025-11-06,Nano,128.4,469,Declined,High Existing Exposure
APP0001780,C004159,2025-04-08,ACS,24.43,708,Approved,
APP0001781,C001964,2025-04-12,Nano,99.09,539,Approved,
APP0001782,C004458,2025-03-27,Nano,151.39,544,Declined,Fraud Flag
APP0001783,C003205,2025-02-23,ACS,13.84,537,Approved,
APP0001784,C002323,2025-01-10,Nano,257.64,540,Approved,
APP0001785,C003966,2025-02-06,Nano,139.08,900,Approved,
APP0001786,C002419,2025-07-31,ACS,10.88,564,Approved,
APP0001787,C000214,2025-09-05,ACS,26.55,639,Approved,
APP0001788,C004269,2025-03-14,BNPL,934.45,639,Approved,
APP0001789,C000664,2025-03-04,BNPL,432.35,785,Approved,
APP0001790,C002300,2025-04-21,BNPL,890.23,463,Declined,Low Behavioural Score
APP0001791,C000780,2025-02-15,Nano,157.28,601,Approved,
APP0001792,C003938,2025-07-23,ACS,23.31,681,Approved,
APP0001793,C003187,2025-11-06,Nano,96.28,489,Declined,Low Behavioural Score
APP0001794,C004744,2025-06-25,Nano,64.73,580,Approved,
APP0001795,C004333,2025-05-19,BNPL,567.4,417,Approved,
APP0001796,C001310,2025-08-10,Nano,132.74,555,Declined,Fraud Flag
APP0001797,C001263,2025-01-28,ACS,5.01,690,Approved,
APP0001798,C001372,2025-08-22,Nano,32.76,652,Approved,
APP0001799,C000769,2025-03-17,Nano,195.65,742,Approved,
APP0001800,C004694,2025-06-23,Nano,116.72,500,Approved,
APP0001801,C000414,2025-02-09,BNPL,129.64,675,Approved,
APP0001802,C002122,2025-06-27,ACS,15.75,721,Approved,
APP0001803,C001409,2025-01-24,ACS,8.1,672,Approved,
APP0001804,C000079,2025-04-11,Nano,62.17,753,Approved,
APP0001805,C004154,2025-05-12,Nano,232.83,391,Declined,Low Behavioural Score
APP0001806,C002513,2025-03-27,ACS,6.94,504,Declined,Low Behavioural Score
APP0001807,C004389,2025-01-15,ACS,16.51,589,Approved,
APP0001808,C003084,2025-08-13,ACS,13.18,642,Approved,
APP0001809,C002480,2025-02-23,ACS,29.48,631,Approved,
APP0001810,C001224,2025-05-17,ACS,5.54,659,Approved,
APP0001811,C002956,2025-05-26,BNPL,509.57,578,Approved,
APP0001812,C003638,2025-06-05,Nano,215.76,524,Declined,Incomplete Data
APP0001813,C000140,2025-05-18,Nano,284.07,362,Approved,
APP0001814,C001165,2025-04-03,ACS,12.88,720,Approved,
APP0001815,C001809,2025-02-23,BNPL,670.97,520,Declined,Duplicate Application
APP0001816,C000599,2025-08-22,ACS,11.39,406,Declined,Incomplete Data
APP0001817,C000422,2025-02-23,ACS,20.74,465,Declined,Fraud Flag
APP0001818,C001247,2025-03-30,Nano,44.49,508,Declined,Fraud Flag
APP0001819,C001705,2025-03-27,Nano,100.12,493,Declined,Low Behavioural Score
APP0001820,C002670,2025-03-26,ACS,16.11,762,Approved,
APP0001821,C004069,2025-03-19,ACS,6.5,691,Approved,
APP0001822,C004279,2025-04-13,ACS,9.88,629,Approved,
APP0001823,C001908,2025-01-19,ACS,7.64,786,Approved,
APP0001824,C002647,2025-06-25,ACS,28.63,505,Declined,High Existing Exposure
APP0001825,C000071,2025-03-17,Nano,163.38,544,Approved,
APP0001826,C004245,2025-04-16,ACS,19.68,636,Approved,
APP0001827,C001174,2025-01-31,Nano,249.13,807,Approved,
APP0001828,C000321,2025-02-13,Nano,116.09,768,Approved,
APP0001829,C003013,2025-04-06,ACS,7.51,850,Approved,
APP0001830,C001863,2025-01-09,ACS,9.22,703,Approved,
APP0001831,C002056,2025-07-28,Nano,212.6,576,Declined,Fraud Flag
APP0001832,C002176,2025-08-03,Nano,285.25,612,Approved,
APP0001833,C003141,2025-05-11,ACS,16.25,764,Approved,
APP0001834,C004009,2025-07-01,ACS,12.71,809,Approved,
APP0001835,C002859,2025-02-19,Nano,266.82,713,Approved,
APP0001836,C003054,2025-02-17,Nano,131.22,568,Approved,
APP0001837,C004044,2025-01-26,Nano,56.17,741,Approved,
APP0001838,C003926,2025-01-23,Nano,92.33,570,Approved,
APP0001839,C000863,2025-04-08,ACS,24.52,599,Approved,
APP0001840,C001693,2025-03-07,Nano,261.47,504,Declined,Policy Rule Failure
APP0001841,C002469,2025-03-22,BNPL,811.91,536,Declined,Incomplete Data
APP0001842,C004671,2025-04-07,ACS,29.61,575,Declined,Fraud Flag
APP0001843,C003035,2025-01-24,BNPL,220.12,362,Declined,Low Behavioural Score
APP0001844,C004069,2025-06-03,ACS,17.28,700,Approved,
APP0001845,C003975,2025-03-12,ACS,21.51,501,Approved,
APP0001846,C004578,2025-02-17,Nano,293.49,402,Declined,Low Behavioural Score
APP0001847,C002592,2025-03-11,ACS,28.71,744,Approved,
APP0001848,C001314,2025-05-27,BNPL,421.41,560,Declined,Incomplete Data
APP0001849,C002057,2025-08-18,ACS,27.21,671,Declined,Duplicate Application
APP0001850,C000033,2025-05-06,Nano,164.26,728,Approved,
APP0001851,C003419,2025-05-20,ACS,7.41,528,Approved,
APP0001852,C003078,2025-01-14,ACS,6.45,769,Approved,
APP0001853,C000826,2025-09-05,Nano,299.77,645,Approved,
APP0001854,C002463,2025-06-10,ACS,28.55,546,Approved,
APP0001855,C003581,2025-06-06,Nano,196.96,587,Approved,
APP0001856,C003895,2025-03-02,BNPL,729.89,546,Approved,
APP0001857,C003880,2025-02-13,ACS,19.6,638,Approved,
APP0001858,C000488,2025-04-02,Nano,242.72,403,Approved,
APP0001859,C001869,2025-02-13,Nano,99.19,441,Declined,Low Behavioural Score
APP0001860,C002978,2025-03-23,Nano,89.78,695,Approved,
APP0001861,C000527,2025-05-24,ACS,17.53,840,Approved,
APP0001862,C000995,2025-01-09,Nano,77.09,755,Approved,
APP0001863,C004715,2025-04-01,Nano,164.77,565,Declined,Low Behavioural Score
APP0001864,C002573,2025-02-01,Nano,287.56,655,Approved,
APP0001865,C002892,2025-04-15,Nano,106.0,734,Approved,
APP0001866,C000792,2025-02-03,Nano,188.92,777,Declined,Fraud Flag
APP0001867,C003170,2025-09-30,Nano,271.41,531,Declined,Duplicate Application
APP0001868,C004562,2025-02-04,ACS,19.3,785,Approved,
APP0001869,C004800,2025-07-15,Nano,49.25,578,Declined,Incomplete Data
APP0001870,C000917,2025-02-18,Nano,194.03,683,Approved,
APP0001871,C001110,2025-06-07,ACS,20.04,680,Approved,
APP0001872,C002876,2025-05-15,ACS,12.92,562,Approved,
APP0001873,C004434,2025-04-14,ACS,20.4,706,Approved,
APP0001874,C000029,2025-08-22,ACS,24.18,761,Approved,
APP0001875,C001126,2025-07-16,Nano,247.1,685,Approved,
APP0001876,C000783,2025-01-18,Nano,239.18,490,Declined,Fraud Flag
APP0001877,C003948,2025-03-20,Nano,161.21,320,Declined,Low Behavioural Score
APP0001878,C002497,2025-03-14,ACS,24.04,682,Approved,
APP0001879,C003573,2025-03-31,Nano,35.59,833,Approved,
APP0001880,C000205,2025-03-20,Nano,224.31,710,Declined,Duplicate Application
APP0001881,C000662,2025-09-20,ACS,11.34,761,Approved,
APP0001882,C002714,2025-05-16,Nano,44.04,618,Approved,
APP0001883,C002100,2025-07-09,Nano,153.07,694,Approved,
APP0001884,C000922,2025-03-02,Nano,71.56,657,Approved,
APP0001885,C001305,2025-01-11,Nano,294.03,799,Approved,
APP0001886,C003633,2025-08-18,ACS,9.68,761,Approved,
APP0001887,C000069,2025-06-14,ACS,28.36,459,Declined,Duplicate Application
APP0001888,C004342,2025-07-06,Nano,255.03,628,Approved,
APP0001889,C000798,2025-05-04,Nano,257.04,653,Approved,
APP0001890,C003793,2025-08-01,Nano,143.29,512,Approved,
APP0001891,C003149,2025-08-19,ACS,11.63,681,Approved,
APP0001892,C000317,2025-05-29,BNPL,532.34,648,Declined,Policy Rule Failure
APP0001893,C003823,2025-02-25,Nano,287.17,677,Approved,
APP0001894,C002482,2025-02-14,Nano,104.34,562,Declined,Fraud Flag
APP0001895,C001506,2025-02-20,ACS,8.35,675,Approved,
APP0001896,C000556,2025-01-24,Nano,233.14,761,Approved,
APP0001897,C000578,2025-02-14,Nano,153.76,571,Declined,High Existing Exposure
APP0001898,C002046,2025-04-08,BNPL,319.13,808,Approved,
APP0001899,C001473,2025-03-29,ACS,6.13,330,Declined,High Existing Exposure
APP0001900,C004198,2025-05-06,Nano,245.93,653,Declined,High Existing Exposure
APP0001901,C002715,2025-07-15,ACS,11.43,515,Declined,Incomplete Data
APP0001902,C000206,2025-11-06,ACS,5.31,660,Approved,
APP0001903,C004385,2025-02-10,BNPL,985.06,305,Declined,Fraud Flag
APP0001904,C001259,2025-03-12,ACS,26.25,677,Approved,
APP0001905,C003033,2025-03-21,ACS,20.54,460,Declined,Incomplete Data
APP0001906,C004133,2025-02-14,Nano,185.28,777,Approved,
APP0001907,C003340,2025-05-28,Nano,78.74,378,Declined,Incomplete Data
APP0001908,C002030,2025-04-30,ACS,15.58,681,Approved,
APP0001909,C000038,2025-04-29,Nano,194.26,545,Approved,
APP0001910,C001177,2025-07-29,BNPL,370.27,650,Approved,
APP0001911,C002848,2025-05-03,Nano,210.98,703,Approved,
APP0001912,C004748,2025-04-01,BNPL,676.95,606,Approved,
APP0001913,C000180,2025-05-09,ACS,27.52,567,Approved,
APP0001914,C000779,2025-01-08,Nano,45.46,753,Approved,
APP0001915,C001792,2025-03-05,BNPL,137.32,635,Approved,
APP0001916,C003944,2025-06-30,Nano,20.22,504,Declined,Policy Rule Failure
APP0001917,C004751,2025-01-31,Nano,294.38,467,Approved,
APP0001918,C000891,2025-07-16,Nano,189.78,482,Declined,Low Behavioural Score
APP0001919,C002903,2025-05-11,ACS,23.86,796,Approved,
APP0001920,C004816,2025-08-16,BNPL,682.46,566,Declined,Duplicate Application
APP0001921,C004993,2025-07-03,ACS,10.76,509,Approved,
APP0001922,C003931,2025-02-18,ACS,21.69,794,Approved,
APP0001923,C003894,2025-03-10,ACS,21.48,563,Declined,High Existing Exposure
APP0001924,C001383,2025-05-08,Nano,274.77,678,Approved,
APP0001925,C001548,2025-02-04,Nano,119.45,619,Approved,
APP0001926,C004919,2025-04-12,Nano,196.99,710,Approved,
APP0001927,C003114,2025-05-25,ACS,14.8,342,Declined,Incomplete Data
APP0001928,C000573,2025-06-02,Nano,68.82,587,Declined,Fraud Flag
APP0001929,C000346,2025-03-21,Nano,235.07,799,Approved,
APP0001930,C004298,2025-02-02,ACS,16.64,630,Approved,
APP0001931,C000649,2025-08-07,ACS,15.13,495,Approved,
APP0001932,C003498,2025-05-13,ACS,16.5,646,Approved,
APP0001933,C001609,2025-03-06,Nano,274.76,300,Declined,Duplicate Application
APP0001934,C000870,2025-05-12,ACS,20.12,891,Approved,
APP0001935,C000571,2025-04-01,Nano,82.71,595,Approved,
APP0001936,C002732,2025-02-03,BNPL,483.46,307,Declined,Low Behavioural Score
APP0001937,C004019,2025-04-11,ACS,7.53,586,Approved,
APP0001938,C000060,2025-09-18,BNPL,383.31,817,Approved,
APP0001939,C003520,2025-03-27,ACS,13.59,604,Approved,
APP0001940,C002866,2025-04-18,ACS,8.55,746,Approved,
APP0001941,C003972,2025-01-19,ACS,26.83,463,Approved,
APP0001942,C002912,2025-03-01,Nano,194.88,528,Declined,Low Behavioural Score
APP0001943,C000631,2025-06-13,Nano,24.59,509,Declined,High Existing Exposure
APP0001944,C002043,2025-02-02,ACS,7.51,700,Approved,
APP0001945,C004936,2025-05-25,BNPL,978.18,455,Approved,
APP0001946,C004123,2025-01-10,ACS,7.47,705,Approved,
APP0001947,C001758,2025-06-11,Nano,212.62,640,Approved,
APP0001948,C004654,2025-02-19,BNPL,780.97,671,Approved,
APP0001949,C000037,2025-11-10,Nano,267.92,785,Approved,
APP0001950,C002669,2025-01-31,BNPL,881.95,624,Approved,
APP0001951,C003870,2025-02-10,Nano,207.01,704,Approved,
APP0001952,C003370,2025-05-29,ACS,21.62,604,Approved,
APP0001953,C000895,2025-06-14,ACS,17.03,669,Approved,
APP0001954,C000730,2025-04-09,Nano,36.56,796,Approved,
APP0001955,C003718,2025-01-19,BNPL,641.86,480,Declined,Low Behavioural Score
APP0001956,C004991,2025-05-31,BNPL,441.14,738,Approved,
APP0001957,C003821,2025-02-18,ACS,17.35,831,Approved,
APP0001958,C004290,2025-04-22,Nano,202.06,560,Approved,
APP0001959,C004553,2025-06-03,BNPL,661.22,638,Approved,
APP0001960,C004746,2025-03-16,ACS,24.2,767,Approved,
APP0001961,C003950,2025-03-10,Nano,211.62,678,Approved,
APP0001962,C003891,2025-05-17,Nano,257.3,705,Approved,
APP0001963,C003949,2025-05-25,Nano,295.13,755,Approved,
APP0001964,C001615,2025-11-01,ACS,14.51,719,Approved,
APP0001965,C002703,2025-08-19,ACS,17.71,590,Approved,
APP0001966,C001109,2025-05-03,Nano,26.08,685,Approved,
APP0001967,C002655,2025-07-30,BNPL,329.15,472,Approved,
APP0001968,C002556,2025-04-03,ACS,17.96,561,Approved,
APP0001969,C000343,2025-01-14,Nano,124.14,377,Declined,Fraud Flag
APP0001970,C000413,2025-09-30,ACS,15.92,526,Approved,
APP0001971,C004754,2025-03-12,Nano,164.7,784,Approved,
APP0001972,C002760,2025-06-28,Nano,251.44,549,Declined,Fraud Flag
APP0001973,C000164,2025-03-09,Nano,32.29,607,Approved,
APP0001974,C001850,2025-04-12,Nano,195.02,372,Declined,Incomplete Data
APP0001975,C004457,2025-04-13,Nano,181.86,485,Declined,High Existing Exposure
APP0001976,C003640,2025-05-01,Nano,120.16,550,Approved,
APP0001977,C004118,2025-08-04,Nano,231.77,343,Declined,Low Behavioural Score
APP0001978,C003129,2025-04-22,Nano,297.64,695,Approved,
APP0001979,C003502,2025-01-27,ACS,21.58,667,Declined,Duplicate Application
APP0001980,C001233,2025-10-30,ACS,21.77,340,Declined,Low Behavioural Score
APP0001981,C004210,2025-08-19,Nano,85.73,545,Declined,Incomplete Data
APP0001982,C003668,2025-07-06,Nano,264.39,794,Approved,
APP0001983,C001197,2025-09-17,ACS,7.81,384,Declined,Low Behavioural Score
APP0001984,C001556,2025-07-19,ACS,24.54,578,Approved,
APP0001985,C003836,2025-04-09,ACS,27.35,783,Approved,
APP0001986,C001243,2025-03-16,BNPL,749.8,686,Approved,
APP0001987,C003346,2025-02-19,ACS,12.87,734,Approved,
APP0001988,C002093,2025-03-12,ACS,18.15,527,Approved,
APP0001989,C001436,2025-03-18,BNPL,879.5,653,Approved,
APP0001990,C000790,2025-02-20,ACS,6.85,531,Declined,Policy Rule Failure
APP0001991,C003609,2025-11-16,BNPL,323.04,716,Approved,
APP0001992,C001626,2025-04-04,ACS,10.29,658,Approved,
APP0001993,C002781,2025-03-27,BNPL,672.09,467,Approved,
APP0001994,C001300,2025-04-20,BNPL,197.14,600,Approved,
APP0001995,C000737,2025-02-21,ACS,11.73,599,Approved,
APP0001996,C000109,2025-06-15,ACS,26.23,738,Approved,
APP0001997,C004698,2025-03-26,ACS,20.46,705,Approved,
APP0001998,C001505,2025-03-04,ACS,18.23,734,Approved,
APP0001999,C002881,2025-05-06,Nano,47.97,482,Declined,High Existing Exposure
APP0002000,C002335,2025-01-17,ACS,8.99,306,Declined,Incomplete Data
APP0002001,C001850,2025-07-01,ACS,7.77,349,Declined,High Existing Exposure
APP0002002,C004149,2025-08-29,Nano,74.09,607,Approved,
APP0002003,C004555,2025-06-23,Nano,85.87,595,Declined,Low Behavioural Score
APP0002004,C000903,2025-03-14,ACS,15.78,679,Approved,
APP0002005,C000156,2025-04-30,ACS,13.28,676,Declined,Low Behavioural Score
APP0002006,C001637,2025-03-20,Nano,28.75,803,Approved,
APP0002007,C000516,2025-02-07,ACS,25.61,463,Approved,
APP0002008,C000147,2025-10-10,Nano,251.06,425,Declined,Low Behavioural Score
APP0002009,C004026,2025-09-27,Nano,123.82,631,Approved,
APP0002010,C000376,2025-07-16,Nano,271.74,739,Approved,
APP0002011,C000352,2025-05-27,Nano,290.98,641,Approved,
APP0002012,C001781,2025-08-03,ACS,14.49,394,Declined,Duplicate Application
APP0002013,C002840,2025-02-02,ACS,21.84,866,Approved,
APP0002014,C002500,2025-04-16,ACS,26.48,478,Declined,Duplicate Application
APP0002015,C003729,2025-03-25,BNPL,806.75,381,Declined,Low Behavioural Score
APP0002016,C003742,2025-08-07,ACS,10.87,551,Declined,Duplicate Application
APP0002017,C000083,2025-04-13,ACS,18.89,476,Declined,Fraud Flag
APP0002018,C003816,2025-02-26,ACS,15.69,880,Approved,
APP0002019,C000214,2025-03-20,Nano,99.85,641,Approved,
APP0002020,C004570,2025-09-11,ACS,20.77,884,Approved,
APP0002021,C001530,2025-02-21,Nano,22.25,558,Approved,
APP0002022,C004539,2025-02-07,ACS,9.09,817,Approved,
APP0002023,C004997,2025-01-20,Nano,48.36,625,Approved,
APP0002024,C000508,2025-08-19,BNPL,994.62,393,Declined,Low Behavioural Score
APP0002025,C001905,2025-01-18,ACS,8.87,480,Declined,Low Behavioural Score
APP0002026,C000561,2025-05-14,ACS,25.78,556,Declined,Fraud Flag
APP0002027,C004843,2025-06-25,ACS,26.58,707,Approved,
APP0002028,C002484,2025-03-25,ACS,17.57,767,Approved,
APP0002029,C004188,2025-03-05,BNPL,149.07,673,Approved,
APP0002030,C002948,2025-02-14,BNPL,784.67,620,Declined,Policy Rule Failure
APP0002031,C004239,2025-04-29,ACS,19.84,607,Approved,
APP0002032,C002990,2025-04-24,Nano,199.68,544,Approved,
APP0002033,C000243,2025-05-22,Nano,176.48,458,Approved,
APP0002034,C002432,2025-04-12,Nano,113.49,700,Declined,Duplicate Application
APP0002035,C003275,2025-05-17,ACS,29.83,599,Approved,
APP0002036,C004906,2025-03-21,Nano,213.79,696,Approved,
APP0002037,C004165,2025-05-21,ACS,22.73,522,Declined,Incomplete Data
APP0002038,C002545,2025-03-02,Nano,174.16,647,Approved,
APP0002039,C004030,2025-05-08,ACS,6.48,782,Approved,
APP0002040,C004677,2025-06-11,BNPL,628.7,651,Approved,
APP0002041,C004380,2025-06-28,ACS,16.91,666,Approved,
APP0002042,C004941,2025-11-08,ACS,15.4,696,Approved,
APP0002043,C001797,2025-05-09,ACS,16.64,654,Approved,
APP0002044,C002221,2025-02-10,ACS,26.31,765,Approved,
APP0002045,C000072,2025-02-02,ACS,26.58,790,Declined,Incomplete Data
APP0002046,C000669,2025-06-12,Nano,262.58,478,Approved,
APP0002047,C004083,2025-01-15,ACS,19.21,665,Approved,
APP0002048,C001630,2025-07-11,ACS,23.69,570,Declined,Low Behavioural Score
APP0002049,C002195,2025-06-02,Nano,95.16,468,Declined,Low Behavioural Score
APP0002050,C001793,2025-03-27,Nano,63.35,606,Approved,
APP0002051,C004634,2025-01-17,Nano,196.54,719,Approved,
APP0002052,C004442,2025-03-23,Nano,272.94,574,Declined,Duplicate Application
APP0002053,C003698,2025-02-25,Nano,209.05,660,Approved,
APP0002054,C004809,2025-09-15,ACS,28.13,575,Declined,Duplicate Application
APP0002055,C002734,2025-07-10,ACS,15.99,715,Approved,
APP0002056,C000849,2025-06-08,BNPL,474.66,795,Approved,
APP0002057,C003174,2025-06-10,Nano,266.27,690,Approved,
APP0002058,C000101,2025-09-27,BNPL,613.28,866,Approved,
APP0002059,C002099,2025-02-14,BNPL,313.8,773,Approved,
APP0002060,C004154,2025-03-19,ACS,5.88,385,Declined,Policy Rule Failure
APP0002061,C000902,2025-03-19,Nano,92.48,602,Approved,
APP0002062,C002794,2025-01-23,Nano,21.32,313,Declined,Incomplete Data
APP0002063,C003887,2025-02-28,Nano,296.46,847,Approved,
APP0002064,C003756,2025-03-28,ACS,8.95,768,Approved,
APP0002065,C002960,2025-03-20,Nano,65.02,751,Approved,
APP0002066,C001659,2025-01-01,Nano,222.23,511,Declined,Policy Rule Failure
APP0002067,C001211,2025-06-05,Nano,284.81,667,Approved,
APP0002068,C000793,2025-03-22,Nano,66.69,682,Approved,
APP0002069,C003684,2025-05-27,ACS,10.5,756,Approved,
APP0002070,C001324,2025-05-08,ACS,13.69,767,Approved,
APP0002071,C003250,2025-01-04,ACS,17.32,471,Declined,Fraud Flag
APP0002072,C000243,2025-07-11,Nano,41.6,472,Declined,Policy Rule Failure
APP0002073,C001459,2025-05-09,ACS,6.08,783,Approved,
APP0002074,C001930,2025-03-18,ACS,5.07,718,Approved,
APP0002075,C003865,2025-05-01,Nano,298.92,519,Declined,Low Behavioural Score
APP0002076,C000497,2025-04-03,ACS,21.29,651,Approved,
APP0002077,C002352,2025-06-05,ACS,27.52,644,Approved,
APP0002078,C002319,2025-02-10,Nano,235.36,622,Approved,
APP0002079,C001608,2025-06-06,Nano,273.74,600,Approved,
APP0002080,C003997,2025-06-22,Nano,131.97,494,Approved,
APP0002081,C004902,2025-07-17,Nano,246.13,602,Approved,
APP0002082,C000239,2025-06-09,Nano,292.89,645,Approved,
APP0002083,C004662,2025-01-26,Nano,164.1,684,Approved,
APP0002084,C004484,2025-10-06,Nano,246.37,522,Declined,Policy Rule Failure
APP0002085,C004212,2025-01-06,ACS,29.08,584,Declined,Low Behavioural Score
APP0002086,C000616,2025-03-03,ACS,23.37,667,Approved,
APP0002087,C001940,2025-03-06,Nano,23.0,701,Approved,
APP0002088,C003280,2025-07-31,Nano,243.86,589,Approved,
APP0002089,C001021,2025-05-09,Nano,50.22,574,Approved,
APP0002090,C001203,2025-05-18,Nano,284.41,601,Approved,
APP0002091,C002816,2025-01-18,Nano,265.03,637,Approved,
APP0002092,C004225,2025-04-08,BNPL,390.31,591,Approved,
APP0002093,C000814,2025-02-13,ACS,20.86,786,Approved,
APP0002094,C000052,2025-02-01,ACS,29.25,442,Declined,Low Behavioural Score
APP0002095,C004980,2025-02-08,ACS,13.19,596,Approved,
APP0002096,C002107,2025-03-15,BNPL,776.98,674,Approved,
APP0002097,C000381,2025-01-18,ACS,13.17,601,Approved,
APP0002098,C004810,2025-03-25,Nano,162.7,371,Declined,Low Behavioural Score
APP0002099,C001367,2025-02-13,ACS,28.47,499,Approved,
APP0002100,C000565,2025-04-18,BNPL,515.57,635,Approved,
APP0002101,C003343,2025-04-17,ACS,5.48,331,Declined,Fraud Flag
APP0002102,C003804,2025-04-22,ACS,17.67,608,Approved,
APP0002103,C000633,2025-02-20,BNPL,389.34,814,Approved,
APP0002104,C003634,2025-08-31,BNPL,869.77,300,Declined,Incomplete Data
APP0002105,C001890,2025-01-31,Nano,245.39,414,Approved,
APP0002106,C001596,2025-09-04,Nano,236.48,471,Declined,Incomplete Data
APP0002107,C003335,2025-01-29,ACS,22.44,595,Approved,
APP0002108,C000303,2025-04-07,BNPL,988.03,666,Approved,
APP0002109,C000841,2025-05-03,Nano,100.04,744,Approved,
APP0002110,C004166,2025-02-13,BNPL,176.54,629,Approved,
APP0002111,C004929,2025-01-23,Nano,214.11,645,Declined,Incomplete Data
APP0002112,C004525,2025-05-21,Nano,198.05,890,Approved,
APP0002113,C003917,2025-08-03,ACS,14.19,338,Declined,Low Behavioural Score
APP0002114,C000640,2025-04-17,BNPL,117.35,606,Approved,
APP0002115,C001545,2025-05-10,ACS,14.25,684,Approved,
APP0002116,C004240,2025-04-07,BNPL,250.82,399,Declined,Low Behavioural Score
APP0002117,C003566,2025-03-27,ACS,8.78,761,Approved,
APP0002118,C004167,2025-07-25,Nano,266.75,690,Approved,
APP0002119,C002054,2025-08-01,Nano,160.91,608,Declined,Policy Rule Failure
APP0002120,C002886,2025-05-31,ACS,17.85,753,Approved,
APP0002121,C003685,2025-06-20,ACS,8.59,688,Approved,
APP0002122,C003918,2025-06-16,Nano,281.76,641,Approved,
APP0002123,C003629,2025-05-07,ACS,14.28,724,Approved,
APP0002124,C000198,2025-08-27,Nano,184.51,582,Approved,
APP0002125,C001013,2025-04-10,Nano,42.04,668,Approved,
APP0002126,C002481,2025-06-10,ACS,18.42,737,Approved,
APP0002127,C003496,2025-05-07,ACS,7.05,653,Approved,
APP0002128,C004835,2025-04-14,ACS,16.07,795,Approved,
APP0002129,C001505,2025-02-14,ACS,26.71,736,Approved,
APP0002130,C003877,2025-04-29,ACS,6.17,458,Approved,
APP0002131,C003321,2025-06-29,ACS,14.94,534,Declined,Low Behavioural Score
APP0002132,C001341,2025-05-14,Nano,90.96,627,Approved,
APP0002133,C000866,2025-05-02,ACS,9.81,464,Declined,Low Behavioural Score
APP0002134,C003118,2025-04-06,BNPL,459.23,720,Declined,Policy Rule Failure
APP0002135,C001641,2025-05-11,ACS,28.05,740,Approved,
APP0002136,C001063,2025-05-04,Nano,149.95,517,Approved,
APP0002137,C001094,2025-01-13,ACS,20.42,562,Approved,
APP0002138,C001111,2025-07-14,Nano,254.41,682,Approved,
APP0002139,C000457,2025-01-17,Nano,52.85,669,Approved,
APP0002140,C000947,2025-03-03,ACS,13.54,814,Approved,
APP0002141,C004879,2025-03-08,ACS,6.01,313,Declined,Low Behavioural Score
APP0002142,C000950,2025-03-15,BNPL,184.64,528,Approved,
APP0002143,C002045,2025-02-23,ACS,11.83,517,Declined,Policy Rule Failure
APP0002144,C002497,2025-01-31,ACS,20.21,691,Approved,
APP0002145,C003511,2025-05-01,Nano,142.73,645,Approved,
APP0002146,C001549,2025-10-07,ACS,9.81,463,Approved,
APP0002147,C004135,2025-04-12,Nano,34.28,726,Approved,
APP0002148,C003890,2025-06-20,Nano,156.18,525,Approved,
APP0002149,C002543,2025-01-29,ACS,5.94,356,Declined,Low Behavioural Score
APP0002150,C004471,2025-07-03,ACS,9.65,621,Approved,
APP0002151,C001742,2025-01-27,ACS,6.46,638,Approved,
APP0002152,C002438,2025-05-18,ACS,19.32,369,Declined,Low Behavioural Score
APP0002153,C002992,2025-06-24,Nano,63.38,602,Declined,Policy Rule Failure
APP0002154,C000957,2025-02-24,Nano,124.57,774,Approved,
APP0002155,C000410,2025-03-21,BNPL,298.74,465,Approved,
APP0002156,C004990,2025-03-13,ACS,27.46,747,Approved,
APP0002157,C000243,2025-05-22,Nano,198.1,467,Declined,Policy Rule Failure
APP0002158,C000236,2025-03-29,ACS,15.49,552,Approved,
APP0002159,C000508,2025-02-10,Nano,248.01,416,Declined,Duplicate Application
APP0002160,C002749,2025-01-06,ACS,25.46,624,Declined,High Existing Exposure
APP0002161,C001342,2025-02-02,ACS,22.8,527,Approved,
APP0002162,C001099,2025-03-29,Nano,162.66,491,Declined,Policy Rule Failure
APP0002163,C004302,2025-06-03,Nano,165.54,686,Approved,
APP0002164,C004689,2025-03-29,Nano,246.43,712,Approved,
APP0002165,C004380,2025-05-07,ACS,8.69,673,Approved,
APP0002166,C001625,2025-01-09,ACS,18.96,698,Approved,
APP0002167,C000427,2025-05-31,Nano,278.41,549,Approved,
APP0002168,C004791,2025-01-09,Nano,251.55,713,Approved,
APP0002169,C002729,2025-03-25,Nano,142.7,706,Approved,
APP0002170,C004865,2025-03-23,BNPL,795.52,541,Approved,
APP0002171,C000837,2025-06-07,ACS,8.74,562,Approved,
APP0002172,C004715,2025-07-24,BNPL,918.14,563,Approved,
APP0002173,C001549,2025-05-22,Nano,163.6,478,Declined,High Existing Exposure
APP0002174,C003964,2025-03-27,ACS,24.84,568,Approved,
APP0002175,C000551,2025-11-06,ACS,18.2,771,Approved,
APP0002176,C003707,2025-07-06,Nano,191.67,378,Declined,Incomplete Data
APP0002177,C002368,2025-02-03,Nano,128.95,450,Approved,
APP0002178,C004764,2025-01-24,BNPL,248.97,539,Declined,Incomplete Data
APP0002179,C000739,2025-04-14,ACS,18.0,724,Approved,
APP0002180,C001119,2025-07-24,Nano,296.2,694,Approved,
APP0002181,C003182,2025-02-18,Nano,28.43,720,Approved,
APP0002182,C004050,2025-04-22,Nano,118.2,386,Declined,Low Behavioural Score
APP0002183,C004442,2025-07-17,BNPL,187.45,581,Approved,
APP0002184,C000568,2025-07-20,Nano,212.61,750,Approved,
APP0002185,C000035,2025-06-19,ACS,13.2,884,Approved,
APP0002186,C001810,2025-04-08,Nano,294.9,733,Approved,
APP0002187,C000488,2025-12-13,Nano,68.0,400,Declined,High Existing Exposure
APP0002188,C002010,2025-05-31,BNPL,519.31,587,Approved,
APP0002189,C002384,2025-02-13,Nano,296.12,668,Approved,
APP0002190,C004977,2025-03-25,ACS,9.96,649,Declined,Duplicate Application
APP0002191,C000167,2025-03-18,Nano,52.51,726,Approved,
APP0002192,C001605,2025-08-27,ACS,21.39,505,Declined,Duplicate Application
APP0002193,C001693,2025-04-08,Nano,41.52,503,Approved,
APP0002194,C002774,2025-03-08,Nano,132.55,331,Declined,Low Behavioural Score
APP0002195,C001602,2025-05-22,BNPL,356.83,476,Approved,
APP0002196,C003168,2025-03-29,Nano,156.52,655,Approved,
APP0002197,C004246,2025-07-30,ACS,7.3,568,Approved,
APP0002198,C003390,2025-08-25,ACS,27.16,868,Approved,
APP0002199,C003303,2025-03-10,BNPL,170.93,826,Approved,
APP0002200,C000601,2025-02-12,ACS,28.01,732,Approved,
APP0002201,C004436,2025-04-16,ACS,24.97,777,Approved,
APP0002202,C002796,2025-02-27,BNPL,858.69,607,Approved,
APP0002203,C000825,2025-03-06,ACS,22.97,487,Approved,
APP0002204,C003174,2025-05-20,ACS,29.39,682,Approved,
APP0002205,C002435,2025-04-08,Nano,244.26,724,Approved,
APP0002206,C004517,2025-02-15,ACS,15.54,552,Approved,
APP0002207,C003239,2025-05-03,ACS,25.57,496,Declined,Low Behavioural Score
APP0002208,C004787,2025-01-19,Nano,283.67,755,Approved,
APP0002209,C004875,2025-07-19,BNPL,877.59,576,Declined,Low Behavioural Score
APP0002210,C001176,2025-02-20,ACS,20.79,661,Declined,Low Behavioural Score
APP0002211,C001461,2025-05-15,ACS,27.94,602,Approved,
APP0002212,C001053,2025-03-13,Nano,175.8,810,Approved,
APP0002213,C001154,2025-05-22,ACS,10.36,750,Approved,
APP0002214,C003419,2025-05-15,BNPL,257.92,515,Declined,High Existing Exposure
APP0002215,C004746,2025-08-18,ACS,22.47,757,Approved,
APP0002216,C002448,2025-08-26,Nano,118.32,577,Approved,
APP0002217,C004043,2025-01-09,ACS,7.29,768,Approved,
APP0002218,C003718,2025-02-19,ACS,6.71,468,Declined,Low Behavioural Score
APP0002219,C001305,2025-02-17,Nano,55.71,774,Approved,
APP0002220,C004243,2025-04-29,BNPL,795.86,778,Approved,
APP0002221,C002395,2025-04-22,ACS,6.12,388,Declined,High Existing Exposure
APP0002222,C000054,2025-02-24,BNPL,794.36,620,Approved,
APP0002223,C003578,2025-04-18,ACS,5.1,812,Approved,
APP0002224,C004394,2025-07-17,ACS,6.9,732,Approved,
APP0002225,C001227,2025-04-14,Nano,264.21,565,Approved,
APP0002226,C001328,2025-04-03,Nano,251.16,385,Declined,Low Behavioural Score
APP0002227,C003662,2025-03-30,ACS,19.61,558,Approved,
APP0002228,C004847,2025-04-23,ACS,10.64,531,Approved,
APP0002229,C001301,2025-04-13,Nano,33.28,580,Approved,
APP0002230,C002152,2025-06-05,ACS,14.66,706,Approved,
APP0002231,C003396,2025-05-10,Nano,239.66,771,Approved,
APP0002232,C004263,2025-02-21,BNPL,589.34,516,Approved,
APP0002233,C000169,2025-04-05,Nano,248.54,707,Approved,
APP0002234,C001000,2025-02-06,BNPL,709.61,740,Approved,
APP0002235,C004471,2025-03-04,ACS,27.47,621,Approved,
APP0002236,C002626,2025-05-21,ACS,24.02,654,Approved,
APP0002237,C003791,2025-03-18,ACS,9.39,621,Approved,
APP0002238,C000317,2025-02-25,ACS,10.51,661,Approved,
APP0002239,C000455,2025-02-11,Nano,103.07,586,Approved,
APP0002240,C003675,2025-10-17,BNPL,339.41,696,Declined,Policy Rule Failure
APP0002241,C001880,2025-05-25,ACS,8.35,624,Approved,
APP0002242,C004711,2025-08-24,ACS,24.84,483,Approved,
APP0002243,C002155,2025-09-02,ACS,12.46,797,Approved,
APP0002244,C004216,2025-02-14,ACS,17.65,677,Approved,
APP0002245,C002718,2025-01-25,ACS,28.64,747,Approved,
APP0002246,C003402,2025-06-09,Nano,102.76,623,Approved,
APP0002247,C003269,2025-04-09,BNPL,644.81,576,Approved,
APP0002248,C000595,2025-03-17,ACS,17.77,761,Approved,
APP0002249,C003973,2025-02-22,BNPL,906.41,316,Declined,Fraud Flag
APP0002250,C004920,2025-05-21,Nano,285.63,701,Approved,
APP0002251,C001935,2025-01-24,ACS,29.61,766,Approved,
APP0002252,C001720,2025-05-15,Nano,86.13,849,Approved,
APP0002253,C002987,2025-03-14,Nano,281.12,706,Declined,Duplicate Application
APP0002254,C003164,2025-06-12,ACS,26.23,533,Declined,High Existing Exposure
APP0002255,C001917,2025-06-12,ACS,17.7,725,Approved,
APP0002256,C001365,2025-03-14,Nano,187.41,608,Approved,
APP0002257,C004857,2025-05-26,ACS,5.26,671,Approved,
APP0002258,C004137,2025-05-13,Nano,264.7,682,Approved,
APP0002259,C002860,2025-05-27,Nano,86.06,647,Approved,
APP0002260,C001893,2025-08-03,Nano,162.56,605,Approved,
APP0002261,C001761,2025-05-16,Nano,209.35,683,Approved,
APP0002262,C001954,2025-03-22,Nano,245.24,890,Approved,
APP0002263,C002965,2025-09-01,BNPL,816.19,612,Declined,Incomplete Data
APP0002264,C000023,2025-06-09,Nano,198.82,665,Approved,
APP0002265,C003286,2025-04-28,ACS,12.74,625,Approved,
APP0002266,C002877,2025-05-06,Nano,255.74,703,Approved,
APP0002267,C000723,2025-06-20,ACS,12.33,432,Declined,Low Behavioural Score
APP0002268,C001254,2025-05-23,BNPL,852.63,460,Declined,Low Behavioural Score
APP0002269,C001386,2025-05-15,ACS,11.82,468,Declined,Policy Rule Failure
APP0002270,C004610,2025-03-26,ACS,15.16,819,Approved,
APP0002271,C004674,2025-08-24,ACS,14.52,572,Approved,
APP0002272,C003916,2025-04-27,ACS,22.37,582,Declined,Policy Rule Failure
APP0002273,C003409,2025-04-06,Nano,202.68,456,Declined,Policy Rule Failure
APP0002274,C004761,2025-06-04,ACS,10.85,662,Approved,
APP0002275,C003673,2025-03-15,BNPL,378.82,485,Declined,Incomplete Data
APP0002276,C001949,2025-02-10,Nano,226.38,566,Approved,
APP0002277,C001793,2025-08-08,Nano,40.96,606,Approved,
APP0002278,C003309,2025-04-08,ACS,27.55,502,Declined,Incomplete Data
APP0002279,C002044,2025-03-26,ACS,27.1,305,Declined,Fraud Flag
APP0002280,C002260,2025-07-01,ACS,5.45,756,Approved,
APP0002281,C004862,2025-06-18,Nano,234.9,621,Approved,
APP0002282,C004547,2025-09-26,Nano,21.02,629,Approved,
APP0002283,C003033,2025-03-15,ACS,12.69,469,Declined,Duplicate Application
APP0002284,C001622,2025-03-12,Nano,94.54,617,Approved,
APP0002285,C002212,2025-09-03,Nano,240.85,433,Declined,Low Behavioural Score
APP0002286,C001643,2025-04-17,ACS,8.56,616,Approved,
APP0002287,C002096,2025-07-14,BNPL,366.54,651,Approved,
APP0002288,C001830,2025-03-02,ACS,23.27,396,Declined,Policy Rule Failure
APP0002289,C002226,2025-07-29,Nano,28.57,479,Approved,
APP0002290,C002489,2025-02-09,Nano,97.71,754,Approved,
APP0002291,C003214,2025-05-11,Nano,299.86,584,Approved,
APP0002292,C004439,2025-02-23,Nano,259.69,597,Approved,
APP0002293,C002644,2025-03-17,ACS,21.35,530,Approved,
APP0002294,C001038,2025-03-25,ACS,15.78,594,Approved,
APP0002295,C000927,2025-08-18,Nano,227.39,685,Approved,
APP0002296,C003257,2025-04-16,ACS,15.36,638,Declined,Incomplete Data
APP0002297,C004991,2025-04-04,ACS,6.82,757,Approved,
APP0002298,C001530,2025-02-04,ACS,17.59,543,Declined,Low Behavioural Score
APP0002299,C000442,2025-02-28,ACS,21.27,697,Approved,
APP0002300,C000414,2025-03-30,Nano,181.84,669,Approved,
APP0002301,C001371,2025-02-24,ACS,17.97,491,Approved,
APP0002302,C004769,2025-02-28,ACS,29.56,525,Approved,
APP0002303,C003904,2025-01-30,BNPL,103.67,672,Approved,
APP0002304,C003929,2025-02-08,Nano,130.06,782,Approved,
APP0002305,C001665,2025-03-26,ACS,8.8,770,Approved,
APP0002306,C004761,2025-02-08,Nano,127.15,675,Declined,Incomplete Data
APP0002307,C002039,2025-06-13,Nano,119.03,713,Approved,
APP0002308,C002002,2025-07-26,ACS,6.15,574,Approved,
APP0002309,C004690,2025-06-18,BNPL,228.11,737,Approved,
APP0002310,C003785,2025-04-04,Nano,234.78,742,Approved,
APP0002311,C001445,2025-04-25,ACS,15.13,484,Declined,High Existing Exposure
APP0002312,C003256,2025-07-17,Nano,274.72,346,Declined,Fraud Flag
APP0002313,C001752,2025-05-05,Nano,298.76,488,Declined,Policy Rule Failure
APP0002314,C003096,2025-04-03,BNPL,895.05,580,Approved,
APP0002315,C000686,2025-02-22,BNPL,683.62,610,Approved,
APP0002316,C000202,2025-05-17,Nano,176.33,735,Approved,
APP0002317,C004819,2025-04-21,Nano,226.26,664,Approved,
APP0002318,C000359,2025-02-27,ACS,5.2,648,Approved,
APP0002319,C002007,2025-03-20,Nano,52.74,528,Declined,Policy Rule Failure
APP0002320,C000977,2025-10-06,Nano,31.76,630,Approved,
APP0002321,C000075,2025-04-19,BNPL,830.52,511,Approved,
APP0002322,C003749,2025-05-29,ACS,8.75,453,Declined,Policy Rule Failure
APP0002323,C001416,2025-02-09,Nano,277.28,764,Approved,
APP0002324,C003992,2025-02-19,BNPL,641.28,381,Declined,Policy Rule Failure
APP0002325,C002749,2025-06-01,Nano,298.94,627,Approved,
APP0002326,C003237,2025-03-09,ACS,23.1,519,Declined,Fraud Flag
APP0002327,C003344,2025-04-12,ACS,7.19,391,Declined,Low Behavioural Score
APP0002328,C000961,2025-03-03,BNPL,538.76,535,Approved,
APP0002329,C002280,2025-05-07,Nano,68.18,561,Declined,Low Behavioural Score
APP0002330,C003889,2025-02-03,Nano,42.52,649,Approved,
APP0002331,C001172,2025-04-30,ACS,19.94,709,Approved,
APP0002332,C000568,2025-07-15,Nano,120.14,747,Approved,
APP0002333,C002073,2025-08-11,BNPL,506.57,571,Declined,Fraud Flag
APP0002334,C004471,2025-08-15,Nano,146.33,613,Approved,
APP0002335,C001610,2025-03-25,ACS,7.72,417,Declined,Fraud Flag
APP0002336,C001924,2025-05-06,ACS,5.13,772,Approved,
APP0002337,C000632,2025-06-06,ACS,27.99,490,Declined,Policy Rule Failure
APP0002338,C003636,2025-03-13,ACS,13.81,526,Approved,
APP0002339,C001688,2025-03-09,ACS,6.67,479,Declined,Incomplete Data
APP0002340,C000848,2025-04-18,Nano,123.83,336,Declined,Low Behavioural Score
APP0002341,C000511,2025-06-20,BNPL,710.92,572,Declined,Fraud Flag
APP0002342,C001572,2025-04-28,BNPL,599.31,861,Approved,
APP0002343,C001018,2025-07-04,ACS,12.17,655,Approved,
APP0002344,C002477,2025-04-24,ACS,11.8,665,Declined,Duplicate Application
APP0002345,C002133,2025-01-07,ACS,20.75,693,Approved,
APP0002346,C002482,2025-05-11,ACS,14.59,550,Approved,
APP0002347,C001835,2025-07-25,Nano,189.44,530,Approved,
APP0002348,C000486,2025-01-05,ACS,11.02,673,Declined,High Existing Exposure
APP0002349,C003887,2025-03-07,Nano,118.13,864,Approved,
APP0002350,C002742,2025-10-15,ACS,25.82,516,Approved,
APP0002351,C000922,2025-03-27,Nano,175.31,657,Approved,
APP0002352,C000376,2025-06-08,BNPL,453.86,732,Approved,
APP0002353,C004699,2025-03-24,ACS,10.21,549,Declined,Low Behavioural Score
APP0002354,C004619,2025-03-12,BNPL,644.78,584,Approved,
APP0002355,C000944,2025-05-27,Nano,133.11,659,Approved,
APP0002356,C002109,2025-08-08,ACS,13.05,608,Approved,
APP0002357,C002912,2025-04-09,ACS,21.01,519,Approved,
APP0002358,C002196,2025-06-02,ACS,19.71,532,Declined,Fraud Flag
APP0002359,C004182,2025-03-05,Nano,79.67,762,Approved,
APP0002360,C002885,2025-05-21,Nano,234.86,726,Declined,Policy Rule Failure
APP0002361,C001328,2025-03-17,ACS,24.43,390,Declined,Low Behavioural Score
APP0002362,C003909,2025-04-25,Nano,190.69,588,Declined,Fraud Flag
APP0002363,C004375,2025-07-21,BNPL,647.55,503,Declined,Fraud Flag
APP0002364,C000348,2025-02-24,BNPL,362.88,622,Approved,
APP0002365,C004257,2025-03-22,Nano,131.39,359,Declined,Fraud Flag
APP0002366,C003515,2025-08-06,ACS,26.46,482,Declined,Low Behavioural Score
APP0002367,C004590,2025-03-17,ACS,25.93,628,Declined,Policy Rule Failure
APP0002368,C004553,2025-03-06,Nano,261.02,620,Approved,
APP0002369,C000248,2025-03-01,ACS,26.39,591,Declined,Policy Rule Failure
APP0002370,C002196,2025-08-31,BNPL,857.44,542,Declined,Policy Rule Failure
APP0002371,C000358,2025-05-12,Nano,152.89,599,Approved,
APP0002372,C000067,2025-03-20,ACS,13.73,676,Approved,
APP0002373,C004587,2025-01-22,BNPL,962.14,706,Approved,
APP0002374,C001237,2025-04-12,Nano,233.42,656,Declined,Duplicate Application
APP0002375,C000304,2025-07-19,Nano,23.98,591,Approved,
APP0002376,C004706,2025-02-07,Nano,63.8,400,Declined,Low Behavioural Score
APP0002377,C002039,2025-07-01,BNPL,715.74,716,Approved,
APP0002378,C000591,2025-06-07,BNPL,787.46,382,Declined,Low Behavioural Score
APP0002379,C001275,2025-01-17,BNPL,198.57,344,Declined,Low Behavioural Score
APP0002380,C000069,2025-02-25,BNPL,606.81,449,Declined,High Existing Exposure
APP0002381,C003386,2025-08-07,Nano,178.07,590,Approved,
APP0002382,C004680,2025-04-05,BNPL,466.25,584,Approved,
APP0002383,C001956,2025-01-27,ACS,18.75,580,Approved,
APP0002384,C004316,2025-02-02,ACS,6.28,304,Declined,High Existing Exposure
APP0002385,C001716,2025-07-27,Nano,135.53,714,Approved,
APP0002386,C002302,2025-11-09,ACS,9.31,624,Approved,
APP0002387,C001070,2025-03-02,ACS,20.38,559,Approved,
APP0002388,C000027,2025-01-16,Nano,174.4,717,Approved,
APP0002389,C000816,2025-05-17,ACS,5.08,420,Declined,Low Behavioural Score
APP0002390,C002919,2025-02-13,ACS,29.02,516,Approved,
APP0002391,C000497,2025-05-31,ACS,15.04,659,Approved,
APP0002392,C004084,2025-04-19,Nano,82.22,590,Approved,
APP0002393,C004587,2025-01-23,Nano,158.89,704,Approved,
APP0002394,C001431,2025-03-23,ACS,20.28,520,Approved,
APP0002395,C001353,2025-03-24,Nano,285.51,344,Approved,
APP0002396,C000864,2025-04-09,ACS,28.69,544,Approved,
APP0002397,C002050,2025-03-22,Nano,221.95,699,Approved,
APP0002398,C004524,2025-05-06,ACS,23.79,741,Approved,
APP0002399,C001952,2025-05-27,ACS,13.84,685,Approved,
APP0002400,C003840,2025-08-14,ACS,13.06,631,Declined,Incomplete Data
APP0002401,C001609,2025-06-03,BNPL,421.54,312,Declined,Policy Rule Failure
APP0002402,C002241,2025-07-27,Nano,126.54,567,Approved,
APP0002403,C002468,2025-03-13,Nano,187.1,494,Declined,High Existing Exposure
APP0002404,C004526,2025-01-24,ACS,17.97,657,Approved,
APP0002405,C002494,2025-09-23,ACS,13.84,706,Approved,
APP0002406,C003041,2025-04-06,Nano,234.74,811,Approved,
APP0002407,C004272,2025-02-05,Nano,294.6,725,Approved,
APP0002408,C004721,2025-02-14,ACS,18.53,761,Approved,
APP0002409,C004475,2025-02-06,BNPL,417.0,584,Approved,
APP0002410,C000516,2025-05-01,BNPL,778.03,481,Approved,
APP0002411,C000561,2025-03-30,ACS,9.71,555,Approved,
APP0002412,C002183,2025-07-19,ACS,19.96,784,Approved,
APP0002413,C001757,2025-07-21,BNPL,354.28,826,Approved,
APP0002414,C003397,2025-05-30,Nano,72.95,501,Approved,
APP0002415,C002161,2025-07-29,ACS,18.32,415,Declined,Low Behavioural Score
APP0002416,C002040,2025-06-17,BNPL,206.63,664,Approved,
APP0002417,C000452,2025-04-13,Nano,171.37,769,Approved,
APP0002418,C001749,2025-02-20,Nano,261.86,638,Approved,
APP0002419,C002858,2025-04-20,Nano,226.43,395,Declined,Low Behavioural Score
APP0002420,C003478,2025-05-22,ACS,20.88,632,Approved,
APP0002421,C000845,2025-06-14,ACS,6.82,559,Declined,Duplicate Application
APP0002422,C003029,2025-01-31,ACS,7.19,516,Declined,Duplicate Application
APP0002423,C002865,2025-03-18,ACS,25.56,695,Approved,
APP0002424,C001413,2025-03-26,ACS,24.67,763,Approved,
APP0002425,C004449,2025-05-13,ACS,8.6,707,Approved,
APP0002426,C002221,2025-03-25,ACS,17.0,775,Approved,
APP0002427,C001320,2025-08-13,Nano,289.65,478,Declined,Duplicate Application
APP0002428,C003535,2025-04-24,BNPL,822.13,618,Approved,
APP0002429,C000944,2025-06-12,Nano,144.71,661,Approved,
APP0002430,C003135,2025-08-09,ACS,15.57,541,Approved,
APP0002431,C003411,2025-09-25,Nano,154.43,778,Approved,
APP0002432,C002266,2025-07-22,Nano,28.92,512,Approved,
APP0002433,C001020,2025-03-04,BNPL,679.19,697,Approved,
APP0002434,C001301,2025-06-15,BNPL,488.61,578,Declined,Low Behavioural Score
APP0002435,C001109,2025-07-20,Nano,50.97,694,Approved,
APP0002436,C000573,2025-07-24,ACS,5.33,587,Approved,
APP0002437,C004990,2025-04-24,ACS,20.34,740,Approved,
APP0002438,C004201,2025-05-07,ACS,19.86,682,Approved,
APP0002439,C002610,2025-05-22,ACS,24.24,746,Approved,
APP0002440,C004102,2025-04-20,ACS,8.06,496,Declined,Low Behavioural Score
APP0002441,C003287,2025-12-18,ACS,6.58,758,Approved,
APP0002442,C003067,2025-02-14,Nano,254.81,724,Approved,
APP0002443,C003587,2025-04-22,ACS,7.89,571,Approved,
APP0002444,C002857,2025-03-24,Nano,53.69,398,Declined,Duplicate Application
APP0002445,C002802,2025-04-27,ACS,28.49,678,Approved,
APP0002446,C000682,2025-03-20,BNPL,210.82,741,Approved,
APP0002447,C003052,2025-06-03,ACS,16.49,731,Approved,
APP0002448,C002234,2025-02-06,ACS,27.14,394,Declined,High Existing Exposure
APP0002449,C001231,2025-06-06,Nano,92.95,310,Declined,Policy Rule Failure
APP0002450,C002420,2025-03-14,Nano,145.43,505,Declined,High Existing Exposure
APP0002451,C004167,2025-08-20,ACS,29.46,683,Approved,
APP0002452,C002308,2025-02-12,BNPL,364.63,786,Approved,
APP0002453,C002383,2025-03-16,Nano,234.38,789,Approved,
APP0002454,C001211,2025-04-16,Nano,198.05,664,Approved,
APP0002455,C004030,2025-10-12,Nano,221.98,782,Approved,
APP0002456,C000620,2025-05-17,Nano,124.91,739,Approved,
APP0002457,C004187,2025-09-22,ACS,22.91,708,Approved,
APP0002458,C004657,2025-06-27,BNPL,618.66,863,Approved,
APP0002459,C000887,2025-05-08,Nano,263.91,689,Approved,
APP0002460,C002782,2025-03-05,Nano,99.26,785,Approved,
APP0002461,C002930,2025-04-03,Nano,43.12,675,Approved,
APP0002462,C004313,2025-05-20,Nano,111.25,786,Approved,
APP0002463,C001631,2025-04-24,ACS,23.68,546,Declined,Fraud Flag
APP0002464,C003360,2025-04-21,BNPL,562.72,329,Declined,Low Behavioural Score
APP0002465,C000497,2025-07-09,BNPL,580.38,647,Approved,
APP0002466,C004102,2025-04-25,ACS,8.76,488,Approved,
APP0002467,C003790,2025-02-20,Nano,63.52,669,Approved,
APP0002468,C001080,2025-03-09,Nano,62.56,703,Approved,
APP0002469,C000626,2025-05-17,Nano,145.97,615,Approved,
APP0002470,C000531,2025-01-16,Nano,169.94,693,Approved,
APP0002471,C004147,2025-07-04,Nano,284.31,640,Approved,
APP0002472,C003070,2025-01-15,Nano,107.4,586,Approved,
APP0002473,C001856,2025-06-23,ACS,7.54,619,Approved,
APP0002474,C002747,2025-02-12,Nano,148.34,793,Approved,
APP0002475,C002793,2025-08-17,BNPL,578.74,614,Declined,Duplicate Application
APP0002476,C000483,2025-06-23,Nano,186.63,768,Approved,
APP0002477,C002198,2025-02-24,Nano,265.32,483,Declined,High Existing Exposure
APP0002478,C003057,2025-08-10,Nano,141.12,308,Declined,Fraud Flag
APP0002479,C003037,2025-07-29,Nano,33.52,753,Approved,
APP0002480,C000910,2025-11-10,ACS,27.3,747,Approved,
APP0002481,C004641,2025-03-10,Nano,132.3,586,Approved,
APP0002482,C000541,2025-04-08,Nano,26.29,737,Approved,
APP0002483,C004311,2025-05-22,BNPL,358.47,322,Declined,Fraud Flag
APP0002484,C004927,2025-03-30,Nano,147.51,644,Approved,
APP0002485,C003755,2025-04-11,Nano,282.36,449,Declined,Duplicate Application
APP0002486,C002779,2025-03-17,Nano,32.33,567,Approved,
APP0002487,C000964,2025-03-16,BNPL,886.15,693,Approved,
APP0002488,C001649,2025-06-17,Nano,45.36,671,Approved,
APP0002489,C002745,2025-04-12,Nano,203.34,765,Approved,
APP0002490,C000491,2025-10-07,ACS,8.77,522,Declined,Policy Rule Failure
APP0002491,C003539,2025-03-12,BNPL,406.9,534,Declined,Duplicate Application
APP0002492,C004584,2025-09-24,Nano,260.9,586,Declined,Policy Rule Failure
APP0002493,C003713,2025-02-07,ACS,19.89,800,Approved,
APP0002494,C004713,2025-04-29,ACS,25.97,757,Approved,
APP0002495,C002372,2025-05-16,Nano,90.68,494,Approved,
APP0002496,C001285,2025-05-19,Nano,154.39,771,Approved,
APP0002497,C000084,2025-03-21,ACS,10.13,868,Approved,
APP0002498,C002176,2025-07-26,ACS,26.3,613,Approved,
APP0002499,C000577,2025-02-24,Nano,175.11,800,Approved,
APP0002500,C003228,2025-04-05,ACS,18.24,612,Approved,
APP0002501,C004012,2025-06-08,Nano,99.87,654,Approved,
APP0002502,C000556,2025-02-16,BNPL,195.46,778,Approved,
APP0002503,C002583,2025-04-06,Nano,167.53,612,Approved,
APP0002504,C002685,2025-01-06,ACS,8.83,519,Declined,Fraud Flag
APP0002505,C001556,2025-01-31,Nano,40.43,574,Approved,
APP0002506,C001094,2025-03-13,ACS,22.86,547,Approved,
APP0002507,C003569,2025-05-22,Nano,219.23,664,Approved,
APP0002508,C001127,2025-03-23,Nano,31.19,675,Approved,
APP0002509,C000160,2025-06-22,ACS,25.48,713,Approved,
APP0002510,C003016,2025-03-03,Nano,275.85,508,Approved,
APP0002511,C000338,2025-07-12,ACS,26.79,723,Approved,
APP0002512,C001551,2025-11-02,ACS,10.36,487,Approved,
APP0002513,C000438,2025-06-06,ACS,24.05,738,Approved,
APP0002514,C002752,2025-03-28,Nano,211.06,473,Approved,
APP0002515,C001089,2025-03-18,Nano,207.22,760,Approved,
APP0002516,C001312,2025-09-07,ACS,7.25,656,Approved,
APP0002517,C001998,2025-02-08,BNPL,483.66,652,Approved,
APP0002518,C002439,2025-03-10,ACS,5.17,570,Declined,Duplicate Application
APP0002519,C003596,2025-08-02,BNPL,982.35,564,Approved,
APP0002520,C004662,2025-06-01,ACS,11.01,682,Approved,
APP0002521,C003016,2025-07-27,Nano,288.9,506,Declined,Duplicate Application
APP0002522,C002424,2025-05-04,Nano,235.61,304,Declined,Low Behavioural Score
APP0002523,C002920,2025-08-21,Nano,79.14,589,Approved,
APP0002524,C002507,2025-04-01,ACS,15.71,771,Approved,
APP0002525,C000028,2025-05-03,Nano,187.26,497,Approved,
APP0002526,C002465,2025-05-26,ACS,6.06,766,Approved,
APP0002527,C003720,2025-04-20,Nano,175.21,325,Declined,High Existing Exposure
APP0002528,C004283,2025-06-05,Nano,117.75,763,Approved,
APP0002529,C000460,2025-07-11,Nano,42.97,618,Approved,
APP0002530,C003409,2025-03-22,BNPL,725.28,472,Declined,Low Behavioural Score
APP0002531,C000552,2025-10-17,ACS,19.16,493,Approved,
APP0002532,C000154,2025-07-24,ACS,25.3,581,Declined,Low Behavioural Score
APP0002533,C000230,2025-04-30,ACS,27.54,673,Approved,
APP0002534,C000590,2025-09-19,ACS,9.89,678,Approved,
APP0002535,C000421,2025-02-21,Nano,203.72,527,Declined,Low Behavioural Score
APP0002536,C002890,2025-04-07,Nano,109.51,613,Approved,
APP0002537,C004603,2025-05-04,Nano,177.03,711,Approved,
APP0002538,C003801,2025-08-21,ACS,8.83,583,Approved,
APP0002539,C003656,2025-03-26,Nano,89.78,519,Declined,Duplicate Application
APP0002540,C000586,2025-03-21,Nano,247.29,636,Approved,
APP0002541,C004692,2025-03-31,Nano,78.4,445,Declined,Low Behavioural Score
APP0002542,C002514,2025-04-29,Nano,128.87,737,Approved,
APP0002543,C000157,2025-05-10,ACS,26.37,604,Approved,
APP0002544,C003213,2025-01-19,ACS,11.59,592,Declined,Duplicate Application
APP0002545,C003524,2025-08-24,ACS,18.16,457,Declined,Low Behavioural Score
APP0002546,C002005,2025-08-23,Nano,69.46,513,Approved,
APP0002547,C003577,2025-02-05,ACS,10.02,654,Approved,
APP0002548,C003468,2025-02-16,ACS,10.92,712,Approved,
APP0002549,C002905,2025-04-22,ACS,11.98,518,Declined,Incomplete Data
APP0002550,C001714,2025-01-24,ACS,7.72,627,Approved,
APP0002551,C004994,2025-07-16,Nano,183.81,589,Approved,
APP0002552,C003116,2025-03-01,ACS,16.0,707,Approved,
APP0002553,C002311,2025-03-14,ACS,5.48,781,Approved,
APP0002554,C003829,2025-02-11,Nano,29.65,659,Approved,
APP0002555,C001214,2025-06-13,Nano,230.07,300,Declined,Fraud Flag
APP0002556,C004780,2025-03-14,BNPL,845.73,326,Declined,Low Behavioural Score
APP0002557,C003680,2025-01-07,ACS,29.6,395,Declined,High Existing Exposure
APP0002558,C003195,2025-01-08,ACS,6.38,602,Approved,
APP0002559,C001332,2025-08-27,Nano,158.23,862,Approved,
APP0002560,C001758,2025-04-30,Nano,44.83,629,Approved,
APP0002561,C004748,2025-02-28,ACS,19.02,610,Approved,
APP0002562,C003607,2025-04-18,Nano,199.33,416,Declined,Duplicate Application
APP0002563,C000556,2025-06-29,BNPL,581.02,765,Approved,
APP0002564,C004023,2025-03-31,ACS,10.69,768,Approved,
APP0002565,C000594,2025-07-13,Nano,145.51,633,Approved,
APP0002566,C002074,2025-06-18,Nano,148.65,348,Declined,Duplicate Application
APP0002567,C002086,2025-05-30,Nano,277.68,740,Approved,
APP0002568,C001813,2025-04-13,Nano,89.29,797,Approved,
APP0002569,C002477,2025-03-06,BNPL,550.39,658,Approved,
APP0002570,C000763,2025-03-15,ACS,26.9,491,Approved,
APP0002571,C003307,2025-05-27,BNPL,443.1,762,Approved,
APP0002572,C003385,2025-10-25,Nano,135.9,645,Approved,
APP0002573,C004259,2025-06-29,BNPL,312.51,685,Approved,
APP0002574,C002225,2025-04-30,Nano,196.59,408,Declined,Incomplete Data
APP0002575,C002654,2025-07-08,Nano,130.22,673,Approved,
APP0002576,C000665,2025-06-09,ACS,24.69,458,Declined,Low Behavioural Score
APP0002577,C001737,2025-02-06,Nano,192.99,769,Approved,
APP0002578,C002808,2025-02-27,ACS,19.6,785,Approved,
APP0002579,C002083,2025-01-09,ACS,22.5,606,Approved,
APP0002580,C004950,2025-07-20,ACS,6.15,683,Approved,
APP0002581,C001387,2025-03-24,BNPL,313.36,476,Declined,Low Behavioural Score
APP0002582,C000257,2025-04-14,BNPL,428.75,777,Approved,
APP0002583,C004338,2025-03-16,Nano,244.8,800,Approved,
APP0002584,C002578,2025-04-06,ACS,6.68,794,Approved,
APP0002585,C000356,2025-05-09,ACS,13.11,629,Approved,
APP0002586,C004680,2025-05-06,ACS,22.45,582,Approved,
APP0002587,C001038,2025-04-06,BNPL,653.43,595,Approved,
APP0002588,C004796,2025-05-08,ACS,24.93,560,Declined,Low Behavioural Score
APP0002589,C001722,2025-02-19,Nano,135.05,641,Approved,
APP0002590,C001709,2025-01-13,Nano,88.2,640,Approved,
APP0002591,C001059,2025-04-17,ACS,16.58,787,Approved,
APP0002592,C000859,2025-03-21,Nano,116.54,670,Declined,Duplicate Application
APP0002593,C004002,2025-03-01,ACS,13.87,800,Approved,
APP0002594,C002104,2025-03-03,ACS,18.32,694,Approved,
APP0002595,C002782,2025-02-20,ACS,13.77,769,Approved,
APP0002596,C001593,2025-05-01,Nano,57.0,724,Approved,
APP0002597,C002119,2025-06-16,BNPL,134.19,430,Approved,
APP0002598,C002413,2025-07-28,ACS,18.25,697,Approved,
APP0002599,C001552,2025-07-02,Nano,101.03,760,Approved,
APP0002600,C002980,2025-04-06,ACS,24.18,713,Approved,
APP0002601,C002327,2025-03-12,ACS,20.3,675,Approved,
APP0002602,C003842,2025-02-09,Nano,244.58,609,Approved,
APP0002603,C003888,2025-04-17,ACS,12.85,713,Approved,
APP0002604,C003171,2025-05-08,Nano,187.86,873,Approved,
APP0002605,C000518,2025-06-27,BNPL,964.3,645,Declined,Policy Rule Failure
APP0002606,C004461,2025-03-30,ACS,10.97,570,Approved,
APP0002607,C003478,2025-07-22,Nano,285.52,631,Approved,
APP0002608,C003679,2025-02-16,ACS,9.48,670,Declined,Duplicate Application
APP0002609,C003247,2025-06-24,Nano,62.49,887,Approved,
APP0002610,C002594,2025-03-26,Nano,225.8,629,Approved,
APP0002611,C002819,2025-06-04,Nano,294.59,500,Approved,
APP0002612,C000597,2025-01-31,Nano,247.5,463,Declined,Low Behavioural Score
APP0002613,C004595,2025-08-08,ACS,6.53,506,Approved,
APP0002614,C004019,2025-09-14,Nano,69.96,573,Declined,High Existing Exposure
APP0002615,C004548,2025-06-19,Nano,213.92,362,Declined,Low Behavioural Score
APP0002616,C003571,2025-06-18,Nano,261.81,670,Approved,
APP0002617,C001325,2025-01-24,Nano,146.76,467,Declined,High Existing Exposure
APP0002618,C001681,2025-07-21,Nano,204.95,585,Approved,
APP0002619,C004334,2025-01-28,Nano,140.6,365,Declined,Low Behavioural Score
APP0002620,C001160,2025-02-25,Nano,153.44,547,Approved,
APP0002621,C003074,2025-05-21,Nano,256.55,483,Declined,Low Behavioural Score
APP0002622,C003291,2025-06-14,ACS,25.16,738,Approved,
APP0002623,C000916,2025-08-08,ACS,19.71,804,Approved,
APP0002624,C000422,2025-03-20,ACS,10.2,482,Declined,Policy Rule Failure
APP0002625,C000169,2025-02-01,ACS,16.2,717,Approved,
APP0002626,C003937,2025-03-25,BNPL,728.41,716,Approved,
APP0002627,C001455,2025-05-06,BNPL,137.54,714,Approved,
APP0002628,C001135,2025-02-09,Nano,190.57,735,Approved,
APP0002629,C004546,2025-07-14,ACS,20.53,677,Approved,
APP0002630,C002968,2025-02-21,ACS,19.76,507,Declined,Fraud Flag
APP0002631,C000123,2025-06-14,ACS,17.37,322,Declined,Low Behavioural Score
APP0002632,C001518,2025-10-22,ACS,16.09,623,Approved,
APP0002633,C002377,2025-06-09,Nano,205.43,430,Declined,High Existing Exposure
APP0002634,C002387,2025-07-05,BNPL,424.5,523,Declined,Fraud Flag
APP0002635,C003919,2025-02-17,ACS,27.57,550,Approved,
APP0002636,C004004,2025-04-22,ACS,6.05,477,Approved,
APP0002637,C000159,2025-04-07,ACS,27.53,643,Approved,
APP0002638,C001436,2025-10-11,Nano,270.98,668,Approved,
APP0002639,C003003,2025-05-31,ACS,22.17,795,Approved,
APP0002640,C000166,2025-03-29,Nano,248.11,824,Approved,
APP0002641,C002854,2025-01-24,Nano,147.68,465,Declined,High Existing Exposure
APP0002642,C000387,2025-07-24,Nano,88.05,595,Approved,
APP0002643,C002866,2025-03-28,BNPL,490.47,774,Approved,
APP0002644,C000373,2025-05-28,Nano,255.54,541,Declined,Fraud Flag
APP0002645,C003694,2025-09-14,Nano,184.31,488,Declined,Low Behavioural Score
APP0002646,C002296,2025-04-06,Nano,261.16,780,Approved,
APP0002647,C004757,2025-05-26,ACS,24.5,464,Approved,
APP0002648,C000417,2025-06-27,ACS,9.78,613,Approved,
APP0002649,C004349,2025-01-22,BNPL,837.01,892,Approved,
APP0002650,C002064,2025-01-26,ACS,5.2,759,Approved,
APP0002651,C002439,2025-02-20,Nano,292.99,568,Declined,Duplicate Application
APP0002652,C003490,2025-05-06,ACS,11.56,823,Approved,
APP0002653,C003111,2025-03-19,ACS,12.37,642,Approved,
APP0002654,C004400,2025-01-20,ACS,13.19,743,Approved,
APP0002655,C004158,2025-06-10,Nano,284.07,780,Approved,
APP0002656,C001108,2025-05-05,BNPL,694.27,659,Approved,
APP0002657,C001374,2025-06-28,ACS,12.2,861,Approved,
APP0002658,C004384,2025-04-15,ACS,12.86,523,Declined,High Existing Exposure
APP0002659,C004051,2025-09-14,BNPL,848.85,610,Declined,Low Behavioural Score
APP0002660,C004891,2025-03-25,Nano,42.55,859,Approved,
APP0002661,C004580,2025-06-06,ACS,24.85,486,Declined,Fraud Flag
APP0002662,C003129,2025-04-29,BNPL,773.0,690,Approved,
APP0002663,C004813,2025-06-07,ACS,13.68,769,Approved,
APP0002664,C003687,2025-07-12,Nano,192.84,553,Approved,
APP0002665,C004438,2025-03-06,BNPL,821.25,641,Approved,
APP0002666,C002416,2025-04-09,ACS,8.37,851,Approved,
APP0002667,C004827,2025-05-13,Nano,285.96,794,Approved,
APP0002668,C000375,2025-06-02,ACS,10.79,770,Approved,
APP0002669,C004539,2025-08-27,ACS,21.35,808,Approved,
APP0002670,C004800,2025-04-08,ACS,21.72,566,Declined,High Existing Exposure
APP0002671,C003946,2025-04-14,BNPL,286.24,777,Approved,
APP0002672,C004727,2025-02-27,ACS,7.81,646,Approved,
APP0002673,C002104,2025-05-15,ACS,24.14,696,Approved,
APP0002674,C001614,2025-07-08,ACS,15.28,768,Approved,
APP0002675,C000670,2025-06-27,ACS,21.69,484,Declined,Low Behavioural Score
APP0002676,C000979,2025-02-16,Nano,35.11,572,Declined,Policy Rule Failure
APP0002677,C004333,2025-01-15,ACS,24.38,423,Declined,Incomplete Data
APP0002678,C000328,2025-02-19,BNPL,806.25,460,Declined,Low Behavioural Score
APP0002679,C001001,2025-05-22,Nano,143.6,761,Approved,
APP0002680,C002490,2025-04-09,Nano,95.26,535,Declined,Low Behavioural Score
APP0002681,C001799,2025-05-18,ACS,6.16,492,Declined,Low Behavioural Score
APP0002682,C004624,2025-07-29,BNPL,353.17,706,Approved,
APP0002683,C000149,2025-04-18,ACS,14.95,603,Approved,
APP0002684,C000205,2025-07-15,BNPL,317.69,723,Approved,
APP0002685,C001361,2025-01-16,ACS,5.84,728,Approved,
APP0002686,C003058,2025-09-12,Nano,52.46,610,Approved,
APP0002687,C001780,2025-05-01,Nano,195.98,703,Approved,
APP0002688,C004178,2025-10-11,Nano,96.4,722,Approved,
APP0002689,C000480,2025-04-24,ACS,26.01,713,Approved,
APP0002690,C001899,2025-03-21,ACS,10.01,686,Approved,
APP0002691,C003246,2025-04-20,ACS,8.87,787,Approved,
APP0002692,C003060,2025-03-28,BNPL,449.49,671,Approved,
APP0002693,C002589,2025-05-26,ACS,20.77,644,Approved,
APP0002694,C002220,2025-02-07,Nano,260.56,610,Approved,
APP0002695,C000471,2025-01-17,ACS,23.59,475,Approved,
APP0002696,C000327,2025-06-13,ACS,20.69,476,Approved,
APP0002697,C000274,2025-02-25,ACS,13.74,639,Approved,
APP0002698,C002523,2025-02-03,BNPL,991.77,760,Approved,
APP0002699,C004425,2025-01-24,Nano,92.41,496,Approved,
APP0002700,C000446,2025-05-19,Nano,81.05,347,Declined,Low Behavioural Score
APP0002701,C000327,2025-04-15,Nano,187.67,471,Approved,
APP0002702,C003425,2025-02-23,ACS,24.89,661,Approved,
APP0002703,C002503,2025-04-18,Nano,293.0,457,Declined,Low Behavioural Score
APP0002704,C001551,2025-09-14,BNPL,447.8,477,Declined,Low Behavioural Score
APP0002705,C000090,2025-03-04,Nano,129.56,629,Approved,
APP0002706,C004013,2025-01-30,Nano,248.95,766,Approved,
APP0002707,C003297,2025-05-13,Nano,273.37,605,Approved,
APP0002708,C002936,2025-01-11,ACS,19.47,512,Declined,High Existing Exposure
APP0002709,C001171,2025-03-30,ACS,5.19,415,Declined,Duplicate Application
APP0002710,C004676,2025-04-29,ACS,17.69,329,Declined,Low Behavioural Score
APP0002711,C000315,2025-04-16,Nano,131.07,751,Approved,
APP0002712,C003689,2025-06-26,ACS,16.84,624,Declined,Policy Rule Failure
APP0002713,C003639,2025-03-28,ACS,9.56,767,Approved,
APP0002714,C003625,2025-06-23,ACS,21.93,360,Declined,Low Behavioural Score
APP0002715,C003010,2025-04-13,BNPL,996.77,559,Declined,Duplicate Application
APP0002716,C001524,2025-11-01,ACS,21.53,325,Declined,Incomplete Data
APP0002717,C002279,2025-09-01,ACS,11.75,587,Approved,
APP0002718,C002210,2025-06-28,ACS,15.79,512,Approved,
APP0002719,C004332,2025-02-18,ACS,20.8,643,Approved,
APP0002720,C003728,2025-08-23,Nano,232.47,591,Approved,
APP0002721,C002382,2025-07-21,ACS,26.88,628,Approved,
APP0002722,C003611,2025-03-10,ACS,16.34,774,Approved,
APP0002723,C004848,2025-02-01,Nano,280.74,654,Approved,
APP0002724,C003462,2025-07-19,ACS,27.93,609,Declined,High Existing Exposure
APP0002725,C001782,2025-06-29,Nano,226.61,689,Declined,Incomplete Data
APP0002726,C000040,2025-04-27,Nano,267.52,668,Approved,
APP0002727,C004392,2025-03-20,ACS,19.52,572,Declined,Policy Rule Failure
APP0002728,C000087,2025-01-15,Nano,20.06,569,Approved,
APP0002729,C002546,2025-05-15,ACS,17.42,724,Approved,
APP0002730,C000338,2025-03-09,ACS,17.35,718,Approved,
APP0002731,C004398,2025-05-05,Nano,40.37,449,Approved,
APP0002732,C000158,2025-02-10,ACS,12.88,725,Approved,
APP0002733,C003418,2025-09-30,ACS,14.87,644,Approved,
APP0002734,C003865,2025-03-22,BNPL,697.74,532,Declined,Duplicate Application
APP0002735,C003663,2025-02-03,ACS,17.82,753,Approved,
APP0002736,C002735,2025-05-18,ACS,5.45,793,Declined,Low Behavioural Score
APP0002737,C002955,2025-03-14,ACS,29.49,802,Approved,
APP0002738,C002525,2025-10-02,Nano,112.66,684,Approved,
APP0002739,C003786,2025-05-21,ACS,15.37,714,Approved,
APP0002740,C000428,2025-09-07,ACS,20.01,771,Approved,
APP0002741,C004451,2025-04-12,BNPL,965.77,777,Approved,
APP0002742,C003874,2025-04-24,Nano,119.91,757,Approved,
APP0002743,C004844,2025-03-21,Nano,127.58,629,Approved,
APP0002744,C000465,2025-10-09,Nano,173.13,525,Declined,Fraud Flag
APP0002745,C001046,2025-05-11,ACS,10.46,765,Approved,
APP0002746,C001110,2025-02-18,Nano,53.83,690,Approved,
APP0002747,C002063,2025-05-30,ACS,17.82,795,Approved,
APP0002748,C004095,2025-05-08,ACS,28.93,318,Declined,Low Behavioural Score
APP0002749,C003934,2025-02-10,ACS,17.01,653,Approved,
APP0002750,C003463,2025-08-03,ACS,14.67,584,Approved,
APP0002751,C001981,2025-03-18,Nano,44.44,669,Approved,
APP0002752,C000464,2025-06-19,ACS,19.09,704,Approved,
APP0002753,C003473,2025-05-11,ACS,17.51,423,Declined,Low Behavioural Score
APP0002754,C000370,2025-02-27,BNPL,469.67,819,Approved,
APP0002755,C001021,2025-06-01,ACS,23.83,589,Approved,
APP0002756,C002033,2025-09-16,ACS,10.73,742,Approved,
APP0002757,C003883,2025-08-01,ACS,25.37,623,Approved,
APP0002758,C003017,2025-07-06,ACS,24.77,692,Approved,
APP0002759,C000519,2025-02-26,ACS,7.15,596,Declined,Incomplete Data
APP0002760,C001234,2025-06-23,ACS,29.3,735,Declined,Incomplete Data
APP0002761,C004247,2025-08-27,BNPL,299.45,551,Approved,
APP0002762,C002926,2025-03-19,Nano,161.41,360,Declined,Low Behavioural Score
APP0002763,C003288,2025-03-25,Nano,121.02,879,Approved,
APP0002764,C001798,2025-07-26,BNPL,634.41,618,Approved,
APP0002765,C004076,2025-04-10,ACS,18.52,554,Approved,
APP0002766,C002944,2025-04-06,Nano,297.3,715,Approved,
APP0002767,C000406,2025-06-17,Nano,277.62,555,Approved,
APP0002768,C003628,2025-06-14,Nano,93.63,575,Declined,Policy Rule Failure
APP0002769,C001443,2025-02-19,ACS,13.73,477,Approved,
APP0002770,C004216,2025-04-30,ACS,27.06,689,Approved,
APP0002771,C003192,2025-04-06,ACS,20.76,813,Approved,
APP0002772,C000980,2025-03-20,ACS,24.53,677,Approved,
APP0002773,C000147,2025-04-25,Nano,180.54,442,Declined,Low Behavioural Score
APP0002774,C000426,2025-06-04,Nano,285.95,609,Approved,
APP0002775,C001232,2025-03-10,Nano,166.07,888,Approved,
APP0002776,C000592,2025-03-03,BNPL,569.14,690,Approved,
APP0002777,C003293,2025-01-15,BNPL,261.25,689,Approved,
APP0002778,C000827,2025-09-16,ACS,11.66,623,Approved,
APP0002779,C002233,2025-09-02,Nano,287.11,540,Declined,High Existing Exposure
APP0002780,C001622,2025-05-21,Nano,197.42,620,Approved,
APP0002781,C003289,2025-11-10,ACS,16.9,565,Declined,Incomplete Data
APP0002782,C000144,2025-05-16,Nano,243.39,503,Approved,
APP0002783,C002012,2025-01-08,Nano,273.19,319,Declined,Low Behavioural Score
APP0002784,C004163,2025-06-09,Nano,178.18,731,Approved,
APP0002785,C001232,2025-04-21,ACS,25.12,893,Approved,
APP0002786,C004246,2025-03-08,Nano,85.36,581,Approved,
APP0002787,C000860,2025-07-25,ACS,10.4,693,Approved,
APP0002788,C003566,2025-02-23,ACS,5.51,753,Approved,
APP0002789,C001411,2025-05-23,ACS,10.15,458,Declined,Low Behavioural Score
APP0002790,C001783,2025-02-03,ACS,24.56,541,Declined,Incomplete Data
APP0002791,C002611,2025-04-12,Nano,189.89,556,Declined,Low Behavioural Score
APP0002792,C003534,2025-08-15,BNPL,811.68,782,Approved,
APP0002793,C002634,2025-07-20,BNPL,551.61,690,Approved,
APP0002794,C002874,2025-04-25,ACS,13.97,756,Approved,
APP0002795,C001447,2025-02-04,BNPL,202.25,737,Approved,
APP0002796,C003312,2025-09-30,ACS,14.78,607,Approved,
APP0002797,C000355,2025-03-03,ACS,26.89,565,Approved,
APP0002798,C000440,2025-04-09,Nano,133.25,650,Approved,
APP0002799,C000798,2025-03-29,ACS,19.12,654,Approved,
APP0002800,C004374,2025-03-12,Nano,274.5,533,Declined,Duplicate Application
APP0002801,C003066,2025-04-07,ACS,21.08,412,Declined,High Existing Exposure
APP0002802,C001744,2025-04-06,Nano,185.83,503,Declined,Low Behavioural Score
APP0002803,C003127,2025-08-18,ACS,28.3,583,Approved,
APP0002804,C001347,2025-05-13,ACS,12.97,746,Approved,
APP0002805,C003664,2025-05-07,BNPL,977.96,654,Declined,Policy Rule Failure
APP0002806,C001955,2025-05-30,BNPL,878.28,770,Approved,
APP0002807,C003094,2025-05-31,ACS,19.04,726,Approved,
APP0002808,C001237,2025-08-11,ACS,14.84,662,Approved,
APP0002809,C000177,2025-01-20,Nano,53.07,326,Declined,Low Behavioural Score
APP0002810,C004971,2025-02-09,Nano,129.5,783,Approved,
APP0002811,C003267,2025-01-04,ACS,14.45,612,Approved,
APP0002812,C003232,2025-01-23,ACS,11.6,601,Approved,
APP0002813,C003017,2025-07-03,Nano,155.52,674,Approved,
APP0002814,C004483,2025-02-22,Nano,293.49,787,Approved,
APP0002815,C000094,2025-02-21,ACS,14.41,673,Approved,
APP0002816,C004756,2025-03-25,Nano,107.92,774,Approved,
APP0002817,C002296,2025-07-08,Nano,98.34,798,Approved,
APP0002818,C002907,2025-04-17,Nano,28.74,775,Approved,
APP0002819,C004690,2025-04-16,Nano,61.63,748,Approved,
APP0002820,C004003,2025-05-09,ACS,10.73,703,Approved,
APP0002821,C001751,2025-08-04,ACS,26.41,740,Approved,
APP0002822,C004527,2025-06-12,Nano,235.51,718,Approved,
APP0002823,C000417,2025-02-09,ACS,23.23,621,Approved,
APP0002824,C000751,2025-07-06,Nano,67.4,542,Approved,
APP0002825,C001137,2025-06-02,ACS,29.48,793,Approved,
APP0002826,C001346,2025-08-16,ACS,28.94,549,Approved,
APP0002827,C003367,2025-04-09,ACS,21.41,703,Approved,
APP0002828,C002009,2025-03-07,Nano,285.6,760,Approved,
APP0002829,C004252,2025-06-18,ACS,24.53,480,Approved,
APP0002830,C003115,2025-04-17,ACS,8.17,465,Declined,Duplicate Application
APP0002831,C003027,2025-04-10,Nano,179.69,636,Approved,
APP0002832,C003842,2025-05-18,Nano,104.65,619,Declined,Low Behavioural Score
APP0002833,C002052,2025-09-11,ACS,13.0,482,Declined,Incomplete Data
APP0002834,C001726,2025-03-06,Nano,224.23,350,Declined,Low Behavioural Score
APP0002835,C000541,2025-02-25,ACS,20.67,736,Approved,
APP0002836,C004214,2025-06-06,Nano,176.51,495,Approved,
APP0002837,C001165,2025-03-14,ACS,29.85,701,Approved,
APP0002838,C003272,2025-05-03,ACS,11.54,693,Approved,
APP0002839,C003953,2025-08-18,ACS,26.85,799,Approved,
APP0002840,C001861,2025-02-06,ACS,22.24,894,Approved,
APP0002841,C000818,2025-04-23,Nano,27.81,747,Declined,High Existing Exposure
APP0002842,C003404,2025-01-16,ACS,16.79,554,Approved,
APP0002843,C001627,2025-04-12,Nano,62.8,477,Declined,Low Behavioural Score
APP0002844,C004261,2025-03-03,Nano,53.34,627,Approved,
APP0002845,C002228,2025-05-15,ACS,22.33,639,Approved,
APP0002846,C001680,2025-06-14,Nano,268.58,607,Declined,Low Behavioural Score
APP0002847,C003636,2025-02-20,ACS,21.99,534,Approved,
APP0002848,C001935,2025-04-22,Nano,115.52,763,Approved,
APP0002849,C003985,2025-04-07,BNPL,140.42,886,Approved,
APP0002850,C003460,2025-07-16,ACS,16.72,636,Approved,
APP0002851,C004423,2025-08-02,ACS,9.87,678,Approved,
APP0002852,C002150,2025-03-25,Nano,251.11,568,Approved,
APP0002853,C000435,2025-08-15,BNPL,413.75,471,Declined,Duplicate Application
APP0002854,C000889,2025-04-29,BNPL,911.21,699,Approved,
APP0002855,C000026,2025-03-12,BNPL,210.64,521,Declined,High Existing Exposure
APP0002856,C004271,2025-02-11,Nano,37.43,700,Declined,Incomplete Data
APP0002857,C001217,2025-04-22,ACS,5.09,764,Approved,
APP0002858,C001008,2025-04-28,Nano,294.27,588,Approved,
APP0002859,C003031,2025-10-20,ACS,16.83,346,Declined,Low Behavioural Score
APP0002860,C001232,2025-08-19,Nano,222.55,879,Approved,
APP0002861,C004896,2025-07-13,Nano,49.2,779,Approved,
APP0002862,C004340,2025-07-05,Nano,49.69,656,Approved,
APP0002863,C002255,2025-07-03,ACS,11.72,400,Declined,Low Behavioural Score
APP0002864,C003210,2025-02-01,Nano,50.49,701,Declined,Incomplete Data
APP0002865,C001935,2025-06-01,ACS,6.11,765,Approved,
APP0002866,C002159,2025-06-17,BNPL,159.21,554,Approved,
APP0002867,C002403,2025-08-06,Nano,139.35,619,Approved,
APP0002868,C001910,2025-04-11,ACS,15.72,645,Approved,
APP0002869,C002183,2025-01-16,ACS,17.44,786,Approved,
APP0002870,C000917,2025-05-17,BNPL,655.36,660,Approved,
APP0002871,C003259,2025-09-07,Nano,97.14,357,Declined,High Existing Exposure
APP0002872,C000340,2025-06-18,Nano,167.98,757,Approved,
APP0002873,C004547,2025-03-21,Nano,296.48,642,Approved,
APP0002874,C004548,2025-03-06,BNPL,683.14,385,Declined,Incomplete Data
APP0002875,C001041,2025-01-18,Nano,248.42,894,Declined,Fraud Flag
APP0002876,C000224,2025-03-04,BNPL,892.3,754,Approved,
APP0002877,C002398,2025-02-26,ACS,10.54,680,Approved,
APP0002878,C000309,2025-07-05,Nano,80.08,778,Approved,
APP0002879,C002017,2025-03-03,Nano,79.66,893,Approved,
APP0002880,C003761,2025-03-31,BNPL,461.28,629,Approved,
APP0002881,C001548,2025-04-16,BNPL,938.52,635,Approved,
APP0002882,C004469,2025-05-10,BNPL,879.51,635,Approved,
APP0002883,C000073,2025-05-26,Nano,139.96,575,Declined,High Existing Exposure
APP0002884,C003549,2025-04-22,Nano,151.23,604,Approved,
APP0002885,C002518,2025-03-25,ACS,26.69,541,Declined,Incomplete Data
APP0002886,C001211,2025-09-11,ACS,18.89,678,Approved,
APP0002887,C002151,2025-02-13,Nano,125.47,443,Declined,Incomplete Data
APP0002888,C001354,2025-05-08,ACS,6.4,536,Approved,
APP0002889,C003101,2025-03-28,ACS,15.95,375,Declined,Low Behavioural Score
APP0002890,C004807,2025-02-25,ACS,9.81,580,Approved,
APP0002891,C002506,2025-01-12,Nano,34.69,399,Declined,Low Behavioural Score
APP0002892,C003501,2025-06-10,ACS,6.58,741,Approved,
APP0002893,C003057,2025-04-12,ACS,19.67,306,Declined,High Existing Exposure
APP0002894,C004140,2025-04-10,BNPL,482.96,771,Approved,
APP0002895,C002814,2025-02-11,Nano,253.46,486,Declined,Policy Rule Failure
APP0002896,C002232,2025-03-28,ACS,20.65,788,Approved,
APP0002897,C000597,2025-06-02,ACS,6.72,456,Declined,Low Behavioural Score
APP0002898,C003883,2025-08-20,Nano,155.23,611,Approved,
APP0002899,C004490,2025-10-25,Nano,185.74,436,Declined,High Existing Exposure
APP0002900,C004904,2025-04-05,ACS,25.94,601,Declined,Fraud Flag
APP0002901,C003650,2025-04-24,Nano,289.97,566,Approved,
APP0002902,C001784,2025-04-22,BNPL,492.8,561,Approved,
APP0002903,C003518,2025-03-27,Nano,87.69,540,Declined,Low Behavioural Score
APP0002904,C001603,2025-02-19,ACS,17.41,464,Declined,Policy Rule Failure
APP0002905,C004495,2025-01-29,Nano,79.33,544,Approved,
APP0002906,C000215,2025-04-25,ACS,11.84,717,Approved,
APP0002907,C004492,2025-03-20,ACS,8.66,796,Approved,
APP0002908,C003686,2025-04-04,Nano,200.36,478,Declined,Low Behavioural Score
APP0002909,C004447,2025-06-02,BNPL,726.09,724,Approved,
APP0002910,C001204,2025-05-12,ACS,14.18,516,Approved,
APP0002911,C002541,2025-03-01,Nano,22.36,690,Approved,
APP0002912,C001270,2025-07-12,Nano,189.16,530,Approved,
APP0002913,C003554,2025-06-01,Nano,85.85,873,Approved,
APP0002914,C003161,2025-04-10,ACS,7.87,408,Declined,High Existing Exposure
APP0002915,C003458,2025-05-14,ACS,17.35,725,Approved,
APP0002916,C003695,2025-06-20,Nano,111.88,506,Approved,
APP0002917,C000225,2025-06-08,BNPL,441.29,750,Approved,
APP0002918,C002038,2025-06-20,BNPL,792.19,578,Approved,
APP0002919,C001264,2025-04-11,Nano,266.74,454,Declined,Low Behavioural Score
APP0002920,C004723,2025-02-21,BNPL,854.64,730,Approved,
APP0002921,C002648,2025-06-16,ACS,19.59,595,Approved,
APP0002922,C000809,2025-03-02,ACS,8.6,457,Declined,Fraud Flag
APP0002923,C001962,2025-06-22,ACS,14.02,517,Declined,Low Behavioural Score
APP0002924,C002637,2025-04-20,Nano,148.61,310,Declined,Low Behavioural Score
APP0002925,C001625,2025-01-21,Nano,174.16,711,Approved,
APP0002926,C003087,2025-01-16,BNPL,235.06,588,Approved,
APP0002927,C003847,2025-04-17,ACS,12.48,775,Declined,Incomplete Data
APP0002928,C003087,2025-01-08,ACS,25.99,583,Approved,
APP0002929,C002894,2025-04-22,ACS,29.7,469,Declined,Fraud Flag
APP0002930,C003285,2025-02-20,ACS,10.72,870,Approved,
APP0002931,C001439,2025-06-23,ACS,23.84,754,Approved,
APP0002932,C003170,2025-08-13,ACS,11.81,541,Approved,
APP0002933,C000257,2025-05-22,ACS,8.58,767,Approved,
APP0002934,C003959,2025-06-10,Nano,60.27,766,Approved,
APP0002935,C001901,2025-02-22,ACS,25.99,456,Declined,Policy Rule Failure
APP0002936,C004071,2025-09-12,ACS,16.49,732,Approved,
APP0002937,C001269,2025-01-22,ACS,20.79,426,Declined,Policy Rule Failure
APP0002938,C004888,2025-08-01,BNPL,897.82,780,Approved,
APP0002939,C002602,2025-05-25,BNPL,637.05,723,Approved,
APP0002940,C004699,2025-07-23,ACS,5.05,561,Approved,
APP0002941,C001463,2025-03-28,ACS,20.37,572,Declined,Duplicate Application
APP0002942,C002600,2025-02-25,Nano,39.07,618,Approved,
APP0002943,C003570,2025-08-12,BNPL,508.97,740,Approved,
APP0002944,C003530,2025-02-12,Nano,236.6,576,Approved,
APP0002945,C001265,2025-07-11,Nano,254.59,447,Declined,Duplicate Application
APP0002946,C002013,2025-04-28,Nano,137.37,802,Approved,
APP0002947,C001152,2025-04-14,Nano,184.38,481,Declined,Low Behavioural Score
APP0002948,C003254,2025-04-12,BNPL,804.42,473,Declined,Low Behavioural Score
APP0002949,C002076,2025-02-04,Nano,103.07,848,Approved,
APP0002950,C000038,2025-08-14,ACS,19.41,550,Declined,Policy Rule Failure
APP0002951,C001464,2025-08-06,BNPL,298.36,472,Declined,Low Behavioural Score
APP0002952,C001838,2025-04-09,ACS,10.41,747,Approved,
APP0002953,C002804,2025-07-05,ACS,11.32,523,Declined,Fraud Flag
APP0002954,C004573,2025-01-30,Nano,152.67,532,Declined,Duplicate Application
APP0002955,C004918,2025-02-19,BNPL,185.13,541,Approved,
APP0002956,C003376,2025-10-27,Nano,232.37,758,Approved,
APP0002957,C004523,2025-04-10,ACS,12.93,469,Approved,
APP0002958,C000087,2025-07-12,Nano,246.06,572,Approved,
APP0002959,C004302,2025-03-31,Nano,52.57,680,Approved,
APP0002960,C002614,2025-03-01,ACS,22.15,751,Approved,
APP0002961,C001864,2025-06-23,ACS,28.53,717,Approved,
APP0002962,C001830,2025-01-21,BNPL,908.08,407,Declined,Low Behavioural Score
APP0002963,C001747,2025-09-23,ACS,27.54,476,Approved,
APP0002964,C004044,2025-08-20,ACS,10.94,765,Approved,
APP0002965,C002295,2025-06-14,Nano,162.5,541,Approved,
APP0002966,C000575,2025-05-19,ACS,29.28,751,Approved,
APP0002967,C004506,2025-02-01,BNPL,197.81,626,Declined,Duplicate Application
APP0002968,C003021,2025-03-02,Nano,258.85,787,Approved,
APP0002969,C001955,2025-02-25,Nano,201.25,757,Approved,
APP0002970,C003561,2025-03-29,Nano,101.23,365,Declined,Duplicate Application
APP0002971,C001755,2025-03-14,Nano,85.84,631,Approved,
APP0002972,C002978,2025-06-16,Nano,292.57,701,Approved,
APP0002973,C000040,2025-05-30,Nano,33.01,679,Approved,
APP0002974,C001373,2025-02-06,Nano,189.57,535,Approved,
APP0002975,C001711,2025-04-21,BNPL,394.09,584,Approved,
APP0002976,C003966,2025-06-19,ACS,23.17,898,Approved,
APP0002977,C003773,2025-07-09,ACS,26.59,594,Approved,
APP0002978,C003968,2025-05-19,ACS,25.55,636,Declined,Incomplete Data
APP0002979,C002394,2025-01-09,ACS,25.97,300,Declined,Incomplete Data
APP0002980,C001805,2025-05-08,ACS,28.54,571,Declined,Duplicate Application
APP0002981,C002642,2025-07-20,Nano,242.57,688,Approved,
APP0002982,C001334,2025-07-12,ACS,19.83,674,Approved,
APP0002983,C002644,2025-02-04,ACS,10.76,537,Approved,
APP0002984,C003320,2025-02-18,BNPL,357.16,309,Declined,Low Behavioural Score
APP0002985,C004847,2025-11-14,Nano,69.1,539,Approved,
APP0002986,C001840,2025-06-06,ACS,21.82,433,Approved,
APP0002987,C000567,2025-04-21,Nano,40.44,524,Declined,High Existing Exposure
APP0002988,C001727,2025-03-12,Nano,49.04,695,Approved,
APP0002989,C004133,2025-01-26,ACS,17.74,780,Approved,
APP0002990,C002253,2025-03-21,Nano,113.31,807,Approved,
APP0002991,C002083,2025-05-26,BNPL,927.16,606,Approved,
APP0002992,C002291,2025-05-16,Nano,251.42,641,Approved,
APP0002993,C001265,2025-04-10,BNPL,458.58,443,Declined,Policy Rule Failure
APP0002994,C004149,2025-04-23,BNPL,906.69,603,Approved,
APP0002995,C003357,2025-04-02,Nano,183.46,445,Declined,Low Behavioural Score
APP0002996,C004765,2025-03-17,Nano,150.56,503,Declined,Policy Rule Failure
APP0002997,C000491,2025-05-07,Nano,248.57,512,Declined,Duplicate Application
APP0002998,C003568,2025-05-13,ACS,29.61,486,Approved,
APP0002999,C000405,2025-05-05,Nano,224.6,520,Declined,Policy Rule Failure
APP0003000,C000442,2025-03-22,Nano,215.69,687,Approved,
APP0003001,C004228,2025-04-13,Nano,237.8,586,Approved,
APP0003002,C001689,2025-05-11,Nano,141.3,623,Approved,
APP0003003,C001580,2025-01-08,Nano,231.97,551,Approved,
APP0003004,C000949,2025-06-04,ACS,17.69,577,Approved,
APP0003005,C000543,2025-05-06,Nano,271.89,477,Approved,
APP0003006,C003317,2025-01-26,BNPL,874.39,558,Declined,Fraud Flag
APP0003007,C002617,2025-04-06,BNPL,195.21,692,Declined,Fraud Flag
APP0003008,C002991,2025-02-14,ACS,16.03,544,Approved,
APP0003009,C000772,2025-04-04,Nano,216.14,560,Declined,Fraud Flag
APP0003010,C004913,2025-03-20,BNPL,196.2,582,Declined,Fraud Flag
APP0003011,C000040,2025-06-17,ACS,13.23,662,Approved,
APP0003012,C002239,2025-07-07,BNPL,419.57,823,Approved,
APP0003013,C002610,2025-04-09,ACS,21.57,736,Declined,Incomplete Data
APP0003014,C000528,2025-09-13,Nano,43.98,671,Approved,
APP0003015,C002894,2025-04-22,ACS,26.23,464,Approved,
APP0003016,C002992,2025-02-26,ACS,15.27,575,Approved,
APP0003017,C002653,2025-04-19,ACS,5.22,473,Declined,Low Behavioural Score
APP0003018,C001835,2025-05-15,ACS,28.31,532,Declined,Incomplete Data
APP0003019,C004650,2025-04-02,Nano,191.8,559,Declined,High Existing Exposure
APP0003020,C000890,2025-05-19,ACS,9.43,316,Declined,Fraud Flag
APP0003021,C003721,2025-06-07,ACS,25.95,699,Declined,Policy Rule Failure
APP0003022,C001855,2025-03-24,Nano,247.79,532,Declined,High Existing Exposure
APP0003023,C001937,2025-02-23,Nano,261.73,779,Approved,
APP0003024,C001191,2025-09-17,ACS,19.66,589,Approved,
APP0003025,C003374,2025-03-15,ACS,19.8,608,Approved,
APP0003026,C000987,2025-04-20,ACS,26.21,525,Declined,Policy Rule Failure
APP0003027,C001864,2025-03-06,ACS,20.65,708,Approved,
APP0003028,C002419,2025-06-08,BNPL,101.97,542,Declined,Low Behavioural Score
APP0003029,C000049,2025-02-28,Nano,206.96,869,Approved,
APP0003030,C004051,2025-03-24,ACS,28.64,613,Approved,
APP0003031,C001658,2025-09-20,BNPL,575.9,585,Declined,Duplicate Application
APP0003032,C004429,2025-02-21,BNPL,238.55,608,Approved,
APP0003033,C003243,2025-03-08,BNPL,996.73,853,Approved,
APP0003034,C001302,2025-04-02,Nano,151.4,875,Approved,
APP0003035,C003311,2025-01-21,Nano,115.04,591,Approved,
APP0003036,C002243,2025-04-20,Nano,271.29,571,Approved,
APP0003037,C002433,2025-01-22,ACS,22.02,480,Declined,Policy Rule Failure
APP0003038,C004215,2025-01-19,Nano,144.16,622,Approved,
APP0003039,C003206,2025-02-19,Nano,124.09,588,Approved,
APP0003040,C004944,2025-03-14,ACS,27.29,492,Approved,
APP0003041,C004641,2025-01-21,ACS,12.91,595,Approved,
APP0003042,C004250,2025-04-22,ACS,16.18,587,Approved,
APP0003043,C002329,2025-05-03,Nano,132.97,458,Declined,Fraud Flag
APP0003044,C002471,2025-03-28,Nano,291.96,794,Declined,Policy Rule Failure
APP0003045,C004411,2025-01-15,Nano,265.85,675,Approved,
APP0003046,C004351,2025-06-24,ACS,22.43,341,Declined,Policy Rule Failure
APP0003047,C001853,2025-03-16,Nano,184.24,564,Declined,Low Behavioural Score
APP0003048,C003534,2025-01-10,ACS,17.5,785,Approved,
APP0003049,C002997,2025-04-17,ACS,7.62,774,Approved,
APP0003050,C000568,2025-06-01,ACS,27.46,745,Approved,
APP0003051,C000617,2025-08-28,ACS,29.42,688,Approved,
APP0003052,C000421,2025-08-06,ACS,23.55,529,Declined,Low Behavioural Score
APP0003053,C001281,2025-01-30,ACS,12.15,454,Declined,Policy Rule Failure
APP0003054,C004682,2025-02-09,BNPL,452.01,786,Approved,
APP0003055,C001586,2025-03-17,ACS,25.29,805,Approved,
APP0003056,C004623,2025-03-19,Nano,253.88,899,Approved,
APP0003057,C002203,2025-03-13,Nano,105.6,646,Approved,
APP0003058,C002292,2025-02-07,ACS,22.01,714,Approved,
APP0003059,C001280,2025-05-02,ACS,28.59,560,Approved,
APP0003060,C003310,2025-03-11,Nano,225.99,595,Declined,Duplicate Application
APP0003061,C002947,2025-06-28,ACS,15.21,488,Declined,Low Behavioural Score
APP0003062,C001524,2025-06-22,ACS,17.55,317,Declined,Low Behavioural Score
APP0003063,C003925,2025-03-19,ACS,24.18,572,Approved,
APP0003064,C003507,2025-05-30,Nano,28.34,516,Declined,Fraud Flag
APP0003065,C003556,2025-05-27,ACS,26.82,543,Approved,
APP0003066,C002231,2025-01-30,Nano,61.43,570,Approved,
APP0003067,C003237,2025-02-20,ACS,27.22,506,Declined,Policy Rule Failure
APP0003068,C001743,2025-07-23,Nano,298.07,883,Approved,
APP0003069,C004997,2025-04-05,ACS,6.28,623,Approved,
APP0003070,C002204,2025-05-25,Nano,289.36,711,Declined,Duplicate Application
APP0003071,C001371,2025-04-08,Nano,83.56,474,Approved,
APP0003072,C002278,2025-01-13,Nano,150.37,617,Approved,
APP0003073,C004707,2025-04-17,Nano,43.12,645,Approved,
APP0003074,C004714,2025-02-03,ACS,10.81,493,Approved,
APP0003075,C001779,2025-04-30,Nano,88.48,635,Approved,
APP0003076,C004425,2025-04-14,Nano,72.1,520,Approved,
APP0003077,C001529,2025-04-07,ACS,26.15,702,Approved,
APP0003078,C000973,2025-05-26,BNPL,978.67,767,Approved,
APP0003079,C001109,2025-08-02,Nano,105.4,692,Approved,
APP0003080,C001393,2025-08-07,BNPL,765.12,741,Approved,
APP0003081,C001464,2025-06-18,ACS,8.8,464,Declined,Low Behavioural Score
APP0003082,C001497,2025-04-16,Nano,284.72,407,Declined,Low Behavioural Score
APP0003083,C001917,2025-05-29,ACS,22.43,735,Approved,
APP0003084,C000058,2025-06-07,ACS,22.49,684,Approved,
APP0003085,C001887,2025-04-30,ACS,11.17,865,Approved,
APP0003086,C002653,2025-03-16,Nano,167.0,454,Declined,Incomplete Data
APP0003087,C002004,2025-01-31,ACS,15.18,886,Approved,
APP0003088,C002414,2025-05-18,ACS,26.7,713,Declined,Incomplete Data
APP0003089,C001126,2025-01-28,BNPL,690.7,665,Approved,
APP0003090,C000624,2025-11-21,BNPL,351.77,661,Approved,
APP0003091,C004502,2025-03-14,Nano,49.08,704,Approved,
APP0003092,C004952,2025-09-07,ACS,25.18,760,Declined,Fraud Flag
APP0003093,C002039,2025-05-29,ACS,6.64,721,Approved,
APP0003094,C003807,2025-02-17,Nano,149.34,418,Declined,Policy Rule Failure
APP0003095,C000703,2025-06-28,Nano,201.53,478,Approved,
APP0003096,C000916,2025-03-28,Nano,188.25,817,Approved,
APP0003097,C002599,2025-02-12,BNPL,207.56,575,Approved,
APP0003098,C003527,2025-03-11,ACS,21.19,713,Approved,
APP0003099,C003508,2025-03-30,BNPL,316.21,727,Approved,
APP0003100,C001704,2025-02-24,Nano,175.9,656,Approved,
APP0003101,C004384,2025-05-18,Nano,89.61,522,Declined,Incomplete Data
APP0003102,C003165,2025-04-23,Nano,128.35,464,Declined,Fraud Flag
APP0003103,C001584,2025-01-04,ACS,23.65,656,Approved,
APP0003104,C002353,2025-01-10,BNPL,328.21,625,Approved,
APP0003105,C001491,2025-04-21,ACS,26.3,489,Declined,Low Behavioural Score
APP0003106,C000695,2025-01-06,ACS,16.34,790,Approved,
APP0003107,C000029,2025-09-30,BNPL,993.12,751,Approved,
APP0003108,C002301,2025-04-20,ACS,20.26,478,Declined,High Existing Exposure
APP0003109,C000032,2025-02-11,BNPL,243.9,740,Approved,
APP0003110,C004809,2025-05-07,BNPL,774.0,577,Approved,
APP0003111,C004389,2025-01-09,Nano,190.92,590,Declined,Low Behavioural Score
APP0003112,C003741,2025-02-07,BNPL,206.56,672,Approved,
APP0003113,C003752,2025-06-29,Nano,39.15,676,Approved,
APP0003114,C003133,2025-01-16,Nano,250.91,574,Declined,Incomplete Data
APP0003115,C003663,2025-02-17,Nano,156.48,744,Approved,
APP0003116,C004218,2025-07-21,Nano,214.24,649,Approved,
APP0003117,C002564,2025-10-02,ACS,17.52,773,Declined,Fraud Flag
APP0003118,C004144,2025-04-13,Nano,251.75,778,Approved,
APP0003119,C001187,2025-03-28,ACS,9.03,753,Approved,
APP0003120,C004442,2025-05-12,BNPL,199.93,576,Approved,
APP0003121,C003533,2025-04-29,Nano,128.98,455,Declined,Low Behavioural Score
APP0003122,C000545,2025-06-02,ACS,17.99,524,Approved,
APP0003123,C000910,2025-05-23,BNPL,657.7,740,Approved,
APP0003124,C000648,2025-07-20,BNPL,312.48,787,Approved,
APP0003125,C001213,2025-06-16,Nano,232.18,582,Approved,
APP0003126,C003995,2025-02-22,ACS,23.38,619,Approved,
APP0003127,C004133,2025-03-05,BNPL,541.71,771,Approved,
APP0003128,C004977,2025-03-10,BNPL,524.92,652,Approved,
APP0003129,C000645,2025-03-11,ACS,22.95,689,Approved,
APP0003130,C002813,2025-02-09,Nano,299.27,362,Approved,
APP0003131,C004109,2025-08-26,BNPL,440.63,672,Approved,
APP0003132,C004822,2025-02-20,Nano,96.79,585,Approved,
APP0003133,C000491,2025-04-24,BNPL,532.42,517,Approved,
APP0003134,C003315,2025-05-10,Nano,88.82,470,Declined,Policy Rule Failure
APP0003135,C000400,2025-03-26,ACS,6.5,721,Approved,
APP0003136,C000427,2025-01-17,Nano,286.9,543,Declined,Fraud Flag
APP0003137,C004174,2025-09-05,ACS,13.8,611,Approved,
APP0003138,C004632,2025-01-31,Nano,162.97,449,Declined,Low Behavioural Score
APP0003139,C000927,2025-05-10,Nano,48.86,677,Approved,
APP0003140,C004197,2025-08-29,BNPL,762.17,472,Declined,Low Behavioural Score
APP0003141,C004559,2025-04-08,Nano,154.61,511,Approved,
APP0003142,C002680,2025-03-25,ACS,9.44,638,Approved,
APP0003143,C000858,2025-05-06,ACS,11.61,567,Declined,Policy Rule Failure
APP0003144,C003720,2025-03-08,Nano,192.46,324,Approved,
APP0003145,C002743,2025-05-11,BNPL,876.0,468,Approved,
APP0003146,C001758,2025-04-17,BNPL,197.31,613,Approved,
APP0003147,C004327,2025-05-24,BNPL,269.6,694,Approved,
APP0003148,C003079,2025-10-22,ACS,26.58,726,Approved,
APP0003149,C001322,2025-02-03,Nano,225.03,641,Declined,High Existing Exposure
APP0003150,C002067,2025-03-15,Nano,279.55,483,Approved,
APP0003151,C001546,2025-06-09,ACS,8.94,629,Declined,Low Behavioural Score
APP0003152,C002636,2025-07-17,ACS,21.39,646,Approved,
APP0003153,C001356,2025-11-24,Nano,84.96,501,Declined,Policy Rule Failure
APP0003154,C003183,2025-03-04,BNPL,372.28,500,Approved,
APP0003155,C002241,2025-05-03,ACS,18.47,583,Approved,
APP0003156,C000270,2025-03-23,Nano,127.11,466,Declined,Low Behavioural Score
APP0003157,C000029,2025-03-22,ACS,19.19,759,Approved,
APP0003158,C000481,2025-06-18,ACS,14.59,807,Approved,
APP0003159,C000804,2025-05-29,ACS,23.81,439,Declined,Low Behavioural Score
APP0003160,C000413,2025-03-01,Nano,86.07,529,Approved,
APP0003161,C003308,2025-04-19,ACS,6.81,475,Declined,Fraud Flag
APP0003162,C002975,2025-07-16,Nano,239.47,439,Declined,Low Behavioural Score
APP0003163,C000105,2025-02-05,ACS,27.36,623,Declined,Policy Rule Failure
APP0003164,C002065,2025-06-05,ACS,25.58,687,Approved,
APP0003165,C001469,2025-02-25,Nano,145.25,738,Approved,
APP0003166,C002501,2025-07-12,Nano,144.32,756,Declined,Policy Rule Failure
APP0003167,C002926,2025-04-30,ACS,12.72,357,Declined,Policy Rule Failure
APP0003168,C002502,2025-02-12,Nano,150.82,448,Declined,Low Behavioural Score
APP0003169,C001994,2025-08-28,Nano,29.71,660,Approved,
APP0003170,C000203,2025-04-11,ACS,21.75,659,Approved,
APP0003171,C003963,2025-06-26,Nano,216.93,778,Approved,
APP0003172,C003981,2025-04-17,Nano,248.99,610,Declined,Low Behavioural Score
APP0003173,C004299,2025-03-16,BNPL,681.35,360,Declined,Duplicate Application
APP0003174,C003504,2025-08-10,ACS,9.45,464,Declined,Fraud Flag
APP0003175,C001637,2025-06-17,Nano,260.36,793,Approved,
APP0003176,C003440,2025-03-22,ACS,14.38,467,Declined,Duplicate Application
APP0003177,C004508,2025-03-09,ACS,20.99,405,Approved,
APP0003178,C000172,2025-03-27,Nano,79.78,638,Approved,
APP0003179,C002536,2025-06-03,BNPL,468.82,857,Approved,
APP0003180,C003259,2025-09-05,ACS,20.73,334,Declined,Low Behavioural Score
APP0003181,C004926,2025-06-28,Nano,203.72,637,Approved,
APP0003182,C002503,2025-05-25,Nano,105.09,452,Declined,Low Behavioural Score
APP0003183,C004398,2025-01-31,Nano,187.18,454,Approved,
APP0003184,C003803,2025-05-05,Nano,21.09,458,Declined,Low Behavioural Score
APP0003185,C003950,2025-09-03,ACS,19.84,672,Approved,
APP0003186,C000485,2025-04-09,Nano,274.09,453,Declined,Low Behavioural Score
APP0003187,C002521,2025-04-22,ACS,18.28,611,Approved,
APP0003188,C003734,2025-09-25,Nano,143.12,776,Approved,
APP0003189,C000624,2025-02-28,Nano,151.78,669,Approved,
APP0003190,C004809,2025-04-13,Nano,44.25,580,Declined,Policy Rule Failure
APP0003191,C003422,2025-02-13,ACS,15.53,706,Approved,
APP0003192,C004255,2025-01-07,ACS,25.73,722,Approved,
APP0003193,C003165,2025-05-30,ACS,28.54,484,Approved,
APP0003194,C004471,2025-05-19,ACS,9.49,615,Approved,
APP0003195,C004501,2025-10-20,ACS,22.42,533,Declined,Fraud Flag
APP0003196,C000380,2025-04-24,ACS,17.75,428,Declined,Low Behavioural Score
APP0003197,C004687,2025-05-12,ACS,28.52,506,Approved,
APP0003198,C002649,2025-06-04,ACS,16.36,490,Approved,
APP0003199,C002444,2025-07-30,Nano,81.44,522,Declined,Fraud Flag
APP0003200,C001234,2025-01-24,ACS,6.13,753,Approved,
APP0003201,C002022,2025-04-07,ACS,23.78,575,Approved,
APP0003202,C002725,2025-02-18,Nano,221.46,349,Declined,Low Behavioural Score
APP0003203,C002664,2025-01-23,BNPL,933.78,764,Approved,
APP0003204,C003533,2025-03-28,ACS,6.51,453,Declined,Fraud Flag
APP0003205,C003396,2025-03-27,Nano,295.12,794,Approved,
APP0003206,C003735,2025-06-19,ACS,9.61,786,Approved,
APP0003207,C002893,2025-08-08,ACS,19.03,553,Declined,Policy Rule Failure
APP0003208,C004958,2025-08-02,ACS,19.13,597,Declined,Fraud Flag
APP0003209,C004393,2025-08-07,ACS,6.02,629,Approved,
APP0003210,C004789,2025-07-16,Nano,194.73,676,Approved,
APP0003211,C003621,2025-05-17,Nano,115.04,570,Declined,High Existing Exposure
APP0003212,C001236,2025-04-13,Nano,253.89,549,Declined,High Existing Exposure
APP0003213,C004824,2025-07-19,ACS,18.31,777,Approved,
APP0003214,C004579,2025-03-08,ACS,6.86,457,Declined,Fraud Flag
APP0003215,C001484,2025-02-19,ACS,19.1,577,Approved,
APP0003216,C004421,2025-01-05,ACS,29.0,781,Approved,
APP0003217,C002611,2025-05-03,ACS,25.44,555,Approved,
APP0003218,C003618,2025-07-25,Nano,229.12,855,Approved,
APP0003219,C001711,2025-06-08,ACS,27.58,582,Approved,
APP0003220,C001289,2025-06-28,ACS,22.58,557,Approved,
APP0003221,C002011,2025-08-09,ACS,9.12,802,Approved,
APP0003222,C000942,2025-06-11,Nano,125.53,773,Approved,
APP0003223,C000707,2025-02-26,BNPL,186.13,881,Approved,
APP0003224,C002179,2025-08-21,ACS,17.34,683,Approved,
APP0003225,C004739,2025-09-06,Nano,90.81,598,Approved,
APP0003226,C000196,2025-08-05,ACS,22.8,762,Approved,
APP0003227,C001636,2025-06-24,ACS,6.97,609,Declined,Fraud Flag
APP0003228,C001420,2025-05-08,ACS,6.91,705,Approved,
APP0003229,C001039,2025-08-05,Nano,286.34,632,Approved,
APP0003230,C000367,2025-02-18,ACS,26.25,794,Approved,
APP0003231,C000879,2025-05-10,Nano,118.91,640,Declined,Low Behavioural Score
APP0003232,C002623,2025-02-25,BNPL,105.56,777,Approved,
APP0003233,C002135,2025-06-07,ACS,12.13,733,Approved,
APP0003234,C003083,2025-10-07,Nano,90.44,540,Approved,
APP0003235,C004282,2025-05-12,ACS,23.6,482,Approved,
APP0003236,C000557,2025-08-04,Nano,152.25,689,Approved,
APP0003237,C001652,2025-05-13,Nano,179.48,657,Approved,
APP0003238,C004370,2025-05-02,ACS,27.26,762,Approved,
APP0003239,C001180,2025-06-10,ACS,15.41,689,Approved,
APP0003240,C000484,2025-08-15,ACS,5.18,566,Approved,
APP0003241,C001198,2025-03-23,BNPL,958.34,481,Declined,Low Behavioural Score
APP0003242,C001982,2025-07-31,ACS,18.28,459,Declined,Incomplete Data
APP0003243,C001280,2025-02-23,ACS,7.8,562,Approved,
APP0003244,C002505,2025-04-23,ACS,25.93,595,Approved,
APP0003245,C001021,2025-06-15,Nano,73.84,578,Approved,
APP0003246,C002911,2025-01-17,Nano,217.43,656,Approved,
APP0003247,C004329,2025-09-25,Nano,114.48,823,Approved,
APP0003248,C001596,2025-06-02,ACS,28.42,494,Declined,Policy Rule Failure
APP0003249,C002712,2025-01-16,ACS,19.29,497,Approved,
APP0003250,C003566,2025-06-03,BNPL,352.16,757,Approved,
APP0003251,C000332,2025-07-12,Nano,121.45,762,Approved,
APP0003252,C001707,2025-01-29,BNPL,522.57,602,Declined,High Existing Exposure
APP0003253,C003172,2025-11-21,Nano,270.28,533,Approved,
APP0003254,C001264,2025-03-03,Nano,141.13,454,Declined,Low Behavioural Score
APP0003255,C002060,2025-04-24,BNPL,625.07,629,Approved,
APP0003256,C002266,2025-04-04,Nano,71.38,504,Approved,
APP0003257,C004683,2025-03-12,Nano,73.32,772,Approved,
APP0003258,C000568,2025-01-29,ACS,8.1,737,Approved,
APP0003259,C003171,2025-01-03,ACS,9.51,869,Approved,
APP0003260,C004831,2025-03-01,Nano,115.27,641,Approved,
APP0003261,C004527,2025-07-06,ACS,12.99,719,Approved,
APP0003262,C002751,2025-08-17,ACS,23.64,752,Approved,
APP0003263,C001941,2025-01-19,ACS,20.98,699,Approved,
APP0003264,C000721,2025-01-09,Nano,92.84,537,Approved,
APP0003265,C001309,2025-01-08,Nano,91.93,451,Declined,Duplicate Application
APP0003266,C003981,2025-03-17,ACS,12.06,606,Approved,
APP0003267,C000135,2025-05-31,BNPL,450.24,633,Approved,
APP0003268,C003602,2025-02-14,Nano,166.11,344,Declined,Low Behavioural Score
APP0003269,C004648,2025-06-23,ACS,22.17,720,Approved,
APP0003270,C002153,2025-05-16,ACS,19.39,754,Approved,
APP0003271,C004046,2025-03-07,BNPL,381.64,535,Approved,
APP0003272,C004919,2025-08-09,ACS,17.7,704,Approved,
APP0003273,C003809,2025-07-21,ACS,26.8,678,Approved,
APP0003274,C002504,2025-03-09,ACS,19.25,744,Approved,
APP0003275,C002822,2025-07-23,ACS,7.67,467,Declined,Policy Rule Failure
APP0003276,C001064,2025-04-11,Nano,163.03,486,Approved,
APP0003277,C000660,2025-04-13,Nano,288.83,668,Declined,Duplicate Application
APP0003278,C003957,2025-06-18,ACS,18.81,500,Declined,Duplicate Application
APP0003279,C002598,2025-05-13,ACS,8.33,692,Approved,
APP0003280,C004644,2025-03-02,BNPL,836.83,707,Approved,
APP0003281,C003715,2025-06-02,Nano,100.72,643,Approved,
APP0003282,C001312,2025-03-30,Nano,124.71,650,Approved,
APP0003283,C004814,2025-05-20,ACS,29.26,314,Declined,Low Behavioural Score
APP0003284,C000034,2025-06-15,BNPL,279.95,476,Approved,
APP0003285,C000479,2025-01-19,Nano,121.04,461,Declined,Low Behavioural Score
APP0003286,C003047,2025-07-09,ACS,29.03,571,Approved,
APP0003287,C003022,2025-05-05,BNPL,907.77,664,Approved,
APP0003288,C003664,2025-03-17,ACS,5.39,668,Approved,
APP0003289,C003236,2025-01-03,ACS,24.4,513,Approved,
APP0003290,C001305,2025-01-08,ACS,7.69,768,Approved,
APP0003291,C000743,2025-09-20,Nano,183.19,404,Declined,Low Behavioural Score
APP0003292,C004819,2025-02-10,ACS,22.7,687,Approved,
APP0003293,C001692,2025-05-23,Nano,158.46,789,Approved,
APP0003294,C000839,2025-07-23,Nano,299.24,535,Declined,Fraud Flag
APP0003295,C000346,2025-09-14,BNPL,550.56,805,Approved,
APP0003296,C004006,2025-09-12,ACS,8.36,787,Approved,
APP0003297,C004224,2025-08-06,ACS,5.91,849,Approved,
APP0003298,C004382,2025-02-28,Nano,207.6,688,Approved,
APP0003299,C004264,2025-01-29,ACS,15.37,346,Declined,Policy Rule Failure
APP0003300,C000855,2025-02-28,ACS,21.89,803,Approved,
APP0003301,C000072,2025-01-17,BNPL,681.29,797,Approved,
APP0003302,C002507,2025-01-08,ACS,14.64,773,Approved,
APP0003303,C002539,2025-08-09,ACS,14.39,752,Approved,
APP0003304,C000141,2025-02-07,ACS,17.06,377,Declined,Low Behavioural Score
APP0003305,C004383,2025-02-02,Nano,147.84,746,Approved,
APP0003306,C003210,2025-08-03,ACS,10.41,711,Approved,
APP0003307,C003409,2025-04-02,Nano,24.14,465,Approved,
APP0003308,C002733,2025-08-01,ACS,25.74,527,Declined,High Existing Exposure
APP0003309,C004968,2025-06-23,ACS,25.9,557,Declined,Duplicate Application
APP0003310,C003892,2025-06-07,Nano,225.65,748,Declined,Duplicate Application
APP0003311,C002892,2025-03-11,ACS,14.78,747,Approved,
APP0003312,C002507,2025-04-13,Nano,164.69,763,Approved,
APP0003313,C004174,2025-06-16,BNPL,136.31,606,Approved,
APP0003314,C001770,2025-05-23,ACS,28.83,467,Declined,Low Behavioural Score
APP0003315,C004306,2025-02-01,Nano,108.36,602,Declined,Incomplete Data
APP0003316,C000684,2025-06-19,Nano,210.01,785,Approved,
APP0003317,C000181,2025-05-02,Nano,145.54,743,Approved,
APP0003318,C000256,2025-11-30,ACS,6.86,556,Approved,
APP0003319,C001833,2025-03-26,ACS,22.29,578,Approved,
APP0003320,C002645,2025-02-24,Nano,87.7,578,Declined,Low Behavioural Score
APP0003321,C004482,2025-02-13,ACS,20.74,565,Approved,
APP0003322,C004595,2025-07-29,ACS,26.01,513,Declined,Low Behavioural Score
APP0003323,C000157,2025-07-13,ACS,13.89,604,Approved,
APP0003324,C003831,2025-09-05,Nano,261.37,549,Approved,
APP0003325,C001007,2025-03-10,BNPL,430.19,776,Approved,
APP0003326,C001966,2025-08-18,Nano,123.65,528,Approved,
APP0003327,C004292,2025-03-07,Nano,271.7,689,Approved,
APP0003328,C004919,2025-05-17,ACS,22.81,700,Approved,
APP0003329,C003969,2025-02-09,ACS,19.89,495,Declined,Low Behavioural Score
APP0003330,C000921,2025-05-24,ACS,8.49,550,Declined,Policy Rule Failure
APP0003331,C000190,2025-05-04,Nano,32.89,468,Approved,
APP0003332,C004989,2025-12-15,Nano,220.03,639,Approved,
APP0003333,C001178,2025-04-26,ACS,15.42,775,Approved,
APP0003334,C001151,2025-01-31,Nano,39.12,478,Approved,
APP0003335,C002609,2025-04-30,Nano,41.17,675,Approved,
APP0003336,C000842,2025-02-13,Nano,25.48,651,Approved,
APP0003337,C003330,2025-05-14,BNPL,558.43,596,Approved,
APP0003338,C004292,2025-01-31,ACS,24.66,685,Approved,
APP0003339,C001731,2025-11-26,Nano,228.83,711,Approved,
APP0003340,C002345,2025-06-20,ACS,11.52,706,Approved,
APP0003341,C004500,2025-03-09,ACS,22.01,791,Approved,
APP0003342,C004460,2025-03-11,ACS,28.81,582,Approved,
APP0003343,C000468,2025-05-22,ACS,25.04,449,Declined,Low Behavioural Score
APP0003344,C003741,2025-05-11,ACS,15.61,666,Approved,
APP0003345,C000100,2025-03-18,BNPL,755.84,479,Approved,
APP0003346,C000784,2025-02-15,Nano,65.97,463,Declined,Duplicate Application
APP0003347,C003137,2025-04-21,Nano,238.19,492,Declined,Low Behavioural Score
APP0003348,C000610,2025-01-27,Nano,79.77,764,Approved,
APP0003349,C000921,2025-07-16,BNPL,440.34,543,Approved,
APP0003350,C002234,2025-07-23,ACS,19.98,412,Declined,Low Behavioural Score
APP0003351,C002079,2025-08-20,ACS,19.0,540,Declined,Policy Rule Failure
APP0003352,C002808,2025-02-08,Nano,177.74,793,Approved,
APP0003353,C004603,2025-10-15,Nano,239.39,688,Approved,
APP0003354,C002117,2025-01-10,ACS,10.68,609,Approved,
APP0003355,C001532,2025-04-19,Nano,262.98,331,Declined,Low Behavioural Score
APP0003356,C001060,2025-03-07,ACS,5.89,355,Declined,Fraud Flag
APP0003357,C004385,2025-09-10,BNPL,235.71,311,Declined,High Existing Exposure
APP0003358,C001088,2025-02-10,Nano,291.72,552,Declined,Incomplete Data
APP0003359,C000021,2025-03-13,BNPL,782.57,534,Approved,
APP0003360,C002550,2025-04-01,ACS,8.73,556,Declined,Incomplete Data
APP0003361,C003659,2025-02-12,ACS,16.21,613,Approved,
APP0003362,C000072,2025-04-16,Nano,22.07,783,Approved,
APP0003363,C003184,2025-02-16,Nano,165.93,528,Declined,Incomplete Data
APP0003364,C002195,2025-01-23,ACS,29.56,471,Declined,Low Behavioural Score
APP0003365,C003883,2025-06-26,ACS,21.17,609,Approved,
APP0003366,C000167,2025-01-30,ACS,20.23,720,Approved,
APP0003367,C004486,2025-06-23,Nano,252.02,680,Approved,
APP0003368,C004366,2025-02-01,ACS,19.41,783,Approved,
APP0003369,C003433,2025-03-04,ACS,21.06,627,Approved,
APP0003370,C003101,2025-01-24,Nano,103.29,363,Declined,Fraud Flag
APP0003371,C003521,2025-04-26,Nano,177.93,602,Approved,
APP0003372,C000801,2025-02-09,Nano,225.71,517,Approved,
APP0003373,C004485,2025-05-12,Nano,164.27,598,Approved,
APP0003374,C003843,2025-08-24,ACS,15.16,747,Approved,
APP0003375,C003777,2025-05-16,Nano,78.98,567,Approved,
APP0003376,C002464,2025-01-21,BNPL,321.33,328,Declined,High Existing Exposure
APP0003377,C000705,2025-06-28,ACS,27.97,511,Declined,Duplicate Application
APP0003378,C002554,2025-03-01,ACS,8.25,604,Approved,
APP0003379,C002725,2025-08-11,ACS,20.74,340,Declined,Policy Rule Failure
APP0003380,C001281,2025-07-01,Nano,225.92,430,Declined,Low Behavioural Score
APP0003381,C004621,2025-04-28,Nano,75.96,658,Approved,
APP0003382,C001969,2025-08-10,Nano,68.2,552,Declined,Incomplete Data
APP0003383,C004771,2025-02-16,Nano,78.51,454,Declined,High Existing Exposure
APP0003384,C004391,2025-02-05,Nano,173.36,591,Approved,
APP0003385,C000374,2025-05-08,Nano,73.48,483,Declined,Low Behavioural Score
APP0003386,C000737,2025-06-19,Nano,98.02,602,Declined,Incomplete Data
APP0003387,C001964,2025-03-19,ACS,13.87,528,Approved,
APP0003388,C003119,2025-03-22,Nano,31.38,616,Approved,
APP0003389,C000568,2025-05-17,Nano,27.83,760,Approved,
APP0003390,C001085,2025-03-21,BNPL,106.04,653,Approved,
APP0003391,C004282,2025-01-29,ACS,27.11,499,Declined,Duplicate Application
APP0003392,C002225,2025-09-01,ACS,27.95,400,Declined,Low Behavioural Score
APP0003393,C002780,2025-07-01,ACS,19.27,722,Approved,
APP0003394,C002666,2025-10-21,ACS,6.07,577,Approved,
APP0003395,C004846,2025-06-03,BNPL,575.5,492,Declined,Duplicate Application
APP0003396,C000609,2025-04-16,Nano,265.78,714,Approved,
APP0003397,C002607,2025-02-12,Nano,258.83,678,Declined,Low Behavioural Score
APP0003398,C000393,2025-03-02,Nano,185.38,666,Approved,
APP0003399,C000233,2025-07-02,ACS,7.93,595,Declined,High Existing Exposure
APP0003400,C002421,2025-05-09,ACS,13.59,504,Declined,Policy Rule Failure
APP0003401,C004518,2025-04-06,ACS,29.73,326,Declined,Incomplete Data
APP0003402,C002047,2025-02-27,BNPL,842.93,555,Approved,
APP0003403,C003586,2025-01-11,ACS,22.94,847,Approved,
APP0003404,C004605,2025-05-01,ACS,12.92,723,Approved,
APP0003405,C000031,2025-04-02,BNPL,267.26,663,Approved,
APP0003406,C003490,2025-03-16,Nano,139.84,826,Approved,
APP0003407,C004493,2025-05-02,Nano,85.49,732,Approved,
APP0003408,C004485,2025-05-29,ACS,13.39,602,Approved,
APP0003409,C003680,2025-01-30,ACS,25.27,399,Declined,Low Behavioural Score
APP0003410,C004642,2025-05-05,ACS,9.29,752,Approved,
APP0003411,C003010,2025-02-05,Nano,90.16,564,Declined,Fraud Flag
APP0003412,C000096,2025-06-07,BNPL,329.74,682,Approved,
APP0003413,C004911,2025-04-08,Nano,275.91,451,Approved,
APP0003414,C004400,2025-04-04,BNPL,192.28,737,Approved,
APP0003415,C000951,2025-07-25,Nano,148.61,636,Approved,
APP0003416,C004793,2025-05-13,ACS,28.27,794,Approved,
APP0003417,C003259,2025-02-20,Nano,261.0,342,Approved,
APP0003418,C002264,2025-03-11,BNPL,692.71,502,Declined,Low Behavioural Score
APP0003419,C004093,2025-06-09,BNPL,726.84,712,Approved,
APP0003420,C003180,2025-02-21,ACS,22.5,876,Approved,
APP0003421,C003945,2025-05-21,BNPL,210.53,365,Declined,Low Behavioural Score
APP0003422,C001730,2025-04-07,ACS,6.53,532,Approved,
APP0003423,C001950,2025-06-30,Nano,21.77,573,Declined,Policy Rule Failure
APP0003424,C000494,2025-09-30,Nano,156.84,605,Approved,
APP0003425,C004447,2025-08-22,ACS,22.53,738,Approved,
APP0003426,C001314,2025-05-01,Nano,153.68,532,Approved,
APP0003427,C000688,2025-06-17,Nano,22.39,734,Approved,
APP0003428,C000403,2025-04-18,BNPL,732.45,575,Approved,
APP0003429,C001931,2025-04-27,BNPL,455.55,788,Approved,
APP0003430,C002434,2025-04-14,ACS,25.09,824,Approved,
APP0003431,C004173,2025-09-19,ACS,28.39,585,Approved,
APP0003432,C003268,2025-03-31,ACS,16.5,635,Approved,
APP0003433,C004031,2025-04-25,ACS,16.66,659,Approved,
APP0003434,C000027,2025-04-10,Nano,131.53,734,Approved,
APP0003435,C000147,2025-04-18,Nano,138.41,449,Declined,Low Behavioural Score
APP0003436,C001145,2025-01-10,ACS,20.49,524,Declined,Policy Rule Failure
APP0003437,C001929,2025-01-14,ACS,23.45,727,Approved,
APP0003438,C000369,2025-05-11,Nano,131.69,597,Approved,
APP0003439,C004339,2025-04-28,Nano,87.52,698,Approved,
APP0003440,C004829,2025-04-12,Nano,49.92,617,Declined,Incomplete Data
APP0003441,C002425,2025-06-26,ACS,23.33,542,Declined,High Existing Exposure
APP0003442,C004016,2025-05-19,Nano,135.96,630,Approved,
APP0003443,C000954,2025-08-05,BNPL,740.35,723,Approved,
APP0003444,C000155,2025-04-04,BNPL,423.74,654,Approved,
APP0003445,C004494,2025-03-10,BNPL,689.03,726,Approved,
APP0003446,C004070,2025-04-21,BNPL,488.86,757,Approved,
APP0003447,C003789,2025-04-22,Nano,282.35,549,Approved,
APP0003448,C004137,2025-07-03,BNPL,529.22,674,Approved,
APP0003449,C003552,2025-02-04,BNPL,705.42,738,Approved,
APP0003450,C004027,2025-04-03,Nano,179.44,545,Declined,Policy Rule Failure
APP0003451,C004836,2025-04-14,ACS,25.76,671,Approved,
APP0003452,C004393,2025-02-14,ACS,22.85,633,Approved,
APP0003453,C004451,2025-09-22,Nano,134.48,777,Approved,
APP0003454,C002343,2025-05-29,Nano,63.97,471,Approved,
APP0003455,C004093,2025-06-17,ACS,15.63,706,Approved,
APP0003456,C001198,2025-03-27,ACS,27.8,484,Declined,Low Behavioural Score
APP0003457,C001571,2025-05-25,ACS,23.79,776,Approved,
APP0003458,C004353,2025-03-29,BNPL,471.97,668,Approved,
APP0003459,C001818,2025-07-11,ACS,14.45,477,Declined,High Existing Exposure
APP0003460,C004174,2025-05-25,Nano,33.86,600,Declined,Duplicate Application
APP0003461,C002478,2025-08-18,Nano,104.89,627,Approved,
APP0003462,C001374,2025-04-05,ACS,21.21,864,Approved,
APP0003463,C002059,2025-06-14,ACS,27.53,619,Declined,Low Behavioural Score
APP0003464,C002904,2025-04-16,Nano,207.2,826,Approved,
APP0003465,C000317,2025-06-23,Nano,29.28,659,Approved,
APP0003466,C002785,2025-04-29,BNPL,393.19,609,Approved,
APP0003467,C000526,2025-03-03,BNPL,800.71,658,Approved,
APP0003468,C002438,2025-02-28,Nano,252.93,357,Declined,Duplicate Application
APP0003469,C001617,2025-02-12,Nano,46.18,638,Approved,
APP0003470,C003044,2025-07-10,ACS,11.61,736,Approved,
APP0003471,C004196,2025-01-18,Nano,110.5,749,Approved,
APP0003472,C000420,2025-02-12,Nano,269.79,709,Approved,
APP0003473,C000426,2025-03-29,ACS,19.4,599,Declined,Duplicate Application
APP0003474,C002274,2025-09-24,Nano,72.3,515,Declined,Fraud Flag
APP0003475,C003770,2025-05-12,ACS,19.46,668,Approved,
APP0003476,C001400,2025-03-30,Nano,223.41,865,Approved,
APP0003477,C003913,2025-02-02,Nano,121.18,806,Approved,
APP0003478,C000012,2025-09-08,Nano,283.53,588,Approved,
APP0003479,C001475,2025-03-14,ACS,25.71,375,Declined,Low Behavioural Score
APP0003480,C002596,2025-01-18,ACS,20.6,740,Approved,
APP0003481,C003131,2025-05-20,Nano,126.23,627,Approved,
APP0003482,C001824,2025-07-03,ACS,5.28,672,Approved,
APP0003483,C004411,2025-03-24,BNPL,164.5,671,Approved,
APP0003484,C002157,2025-03-22,BNPL,824.78,761,Approved,
APP0003485,C003179,2025-02-23,BNPL,905.73,526,Declined,Policy Rule Failure
APP0003486,C000557,2025-02-03,Nano,54.69,691,Approved,
APP0003487,C004647,2025-04-23,BNPL,180.94,541,Declined,Fraud Flag
APP0003488,C002529,2025-01-22,ACS,22.19,624,Approved,
APP0003489,C002351,2025-03-23,Nano,176.19,720,Declined,Low Behavioural Score
APP0003490,C001351,2025-10-27,BNPL,431.62,300,Declined,Low Behavioural Score
APP0003491,C003039,2025-07-07,ACS,12.74,425,Declined,Policy Rule Failure
APP0003492,C000003,2025-01-23,Nano,88.42,493,Approved,
APP0003493,C002260,2025-06-27,Nano,75.92,769,Approved,
APP0003494,C003901,2025-06-27,ACS,10.69,654,Approved,
APP0003495,C003889,2025-02-10,ACS,13.28,664,Approved,
APP0003496,C003140,2025-02-19,ACS,17.78,723,Approved,
APP0003497,C001873,2025-07-23,Nano,293.97,622,Approved,
APP0003498,C002640,2025-05-20,Nano,28.04,680,Approved,
APP0003499,C000845,2025-02-27,BNPL,786.76,556,Approved,
APP0003500,C003111,2025-01-15,Nano,49.43,667,Approved,
APP0003501,C001082,2025-05-31,Nano,174.07,651,Approved,
APP0003502,C001619,2025-06-16,ACS,9.74,527,Approved,
APP0003503,C003671,2025-04-24,ACS,5.32,795,Approved,
APP0003504,C000616,2025-06-08,ACS,8.16,668,Approved,
APP0003505,C001651,2025-07-04,ACS,10.62,598,Approved,
APP0003506,C001785,2025-06-14,Nano,102.5,642,Declined,High Existing Exposure
APP0003507,C004732,2025-04-21,ACS,9.63,454,Declined,Incomplete Data
APP0003508,C003945,2025-05-31,Nano,104.24,363,Declined,Low Behavioural Score
APP0003509,C001863,2025-02-01,BNPL,367.96,728,Approved,
APP0003510,C003042,2025-07-05,ACS,27.71,679,Approved,
APP0003511,C001200,2025-03-26,ACS,24.16,337,Declined,Low Behavioural Score
APP0003512,C003957,2025-06-19,ACS,9.66,495,Declined,Incomplete Data
APP0003513,C001724,2025-03-05,Nano,201.12,584,Approved,
APP0003514,C004512,2025-08-06,ACS,15.26,837,Approved,
APP0003515,C004455,2025-09-16,ACS,16.56,755,Approved,
APP0003516,C001249,2025-01-31,Nano,113.2,490,Declined,Duplicate Application
APP0003517,C002047,2025-02-26,ACS,21.41,562,Approved,
APP0003518,C004573,2025-09-10,ACS,5.63,532,Declined,Low Behavioural Score
APP0003519,C000481,2025-04-21,Nano,125.36,800,Approved,
APP0003520,C003313,2025-04-15,ACS,24.21,407,Declined,Low Behavioural Score
APP0003521,C002582,2025-01-26,Nano,298.31,549,Approved,
APP0003522,C002804,2025-02-26,ACS,8.38,516,Declined,Duplicate Application
APP0003523,C002862,2025-02-12,Nano,113.61,791,Approved,
APP0003524,C002517,2025-04-26,ACS,14.68,617,Approved,
APP0003525,C001715,2025-07-13,Nano,173.13,702,Approved,
APP0003526,C002344,2025-07-24,Nano,155.67,761,Declined,High Existing Exposure
APP0003527,C004892,2025-03-29,ACS,25.73,663,Approved,
APP0003528,C000370,2025-03-09,ACS,20.99,836,Approved,
APP0003529,C000803,2025-08-18,Nano,248.48,608,Approved,
APP0003530,C000274,2025-06-11,Nano,220.5,649,Declined,Incomplete Data
APP0003531,C003128,2025-06-21,BNPL,950.9,588,Approved,
APP0003532,C001655,2025-05-04,Nano,226.37,453,Declined,Low Behavioural Score
APP0003533,C000225,2025-07-08,ACS,7.49,746,Approved,
APP0003534,C001018,2025-05-31,ACS,22.24,666,Approved,
APP0003535,C001301,2025-01-22,ACS,5.82,571,Approved,
APP0003536,C000434,2025-04-16,ACS,9.42,669,Declined,Low Behavioural Score
APP0003537,C003835,2025-07-02,ACS,28.41,712,Approved,
APP0003538,C000123,2025-01-16,ACS,28.89,317,Approved,
APP0003539,C004414,2025-08-08,Nano,50.29,740,Approved,
APP0003540,C004892,2025-04-21,Nano,131.16,653,Approved,
APP0003541,C004586,2025-04-10,ACS,29.71,637,Approved,
APP0003542,C001061,2025-06-30,ACS,6.84,624,Approved,
APP0003543,C001142,2025-09-01,ACS,27.79,489,Approved,
APP0003544,C004924,2025-01-27,ACS,29.57,527,Declined,Policy Rule Failure
APP0003545,C003115,2025-06-06,ACS,27.06,476,Approved,
APP0003546,C002723,2025-07-17,ACS,25.45,401,Declined,Low Behavioural Score
APP0003547,C004325,2025-02-13,Nano,179.95,676,Approved,
APP0003548,C000960,2025-04-05,Nano,275.38,803,Approved,
APP0003549,C002031,2025-05-11,Nano,48.28,539,Approved,
APP0003550,C000727,2025-07-19,ACS,7.83,739,Approved,
APP0003551,C003995,2025-01-24,Nano,213.6,615,Approved,
APP0003552,C001005,2025-01-19,Nano,22.46,715,Approved,
APP0003553,C000659,2025-09-06,ACS,20.99,643,Approved,
APP0003554,C001819,2025-03-14,ACS,20.44,439,Declined,Low Behavioural Score
APP0003555,C002823,2025-05-27,Nano,191.35,359,Declined,Low Behavioural Score
APP0003556,C001025,2025-04-08,ACS,9.31,555,Declined,High Existing Exposure
APP0003557,C004501,2025-05-08,ACS,27.88,541,Approved,
APP0003558,C004141,2025-03-08,ACS,23.35,649,Approved,
APP0003559,C004600,2025-03-29,ACS,12.03,751,Approved,
APP0003560,C001836,2025-01-17,BNPL,638.67,745,Approved,
APP0003561,C001943,2025-02-02,Nano,131.22,478,Approved,
APP0003562,C002635,2025-04-12,ACS,24.04,450,Declined,Low Behavioural Score
APP0003563,C004549,2025-03-11,Nano,158.6,393,Declined,Low Behavioural Score
APP0003564,C002507,2025-04-25,ACS,12.24,757,Approved,
APP0003565,C001943,2025-02-17,BNPL,834.84,485,Declined,Duplicate Application
APP0003566,C003298,2025-05-12,BNPL,458.1,488,Approved,
APP0003567,C000664,2025-05-27,Nano,298.82,765,Approved,
APP0003568,C004988,2025-02-02,ACS,14.8,656,Approved,
APP0003569,C003444,2025-06-11,BNPL,612.95,763,Approved,
APP0003570,C002218,2025-04-10,ACS,15.0,679,Approved,
APP0003571,C000452,2025-03-05,ACS,18.37,770,Approved,
APP0003572,C001614,2025-04-07,Nano,297.49,772,Approved,
APP0003573,C002866,2025-08-01,Nano,51.34,758,Approved,
APP0003574,C004871,2025-04-27,ACS,25.35,614,Declined,Low Behavioural Score
APP0003575,C002436,2025-02-24,Nano,268.73,672,Approved,
APP0003576,C004989,2025-02-04,BNPL,703.87,631,Approved,
APP0003577,C002590,2025-04-28,Nano,157.69,712,Approved,
APP0003578,C003905,2025-03-21,ACS,18.55,346,Declined,Duplicate Application
APP0003579,C000491,2025-06-09,ACS,22.13,511,Approved,
APP0003580,C003989,2025-04-04,BNPL,957.6,748,Approved,
APP0003581,C001211,2025-03-08,Nano,116.73,648,Approved,
APP0003582,C002037,2025-04-26,BNPL,923.71,692,Approved,
APP0003583,C001617,2025-03-25,ACS,12.0,652,Approved,
APP0003584,C002695,2025-04-07,ACS,16.21,621,Approved,
APP0003585,C003073,2025-01-12,ACS,16.0,602,Declined,Fraud Flag
APP0003586,C001760,2025-01-23,ACS,9.35,677,Approved,
APP0003587,C000287,2025-04-14,BNPL,270.53,774,Approved,
APP0003588,C003095,2025-03-12,ACS,26.53,613,Approved,
APP0003589,C002101,2025-04-02,Nano,297.31,485,Approved,
APP0003590,C004129,2025-03-03,Nano,285.13,734,Approved,
APP0003591,C003477,2025-01-17,Nano,79.35,686,Approved,
APP0003592,C001871,2025-04-26,Nano,100.65,454,Approved,
APP0003593,C000260,2025-05-05,Nano,55.24,720,Approved,
APP0003594,C002676,2025-04-29,ACS,22.4,490,Declined,Policy Rule Failure
APP0003595,C003976,2025-02-27,Nano,21.18,717,Approved,
APP0003596,C003875,2025-04-24,ACS,21.98,575,Approved,
APP0003597,C001675,2025-03-29,ACS,11.62,374,Declined,Low Behavioural Score
APP0003598,C001045,2025-04-11,Nano,221.69,673,Declined,Duplicate Application
APP0003599,C000368,2025-02-16,ACS,9.62,635,Approved,
APP0003600,C003052,2025-03-06,ACS,28.33,717,Declined,Low Behavioural Score
APP0003601,C001313,2025-04-15,Nano,51.12,697,Approved,
APP0003602,C003879,2025-05-08,Nano,30.15,746,Approved,
APP0003603,C002986,2025-07-13,Nano,52.69,590,Approved,
APP0003604,C000261,2025-09-19,Nano,88.1,724,Approved,
APP0003605,C003456,2025-04-16,Nano,210.53,696,Approved,
APP0003606,C001269,2025-04-13,ACS,15.99,436,Approved,
APP0003607,C004361,2025-08-04,Nano,148.82,528,Declined,Fraud Flag
APP0003608,C000127,2025-09-01,ACS,19.78,430,Declined,High Existing Exposure
APP0003609,C001833,2025-02-25,Nano,209.35,567,Declined,Fraud Flag
APP0003610,C000033,2025-02-18,BNPL,746.73,700,Approved,
APP0003611,C003166,2025-07-31,Nano,138.38,559,Approved,
APP0003612,C002389,2025-04-25,Nano,55.3,753,Approved,
APP0003613,C002666,2025-08-26,ACS,7.36,590,Approved,
APP0003614,C003504,2025-05-16,ACS,11.44,467,Declined,Fraud Flag
APP0003615,C004480,2025-01-26,ACS,9.28,618,Approved,
APP0003616,C001916,2025-03-31,Nano,128.05,747,Approved,
APP0003617,C002852,2025-09-16,ACS,29.8,871,Approved,
APP0003618,C003106,2025-07-29,ACS,12.53,752,Approved,
APP0003619,C004407,2025-10-01,ACS,28.59,677,Approved,
APP0003620,C000958,2025-02-23,BNPL,680.9,652,Approved,
APP0003621,C002618,2025-03-19,ACS,6.27,585,Declined,Incomplete Data
APP0003622,C004183,2025-01-22,Nano,231.22,594,Declined,Duplicate Application
APP0003623,C001408,2025-03-16,BNPL,745.07,611,Approved,
APP0003624,C001813,2025-07-09,ACS,22.59,803,Approved,
APP0003625,C002246,2025-09-16,ACS,8.45,610,Approved,
APP0003626,C003537,2025-03-04,Nano,25.81,746,Approved,
APP0003627,C003353,2025-03-27,Nano,251.14,763,Approved,
APP0003628,C000650,2025-03-05,BNPL,771.08,477,Declined,Policy Rule Failure
APP0003629,C001030,2025-05-05,Nano,183.23,748,Approved,
APP0003630,C004091,2025-04-06,ACS,24.04,694,Approved,
APP0003631,C003369,2025-01-12,ACS,19.43,547,Declined,High Existing Exposure
APP0003632,C002591,2025-07-04,Nano,185.94,673,Approved,
APP0003633,C002102,2025-02-26,ACS,29.05,647,Approved,
APP0003634,C004852,2025-07-24,ACS,8.63,774,Approved,
APP0003635,C004413,2025-07-11,Nano,103.71,370,Approved,
APP0003636,C002027,2025-02-07,Nano,51.47,790,Approved,
APP0003637,C001758,2025-08-27,ACS,10.82,634,Approved,
APP0003638,C004365,2025-07-16,Nano,256.48,476,Approved,
APP0003639,C001730,2025-09-30,BNPL,746.46,523,Approved,
APP0003640,C002061,2025-03-16,Nano,179.67,561,Declined,Incomplete Data
APP0003641,C004585,2025-01-16,Nano,79.2,736,Approved,
APP0003642,C000540,2025-07-09,Nano,154.6,900,Approved,
APP0003643,C003518,2025-07-06,ACS,18.97,533,Approved,
APP0003644,C003439,2025-07-11,Nano,56.0,587,Approved,
APP0003645,C001896,2025-09-07,ACS,6.85,536,Approved,
APP0003646,C000915,2025-02-03,Nano,71.02,811,Approved,
APP0003647,C004306,2025-02-21,ACS,24.81,585,Approved,
APP0003648,C004000,2025-01-20,BNPL,610.56,641,Approved,
APP0003649,C004292,2025-06-12,Nano,202.15,698,Approved,
APP0003650,C001675,2025-08-10,ACS,7.65,362,Declined,Low Behavioural Score
APP0003651,C004815,2025-04-17,Nano,107.87,415,Declined,High Existing Exposure
APP0003652,C003783,2025-06-18,ACS,10.94,722,Approved,
APP0003653,C001200,2025-05-25,Nano,240.13,340,Approved,
APP0003654,C002408,2025-02-08,ACS,8.54,480,Declined,Low Behavioural Score
APP0003655,C001583,2025-01-14,ACS,11.71,573,Declined,Incomplete Data
APP0003656,C002686,2025-08-23,Nano,214.62,625,Approved,
APP0003657,C000942,2025-03-12,ACS,21.37,764,Approved,
APP0003658,C003674,2025-03-09,Nano,264.81,509,Declined,Fraud Flag
APP0003659,C002298,2025-07-08,BNPL,862.02,368,Declined,Low Behavioural Score
APP0003660,C003326,2025-02-01,ACS,25.99,647,Approved,
APP0003661,C003209,2025-04-20,ACS,23.84,553,Approved,
APP0003662,C003322,2025-02-08,Nano,62.08,389,Approved,
APP0003663,C003800,2025-02-14,ACS,18.61,610,Approved,
APP0003664,C003295,2025-03-09,ACS,7.88,446,Declined,Low Behavioural Score
APP0003665,C002579,2025-03-06,Nano,159.7,527,Approved,
APP0003666,C002927,2025-07-25,BNPL,805.28,616,Approved,
APP0003667,C003156,2025-03-11,Nano,163.0,729,Approved,
APP0003668,C004036,2025-05-08,BNPL,410.99,655,Declined,Policy Rule Failure
APP0003669,C002379,2025-06-07,BNPL,999.19,772,Approved,
APP0003670,C001501,2025-06-05,Nano,106.54,675,Approved,
APP0003671,C001263,2025-02-06,ACS,9.59,694,Approved,
APP0003672,C000908,2025-03-24,ACS,17.74,321,Declined,Incomplete Data
APP0003673,C003014,2025-04-25,Nano,146.78,466,Declined,Duplicate Application
APP0003674,C003676,2025-09-28,Nano,115.71,812,Approved,
APP0003675,C001586,2025-05-11,ACS,11.8,797,Approved,
APP0003676,C002700,2025-01-17,Nano,298.46,636,Approved,
APP0003677,C001861,2025-01-28,ACS,14.13,885,Approved,
APP0003678,C004504,2025-04-19,Nano,175.06,781,Approved,
APP0003679,C004531,2025-06-27,ACS,7.16,479,Declined,Duplicate Application
APP0003680,C004826,2025-05-16,Nano,150.22,764,Approved,
APP0003681,C004306,2025-04-08,Nano,160.8,592,Approved,
APP0003682,C004336,2025-04-07,Nano,118.22,485,Declined,Low Behavioural Score
APP0003683,C002787,2025-02-25,ACS,5.95,733,Approved,
APP0003684,C002738,2025-04-23,ACS,18.21,774,Approved,
APP0003685,C001509,2025-06-17,ACS,6.08,750,Approved,
APP0003686,C003771,2025-04-14,Nano,81.95,843,Approved,
APP0003687,C001601,2025-03-01,ACS,28.48,735,Approved,
APP0003688,C001672,2025-08-20,BNPL,410.22,681,Approved,
APP0003689,C004729,2025-01-30,ACS,15.51,700,Approved,
APP0003690,C000074,2025-08-04,ACS,18.14,758,Approved,
APP0003691,C000591,2025-02-27,ACS,26.9,367,Declined,Incomplete Data
APP0003692,C003903,2025-04-20,ACS,11.47,591,Approved,
APP0003693,C003426,2025-03-26,Nano,287.07,583,Approved,
APP0003694,C003908,2025-02-11,BNPL,770.73,579,Approved,
APP0003695,C002335,2025-01-26,Nano,55.14,304,Declined,Low Behavioural Score
APP0003696,C000041,2025-02-19,Nano,231.18,362,Declined,Duplicate Application
APP0003697,C001488,2025-02-04,ACS,23.13,812,Approved,
APP0003698,C004318,2025-05-29,ACS,20.59,721,Approved,
APP0003699,C003331,2025-01-16,BNPL,457.51,452,Declined,Low Behavioural Score
APP0003700,C004408,2025-02-04,ACS,24.84,564,Approved,
APP0003701,C000047,2025-03-20,Nano,260.74,558,Approved,
APP0003702,C001604,2025-07-19,Nano,39.69,813,Approved,
APP0003703,C003436,2025-10-10,Nano,124.14,633,Approved,
APP0003704,C000087,2025-05-22,ACS,18.45,584,Declined,Policy Rule Failure
APP0003705,C002248,2025-04-27,ACS,29.52,569,Declined,Duplicate Application
APP0003706,C004381,2025-02-06,BNPL,543.74,568,Approved,
APP0003707,C000809,2025-06-12,ACS,13.1,453,Approved,
APP0003708,C000353,2025-04-23,Nano,47.14,677,Approved,
APP0003709,C003185,2025-01-04,ACS,20.23,638,Approved,
APP0003710,C001162,2025-02-01,Nano,245.21,729,Approved,
APP0003711,C000920,2025-10-05,ACS,29.76,445,Approved,
APP0003712,C002713,2025-07-07,Nano,199.56,701,Approved,
APP0003713,C003031,2025-05-30,ACS,20.31,331,Declined,Fraud Flag
APP0003714,C004083,2025-03-25,Nano,178.44,661,Approved,
APP0003715,C000520,2025-04-09,BNPL,784.36,874,Approved,
APP0003716,C003910,2025-08-24,ACS,17.66,613,Approved,
APP0003717,C003351,2025-03-26,Nano,97.47,741,Approved,
APP0003718,C003406,2025-03-11,ACS,13.92,666,Approved,
APP0003719,C001194,2025-05-12,Nano,217.04,680,Approved,
APP0003720,C004144,2025-02-25,ACS,25.62,786,Approved,
APP0003721,C000617,2025-07-12,Nano,193.12,680,Approved,
APP0003722,C003428,2025-01-30,BNPL,755.84,684,Approved,
APP0003723,C000673,2025-09-05,Nano,20.33,522,Approved,
APP0003724,C003189,2025-06-20,ACS,29.07,372,Declined,Incomplete Data
APP0003725,C002258,2025-11-02,Nano,72.09,354,Declined,Policy Rule Failure
APP0003726,C000839,2025-02-16,ACS,11.59,541,Declined,Fraud Flag
APP0003727,C000973,2025-03-21,Nano,92.53,769,Approved,
APP0003728,C002200,2025-10-14,ACS,12.0,782,Approved,
APP0003729,C001831,2025-04-13,Nano,71.77,481,Approved,
APP0003730,C002257,2025-02-09,BNPL,119.75,747,Approved,
APP0003731,C002167,2025-02-10,Nano,285.43,582,Approved,
APP0003732,C000093,2025-04-06,ACS,15.33,468,Approved,
APP0003733,C002147,2025-08-04,ACS,8.72,694,Approved,
APP0003734,C002028,2025-04-10,ACS,16.17,595,Approved,
APP0003735,C001956,2025-06-04,ACS,19.06,570,Declined,Policy Rule Failure
APP0003736,C001136,2025-02-08,Nano,230.36,765,Approved,
APP0003737,C000962,2025-04-03,ACS,17.79,506,Declined,Incomplete Data
APP0003738,C000449,2025-07-11,Nano,202.53,435,Approved,
APP0003739,C003125,2025-01-15,Nano,74.77,751,Approved,
APP0003740,C002732,2025-05-21,Nano,261.45,310,Declined,High Existing Exposure
APP0003741,C004060,2025-03-01,Nano,259.96,495,Approved,
APP0003742,C001186,2025-11-11,ACS,7.02,578,Approved,
APP0003743,C002040,2025-04-16,Nano,123.99,668,Approved,
APP0003744,C000952,2025-08-25,ACS,25.82,728,Approved,
APP0003745,C004702,2025-04-19,Nano,98.12,651,Approved,
APP0003746,C003934,2025-08-19,Nano,47.29,653,Approved,
APP0003747,C000744,2025-05-15,ACS,6.32,764,Approved,
APP0003748,C004051,2025-03-21,ACS,9.91,614,Approved,
APP0003749,C004618,2025-08-29,ACS,10.53,741,Approved,
APP0003750,C003305,2025-02-13,ACS,23.65,681,Approved,
APP0003751,C004954,2025-06-11,ACS,5.37,704,Declined,Low Behavioural Score
APP0003752,C000949,2025-01-31,Nano,175.78,580,Declined,Duplicate Application
APP0003753,C001444,2025-03-07,Nano,278.06,426,Declined,Low Behavioural Score
APP0003754,C003164,2025-03-13,ACS,28.53,532,Declined,Duplicate Application
APP0003755,C002692,2025-05-09,Nano,188.52,548,Approved,
APP0003756,C003567,2025-02-02,BNPL,458.79,651,Approved,
APP0003757,C004828,2025-03-06,BNPL,393.34,319,Declined,Low Behavioural Score
APP0003758,C001167,2025-07-14,ACS,18.25,385,Declined,High Existing Exposure
APP0003759,C004363,2025-06-21,BNPL,860.3,859,Approved,
APP0003760,C000665,2025-02-21,Nano,86.64,466,Declined,Low Behavioural Score
APP0003761,C002298,2025-06-24,ACS,9.52,361,Declined,Low Behavioural Score
APP0003762,C002168,2025-05-06,ACS,9.56,818,Approved,
APP0003763,C004032,2025-07-10,ACS,17.43,667,Approved,
APP0003764,C002122,2025-03-27,ACS,13.74,731,Approved,
APP0003765,C004152,2025-07-15,Nano,280.72,652,Approved,
APP0003766,C000767,2025-02-23,Nano,132.47,463,Declined,Incomplete Data
APP0003767,C004967,2025-06-22,ACS,21.69,771,Approved,
APP0003768,C000959,2025-02-25,Nano,255.68,592,Approved,
APP0003769,C002959,2025-02-06,ACS,25.6,871,Approved,
APP0003770,C002499,2025-02-04,ACS,9.6,468,Declined,Low Behavioural Score
APP0003771,C000453,2025-04-25,ACS,23.14,784,Approved,
APP0003772,C002638,2025-01-05,ACS,20.7,712,Approved,
APP0003773,C004368,2025-02-17,Nano,147.98,787,Approved,
APP0003774,C002690,2025-04-23,ACS,25.75,590,Approved,
APP0003775,C003515,2025-07-06,BNPL,428.11,488,Approved,
APP0003776,C004911,2025-11-06,BNPL,154.63,443,Declined,Low Behavioural Score
APP0003777,C001515,2025-03-10,ACS,5.52,466,Declined,Low Behavioural Score
APP0003778,C000199,2025-06-18,Nano,198.15,566,Approved,
APP0003779,C003446,2025-07-08,Nano,149.57,456,Approved,
APP0003780,C003932,2025-03-12,ACS,24.17,634,Approved,
APP0003781,C000714,2025-03-09,ACS,27.4,522,Approved,
APP0003782,C001760,2025-01-15,Nano,196.19,677,Approved,
APP0003783,C001793,2025-03-19,BNPL,598.25,612,Declined,Duplicate Application
APP0003784,C003765,2025-03-08,ACS,9.56,616,Approved,
APP0003785,C004380,2025-04-30,BNPL,607.8,674,Approved,
APP0003786,C003678,2025-08-11,Nano,162.31,576,Approved,
APP0003787,C001484,2025-01-19,ACS,20.19,592,Approved,
APP0003788,C003100,2025-04-10,Nano,157.1,623,Approved,
APP0003789,C001346,2025-04-22,ACS,19.3,553,Declined,Low Behavioural Score
APP0003790,C003156,2025-06-18,Nano,231.22,744,Approved,
APP0003791,C004826,2025-05-03,ACS,27.29,756,Approved,
APP0003792,C003318,2025-08-21,ACS,17.98,686,Approved,
APP0003793,C003926,2025-08-18,ACS,26.48,582,Approved,
APP0003794,C003739,2025-04-30,BNPL,638.99,738,Approved,
APP0003795,C002383,2025-06-17,ACS,13.86,809,Approved,
APP0003796,C000659,2025-02-25,Nano,122.78,659,Approved,
APP0003797,C004879,2025-02-14,ACS,24.09,331,Approved,
APP0003798,C001805,2025-01-14,Nano,155.22,581,Declined,Duplicate Application
APP0003799,C004433,2025-05-02,ACS,24.46,755,Approved,
APP0003800,C004211,2025-04-21,Nano,180.11,780,Approved,
APP0003801,C003420,2025-08-02,ACS,6.09,561,Approved,
APP0003802,C002740,2025-05-31,BNPL,536.02,756,Approved,
APP0003803,C001370,2025-06-27,Nano,158.49,729,Approved,
APP0003804,C000685,2025-05-27,BNPL,738.58,573,Approved,
APP0003805,C004365,2025-01-16,ACS,24.84,473,Declined,Low Behavioural Score
APP0003806,C004809,2025-02-18,ACS,7.98,580,Approved,
APP0003807,C003365,2025-02-28,Nano,193.15,573,Approved,
APP0003808,C004940,2025-07-17,Nano,215.77,486,Declined,Incomplete Data
APP0003809,C001083,2025-06-15,Nano,254.77,530,Approved,
APP0003810,C002564,2025-03-16,ACS,17.43,764,Approved,
APP0003811,C000873,2025-06-19,Nano,31.36,722,Approved,
APP0003812,C002666,2025-08-10,Nano,41.76,565,Approved,
APP0003813,C004457,2025-02-26,BNPL,485.87,489,Declined,High Existing Exposure
APP0003814,C001461,2025-07-11,Nano,222.46,599,Declined,Incomplete Data
APP0003815,C002105,2025-07-16,ACS,28.68,552,Approved,
APP0003816,C002581,2025-07-02,ACS,14.36,458,Declined,Low Behavioural Score
APP0003817,C002320,2025-06-27,Nano,199.15,786,Approved,
APP0003818,C004844,2025-02-09,Nano,221.0,631,Approved,
APP0003819,C002133,2025-04-25,BNPL,165.39,687,Approved,
APP0003820,C001273,2025-09-02,ACS,18.04,812,Approved,
APP0003821,C001638,2025-03-01,Nano,41.94,789,Approved,
APP0003822,C001524,2025-03-10,BNPL,521.54,304,Approved,
APP0003823,C001576,2025-09-02,ACS,26.91,352,Declined,Policy Rule Failure
APP0003824,C004488,2025-06-03,ACS,24.97,768,Approved,
APP0003825,C002564,2025-08-17,ACS,22.16,746,Approved,
APP0003826,C001922,2025-06-26,ACS,27.65,646,Approved,
APP0003827,C000707,2025-07-10,ACS,12.52,865,Approved,
APP0003828,C004863,2025-07-11,Nano,147.23,686,Approved,
APP0003829,C000767,2025-04-07,Nano,99.47,441,Approved,
APP0003830,C001748,2025-08-16,ACS,13.34,544,Declined,High Existing Exposure
APP0003831,C003497,2025-09-07,ACS,21.49,443,Declined,Low Behavioural Score
APP0003832,C000024,2025-08-21,ACS,21.92,867,Approved,
APP0003833,C001582,2025-03-26,Nano,54.61,792,Approved,
APP0003834,C004769,2025-04-27,ACS,26.37,515,Approved,
APP0003835,C000121,2025-06-09,ACS,11.32,333,Declined,Low Behavioural Score
APP0003836,C001185,2025-01-06,ACS,11.01,300,Declined,Low Behavioural Score
APP0003837,C000431,2025-05-15,ACS,13.85,420,Declined,Low Behavioural Score
APP0003838,C003471,2025-06-06,Nano,127.49,623,Approved,
APP0003839,C000059,2025-05-03,ACS,21.39,801,Approved,
APP0003840,C000237,2025-04-15,ACS,22.25,756,Approved,
APP0003841,C002363,2025-04-17,ACS,22.04,471,Declined,High Existing Exposure
APP0003842,C003742,2025-04-15,Nano,169.69,563,Declined,Incomplete Data
APP0003843,C004523,2025-05-29,Nano,85.88,456,Declined,Low Behavioural Score
APP0003844,C001101,2025-01-21,Nano,88.52,759,Approved,
APP0003845,C002860,2025-01-10,Nano,285.74,656,Approved,
APP0003846,C004002,2025-03-18,Nano,68.27,806,Approved,
APP0003847,C003648,2025-10-27,BNPL,508.15,789,Approved,
APP0003848,C004833,2025-04-12,ACS,25.39,769,Approved,
APP0003849,C000379,2025-08-24,Nano,166.23,612,Approved,
APP0003850,C000227,2025-04-24,Nano,288.08,721,Approved,
APP0003851,C003431,2025-06-17,Nano,291.34,857,Declined,Low Behavioural Score
APP0003852,C001840,2025-04-08,BNPL,857.01,425,Approved,
APP0003853,C003693,2025-05-27,Nano,133.85,516,Declined,Incomplete Data
APP0003854,C003579,2025-05-31,Nano,259.23,790,Approved,
APP0003855,C002213,2025-02-03,ACS,22.3,634,Approved,
APP0003856,C004983,2025-04-15,BNPL,897.33,763,Approved,
APP0003857,C004409,2025-03-04,ACS,11.37,656,Approved,
APP0003858,C001816,2025-04-05,Nano,47.21,776,Approved,
APP0003859,C000027,2025-01-24,ACS,18.79,733,Approved,
APP0003860,C004975,2025-04-08,Nano,149.84,339,Declined,Policy Rule Failure
APP0003861,C004842,2025-06-01,ACS,19.72,698,Declined,Duplicate Application
APP0003862,C004496,2025-06-19,Nano,264.52,613,Approved,
APP0003863,C000280,2025-05-26,ACS,25.9,888,Approved,
APP0003864,C003597,2025-05-21,Nano,41.42,580,Approved,
APP0003865,C004803,2025-06-13,Nano,62.66,509,Declined,High Existing Exposure
APP0003866,C001910,2025-04-05,Nano,212.24,653,Approved,
APP0003867,C003773,2025-05-29,Nano,171.34,592,Declined,Policy Rule Failure
APP0003868,C002685,2025-03-17,Nano,68.72,510,Declined,Incomplete Data
APP0003869,C002317,2025-12-13,Nano,26.26,761,Approved,
APP0003870,C003602,2025-04-12,Nano,101.97,330,Declined,Low Behavioural Score
APP0003871,C002902,2025-05-26,Nano,90.87,758,Approved,
APP0003872,C003429,2025-04-13,ACS,7.89,490,Declined,Duplicate Application
APP0003873,C001119,2025-06-08,ACS,29.67,679,Approved,
APP0003874,C001443,2025-03-01,Nano,280.17,482,Declined,Policy Rule Failure
APP0003875,C003200,2025-01-29,Nano,69.43,572,Approved,
APP0003876,C002787,2025-08-26,ACS,21.94,752,Approved,
APP0003877,C001916,2025-05-11,ACS,24.39,751,Approved,
APP0003878,C004176,2025-02-07,Nano,161.89,590,Approved,
APP0003879,C001708,2025-03-30,BNPL,557.55,372,Declined,Incomplete Data
APP0003880,C002376,2025-04-17,Nano,99.55,525,Declined,Duplicate Application
APP0003881,C001581,2025-01-23,ACS,22.75,676,Approved,
APP0003882,C002832,2025-02-08,Nano,21.84,566,Declined,High Existing Exposure
APP0003883,C002812,2025-01-17,BNPL,584.85,680,Approved,
APP0003884,C001638,2025-03-24,ACS,15.14,772,Approved,
APP0003885,C003869,2025-08-07,ACS,26.07,464,Declined,Low Behavioural Score
APP0003886,C000801,2025-02-07,BNPL,860.89,527,Approved,
APP0003887,C003851,2025-01-18,Nano,181.01,599,Approved,
APP0003888,C000330,2025-01-12,Nano,102.5,719,Approved,
APP0003889,C001254,2025-06-17,ACS,19.9,467,Declined,Low Behavioural Score
APP0003890,C002031,2025-02-08,Nano,183.97,520,Declined,Incomplete Data
APP0003891,C002118,2025-04-05,Nano,177.58,703,Approved,
APP0003892,C003159,2025-08-17,ACS,16.87,805,Approved,
APP0003893,C004693,2025-04-23,Nano,62.44,772,Approved,
APP0003894,C003801,2025-05-22,BNPL,616.85,580,Declined,Policy Rule Failure
APP0003895,C002722,2025-02-17,BNPL,430.01,326,Declined,Low Behavioural Score
APP0003896,C000421,2025-05-17,ACS,17.48,519,Approved,
APP0003897,C004962,2025-01-28,ACS,24.16,469,Declined,Policy Rule Failure
APP0003898,C001593,2025-06-19,Nano,196.63,728,Approved,
APP0003899,C003101,2025-05-05,Nano,259.95,355,Declined,Policy Rule Failure
APP0003900,C004040,2025-09-19,BNPL,378.69,667,Approved,
APP0003901,C003498,2025-09-17,Nano,124.17,641,Approved,
APP0003902,C000562,2025-02-28,Nano,125.64,679,Approved,
APP0003903,C001299,2025-01-06,Nano,53.83,720,Declined,High Existing Exposure
APP0003904,C004967,2025-03-15,ACS,8.37,773,Approved,
APP0003905,C003840,2025-03-30,ACS,26.67,638,Approved,
APP0003906,C003164,2025-02-01,Nano,280.38,514,Approved,
APP0003907,C002231,2025-08-07,Nano,58.45,581,Approved,
APP0003908,C004701,2025-08-27,ACS,6.89,819,Approved,
APP0003909,C003635,2025-05-24,ACS,11.92,808,Approved,
APP0003910,C003652,2025-06-03,ACS,25.04,526,Declined,High Existing Exposure
APP0003911,C004582,2025-08-09,ACS,22.75,602,Approved,
APP0003912,C004820,2025-09-29,ACS,29.6,698,Approved,
APP0003913,C004298,2025-04-29,Nano,297.95,639,Approved,
APP0003914,C003327,2025-02-13,Nano,107.78,739,Approved,
APP0003915,C001144,2025-07-09,BNPL,324.25,453,Approved,
APP0003916,C001341,2025-03-14,ACS,7.95,640,Approved,
APP0003917,C000771,2025-01-30,BNPL,564.24,454,Declined,Incomplete Data
APP0003918,C004002,2025-03-28,Nano,250.44,802,Approved,
APP0003919,C001673,2025-05-10,Nano,224.39,563,Declined,Incomplete Data
APP0003920,C001131,2025-02-20,ACS,10.35,444,Declined,Low Behavioural Score
APP0003921,C003630,2025-04-18,ACS,15.08,666,Approved,
APP0003922,C002826,2025-05-16,ACS,24.88,798,Approved,
APP0003923,C001230,2025-09-28,ACS,13.65,795,Approved,
APP0003924,C001866,2025-04-01,ACS,12.84,607,Declined,Low Behavioural Score
APP0003925,C002406,2025-04-14,ACS,24.41,746,Approved,
APP0003926,C003996,2025-06-24,BNPL,487.8,519,Approved,
APP0003927,C000034,2025-03-27,Nano,23.87,476,Declined,Low Behavioural Score
APP0003928,C003798,2025-04-19,ACS,26.45,601,Declined,Fraud Flag
APP0003929,C000395,2025-03-21,ACS,27.73,580,Approved,
APP0003930,C004320,2025-04-20,ACS,25.29,597,Declined,Incomplete Data
APP0003931,C000590,2025-08-03,BNPL,552.54,667,Approved,
APP0003932,C001235,2025-03-17,Nano,239.53,794,Approved,
APP0003933,C001846,2025-02-24,BNPL,764.25,586,Approved,
APP0003934,C004988,2025-02-19,ACS,16.26,655,Approved,
APP0003935,C001991,2025-03-17,Nano,117.66,750,Declined,High Existing Exposure
APP0003936,C004027,2025-02-03,ACS,28.8,577,Approved,
APP0003937,C001283,2025-06-27,ACS,15.99,606,Approved,
APP0003938,C001934,2025-04-29,Nano,58.45,622,Approved,
APP0003939,C002586,2025-03-31,Nano,56.32,705,Approved,
APP0003940,C000639,2025-04-13,BNPL,442.55,600,Approved,
APP0003941,C000151,2025-01-07,Nano,136.0,550,Declined,Incomplete Data
APP0003942,C001748,2025-07-02,ACS,8.29,553,Approved,
APP0003943,C003932,2025-03-06,Nano,145.46,633,Declined,Duplicate Application
APP0003944,C000531,2025-06-29,ACS,10.42,697,Approved,
APP0003945,C004092,2025-06-24,Nano,275.1,646,Approved,
APP0003946,C003077,2025-01-21,ACS,20.65,615,Approved,
APP0003947,C001371,2025-04-18,ACS,15.52,486,Approved,
APP0003948,C000565,2025-08-18,ACS,22.62,633,Approved,
APP0003949,C002754,2025-02-09,Nano,275.48,473,Declined,Low Behavioural Score
APP0003950,C002153,2025-04-01,Nano,31.16,759,Approved,
APP0003951,C000544,2025-03-29,ACS,22.19,754,Approved,
APP0003952,C003338,2025-07-11,ACS,13.86,773,Approved,
APP0003953,C004186,2025-08-16,ACS,20.42,516,Declined,Policy Rule Failure
APP0003954,C002266,2025-02-08,BNPL,634.56,504,Declined,High Existing Exposure
APP0003955,C002258,2025-01-08,BNPL,177.82,350,Declined,Policy Rule Failure
APP0003956,C004409,2025-05-02,Nano,206.72,635,Approved,
APP0003957,C001937,2025-04-17,Nano,70.41,777,Approved,
APP0003958,C001205,2025-03-05,ACS,25.28,512,Approved,
APP0003959,C004236,2025-07-12,ACS,10.02,547,Declined,High Existing Exposure
APP0003960,C002620,2025-02-16,Nano,119.46,825,Approved,
APP0003961,C004689,2025-04-04,BNPL,837.44,720,Declined,Low Behavioural Score
APP0003962,C004566,2025-07-01,ACS,11.16,653,Approved,
APP0003963,C004055,2025-03-20,Nano,190.21,554,Approved,
APP0003964,C001766,2025-04-21,ACS,5.48,443,Declined,Low Behavioural Score
APP0003965,C003589,2025-08-20,ACS,6.95,565,Declined,Duplicate Application
APP0003966,C002364,2025-06-24,Nano,274.67,564,Approved,
APP0003967,C003822,2025-01-14,Nano,34.44,763,Approved,
APP0003968,C004665,2025-02-10,Nano,89.77,321,Declined,Low Behavioural Score
APP0003969,C003663,2025-01-18,ACS,26.0,753,Approved,
APP0003970,C002497,2025-04-19,Nano,180.05,698,Approved,
APP0003971,C004964,2025-04-17,Nano,94.98,900,Approved,
APP0003972,C004322,2025-03-08,ACS,11.06,622,Approved,
APP0003973,C001225,2025-09-11,ACS,11.66,359,Declined,Fraud Flag
APP0003974,C004703,2025-03-25,ACS,13.05,650,Approved,
APP0003975,C002399,2025-07-20,ACS,12.91,419,Declined,Low Behavioural Score
APP0003976,C001281,2025-03-13,ACS,16.63,446,Declined,High Existing Exposure
APP0003977,C001475,2025-07-23,Nano,130.94,387,Declined,Policy Rule Failure
APP0003978,C003930,2025-05-28,ACS,24.54,604,Declined,Duplicate Application
APP0003979,C001927,2025-03-08,BNPL,853.05,691,Approved,
APP0003980,C003269,2025-04-28,BNPL,575.51,579,Declined,Policy Rule Failure
APP0003981,C002224,2025-03-30,Nano,28.15,716,Approved,
APP0003982,C004934,2025-02-16,BNPL,622.64,319,Declined,Policy Rule Failure
APP0003983,C000683,2025-05-15,BNPL,422.03,714,Approved,
APP0003984,C002928,2025-05-24,Nano,77.62,450,Declined,Fraud Flag
APP0003985,C001779,2025-03-05,ACS,17.65,621,Approved,
APP0003986,C003964,2025-06-13,BNPL,998.44,571,Declined,Policy Rule Failure
APP0003987,C004715,2025-08-22,ACS,12.55,565,Approved,
APP0003988,C001729,2025-03-05,ACS,7.71,768,Approved,
APP0003989,C004539,2025-03-12,Nano,51.23,820,Approved,
APP0003990,C003032,2025-10-12,ACS,13.04,702,Approved,
APP0003991,C000276,2025-07-02,ACS,19.27,529,Approved,
APP0003992,C003893,2025-05-18,Nano,56.53,768,Approved,
APP0003993,C002758,2025-03-01,ACS,23.85,539,Approved,
APP0003994,C004835,2025-03-13,BNPL,945.65,784,Approved,
APP0003995,C002295,2025-04-13,BNPL,992.75,570,Approved,
APP0003996,C001260,2025-09-25,Nano,174.0,527,Declined,Duplicate Application
APP0003997,C000865,2025-02-27,ACS,7.49,650,Approved,
APP0003998,C000395,2025-06-19,ACS,25.84,579,Approved,
APP0003999,C003528,2025-03-31,Nano,263.56,479,Approved,
APP0004000,C004882,2025-11-16,ACS,12.2,746,Approved,
APP0004001,C003235,2025-02-26,ACS,19.7,784,Declined,Policy Rule Failure
APP0004002,C003014,2025-04-14,ACS,12.71,463,Declined,Duplicate Application
APP0004003,C000142,2025-05-14,Nano,212.2,785,Approved,
APP0004004,C000087,2025-03-22,BNPL,784.44,581,Approved,
APP0004005,C002496,2025-09-06,BNPL,406.3,727,Declined,Incomplete Data
APP0004006,C002600,2025-01-03,ACS,5.51,624,Approved,
APP0004007,C002129,2025-01-29,ACS,14.96,356,Declined,Low Behavioural Score
APP0004008,C004681,2025-04-05,Nano,81.16,713,Approved,
APP0004009,C001651,2025-01-19,ACS,15.48,599,Approved,
APP0004010,C004923,2025-06-16,Nano,295.08,671,Approved,
APP0004011,C001318,2025-03-28,Nano,29.32,387,Approved,
APP0004012,C001629,2025-06-27,ACS,13.3,568,Approved,
APP0004013,C001497,2025-03-17,ACS,17.46,411,Declined,Low Behavioural Score
APP0004014,C003910,2025-04-18,ACS,16.98,618,Approved,
APP0004015,C001656,2025-01-22,ACS,10.23,671,Approved,
APP0004016,C002294,2025-02-12,ACS,24.31,577,Approved,
APP0004017,C000558,2025-03-06,Nano,102.16,341,Declined,Low Behavioural Score
APP0004018,C001991,2025-09-16,Nano,67.32,760,Approved,
APP0004019,C001000,2025-01-16,Nano,259.78,738,Approved,
APP0004020,C003791,2025-02-28,ACS,25.03,624,Approved,
APP0004021,C004065,2025-07-24,ACS,19.17,604,Approved,
APP0004022,C001350,2025-04-06,Nano,82.63,834,Approved,
APP0004023,C004941,2025-07-28,Nano,284.95,690,Approved,
APP0004024,C002132,2025-08-11,ACS,11.99,468,Approved,
APP0004025,C004175,2025-01-04,Nano,155.29,533,Declined,Duplicate Application
APP0004026,C001233,2025-06-10,ACS,27.51,340,Declined,Low Behavioural Score
APP0004027,C004295,2025-07-22,BNPL,783.51,578,Declined,Incomplete Data
APP0004028,C000714,2025-02-26,ACS,17.01,512,Approved,
APP0004029,C001809,2025-08-26,ACS,16.32,519,Approved,
APP0004030,C001897,2025-03-31,Nano,101.59,670,Approved,
APP0004031,C000932,2025-04-12,Nano,241.96,741,Approved,
APP0004032,C004797,2025-07-13,Nano,285.05,655,Approved,
APP0004033,C001469,2025-02-13,ACS,26.56,739,Approved,
APP0004034,C002095,2025-07-18,Nano,146.28,697,Approved,
APP0004035,C000084,2025-02-07,Nano,290.01,867,Approved,
APP0004036,C003417,2025-08-04,Nano,23.73,730,Approved,
APP0004037,C000898,2025-07-26,Nano,109.19,710,Approved,
APP0004038,C001426,2025-02-05,ACS,24.84,567,Approved,
APP0004039,C004586,2025-02-28,ACS,28.97,632,Approved,
APP0004040,C004327,2025-04-15,Nano,290.91,699,Approved,
APP0004041,C000574,2025-08-12,ACS,17.74,673,Approved,
APP0004042,C003125,2025-09-17,BNPL,956.15,760,Approved,
APP0004043,C003737,2025-01-17,ACS,20.12,579,Declined,Fraud Flag
APP0004044,C004753,2025-05-19,ACS,23.47,575,Approved,
APP0004045,C001205,2025-07-17,ACS,18.74,507,Declined,High Existing Exposure
APP0004046,C001630,2025-02-12,ACS,12.28,569,Declined,Fraud Flag
APP0004047,C001185,2025-06-24,Nano,71.0,312,Declined,Low Behavioural Score
APP0004048,C002691,2025-07-19,Nano,200.78,572,Declined,Incomplete Data
APP0004049,C003016,2025-02-20,ACS,26.64,508,Declined,Incomplete Data
APP0004050,C000956,2025-08-11,BNPL,653.68,889,Approved,
APP0004051,C000114,2025-01-21,Nano,181.85,797,Approved,
APP0004052,C000680,2025-05-11,Nano,140.04,660,Approved,
APP0004053,C001044,2025-05-09,ACS,14.31,478,Declined,Incomplete Data
APP0004054,C002927,2025-04-11,BNPL,934.57,601,Approved,
APP0004055,C001002,2025-05-06,Nano,39.32,348,Declined,Policy Rule Failure
APP0004056,C004018,2025-01-22,ACS,19.25,499,Declined,Low Behavioural Score
APP0004057,C003212,2025-08-07,Nano,60.29,661,Approved,
APP0004058,C000999,2025-04-11,ACS,19.42,672,Approved,
APP0004059,C004953,2025-04-14,ACS,13.83,610,Declined,Duplicate Application
APP0004060,C003515,2025-04-24,ACS,7.45,490,Declined,Fraud Flag
APP0004061,C004351,2025-02-02,ACS,6.47,326,Declined,Policy Rule Failure
APP0004062,C003358,2025-08-07,Nano,242.89,334,Declined,Low Behavioural Score
APP0004063,C003302,2025-02-10,Nano,32.05,721,Approved,
APP0004064,C002413,2025-05-03,Nano,292.73,700,Approved,
APP0004065,C003281,2025-04-13,ACS,13.08,581,Declined,Fraud Flag
APP0004066,C003835,2025-05-25,ACS,29.49,723,Approved,
APP0004067,C004932,2025-04-23,ACS,15.1,505,Approved,
APP0004068,C002970,2025-02-27,BNPL,814.17,556,Declined,Incomplete Data
APP0004069,C003769,2025-01-26,Nano,68.88,646,Declined,Incomplete Data
APP0004070,C004733,2025-01-06,ACS,10.07,476,Declined,High Existing Exposure
APP0004071,C003053,2025-01-17,ACS,20.36,553,Approved,
APP0004072,C003819,2025-06-17,ACS,28.65,506,Declined,Duplicate Application
APP0004073,C000945,2025-08-02,ACS,27.62,722,Approved,
APP0004074,C004433,2025-02-02,Nano,233.78,757,Approved,
APP0004075,C004895,2025-02-03,ACS,25.13,670,Approved,
APP0004076,C001807,2025-05-21,ACS,29.95,645,Approved,
APP0004077,C004438,2025-05-20,Nano,232.71,645,Approved,
APP0004078,C004055,2025-05-11,ACS,14.56,544,Approved,
APP0004079,C001165,2025-05-03,ACS,13.19,702,Approved,
APP0004080,C004961,2025-04-24,BNPL,551.28,512,Approved,
APP0004081,C002924,2025-07-05,Nano,282.31,499,Approved,
APP0004082,C000818,2025-07-09,Nano,24.43,729,Approved,
APP0004083,C000541,2025-10-22,ACS,28.07,743,Approved,
APP0004084,C002556,2025-03-08,BNPL,935.45,564,Approved,
APP0004085,C002604,2025-01-21,Nano,54.4,452,Declined,Low Behavioural Score
APP0004086,C004312,2025-01-08,ACS,5.67,530,Declined,Policy Rule Failure
APP0004087,C002553,2025-03-20,ACS,20.33,614,Approved,
APP0004088,C001984,2025-01-27,ACS,6.69,457,Declined,Low Behavioural Score
APP0004089,C001584,2025-04-02,ACS,23.31,662,Approved,
APP0004090,C002542,2025-02-24,ACS,14.01,588,Approved,
APP0004091,C001331,2025-10-03,ACS,12.36,598,Declined,Incomplete Data
APP0004092,C003739,2025-10-29,ACS,11.41,743,Approved,
APP0004093,C000679,2025-04-16,ACS,25.84,404,Declined,High Existing Exposure
APP0004094,C004124,2025-05-05,ACS,28.47,573,Approved,
APP0004095,C001081,2025-01-21,BNPL,183.05,585,Declined,Policy Rule Failure
APP0004096,C000998,2025-04-07,ACS,8.2,734,Approved,
APP0004097,C004871,2025-10-02,Nano,223.9,611,Approved,
APP0004098,C001956,2025-06-12,Nano,276.47,579,Approved,
APP0004099,C003401,2025-06-09,Nano,279.43,537,Declined,Duplicate Application
APP0004100,C001973,2025-05-07,ACS,26.89,782,Approved,
APP0004101,C004910,2025-04-26,ACS,14.9,598,Declined,High Existing Exposure
APP0004102,C000765,2025-12-12,BNPL,112.63,603,Approved,
APP0004103,C002329,2025-07-29,BNPL,106.4,444,Approved,
APP0004104,C000456,2025-09-22,Nano,21.29,797,Approved,
APP0004105,C002857,2025-04-30,BNPL,556.96,417,Declined,Low Behavioural Score
APP0004106,C003724,2025-06-14,Nano,101.28,778,Approved,
APP0004107,C002343,2025-02-26,Nano,293.64,469,Approved,
APP0004108,C004260,2025-06-15,ACS,21.11,719,Approved,
APP0004109,C003843,2025-03-17,ACS,25.59,750,Approved,
APP0004110,C004760,2025-09-12,ACS,27.58,629,Approved,
APP0004111,C004979,2025-08-03,Nano,125.45,753,Approved,
APP0004112,C004782,2025-03-31,ACS,7.9,656,Declined,Low Behavioural Score
APP0004113,C002166,2025-03-12,Nano,27.15,402,Declined,Policy Rule Failure
APP0004114,C004974,2025-04-22,ACS,25.2,767,Approved,
APP0004115,C003306,2025-06-10,ACS,5.75,524,Declined,Low Behavioural Score
APP0004116,C000415,2025-01-07,BNPL,610.28,588,Approved,
APP0004117,C000412,2025-02-05,ACS,18.11,406,Declined,High Existing Exposure
APP0004118,C001984,2025-05-25,ACS,17.45,456,Approved,
APP0004119,C002783,2025-04-01,Nano,291.77,577,Declined,Duplicate Application
APP0004120,C000411,2025-09-26,ACS,7.48,684,Approved,
APP0004121,C002884,2025-08-09,ACS,20.29,703,Approved,
APP0004122,C003390,2025-04-23,ACS,9.51,889,Approved,
APP0004123,C003467,2025-04-25,BNPL,200.95,472,Declined,Incomplete Data
APP0004124,C004862,2025-04-15,Nano,193.34,642,Approved,
APP0004125,C001821,2025-01-10,Nano,140.01,729,Approved,
APP0004126,C000184,2025-02-07,Nano,36.46,384,Declined,Incomplete Data
APP0004127,C004789,2025-02-20,Nano,185.09,663,Approved,
APP0004128,C002632,2025-07-07,ACS,29.36,786,Approved,
APP0004129,C003153,2025-02-23,Nano,23.06,559,Approved,
APP0004130,C002667,2025-03-03,Nano,103.81,351,Declined,Low Behavioural Score
APP0004131,C002435,2025-03-07,Nano,212.17,733,Approved,
APP0004132,C000817,2025-01-21,BNPL,846.13,760,Approved,
APP0004133,C002821,2025-03-25,Nano,177.85,509,Approved,
APP0004134,C004168,2025-07-28,BNPL,427.15,742,Declined,Duplicate Application
APP0004135,C000567,2025-01-31,BNPL,240.71,523,Approved,
APP0004136,C001974,2025-03-28,ACS,9.06,571,Declined,High Existing Exposure
APP0004137,C004676,2025-03-05,ACS,28.66,310,Declined,Low Behavioural Score
APP0004138,C002103,2025-06-16,ACS,5.15,680,Approved,
APP0004139,C000809,2025-06-22,ACS,21.54,469,Approved,
APP0004140,C004810,2025-06-29,Nano,179.41,374,Declined,Fraud Flag
APP0004141,C000685,2025-08-04,Nano,234.88,575,Declined,Incomplete Data
APP0004142,C001237,2025-07-10,ACS,8.28,677,Approved,
APP0004143,C002326,2025-05-18,Nano,192.1,507,Declined,Fraud Flag
APP0004144,C001928,2025-05-29,Nano,191.72,733,Approved,
APP0004145,C002082,2025-04-24,ACS,25.78,731,Approved,
APP0004146,C003851,2025-09-12,ACS,29.98,584,Approved,
APP0004147,C002784,2025-07-26,ACS,21.96,701,Approved,
APP0004148,C002400,2025-02-05,ACS,21.08,567,Approved,
APP0004149,C003517,2025-03-22,ACS,9.64,672,Approved,
APP0004150,C003018,2025-01-07,Nano,152.72,600,Approved,
APP0004151,C003144,2025-05-07,BNPL,780.2,716,Approved,
APP0004152,C002390,2025-07-07,ACS,28.87,790,Approved,
APP0004153,C002773,2025-02-12,BNPL,285.16,650,Approved,
APP0004154,C001417,2025-04-15,ACS,6.35,753,Approved,
APP0004155,C002069,2025-08-02,Nano,234.98,302,Declined,Low Behavioural Score
APP0004156,C000814,2025-10-01,Nano,63.7,798,Approved,
APP0004157,C000411,2025-04-21,Nano,203.3,691,Approved,
APP0004158,C004251,2025-01-17,ACS,11.07,744,Approved,
APP0004159,C004036,2025-01-22,ACS,28.72,638,Approved,
APP0004160,C001377,2025-04-24,ACS,25.52,710,Approved,
APP0004161,C002305,2025-04-06,ACS,19.83,682,Approved,
APP0004162,C004987,2025-05-14,Nano,50.57,778,Approved,
APP0004163,C002656,2025-05-14,Nano,185.56,660,Approved,
APP0004164,C000051,2025-05-30,Nano,31.82,418,Declined,Policy Rule Failure
APP0004165,C002887,2025-05-14,BNPL,173.66,679,Approved,
APP0004166,C004410,2025-05-14,ACS,22.38,682,Declined,High Existing Exposure
APP0004167,C001154,2025-05-02,ACS,8.78,751,Approved,
APP0004168,C004737,2025-06-03,ACS,7.1,764,Approved,
APP0004169,C003816,2025-03-26,Nano,145.48,883,Approved,
APP0004170,C000294,2025-11-30,ACS,29.62,614,Approved,
APP0004171,C004939,2025-03-26,ACS,23.75,736,Approved,
APP0004172,C003138,2025-06-25,Nano,162.25,544,Declined,Incomplete Data
APP0004173,C001080,2025-05-30,ACS,9.25,702,Declined,Duplicate Application
APP0004174,C003914,2025-07-22,BNPL,315.76,535,Approved,
APP0004175,C004107,2025-09-03,BNPL,826.45,764,Approved,
APP0004176,C003077,2025-08-22,Nano,37.07,621,Approved,
APP0004177,C004821,2025-05-02,Nano,178.02,434,Declined,Low Behavioural Score
APP0004178,C004401,2025-05-16,Nano,273.69,513,Approved,
APP0004179,C001559,2025-04-19,ACS,16.32,726,Approved,
APP0004180,C000663,2025-07-31,Nano,281.2,877,Approved,
APP0004181,C004038,2025-05-12,ACS,23.42,560,Approved,
APP0004182,C004744,2025-07-19,Nano,216.24,593,Declined,Low Behavioural Score
APP0004183,C001472,2025-07-12,ACS,15.48,663,Approved,
APP0004184,C002753,2025-06-07,Nano,68.23,693,Approved,
APP0004185,C002552,2025-03-07,Nano,86.34,565,Declined,Policy Rule Failure
APP0004186,C001722,2025-07-15,ACS,8.93,643,Approved,
APP0004187,C002692,2025-02-19,ACS,23.1,556,Declined,Duplicate Application
APP0004188,C002626,2025-04-04,ACS,19.74,647,Approved,
APP0004189,C004927,2025-07-29,BNPL,635.67,649,Approved,
APP0004190,C001697,2025-03-27,ACS,13.12,724,Approved,
APP0004191,C000745,2025-08-11,Nano,87.92,714,Approved,
APP0004192,C002278,2025-11-23,ACS,24.12,589,Declined,Low Behavioural Score
APP0004193,C000709,2025-02-25,Nano,85.29,597,Approved,
APP0004194,C000783,2025-02-13,Nano,50.89,515,Approved,
APP0004195,C003176,2025-03-28,BNPL,529.29,439,Approved,
APP0004196,C004224,2025-04-28,Nano,221.89,874,Approved,
APP0004197,C000579,2025-02-26,Nano,24.8,489,Approved,
APP0004198,C001949,2025-08-13,ACS,11.48,590,Declined,Policy Rule Failure
APP0004199,C000917,2025-05-08,Nano,207.0,660,Approved,
APP0004200,C002336,2025-04-10,BNPL,467.83,676,Approved,
APP0004201,C002954,2025-03-31,ACS,5.07,625,Approved,
APP0004202,C004548,2025-04-07,Nano,217.22,367,Declined,Low Behavioural Score
APP0004203,C004472,2025-03-29,Nano,77.56,434,Approved,
APP0004204,C004536,2025-04-09,Nano,96.54,669,Approved,
APP0004205,C002113,2025-09-28,Nano,158.96,710,Declined,Duplicate Application
APP0004206,C003941,2025-04-08,ACS,27.77,731,Approved,
APP0004207,C001454,2025-04-11,Nano,141.5,381,Declined,Low Behavioural Score
APP0004208,C000151,2025-08-04,ACS,6.75,570,Approved,
APP0004209,C004650,2025-05-20,BNPL,497.81,549,Approved,
APP0004210,C004532,2025-01-23,ACS,14.15,434,Declined,Low Behavioural Score
APP0004211,C000906,2025-01-12,ACS,7.91,302,Declined,Duplicate Application
APP0004212,C000944,2025-03-20,Nano,62.98,654,Approved,
APP0004213,C004536,2025-06-12,Nano,187.87,669,Declined,Low Behavioural Score
APP0004214,C002192,2025-02-11,ACS,29.52,496,Declined,High Existing Exposure
APP0004215,C003950,2025-02-12,Nano,267.7,675,Approved,
APP0004216,C004515,2025-01-20,Nano,252.64,581,Declined,Low Behavioural Score
APP0004217,C002728,2025-04-23,Nano,88.3,699,Approved,
APP0004218,C000476,2025-08-28,Nano,183.34,377,Declined,Low Behavioural Score
APP0004219,C003001,2025-07-28,ACS,8.58,584,Approved,
APP0004220,C000666,2025-04-30,BNPL,488.49,665,Approved,
APP0004221,C003440,2025-07-17,BNPL,761.22,454,Approved,
APP0004222,C002881,2025-03-26,Nano,80.77,484,Declined,Low Behavioural Score
APP0004223,C002187,2025-06-16,Nano,260.32,353,Declined,Incomplete Data
APP0004224,C002339,2025-07-27,Nano,225.92,763,Approved,
APP0004225,C004811,2025-05-26,BNPL,699.44,739,Approved,
APP0004226,C001949,2025-07-12,ACS,27.13,590,Declined,Incomplete Data
APP0004227,C004245,2025-05-09,Nano,96.66,630,Approved,
APP0004228,C004049,2025-03-09,ACS,28.6,595,Approved,
APP0004229,C004981,2025-10-09,ACS,14.81,324,Declined,High Existing Exposure
APP0004230,C004474,2025-02-22,ACS,15.01,312,Declined,Low Behavioural Score
APP0004231,C003107,2025-06-10,BNPL,839.61,705,Approved,
APP0004232,C004958,2025-03-02,ACS,26.46,579,Approved,
APP0004233,C003503,2025-05-01,ACS,22.91,653,Approved,
APP0004234,C000615,2025-09-20,Nano,129.8,630,Approved,
APP0004235,C000482,2025-08-04,ACS,27.28,328,Declined,Incomplete Data
APP0004236,C003382,2025-07-08,ACS,24.62,566,Approved,
APP0004237,C002649,2025-04-05,BNPL,494.24,485,Declined,Policy Rule Failure
APP0004238,C004357,2025-03-08,ACS,14.63,462,Declined,Fraud Flag
APP0004239,C002691,2025-10-22,ACS,17.88,549,Approved,
APP0004240,C001203,2025-02-11,Nano,267.02,591,Approved,
APP0004241,C004286,2025-04-27,ACS,25.71,521,Declined,High Existing Exposure
APP0004242,C002401,2025-02-01,ACS,6.07,662,Approved,
APP0004243,C004771,2025-01-27,Nano,211.95,476,Declined,Duplicate Application
APP0004244,C000036,2025-06-25,ACS,17.42,696,Approved,
APP0004245,C000092,2025-08-17,BNPL,228.39,521,Approved,
APP0004246,C000674,2025-02-23,ACS,5.23,759,Approved,
APP0004247,C004786,2025-03-13,ACS,15.58,616,Declined,High Existing Exposure
APP0004248,C000628,2025-02-23,Nano,86.04,396,Declined,Low Behavioural Score
APP0004249,C003564,2025-03-27,BNPL,322.63,547,Declined,Low Behavioural Score
APP0004250,C003538,2025-04-25,ACS,20.47,786,Approved,
APP0004251,C004400,2025-08-26,Nano,159.9,726,Approved,
APP0004252,C003112,2025-01-27,Nano,78.83,448,Approved,
APP0004253,C000105,2025-03-15,BNPL,907.42,629,Approved,
APP0004254,C000194,2025-03-22,ACS,17.57,586,Approved,
APP0004255,C000071,2025-01-18,BNPL,196.87,552,Declined,Low Behavioural Score
APP0004256,C002979,2025-10-26,ACS,9.88,539,Approved,
APP0004257,C002152,2025-04-13,Nano,291.76,706,Approved,
APP0004258,C000341,2025-03-18,ACS,16.91,721,Approved,
APP0004259,C000105,2025-02-16,Nano,227.3,608,Approved,
APP0004260,C001011,2025-04-25,ACS,29.94,599,Approved,
APP0004261,C002399,2025-05-02,ACS,13.23,440,Approved,
APP0004262,C004507,2025-06-25,ACS,5.75,769,Approved,
APP0004263,C004137,2025-06-19,Nano,186.94,660,Approved,
APP0004264,C002237,2025-05-25,ACS,5.58,652,Declined,Fraud Flag
APP0004265,C001434,2025-01-19,BNPL,453.49,787,Approved,
APP0004266,C003907,2025-07-10,ACS,9.87,572,Approved,
APP0004267,C004686,2025-03-11,ACS,26.64,720,Approved,
APP0004268,C001572,2025-05-19,ACS,7.03,873,Approved,
APP0004269,C002490,2025-03-04,BNPL,887.6,516,Approved,
APP0004270,C000554,2025-05-03,Nano,138.58,400,Declined,Low Behavioural Score
APP0004271,C000649,2025-02-09,Nano,152.11,504,Approved,
APP0004272,C004441,2025-10-01,BNPL,121.24,456,Declined,Low Behavioural Score
APP0004273,C001131,2025-05-14,Nano,221.42,462,Declined,High Existing Exposure
APP0004274,C000820,2025-04-26,ACS,22.57,654,Approved,
APP0004275,C001595,2025-04-10,ACS,21.53,628,Approved,
APP0004276,C001749,2025-03-05,ACS,9.38,653,Approved,
APP0004277,C001019,2025-08-02,Nano,142.9,525,Declined,High Existing Exposure
APP0004278,C003507,2025-04-07,ACS,25.64,512,Declined,Low Behavioural Score
APP0004279,C002870,2025-03-30,BNPL,104.48,526,Declined,Low Behavioural Score
APP0004280,C002960,2025-05-17,Nano,232.29,741,Approved,
APP0004281,C004928,2025-05-12,BNPL,776.22,758,Approved,
APP0004282,C004640,2025-07-02,Nano,282.28,776,Approved,
APP0004283,C001412,2025-01-15,Nano,179.57,417,Approved,
APP0004284,C004939,2025-03-26,Nano,110.24,739,Approved,
APP0004285,C003393,2025-07-16,Nano,38.38,724,Approved,
APP0004286,C000734,2025-07-07,ACS,26.5,875,Approved,
APP0004287,C001596,2025-08-16,Nano,172.86,481,Declined,Low Behavioural Score
APP0004288,C001133,2025-03-15,BNPL,379.0,479,Declined,Policy Rule Failure
APP0004289,C003997,2025-06-07,Nano,258.19,499,Declined,Low Behavioural Score
APP0004290,C003196,2025-04-18,Nano,217.57,622,Approved,
APP0004291,C003896,2025-04-16,Nano,44.94,746,Approved,
APP0004292,C000734,2025-09-17,ACS,21.18,876,Approved,
APP0004293,C002579,2025-01-26,ACS,25.98,510,Declined,Low Behavioural Score
APP0004294,C002712,2025-07-09,Nano,91.34,499,Approved,
APP0004295,C003405,2025-07-22,ACS,10.46,330,Declined,Low Behavioural Score
APP0004296,C001865,2025-02-26,Nano,285.81,671,Approved,
APP0004297,C000315,2025-02-04,Nano,219.5,744,Approved,
APP0004298,C004441,2025-01-13,ACS,27.17,453,Declined,Low Behavioural Score
APP0004299,C002132,2025-04-03,Nano,120.68,474,Declined,Low Behavioural Score
APP0004300,C004591,2025-03-27,ACS,27.99,693,Approved,
APP0004301,C002072,2025-02-04,ACS,19.78,472,Declined,Low Behavioural Score
APP0004302,C001295,2025-07-22,ACS,18.96,600,Declined,High Existing Exposure
APP0004303,C002321,2025-08-09,ACS,11.55,557,Declined,Fraud Flag
APP0004304,C000479,2025-01-21,BNPL,122.22,468,Approved,
APP0004305,C002794,2025-02-12,Nano,167.53,324,Declined,Low Behavioural Score
APP0004306,C004956,2025-09-09,ACS,29.5,709,Approved,
APP0004307,C001282,2025-04-20,BNPL,453.1,675,Approved,
APP0004308,C000750,2025-03-15,Nano,283.02,479,Declined,Low Behavioural Score
APP0004309,C000685,2025-04-16,Nano,38.55,580,Approved,
APP0004310,C000868,2025-04-14,Nano,82.97,323,Declined,High Existing Exposure
APP0004311,C001964,2025-08-26,Nano,99.43,544,Declined,Policy Rule Failure
APP0004312,C001261,2025-01-04,Nano,123.59,557,Declined,Policy Rule Failure
APP0004313,C003571,2025-07-23,Nano,175.72,660,Approved,
APP0004314,C001705,2025-08-28,ACS,25.96,491,Declined,Fraud Flag
APP0004315,C001816,2025-04-03,ACS,19.28,762,Approved,
APP0004316,C000739,2025-07-20,ACS,8.12,722,Approved,
APP0004317,C002867,2025-07-07,Nano,29.74,478,Declined,High Existing Exposure
APP0004318,C001612,2025-03-15,BNPL,724.98,609,Approved,
APP0004319,C003529,2025-10-04,ACS,22.89,651,Approved,
APP0004320,C000111,2025-05-25,BNPL,104.4,571,Approved,
APP0004321,C003214,2025-02-25,ACS,7.17,584,Approved,
APP0004322,C004005,2025-01-25,Nano,267.19,392,Declined,Duplicate Application
APP0004323,C003560,2025-09-09,ACS,19.72,775,Approved,
APP0004324,C001318,2025-06-30,ACS,16.6,392,Declined,Incomplete Data
APP0004325,C003484,2025-07-05,Nano,45.61,520,Declined,Policy Rule Failure
APP0004326,C004089,2025-05-12,BNPL,352.75,588,Approved,
APP0004327,C002635,2025-06-07,ACS,22.99,464,Declined,Low Behavioural Score
APP0004328,C003235,2025-04-20,Nano,179.63,758,Approved,
APP0004329,C004080,2025-01-05,BNPL,588.81,600,Approved,
APP0004330,C002403,2025-06-02,ACS,24.89,632,Approved,
APP0004331,C000745,2025-05-28,ACS,23.24,705,Declined,Policy Rule Failure
APP0004332,C004862,2025-06-28,Nano,99.72,628,Approved,
APP0004333,C001634,2025-02-10,ACS,28.09,467,Declined,Low Behavioural Score
APP0004334,C001934,2025-01-12,ACS,20.05,638,Approved,
APP0004335,C003065,2025-05-15,Nano,56.11,643,Approved,
APP0004336,C000892,2025-01-19,ACS,17.79,512,Declined,Incomplete Data
APP0004337,C001733,2025-03-14,ACS,15.59,864,Approved,
APP0004338,C002888,2025-06-25,BNPL,824.88,520,Approved,
APP0004339,C003668,2025-05-10,ACS,28.24,793,Approved,
APP0004340,C000701,2025-01-17,ACS,10.38,803,Approved,
APP0004341,C004141,2025-01-08,Nano,222.57,658,Approved,
APP0004342,C001385,2025-03-26,Nano,170.85,613,Approved,
APP0004343,C004568,2025-08-26,Nano,272.6,470,Declined,High Existing Exposure
APP0004344,C004539,2025-05-29,Nano,40.95,811,Approved,
APP0004345,C003557,2025-03-14,ACS,22.72,646,Approved,
APP0004346,C004461,2025-04-14,Nano,291.26,573,Declined,Incomplete Data
APP0004347,C000800,2025-02-20,ACS,19.41,786,Approved,
APP0004348,C002329,2025-03-20,ACS,12.66,452,Declined,Incomplete Data
APP0004349,C000705,2025-03-04,ACS,21.52,514,Declined,Policy Rule Failure
APP0004350,C002392,2025-04-13,ACS,5.58,612,Declined,Duplicate Application
APP0004351,C002912,2025-05-19,ACS,18.84,537,Approved,
APP0004352,C002834,2025-06-20,BNPL,450.92,469,Approved,
APP0004353,C000380,2025-05-27,ACS,7.87,433,Approved,
APP0004354,C000421,2025-05-20,ACS,27.77,508,Declined,Incomplete Data
APP0004355,C004991,2025-02-24,ACS,16.91,760,Approved,
APP0004356,C001266,2025-04-04,ACS,26.99,470,Declined,Low Behavioural Score
APP0004357,C002473,2025-05-14,Nano,92.25,522,Approved,
APP0004358,C002900,2025-04-12,BNPL,381.68,616,Approved,
APP0004359,C000797,2025-06-01,ACS,29.63,456,Declined,Low Behavioural Score
APP0004360,C001606,2025-05-09,Nano,174.79,472,Declined,Policy Rule Failure
APP0004361,C003008,2025-06-20,Nano,125.26,615,Approved,
APP0004362,C001067,2025-04-06,Nano,230.04,714,Approved,
APP0004363,C003963,2025-05-24,Nano,35.91,779,Approved,
APP0004364,C003237,2025-05-26,ACS,24.21,508,Approved,
APP0004365,C004945,2025-03-13,ACS,8.77,708,Approved,
APP0004366,C002833,2025-08-13,ACS,5.49,377,Declined,Incomplete Data
APP0004367,C004002,2025-07-25,ACS,29.85,793,Approved,
APP0004368,C001636,2025-08-17,ACS,10.04,630,Approved,
APP0004369,C003471,2025-05-07,ACS,27.46,616,Declined,Fraud Flag
APP0004370,C004687,2025-07-09,ACS,17.59,493,Declined,Policy Rule Failure
APP0004371,C004112,2025-06-10,ACS,9.11,592,Declined,Fraud Flag
APP0004372,C003889,2025-08-01,ACS,18.03,647,Approved,
APP0004373,C002253,2025-04-09,ACS,9.85,805,Approved,
APP0004374,C002981,2025-01-13,Nano,41.05,536,Approved,
APP0004375,C002964,2025-02-14,ACS,12.66,781,Approved,
APP0004376,C001048,2025-04-23,Nano,155.64,608,Approved,
APP0004377,C001315,2025-08-25,ACS,21.64,456,Approved,
APP0004378,C003241,2025-08-08,Nano,115.34,491,Approved,
APP0004379,C003184,2025-08-19,ACS,12.33,534,Approved,
APP0004380,C003439,2025-01-28,BNPL,499.51,593,Declined,Low Behavioural Score
APP0004381,C003019,2025-04-18,Nano,145.22,640,Approved,
APP0004382,C002907,2025-01-28,BNPL,844.67,779,Approved,
APP0004383,C002600,2025-05-04,ACS,7.61,623,Approved,
APP0004384,C003190,2025-02-06,Nano,45.02,783,Approved,
APP0004385,C001812,2025-10-18,ACS,17.95,695,Approved,
APP0004386,C000812,2025-11-06,ACS,19.65,627,Approved,
APP0004387,C003385,2025-05-22,BNPL,365.35,643,Approved,
APP0004388,C001675,2025-03-24,ACS,10.36,380,Approved,
APP0004389,C003790,2025-05-01,Nano,260.77,693,Approved,
APP0004390,C004454,2025-04-18,Nano,78.75,596,Declined,High Existing Exposure
APP0004391,C001957,2025-05-11,ACS,21.19,718,Approved,
APP0004392,C000686,2025-03-12,ACS,22.65,594,Approved,
APP0004393,C000005,2025-05-12,BNPL,624.53,624,Approved,
APP0004394,C002949,2025-02-26,Nano,131.92,475,Declined,Policy Rule Failure
APP0004395,C004412,2025-06-17,BNPL,840.45,316,Declined,Low Behavioural Score
APP0004396,C004489,2025-04-28,Nano,142.12,580,Approved,
APP0004397,C004494,2025-03-31,ACS,7.22,742,Approved,
APP0004398,C000071,2025-04-14,ACS,5.2,564,Approved,
APP0004399,C000272,2025-04-15,ACS,28.03,785,Approved,
APP0004400,C004836,2025-09-14,BNPL,844.28,668,Approved,
APP0004401,C003372,2025-09-10,ACS,27.02,590,Approved,
APP0004402,C004417,2025-05-01,ACS,11.37,754,Approved,
APP0004403,C004901,2025-06-09,BNPL,340.08,721,Approved,
APP0004404,C003576,2025-07-17,ACS,19.83,750,Approved,
APP0004405,C002007,2025-02-11,Nano,271.02,525,Approved,
APP0004406,C003546,2025-05-09,Nano,269.43,763,Approved,
APP0004407,C003134,2025-08-30,ACS,13.12,603,Approved,
APP0004408,C004339,2025-01-11,ACS,26.67,684,Approved,
APP0004409,C004307,2025-05-14,Nano,128.55,469,Declined,Incomplete Data
APP0004410,C000855,2025-02-25,ACS,9.5,779,Approved,
APP0004411,C004404,2025-04-03,Nano,63.09,757,Approved,
APP0004412,C003500,2025-05-28,Nano,183.31,754,Approved,
APP0004413,C003675,2025-02-21,ACS,6.87,698,Approved,
APP0004414,C001718,2025-04-20,Nano,177.09,719,Approved,
APP0004415,C002431,2025-02-22,Nano,25.85,473,Declined,Fraud Flag
APP0004416,C004379,2025-03-27,ACS,10.69,757,Approved,
APP0004417,C000694,2025-02-20,Nano,268.19,516,Approved,
APP0004418,C002667,2025-05-05,BNPL,914.4,348,Declined,Low Behavioural Score
APP0004419,C004836,2025-06-22,Nano,213.1,650,Approved,
APP0004420,C003830,2025-04-10,ACS,7.38,360,Declined,Low Behavioural Score
APP0004421,C000745,2025-01-12,ACS,27.75,710,Approved,
APP0004422,C000836,2025-05-02,BNPL,335.49,399,Declined,Policy Rule Failure
APP0004423,C002520,2025-05-17,ACS,6.95,535,Declined,Fraud Flag
APP0004424,C001211,2025-07-15,ACS,13.72,650,Approved,
APP0004425,C004408,2025-10-21,ACS,9.04,570,Approved,
APP0004426,C004191,2025-03-05,Nano,217.63,432,Approved,
APP0004427,C004770,2025-02-05,ACS,13.13,558,Approved,
APP0004428,C001977,2025-05-12,Nano,187.32,307,Declined,Duplicate Application
APP0004429,C001428,2025-04-11,Nano,290.37,459,Approved,
APP0004430,C002640,2025-01-08,BNPL,497.94,664,Approved,
APP0004431,C000576,2025-03-23,Nano,107.89,596,Approved,
APP0004432,C003628,2025-03-29,BNPL,634.13,574,Declined,Fraud Flag
APP0004433,C004349,2025-04-16,ACS,20.29,871,Approved,
APP0004434,C000849,2025-05-28,BNPL,607.99,804,Approved,
APP0004435,C000989,2025-09-11,ACS,7.58,450,Declined,Incomplete Data
APP0004436,C001513,2025-03-14,ACS,5.47,599,Declined,Duplicate Application
APP0004437,C004005,2025-07-12,BNPL,878.52,377,Declined,Low Behavioural Score
APP0004438,C001629,2025-05-02,Nano,73.86,575,Approved,
APP0004439,C003647,2025-06-09,ACS,5.98,605,Declined,Duplicate Application
APP0004440,C004584,2025-01-06,Nano,181.05,600,Approved,
APP0004441,C002192,2025-01-18,Nano,63.1,511,Approved,
APP0004442,C000688,2025-06-01,Nano,288.4,719,Approved,
APP0004443,C004580,2025-05-10,Nano,212.15,496,Declined,Low Behavioural Score
APP0004444,C001857,2025-04-13,Nano,299.07,455,Declined,Low Behavioural Score
APP0004445,C002996,2025-05-30,BNPL,835.39,558,Approved,
APP0004446,C004797,2025-03-14,BNPL,386.95,651,Declined,Duplicate Application
APP0004447,C004487,2025-08-08,Nano,212.21,504,Approved,
APP0004448,C004175,2025-02-13,Nano,139.96,536,Approved,
APP0004449,C001768,2025-03-03,ACS,10.91,776,Approved,
APP0004450,C003353,2025-02-24,Nano,172.53,758,Approved,
APP0004451,C001671,2025-09-12,BNPL,941.61,680,Approved,
APP0004452,C002745,2025-08-15,Nano,22.45,743,Approved,
APP0004453,C001687,2025-07-29,ACS,28.07,552,Approved,
APP0004454,C004194,2025-06-29,Nano,91.06,777,Approved,
APP0004455,C003756,2025-03-29,ACS,7.13,762,Approved,
APP0004456,C004732,2025-04-12,ACS,29.86,477,Declined,Policy Rule Failure
APP0004457,C001332,2025-02-02,BNPL,198.18,867,Approved,
APP0004458,C004621,2025-01-18,ACS,29.21,651,Approved,
APP0004459,C001238,2025-04-27,Nano,188.53,747,Approved,
APP0004460,C003196,2025-05-23,ACS,26.38,599,Approved,
APP0004461,C000869,2025-09-18,ACS,20.85,612,Declined,High Existing Exposure
APP0004462,C003640,2025-01-17,ACS,5.85,537,Approved,
APP0004463,C003875,2025-04-23,Nano,232.72,562,Declined,Policy Rule Failure
APP0004464,C003877,2025-02-07,ACS,23.35,449,Declined,High Existing Exposure
APP0004465,C001387,2025-03-18,ACS,9.29,469,Declined,Duplicate Application
APP0004466,C004047,2025-04-28,Nano,44.98,868,Approved,
APP0004467,C000796,2025-05-25,BNPL,442.72,655,Declined,Fraud Flag
APP0004468,C003666,2025-02-18,Nano,26.76,635,Approved,
APP0004469,C002351,2025-06-01,Nano,20.76,722,Approved,
APP0004470,C000900,2025-05-07,ACS,25.83,502,Declined,Incomplete Data
APP0004471,C004872,2025-04-21,Nano,248.89,750,Approved,
APP0004472,C003798,2025-02-22,ACS,16.63,602,Declined,Fraud Flag
APP0004473,C000732,2025-03-01,ACS,16.31,385,Approved,
APP0004474,C001952,2025-04-18,Nano,124.72,658,Declined,Low Behavioural Score
APP0004475,C003691,2025-03-31,BNPL,233.44,341,Declined,Low Behavioural Score
APP0004476,C000999,2025-04-08,BNPL,680.11,667,Declined,High Existing Exposure
APP0004477,C002366,2025-04-19,ACS,13.3,702,Approved,
APP0004478,C000513,2025-03-07,BNPL,362.84,556,Declined,Low Behavioural Score
APP0004479,C000113,2025-05-17,ACS,6.98,698,Approved,
APP0004480,C001202,2025-04-11,ACS,18.56,495,Declined,High Existing Exposure
APP0004481,C003557,2025-04-21,Nano,294.44,646,Approved,
APP0004482,C002539,2025-03-06,Nano,277.63,754,Approved,
APP0004483,C001545,2025-02-27,ACS,9.72,688,Approved,
APP0004484,C001235,2025-07-21,Nano,149.98,797,Approved,
APP0004485,C004019,2025-08-14,ACS,16.76,584,Declined,Fraud Flag
APP0004486,C003330,2025-02-16,BNPL,430.68,601,Approved,
APP0004487,C004317,2025-03-04,Nano,88.76,631,Approved,
APP0004488,C004822,2025-08-15,BNPL,769.21,588,Approved,
APP0004489,C003164,2025-04-16,Nano,125.49,534,Approved,
APP0004490,C000221,2025-07-22,Nano,239.48,719,Approved,
APP0004491,C004690,2025-03-26,BNPL,167.17,745,Approved,
APP0004492,C000654,2025-07-18,Nano,271.14,481,Declined,Low Behavioural Score
APP0004493,C003546,2025-03-24,ACS,23.94,764,Approved,
APP0004494,C001237,2025-05-21,ACS,13.27,677,Approved,
APP0004495,C003834,2025-05-08,ACS,23.09,747,Approved,
APP0004496,C004022,2025-08-27,ACS,19.51,493,Approved,
APP0004497,C003966,2025-08-31,BNPL,345.1,890,Approved,
APP0004498,C001357,2025-04-19,Nano,118.87,671,Approved,
APP0004499,C003209,2025-02-09,Nano,179.27,562,Approved,
APP0004500,C000958,2025-10-02,ACS,17.57,648,Approved,
APP0004501,C004436,2025-01-16,BNPL,299.27,771,Approved,
APP0004502,C000765,2025-05-22,ACS,26.28,614,Approved,
APP0004503,C004208,2025-03-28,Nano,283.72,877,Approved,
APP0004504,C000750,2025-04-25,BNPL,708.66,480,Approved,
APP0004505,C001443,2025-02-25,ACS,20.16,479,Declined,Duplicate Application
APP0004506,C003600,2025-04-28,Nano,221.62,602,Declined,Low Behavioural Score
APP0004507,C004793,2025-05-22,Nano,82.28,796,Approved,
APP0004508,C003541,2025-06-16,Nano,97.0,518,Approved,
APP0004509,C001715,2025-07-23,ACS,5.5,710,Approved,
APP0004510,C001556,2025-03-09,Nano,36.52,564,Approved,
APP0004511,C003153,2025-10-30,BNPL,351.62,567,Approved,
APP0004512,C002248,2025-06-24,ACS,8.16,575,Approved,
APP0004513,C001036,2025-03-14,ACS,14.7,790,Approved,
APP0004514,C003141,2025-06-21,ACS,12.42,768,Approved,
APP0004515,C002173,2025-01-12,BNPL,863.63,494,Approved,
APP0004516,C004876,2025-05-09,Nano,297.4,673,Approved,
APP0004517,C000147,2025-09-09,Nano,93.35,447,Declined,Low Behavioural Score
APP0004518,C003716,2025-01-26,ACS,9.61,532,Declined,Incomplete Data
APP0004519,C003991,2025-04-13,ACS,11.16,757,Approved,
APP0004520,C004016,2025-07-08,Nano,40.91,635,Approved,
APP0004521,C003501,2025-02-08,ACS,18.35,727,Approved,
APP0004522,C004889,2025-02-26,Nano,255.74,743,Approved,
APP0004523,C001547,2025-03-21,ACS,12.97,603,Approved,
APP0004524,C001906,2025-01-25,Nano,232.47,724,Approved,
APP0004525,C004672,2025-07-07,ACS,27.96,480,Declined,Policy Rule Failure
APP0004526,C000346,2025-02-28,BNPL,115.58,792,Approved,
APP0004527,C004134,2025-05-02,BNPL,626.56,638,Approved,
APP0004528,C003735,2025-01-17,ACS,11.8,782,Approved,
APP0004529,C002945,2025-05-19,Nano,190.62,677,Approved,
APP0004530,C000606,2025-02-08,ACS,6.07,500,Declined,Fraud Flag
APP0004531,C003056,2025-10-17,Nano,23.09,473,Declined,Low Behavioural Score
APP0004532,C002193,2025-03-04,Nano,43.68,343,Declined,Duplicate Application
APP0004533,C000439,2025-07-01,Nano,236.52,790,Approved,
APP0004534,C003692,2025-03-25,Nano,123.6,602,Approved,
APP0004535,C004063,2025-06-28,ACS,26.52,735,Approved,
APP0004536,C002792,2025-07-04,Nano,87.05,448,Approved,
APP0004537,C000815,2025-01-25,BNPL,324.45,447,Declined,Low Behavioural Score
APP0004538,C001836,2025-02-20,ACS,8.75,750,Approved,
APP0004539,C002704,2025-02-21,ACS,27.23,550,Declined,Policy Rule Failure
APP0004540,C002572,2025-03-11,ACS,23.95,717,Approved,
APP0004541,C002958,2025-04-22,Nano,33.49,693,Declined,Low Behavioural Score
APP0004542,C001227,2025-05-13,BNPL,802.06,558,Approved,
APP0004543,C003982,2025-07-02,ACS,24.8,496,Approved,
APP0004544,C000371,2025-09-02,ACS,7.03,549,Approved,
APP0004545,C004933,2025-04-23,BNPL,202.02,711,Approved,
APP0004546,C002063,2025-06-15,Nano,207.45,777,Approved,
APP0004547,C004146,2025-03-11,ACS,10.11,790,Approved,
APP0004548,C000292,2025-06-11,Nano,26.51,713,Approved,
APP0004549,C003347,2025-06-13,ACS,22.96,775,Approved,
APP0004550,C004899,2025-04-25,Nano,216.45,308,Declined,Low Behavioural Score
APP0004551,C004803,2025-05-26,ACS,7.09,502,Approved,
APP0004552,C002239,2025-04-08,Nano,66.89,821,Approved,
APP0004553,C001871,2025-02-06,Nano,74.85,448,Declined,Duplicate Application
APP0004554,C004412,2025-03-18,ACS,21.83,323,Declined,Low Behavioural Score
APP0004555,C003189,2025-04-04,Nano,101.81,395,Declined,Incomplete Data
APP0004556,C004759,2025-05-08,BNPL,361.37,394,Approved,
APP0004557,C001172,2025-04-02,Nano,152.5,713,Approved,
APP0004558,C002247,2025-08-17,ACS,12.1,570,Approved,
APP0004559,C001565,2025-06-09,ACS,20.91,550,Declined,Low Behavioural Score
APP0004560,C002102,2025-10-05,ACS,5.87,647,Approved,
APP0004561,C004365,2025-07-12,Nano,186.25,458,Approved,
APP0004562,C004468,2025-02-27,ACS,8.69,545,Approved,
APP0004563,C002977,2025-02-06,ACS,5.68,643,Approved,
APP0004564,C000174,2025-03-22,BNPL,416.64,545,Declined,Low Behavioural Score
APP0004565,C002209,2025-06-05,Nano,255.3,671,Declined,Low Behavioural Score
APP0004566,C002437,2025-04-04,ACS,10.48,371,Declined,Low Behavioural Score
APP0004567,C003569,2025-02-19,Nano,71.72,684,Approved,
APP0004568,C001344,2025-05-27,Nano,168.64,442,Declined,Incomplete Data
APP0004569,C002894,2025-02-04,Nano,179.26,476,Approved,
APP0004570,C003764,2025-07-12,BNPL,632.89,576,Declined,High Existing Exposure
APP0004571,C002849,2025-03-18,Nano,194.72,310,Declined,Incomplete Data
APP0004572,C004184,2025-03-21,Nano,182.07,617,Approved,
APP0004573,C001263,2025-09-16,ACS,8.71,703,Approved,
APP0004574,C003101,2025-02-04,ACS,17.73,349,Approved,
APP0004575,C002279,2025-04-17,Nano,79.79,592,Approved,
APP0004576,C002035,2025-04-14,ACS,17.46,596,Declined,Low Behavioural Score
APP0004577,C002122,2025-04-06,BNPL,217.67,724,Approved,
APP0004578,C002775,2025-08-12,Nano,179.21,667,Approved,
APP0004579,C002566,2025-02-07,ACS,24.5,483,Approved,
APP0004580,C002871,2025-05-18,ACS,27.54,793,Approved,
APP0004581,C004801,2025-06-11,ACS,26.54,372,Declined,Low Behavioural Score
APP0004582,C003176,2025-08-07,Nano,70.25,458,Declined,Low Behavioural Score
APP0004583,C002735,2025-03-31,ACS,16.27,787,Approved,
APP0004584,C004611,2025-04-04,Nano,21.73,306,Declined,Policy Rule Failure
APP0004585,C001190,2025-04-22,ACS,14.47,576,Declined,High Existing Exposure
APP0004586,C001246,2025-03-07,Nano,169.71,605,Declined,Incomplete Data
APP0004587,C000583,2025-02-04,ACS,23.37,646,Approved,
APP0004588,C001008,2025-05-23,ACS,11.91,588,Approved,
APP0004589,C000391,2025-01-01,ACS,15.18,617,Approved,
APP0004590,C000952,2025-06-05,Nano,262.5,714,Declined,Fraud Flag
APP0004591,C003279,2025-04-03,Nano,203.78,582,Approved,
APP0004592,C003487,2025-03-09,ACS,19.08,686,Declined,Low Behavioural Score
APP0004593,C003239,2025-03-30,Nano,159.13,477,Approved,
APP0004594,C004525,2025-01-24,ACS,17.81,873,Approved,
APP0004595,C004288,2025-02-05,ACS,12.53,504,Approved,
APP0004596,C001634,2025-08-12,Nano,38.1,455,Declined,Low Behavioural Score
APP0004597,C000949,2025-01-15,Nano,182.18,581,Approved,
APP0004598,C002104,2025-11-22,ACS,26.85,696,Approved,
APP0004599,C004638,2025-07-31,Nano,299.25,675,Approved,
APP0004600,C004841,2025-03-16,Nano,46.72,336,Declined,Low Behavioural Score
APP0004601,C001024,2025-07-22,Nano,76.81,763,Approved,
APP0004602,C000727,2025-06-17,Nano,217.32,731,Approved,
APP0004603,C003688,2025-03-02,Nano,175.83,660,Approved,
APP0004604,C004398,2025-04-01,Nano,263.57,461,Declined,Low Behavioural Score
APP0004605,C004752,2025-03-20,ACS,14.0,538,Approved,
APP0004606,C004797,2025-02-06,Nano,181.34,660,Declined,Fraud Flag
APP0004607,C001414,2025-05-13,ACS,27.7,691,Approved,
APP0004608,C003998,2025-03-27,ACS,21.68,632,Approved,
APP0004609,C003370,2025-04-30,BNPL,299.35,596,Declined,Low Behavioural Score
APP0004610,C001683,2025-04-30,Nano,236.92,751,Approved,
APP0004611,C000080,2025-08-05,ACS,8.66,730,Approved,
APP0004612,C003268,2025-07-28,Nano,49.71,623,Approved,
APP0004613,C001808,2025-05-25,ACS,13.49,557,Approved,
APP0004614,C001458,2025-01-20,ACS,17.28,442,Approved,
APP0004615,C000048,2025-08-20,Nano,212.29,611,Approved,
APP0004616,C000605,2025-05-14,Nano,240.87,626,Approved,
APP0004617,C000951,2025-02-23,Nano,199.62,642,Approved,
APP0004618,C000537,2025-05-27,ACS,23.73,626,Approved,
APP0004619,C004750,2025-04-14,Nano,299.59,769,Approved,
APP0004620,C000047,2025-03-02,ACS,5.68,568,Approved,
APP0004621,C001944,2025-04-28,Nano,261.11,549,Approved,
APP0004622,C004892,2025-04-29,ACS,18.9,652,Approved,
APP0004623,C000588,2025-02-10,Nano,129.19,840,Approved,
APP0004624,C003276,2025-07-01,Nano,67.91,732,Approved,
APP0004625,C001251,2025-09-02,BNPL,991.93,584,Approved,
APP0004626,C001607,2025-02-13,BNPL,649.24,701,Approved,
APP0004627,C002221,2025-07-15,ACS,20.53,772,Approved,
APP0004628,C002896,2025-03-07,BNPL,239.1,709,Approved,
APP0004629,C003805,2025-04-12,ACS,25.55,631,Approved,
APP0004630,C003096,2025-04-21,Nano,157.09,562,Declined,Duplicate Application
APP0004631,C000103,2025-02-23,Nano,51.72,775,Approved,
APP0004632,C000915,2025-06-06,Nano,39.3,797,Approved,
APP0004633,C003138,2025-10-17,Nano,295.0,544,Approved,
APP0004634,C001445,2025-03-09,ACS,5.35,467,Declined,Low Behavioural Score
APP0004635,C000300,2025-03-13,Nano,263.69,900,Approved,
APP0004636,C002737,2025-05-08,Nano,55.16,565,Approved,
APP0004637,C001586,2025-04-01,ACS,22.34,820,Approved,
APP0004638,C004199,2025-03-21,Nano,80.4,784,Approved,
APP0004639,C004448,2025-04-21,Nano,170.47,593,Approved,
APP0004640,C000648,2025-07-08,ACS,5.78,790,Approved,
APP0004641,C003886,2025-03-07,Nano,256.46,666,Approved,
APP0004642,C004292,2025-03-18,BNPL,329.93,683,Approved,
APP0004643,C003203,2025-06-22,Nano,238.25,606,Approved,
APP0004644,C003045,2025-01-11,ACS,26.88,886,Approved,
APP0004645,C002320,2025-02-21,ACS,16.81,796,Approved,
APP0004646,C002449,2025-02-03,ACS,29.05,746,Approved,
APP0004647,C000395,2025-02-28,ACS,21.11,589,Declined,Policy Rule Failure
APP0004648,C000720,2025-07-24,ACS,10.02,646,Approved,
APP0004649,C003421,2025-06-18,ACS,15.9,676,Approved,
APP0004650,C002750,2025-06-01,Nano,100.73,616,Declined,Policy Rule Failure
APP0004651,C000870,2025-06-17,BNPL,765.77,890,Approved,
APP0004652,C001769,2025-01-19,Nano,248.49,378,Declined,Fraud Flag
APP0004653,C003232,2025-08-29,Nano,51.37,608,Declined,Fraud Flag
APP0004654,C000945,2025-08-15,Nano,79.01,735,Approved,
APP0004655,C001054,2025-03-07,BNPL,136.65,657,Approved,
APP0004656,C004400,2025-08-04,ACS,22.36,746,Approved,
APP0004657,C002291,2025-01-23,BNPL,669.69,653,Declined,Incomplete Data
APP0004658,C002303,2025-06-26,Nano,85.74,734,Approved,
APP0004659,C000367,2025-04-09,ACS,21.01,769,Approved,
APP0004660,C000399,2025-08-09,Nano,142.46,796,Approved,
APP0004661,C003248,2025-05-21,BNPL,727.3,493,Declined,Fraud Flag
APP0004662,C001511,2025-09-27,BNPL,835.75,473,Declined,Low Behavioural Score
APP0004663,C001399,2025-04-03,Nano,71.2,510,Declined,Policy Rule Failure
APP0004664,C000908,2025-07-27,BNPL,686.16,328,Declined,Low Behavioural Score
APP0004665,C003768,2025-01-23,Nano,186.47,689,Approved,
APP0004666,C004697,2025-04-18,ACS,15.02,509,Declined,Duplicate Application
APP0004667,C001303,2025-04-20,ACS,13.98,852,Approved,
APP0004668,C001216,2025-03-30,ACS,29.19,393,Approved,
APP0004669,C003899,2025-03-31,Nano,33.71,703,Approved,
APP0004670,C002532,2025-06-19,BNPL,695.67,670,Approved,
APP0004671,C003971,2025-06-28,ACS,26.75,762,Declined,Fraud Flag
APP0004672,C003728,2025-08-03,ACS,27.98,598,Declined,Low Behavioural Score
APP0004673,C003978,2025-03-16,Nano,219.64,793,Approved,
APP0004674,C000793,2025-02-26,ACS,15.04,689,Approved,
APP0004675,C002676,2025-01-12,Nano,35.37,484,Declined,Low Behavioural Score
APP0004676,C002188,2025-08-18,ACS,21.49,550,Approved,
APP0004677,C004335,2025-06-24,ACS,24.17,414,Declined,Low Behavioural Score
APP0004678,C003267,2025-02-18,ACS,12.78,613,Approved,
APP0004679,C003726,2025-02-16,Nano,147.41,878,Approved,
APP0004680,C004410,2025-07-26,ACS,9.0,687,Approved,
APP0004681,C003453,2025-04-17,ACS,9.5,638,Approved,
APP0004682,C003271,2025-04-27,ACS,24.44,562,Declined,Duplicate Application
APP0004683,C002650,2025-05-12,BNPL,328.34,678,Approved,
APP0004684,C000401,2025-07-08,Nano,193.62,736,Approved,
APP0004685,C003605,2025-04-08,ACS,13.43,499,Declined,Low Behavioural Score
APP0004686,C001608,2025-02-11,Nano,155.61,593,Approved,
APP0004687,C000617,2025-03-28,Nano,187.75,690,Approved,
APP0004688,C001755,2025-05-14,BNPL,807.71,646,Approved,
APP0004689,C001736,2025-03-09,BNPL,379.07,781,Approved,
APP0004690,C001942,2025-04-17,Nano,64.19,632,Declined,Policy Rule Failure
APP0004691,C001401,2025-05-03,ACS,14.95,786,Approved,
APP0004692,C004709,2025-06-03,Nano,228.87,605,Approved,
APP0004693,C004418,2025-09-20,ACS,8.81,742,Approved,
APP0004694,C000179,2025-04-14,Nano,30.81,510,Approved,
APP0004695,C002484,2025-02-02,ACS,9.84,752,Approved,
APP0004696,C001511,2025-09-27,Nano,296.9,477,Declined,Low Behavioural Score
APP0004697,C004245,2025-02-04,Nano,92.6,633,Approved,
APP0004698,C002463,2025-07-11,ACS,23.11,544,Declined,Low Behavioural Score
APP0004699,C003172,2025-04-11,Nano,299.25,518,Declined,Low Behavioural Score
APP0004700,C000432,2025-06-19,BNPL,480.81,647,Approved,
APP0004701,C003566,2025-10-16,Nano,104.14,753,Approved,
APP0004702,C002418,2025-03-18,Nano,171.09,433,Declined,Incomplete Data
APP0004703,C004377,2025-03-20,Nano,274.1,493,Approved,
APP0004704,C000536,2025-04-04,ACS,11.99,560,Declined,Duplicate Application
APP0004705,C001515,2025-10-18,Nano,229.37,463,Declined,Fraud Flag
APP0004706,C004189,2025-05-13,BNPL,456.67,779,Approved,
APP0004707,C001171,2025-02-10,ACS,14.79,426,Declined,Low Behavioural Score
APP0004708,C001351,2025-04-18,Nano,59.95,302,Declined,Low Behavioural Score
APP0004709,C001512,2025-03-26,ACS,19.01,813,Approved,
APP0004710,C002616,2025-02-09,ACS,6.61,770,Approved,
APP0004711,C000274,2025-09-25,ACS,21.28,648,Approved,
APP0004712,C003092,2025-07-11,ACS,27.11,654,Approved,
APP0004713,C004049,2025-01-13,BNPL,356.82,620,Approved,
APP0004714,C001529,2025-04-15,ACS,16.57,710,Approved,
APP0004715,C000857,2025-03-14,ACS,15.15,665,Approved,
APP0004716,C001757,2025-02-14,BNPL,754.43,817,Approved,
APP0004717,C003228,2025-03-04,ACS,25.47,618,Approved,
APP0004718,C002553,2025-01-10,Nano,122.8,610,Approved,
APP0004719,C003019,2025-03-08,BNPL,714.78,634,Approved,
APP0004720,C004028,2025-02-06,BNPL,157.56,724,Approved,
APP0004721,C004740,2025-03-21,BNPL,622.0,729,Approved,
APP0004722,C002264,2025-03-11,BNPL,546.99,509,Approved,
APP0004723,C003803,2025-05-30,ACS,6.1,463,Declined,High Existing Exposure
APP0004724,C002455,2025-08-12,BNPL,875.87,592,Approved,
APP0004725,C000692,2025-03-27,Nano,142.13,567,Declined,High Existing Exposure
APP0004726,C002980,2025-03-26,ACS,25.51,712,Approved,
APP0004727,C004765,2025-08-30,BNPL,491.15,500,Declined,Fraud Flag
APP0004728,C002127,2025-06-05,ACS,13.14,483,Declined,Fraud Flag
APP0004729,C002702,2025-06-10,ACS,16.49,792,Approved,
APP0004730,C003631,2025-08-20,ACS,12.95,486,Declined,Low Behavioural Score
APP0004731,C004150,2025-05-26,ACS,8.68,726,Approved,
APP0004732,C000025,2025-02-03,ACS,18.97,524,Approved,
APP0004733,C000286,2025-10-05,ACS,6.18,464,Approved,
APP0004734,C002416,2025-06-19,Nano,24.22,845,Approved,
APP0004735,C000560,2025-05-16,BNPL,535.89,799,Approved,
APP0004736,C004616,2025-10-09,ACS,22.05,346,Declined,Policy Rule Failure
APP0004737,C003523,2025-05-11,Nano,269.26,687,Approved,
APP0004738,C003080,2025-03-12,BNPL,347.64,892,Approved,
APP0004739,C002919,2025-01-31,ACS,18.62,512,Declined,Fraud Flag
APP0004740,C002432,2025-03-21,ACS,28.0,712,Approved,
APP0004741,C000249,2025-03-08,ACS,7.3,392,Declined,Incomplete Data
APP0004742,C003861,2025-06-14,ACS,12.94,662,Approved,
APP0004743,C002391,2025-07-14,ACS,9.35,647,Approved,
APP0004744,C001966,2025-01-23,BNPL,662.4,535,Declined,Low Behavioural Score
APP0004745,C002184,2025-02-21,ACS,29.64,568,Approved,
APP0004746,C002337,2025-02-11,ACS,21.36,435,Declined,Incomplete Data
APP0004747,C004709,2025-07-13,ACS,27.12,594,Approved,
APP0004748,C000976,2025-02-22,ACS,22.54,522,Declined,Fraud Flag
APP0004749,C000886,2025-06-15,ACS,20.7,516,Declined,Incomplete Data
APP0004750,C000622,2025-04-30,ACS,13.36,606,Declined,Duplicate Application
APP0004751,C003104,2025-06-20,Nano,220.62,741,Approved,
APP0004752,C000128,2025-03-29,ACS,7.64,818,Approved,
APP0004753,C003960,2025-03-26,ACS,5.62,483,Declined,Incomplete Data
APP0004754,C003658,2025-05-13,BNPL,713.33,562,Approved,
APP0004755,C003545,2025-05-16,BNPL,917.16,418,Declined,Low Behavioural Score
APP0004756,C002341,2025-05-31,Nano,219.28,627,Approved,
APP0004757,C002052,2025-02-21,ACS,10.59,494,Approved,
APP0004758,C004697,2025-02-12,BNPL,855.58,516,Approved,
APP0004759,C004154,2025-10-14,ACS,18.15,401,Declined,Low Behavioural Score
APP0004760,C000885,2025-08-08,Nano,67.12,756,Approved,
APP0004761,C001294,2025-07-20,Nano,194.55,637,Approved,
APP0004762,C001220,2025-02-01,Nano,53.82,751,Approved,
APP0004763,C002365,2025-07-01,Nano,85.71,870,Approved,
APP0004764,C003194,2025-07-20,Nano,225.85,601,Approved,
APP0004765,C001106,2025-02-06,BNPL,968.6,469,Declined,Incomplete Data
APP0004766,C000273,2025-04-04,Nano,118.28,567,Declined,Policy Rule Failure
APP0004767,C001926,2025-09-20,Nano,74.76,693,Approved,
APP0004768,C002518,2025-08-11,ACS,8.78,535,Declined,Duplicate Application
APP0004769,C003362,2025-01-25,Nano,178.24,392,Approved,
APP0004770,C000618,2025-02-22,ACS,5.29,577,Approved,
APP0004771,C003447,2025-09-26,ACS,23.1,762,Approved,
APP0004772,C000807,2025-05-15,ACS,20.03,532,Approved,
APP0004773,C001467,2025-02-06,Nano,213.03,664,Approved,
APP0004774,C002561,2025-07-21,ACS,13.97,458,Declined,Low Behavioural Score
APP0004775,C000526,2025-03-21,ACS,7.65,646,Approved,
APP0004776,C002846,2025-03-03,ACS,29.14,610,Approved,
APP0004777,C000194,2025-03-30,ACS,25.86,586,Approved,
APP0004778,C001061,2025-07-20,ACS,18.58,636,Approved,
APP0004779,C002830,2025-01-05,Nano,71.21,488,Declined,Duplicate Application
APP0004780,C001357,2025-09-28,Nano,289.44,653,Declined,Incomplete Data
APP0004781,C002164,2025-08-10,ACS,12.87,711,Approved,
APP0004782,C001421,2025-05-09,Nano,268.54,797,Approved,
APP0004783,C002502,2025-03-11,Nano,81.06,434,Declined,Low Behavioural Score
APP0004784,C000710,2025-01-18,ACS,12.17,554,Approved,
APP0004785,C000779,2025-01-20,Nano,113.98,755,Approved,
APP0004786,C004829,2025-01-08,Nano,134.58,613,Approved,
APP0004787,C001661,2025-10-20,Nano,273.76,709,Approved,
APP0004788,C003461,2025-09-11,ACS,28.36,345,Declined,Duplicate Application
APP0004789,C000043,2025-04-25,ACS,6.93,564,Approved,
APP0004790,C000555,2025-05-24,BNPL,856.54,756,Approved,
APP0004791,C003939,2025-03-29,BNPL,453.3,597,Approved,
APP0004792,C001786,2025-02-13,ACS,20.04,378,Declined,Low Behavioural Score
APP0004793,C001502,2025-07-08,ACS,8.92,561,Approved,
APP0004794,C000864,2025-01-27,Nano,52.61,544,Approved,
APP0004795,C001333,2025-01-19,ACS,16.83,685,Approved,
APP0004796,C001172,2025-05-18,Nano,214.77,716,Approved,
APP0004797,C003987,2025-05-04,ACS,27.9,306,Declined,Incomplete Data
APP0004798,C004698,2025-01-22,Nano,296.19,701,Approved,
APP0004799,C000175,2025-03-28,ACS,25.67,461,Declined,Low Behavioural Score
APP0004800,C000684,2025-10-10,Nano,249.96,780,Approved,
APP0004801,C003137,2025-03-02,Nano,54.19,489,Declined,Incomplete Data
APP0004802,C004400,2025-06-10,BNPL,482.84,751,Approved,
APP0004803,C001585,2025-10-25,ACS,22.74,791,Approved,
APP0004804,C004210,2025-04-04,ACS,18.06,549,Declined,Duplicate Application
APP0004805,C000023,2025-01-03,BNPL,300.91,677,Approved,
APP0004806,C003719,2025-04-10,Nano,77.38,571,Declined,Low Behavioural Score
APP0004807,C004716,2025-02-22,BNPL,589.68,330,Approved,
APP0004808,C002484,2025-10-06,Nano,264.2,766,Approved,
APP0004809,C002922,2025-08-14,Nano,97.81,787,Approved,
APP0004810,C001292,2025-11-06,ACS,11.85,609,Approved,
APP0004811,C003927,2025-07-25,ACS,28.72,687,Approved,
APP0004812,C004155,2025-04-09,Nano,97.5,691,Declined,Fraud Flag
APP0004813,C004166,2025-05-08,Nano,44.91,620,Approved,
APP0004814,C004171,2025-04-02,ACS,15.1,789,Approved,
APP0004815,C000387,2025-09-06,Nano,220.33,574,Approved,
APP0004816,C002627,2025-02-04,ACS,29.8,609,Approved,
APP0004817,C002547,2025-06-29,ACS,13.95,718,Approved,
APP0004818,C000239,2025-08-20,ACS,5.32,640,Approved,
APP0004819,C004006,2025-08-01,ACS,14.3,773,Approved,
APP0004820,C000965,2025-06-06,ACS,18.83,601,Approved,
APP0004821,C002125,2025-03-06,Nano,83.43,823,Approved,
APP0004822,C000281,2025-06-30,BNPL,666.99,677,Approved,
APP0004823,C003947,2025-02-02,BNPL,266.14,775,Approved,
APP0004824,C000900,2025-06-19,ACS,29.27,501,Declined,Low Behavioural Score
APP0004825,C002583,2025-03-07,BNPL,240.6,602,Approved,
APP0004826,C002543,2025-01-29,ACS,23.17,339,Declined,High Existing Exposure
APP0004827,C000480,2025-02-09,Nano,229.89,740,Approved,
APP0004828,C004271,2025-02-03,Nano,173.82,725,Approved,
APP0004829,C000033,2025-02-24,ACS,11.61,726,Approved,
APP0004830,C003267,2025-09-10,ACS,15.23,611,Declined,High Existing Exposure
APP0004831,C000861,2025-05-18,ACS,23.79,599,Approved,
APP0004832,C003005,2025-06-24,ACS,14.97,681,Approved,
APP0004833,C001129,2025-09-10,Nano,135.79,349,Declined,Low Behavioural Score
APP0004834,C003740,2025-06-28,BNPL,578.67,564,Declined,High Existing Exposure
APP0004835,C002820,2025-05-01,ACS,20.84,603,Approved,
APP0004836,C003200,2025-03-22,Nano,247.34,557,Approved,
APP0004837,C004936,2025-06-11,BNPL,910.01,443,Declined,Low Behavioural Score
APP0004838,C002218,2025-07-28,ACS,5.69,677,Approved,
APP0004839,C003795,2025-06-23,Nano,240.86,481,Approved,
APP0004840,C004077,2025-05-23,ACS,21.85,494,Declined,Low Behavioural Score
APP0004841,C001623,2025-03-06,ACS,28.63,657,Approved,
APP0004842,C001551,2025-02-25,Nano,120.28,465,Declined,Policy Rule Failure
APP0004843,C003530,2025-03-22,ACS,27.86,548,Declined,High Existing Exposure
APP0004844,C004641,2025-04-22,BNPL,200.01,583,Approved,
APP0004845,C000075,2025-04-04,BNPL,461.1,496,Declined,Low Behavioural Score
APP0004846,C000581,2025-02-21,ACS,15.57,709,Approved,
APP0004847,C000845,2025-03-01,ACS,6.48,531,Approved,
APP0004848,C003189,2025-06-02,ACS,14.35,383,Declined,Low Behavioural Score
APP0004849,C002103,2025-07-28,Nano,105.83,666,Approved,
APP0004850,C002503,2025-04-23,ACS,26.04,468,Declined,Fraud Flag
APP0004851,C001586,2025-03-20,Nano,171.31,806,Approved,
APP0004852,C002129,2025-01-28,Nano,38.9,345,Declined,Low Behavioural Score
APP0004853,C003874,2025-06-13,ACS,15.78,758,Approved,
APP0004854,C002149,2025-01-28,Nano,98.19,473,Declined,High Existing Exposure
APP0004855,C001965,2025-01-28,ACS,9.95,519,Approved,
APP0004856,C000212,2025-02-13,Nano,151.3,586,Declined,Duplicate Application
APP0004857,C001892,2025-06-12,Nano,109.94,471,Declined,Low Behavioural Score
APP0004858,C003758,2025-02-22,ACS,16.85,591,Approved,
APP0004859,C000686,2025-04-03,Nano,146.84,591,Approved,
APP0004860,C001762,2025-03-09,BNPL,330.76,660,Approved,
APP0004861,C001427,2025-05-02,ACS,9.73,737,Approved,
APP0004862,C002384,2025-03-01,Nano,195.64,679,Approved,
APP0004863,C004107,2025-01-11,ACS,20.88,770,Approved,
APP0004864,C004238,2025-03-23,ACS,10.59,578,Approved,
APP0004865,C001919,2025-05-19,Nano,52.05,804,Approved,
APP0004866,C002886,2025-04-11,Nano,235.69,747,Approved,
APP0004867,C004089,2025-09-17,BNPL,800.86,589,Approved,
APP0004868,C004258,2025-05-02,Nano,171.66,639,Approved,
APP0004869,C003013,2025-03-20,BNPL,587.29,847,Approved,
APP0004870,C000686,2025-05-01,ACS,8.49,587,Declined,Low Behavioural Score
APP0004871,C001884,2025-05-20,Nano,256.84,728,Approved,
APP0004872,C001410,2025-02-01,Nano,122.85,500,Declined,Low Behavioural Score
APP0004873,C003401,2025-06-01,ACS,10.69,538,Declined,Low Behavioural Score
APP0004874,C001140,2025-03-13,ACS,15.68,548,Approved,
APP0004875,C000172,2025-05-20,ACS,8.6,646,Approved,
APP0004876,C004432,2025-08-03,Nano,93.98,691,Approved,
APP0004877,C000553,2025-07-04,Nano,134.16,761,Approved,
APP0004878,C003908,2025-03-05,BNPL,301.25,572,Declined,Incomplete Data
APP0004879,C004775,2025-11-02,ACS,11.43,691,Approved,
APP0004880,C004171,2025-05-05,Nano,158.51,772,Approved,
APP0004881,C002444,2025-03-01,ACS,22.81,513,Declined,Duplicate Application
APP0004882,C002844,2025-03-30,BNPL,523.37,495,Approved,
APP0004883,C003590,2025-07-01,ACS,29.79,556,Approved,
APP0004884,C001104,2025-08-30,ACS,7.23,614,Approved,
APP0004885,C002115,2025-03-30,ACS,17.79,583,Approved,
APP0004886,C001885,2025-04-14,ACS,15.07,629,Approved,
APP0004887,C001366,2025-04-09,ACS,9.87,715,Approved,
APP0004888,C002752,2025-07-08,ACS,5.61,492,Declined,Duplicate Application
APP0004889,C002101,2025-05-02,ACS,5.41,476,Declined,Low Behavioural Score
APP0004890,C000095,2025-08-02,Nano,216.36,754,Approved,
APP0004891,C000456,2025-07-19,ACS,19.86,807,Approved,
APP0004892,C003199,2025-10-13,Nano,194.93,437,Declined,High Existing Exposure
APP0004893,C002758,2025-03-17,ACS,11.48,551,Declined,Low Behavioural Score
APP0004894,C004275,2025-08-13,ACS,19.87,576,Approved,
APP0004895,C000368,2025-09-17,Nano,111.99,633,Declined,High Existing Exposure
APP0004896,C001629,2025-04-03,BNPL,944.13,559,Declined,Duplicate Application
APP0004897,C001938,2025-03-04,ACS,5.71,860,Approved,
APP0004898,C003399,2025-08-10,Nano,291.8,683,Approved,
APP0004899,C002184,2025-02-27,ACS,29.5,562,Approved,
APP0004900,C002418,2025-04-03,ACS,29.13,399,Declined,Duplicate Application
APP0004901,C004603,2025-01-01,ACS,26.48,696,Approved,
APP0004902,C000020,2025-04-21,Nano,119.71,746,Approved,
APP0004903,C004466,2025-08-30,ACS,27.17,696,Approved,
APP0004904,C001420,2025-02-23,ACS,11.19,695,Approved,
APP0004905,C000202,2025-05-25,ACS,13.55,743,Approved,
APP0004906,C002640,2025-06-02,Nano,298.39,691,Approved,
APP0004907,C001061,2025-01-30,Nano,86.72,615,Approved,
APP0004908,C003625,2025-07-11,ACS,12.65,362,Declined,High Existing Exposure
APP0004909,C003798,2025-02-06,Nano,235.92,602,Approved,
APP0004910,C002011,2025-09-02,ACS,24.98,811,Approved,
APP0004911,C003903,2025-02-13,ACS,13.61,600,Approved,
APP0004912,C000932,2025-05-10,ACS,25.55,749,Declined,Fraud Flag
APP0004913,C001681,2025-07-22,ACS,18.6,592,Declined,High Existing Exposure
APP0004914,C000306,2025-02-19,BNPL,680.43,665,Approved,
APP0004915,C003209,2025-09-26,Nano,265.65,580,Approved,
APP0004916,C003574,2025-04-08,Nano,138.42,658,Approved,
APP0004917,C003814,2025-07-20,ACS,8.38,567,Declined,Low Behavioural Score
APP0004918,C001826,2025-04-22,BNPL,876.47,502,Approved,
APP0004919,C004190,2025-04-17,ACS,19.34,757,Approved,
APP0004920,C003236,2025-02-16,ACS,28.58,521,Declined,Fraud Flag
APP0004921,C002877,2025-04-20,BNPL,642.42,709,Approved,
APP0004922,C001109,2025-03-09,Nano,47.83,664,Approved,
APP0004923,C004209,2025-02-03,Nano,107.12,341,Declined,Low Behavioural Score
APP0004924,C003774,2025-02-25,BNPL,807.78,630,Approved,
APP0004925,C004379,2025-09-15,ACS,12.26,761,Approved,
APP0004926,C001722,2025-11-02,ACS,25.81,652,Approved,
APP0004927,C002758,2025-01-11,ACS,27.96,554,Declined,Duplicate Application
APP0004928,C000262,2025-05-26,ACS,16.03,899,Approved,
APP0004929,C002995,2025-06-01,Nano,249.26,719,Approved,
APP0004930,C002552,2025-04-19,ACS,11.05,577,Declined,Duplicate Application
APP0004931,C004095,2025-06-12,ACS,15.51,339,Declined,Low Behavioural Score
APP0004932,C003658,2025-05-22,Nano,232.48,581,Approved,
APP0004933,C004953,2025-01-26,BNPL,261.27,626,Approved,
APP0004934,C004663,2025-05-04,Nano,114.01,751,Approved,
APP0004935,C000840,2025-06-14,ACS,12.89,773,Approved,
APP0004936,C004855,2025-02-21,ACS,28.87,722,Approved,
APP0004937,C000151,2025-06-06,Nano,158.59,551,Declined,Fraud Flag
APP0004938,C002283,2025-06-07,Nano,108.91,899,Approved,
APP0004939,C004664,2025-02-22,ACS,12.88,614,Approved,
APP0004940,C003060,2025-04-06,BNPL,440.54,681,Approved,
APP0004941,C004960,2025-03-26,Nano,99.37,557,Declined,High Existing Exposure
APP0004942,C002787,2025-04-05,Nano,104.31,743,Approved,
APP0004943,C003408,2025-11-08,ACS,15.67,626,Declined,Low Behavioural Score
APP0004944,C002668,2025-06-03,ACS,22.22,630,Approved,
APP0004945,C004636,2025-05-17,Nano,87.4,665,Approved,
APP0004946,C000573,2025-04-19,ACS,19.51,599,Approved,
APP0004947,C001947,2025-03-12,ACS,23.59,545,Declined,Fraud Flag
APP0004948,C003355,2025-05-02,ACS,9.93,721,Approved,
APP0004949,C002466,2025-01-22,BNPL,738.96,754,Approved,
APP0004950,C004827,2025-01-19,BNPL,664.36,778,Approved,
APP0004951,C002912,2025-08-18,ACS,12.76,509,Approved,
APP0004952,C000635,2025-04-01,ACS,19.82,653,Approved,
APP0004953,C003068,2025-05-21,Nano,299.09,741,Approved,
APP0004954,C001560,2025-08-11,Nano,164.02,564,Approved,
APP0004955,C002350,2025-01-13,ACS,25.68,442,Approved,
APP0004956,C000386,2025-03-13,ACS,22.47,639,Approved,
APP0004957,C004347,2025-02-25,BNPL,791.61,417,Declined,Fraud Flag
APP0004958,C002014,2025-07-01,ACS,7.21,393,Declined,Incomplete Data
APP0004959,C004032,2025-05-02,Nano,273.44,660,Declined,Fraud Flag
APP0004960,C002409,2025-09-18,ACS,9.19,684,Approved,
APP0004961,C004743,2025-01-29,ACS,12.81,719,Approved,
APP0004962,C001791,2025-04-24,Nano,211.05,745,Approved,
APP0004963,C000533,2025-06-04,BNPL,400.82,573,Approved,
APP0004964,C002383,2025-07-25,Nano,146.2,790,Approved,
APP0004965,C000172,2025-07-19,Nano,128.96,653,Approved,
APP0004966,C004015,2025-05-23,Nano,272.9,725,Approved,
APP0004967,C004595,2025-06-23,ACS,13.01,516,Approved,
APP0004968,C001070,2025-05-15,ACS,9.39,549,Declined,High Existing Exposure
APP0004969,C000265,2025-02-28,BNPL,222.88,573,Approved,
APP0004970,C003790,2025-03-20,Nano,42.66,665,Declined,Duplicate Application
APP0004971,C003445,2025-03-07,ACS,27.82,677,Approved,
APP0004972,C003967,2025-01-27,Nano,227.78,680,Approved,
APP0004973,C002847,2025-03-05,ACS,20.17,684,Approved,
APP0004974,C002906,2025-05-16,BNPL,795.62,700,Approved,
APP0004975,C001357,2025-06-19,ACS,19.73,669,Approved,
APP0004976,C001577,2025-02-16,ACS,27.12,558,Declined,Fraud Flag
APP0004977,C003156,2025-08-15,ACS,11.48,737,Approved,
APP0004978,C004683,2025-04-01,BNPL,671.44,757,Approved,
APP0004979,C001547,2025-02-23,ACS,25.39,605,Approved,
APP0004980,C001820,2025-03-28,BNPL,143.51,646,Approved,
APP0004981,C002946,2025-06-26,ACS,8.79,675,Declined,Policy Rule Failure
APP0004982,C000250,2025-02-14,ACS,25.13,705,Approved,
APP0004983,C003265,2025-03-05,Nano,28.08,490,Declined,Low Behavioural Score
APP0004984,C000681,2025-03-02,ACS,25.32,649,Approved,
APP0004985,C003417,2025-04-13,Nano,182.68,727,Approved,
APP0004986,C004458,2025-03-05,Nano,184.03,551,Declined,Duplicate Application
APP0004987,C004582,2025-08-10,Nano,177.6,614,Declined,High Existing Exposure
APP0004988,C000750,2025-03-03,Nano,237.7,485,Approved,
APP0004989,C002987,2025-03-03,Nano,214.27,700,Approved,
APP0004990,C002237,2025-03-08,Nano,87.87,658,Approved,
APP0004991,C002452,2025-01-10,ACS,24.49,710,Approved,
APP0004992,C003460,2025-02-23,Nano,214.27,624,Approved,
APP0004993,C004955,2025-05-02,ACS,26.26,792,Approved,
APP0004994,C002869,2025-04-02,ACS,25.96,508,Approved,
APP0004995,C002772,2025-04-21,ACS,13.25,487,Approved,
APP0004996,C003267,2025-01-30,Nano,176.6,603,Approved,
APP0004997,C002526,2025-07-26,Nano,231.1,498,Declined,Incomplete Data
APP0004998,C001745,2025-01-08,ACS,14.03,574,Declined,Policy Rule Failure
APP0004999,C004117,2025-06-13,Nano,295.18,765,Approved,
APP0005000,C003312,2025-10-24,ACS,20.23,592,Approved,
APP0005001,C002827,2025-03-11,ACS,26.86,717,Approved,
APP0005002,C000046,2025-07-04,ACS,21.15,692,Approved,
APP0005003,C001377,2025-02-22,Nano,36.9,707,Approved,
APP0005004,C001317,2025-06-13,ACS,23.91,658,Approved,
APP0005005,C003249,2025-06-06,Nano,86.28,796,Approved,
APP0005006,C000618,2025-04-25,BNPL,802.7,584,Approved,
APP0005007,C001910,2025-07-23,ACS,11.15,653,Approved,
APP0005008,C002277,2025-07-28,BNPL,202.55,785,Approved,
APP0005009,C003704,2025-03-06,ACS,22.48,591,Declined,Low Behavioural Score
APP0005010,C000730,2025-04-28,Nano,133.15,804,Approved,
APP0005011,C003030,2025-01-09,BNPL,115.7,647,Approved,
APP0005012,C002737,2025-03-07,Nano,273.95,574,Approved,
APP0005013,C003696,2025-07-17,Nano,176.22,670,Approved,
APP0005014,C000904,2025-07-14,Nano,186.84,697,Approved,
APP0005015,C002999,2025-04-18,ACS,14.48,778,Approved,
APP0005016,C002072,2025-09-12,BNPL,422.11,474,Declined,Incomplete Data
APP0005017,C001297,2025-03-26,ACS,8.82,731,Approved,
APP0005018,C000372,2025-06-06,Nano,43.44,303,Declined,Duplicate Application
APP0005019,C001904,2025-04-20,ACS,17.95,539,Declined,High Existing Exposure
APP0005020,C002200,2025-05-10,Nano,205.07,791,Approved,
APP0005021,C000255,2025-05-16,Nano,178.66,571,Approved,
APP0005022,C004040,2025-03-12,Nano,295.44,673,Approved,
APP0005023,C003456,2025-07-20,Nano,223.49,685,Approved,
APP0005024,C001585,2025-06-17,ACS,26.49,807,Approved,
APP0005025,C000236,2025-08-17,ACS,5.69,547,Declined,High Existing Exposure
APP0005026,C003532,2025-02-12,Nano,38.75,425,Declined,Low Behavioural Score
APP0005027,C000120,2025-08-10,ACS,7.92,619,Approved,
APP0005028,C002130,2025-10-02,ACS,21.39,710,Approved,
APP0005029,C001036,2025-03-08,ACS,27.78,777,Approved,
APP0005030,C001172,2025-03-29,Nano,76.59,705,Approved,
APP0005031,C003776,2025-08-04,ACS,26.73,607,Approved,
APP0005032,C001518,2025-03-07,ACS,10.3,634,Approved,
APP0005033,C001229,2025-05-31,Nano,209.46,602,Approved,
APP0005034,C001513,2025-01-07,ACS,6.3,599,Approved,
APP0005035,C000745,2025-03-05,Nano,111.95,705,Approved,
APP0005036,C003712,2025-02-18,ACS,17.91,618,Approved,
APP0005037,C002478,2025-01-29,ACS,19.53,642,Approved,
APP0005038,C001005,2025-05-07,ACS,13.09,715,Approved,
APP0005039,C001541,2025-02-19,BNPL,507.04,795,Approved,
APP0005040,C004889,2025-05-12,ACS,7.13,710,Declined,Policy Rule Failure
APP0005041,C002892,2025-07-21,ACS,14.67,742,Approved,
APP0005042,C003438,2025-04-20,Nano,121.55,685,Approved,
APP0005043,C004283,2025-06-20,Nano,28.94,767,Approved,
APP0005044,C002006,2025-05-16,ACS,18.68,468,Declined,Low Behavioural Score
APP0005045,C001742,2025-06-07,Nano,289.92,657,Approved,
APP0005046,C004991,2025-04-02,Nano,169.87,747,Approved,
APP0005047,C002832,2025-08-21,ACS,6.13,572,Declined,Incomplete Data
APP0005048,C001081,2025-02-16,Nano,39.34,578,Declined,Policy Rule Failure
APP0005049,C004292,2025-03-04,ACS,24.47,667,Approved,
APP0005050,C003815,2025-01-25,Nano,193.1,638,Declined,High Existing Exposure
APP0005051,C002004,2025-08-21,ACS,20.79,895,Approved,
APP0005052,C001355,2025-03-27,Nano,254.11,675,Approved,
APP0005053,C003285,2025-06-22,BNPL,231.6,884,Approved,
APP0005054,C002718,2025-07-08,Nano,297.6,764,Approved,
APP0005055,C001184,2025-04-02,Nano,197.24,699,Approved,
APP0005056,C000273,2025-03-08,ACS,29.53,567,Approved,
APP0005057,C004096,2025-01-09,ACS,19.22,627,Approved,
APP0005058,C004233,2025-07-15,Nano,250.77,738,Approved,
APP0005059,C004533,2025-04-23,BNPL,592.64,643,Approved,
APP0005060,C001831,2025-02-19,ACS,10.96,477,Approved,
APP0005061,C003521,2025-02-19,BNPL,920.8,603,Approved,
APP0005062,C002923,2025-02-09,Nano,156.06,542,Declined,Incomplete Data
APP0005063,C001332,2025-04-03,ACS,12.74,856,Approved,
APP0005064,C004637,2025-07-04,Nano,263.03,774,Approved,
APP0005065,C001681,2025-05-15,BNPL,494.84,588,Approved,
APP0005066,C000152,2025-04-27,ACS,12.84,812,Approved,
APP0005067,C000829,2025-01-10,BNPL,791.23,672,Approved,
APP0005068,C004841,2025-10-27,ACS,14.02,342,Declined,Low Behavioural Score
APP0005069,C000344,2025-04-18,Nano,122.01,822,Approved,
APP0005070,C002626,2025-08-07,Nano,263.17,671,Approved,
APP0005071,C002427,2025-06-29,Nano,227.22,620,Approved,
APP0005072,C003904,2025-02-12,Nano,82.44,677,Approved,
APP0005073,C004106,2025-08-06,BNPL,185.57,574,Approved,
APP0005074,C002366,2025-04-12,Nano,140.11,706,Approved,
APP0005075,C003159,2025-02-09,BNPL,544.64,799,Approved,
APP0005076,C004080,2025-03-16,ACS,10.44,604,Approved,
APP0005077,C004049,2025-06-02,ACS,29.94,592,Approved,
APP0005078,C004403,2025-05-15,ACS,12.16,769,Approved,
APP0005079,C003537,2025-06-30,ACS,8.64,741,Approved,
APP0005080,C001909,2025-02-07,BNPL,205.4,621,Declined,Incomplete Data
APP0005081,C002796,2025-07-10,Nano,52.1,634,Approved,
APP0005082,C003614,2025-05-15,Nano,107.25,676,Approved,
APP0005083,C001483,2025-03-19,ACS,9.2,511,Declined,Policy Rule Failure
APP0005084,C004994,2025-01-19,Nano,205.25,586,Declined,Policy Rule Failure
APP0005085,C002219,2025-03-08,BNPL,681.28,804,Approved,
APP0005086,C003786,2025-01-22,ACS,7.75,713,Approved,
APP0005087,C002531,2025-09-09,Nano,251.99,530,Approved,
APP0005088,C004785,2025-04-08,ACS,23.98,457,Approved,
APP0005089,C003339,2025-03-18,Nano,133.94,787,Approved,
APP0005090,C003684,2025-10-18,ACS,13.87,745,Declined,Fraud Flag
APP0005091,C003873,2025-02-27,Nano,73.83,784,Approved,
APP0005092,C001650,2025-06-05,ACS,16.08,793,Approved,
APP0005093,C001746,2025-10-11,Nano,148.74,758,Approved,
APP0005094,C004136,2025-03-13,Nano,132.03,673,Approved,
APP0005095,C002311,2025-01-13,ACS,8.82,791,Approved,
APP0005096,C003332,2025-02-18,ACS,8.05,663,Approved,
APP0005097,C002590,2025-01-17,Nano,257.58,716,Approved,
APP0005098,C000166,2025-07-09,ACS,8.74,830,Approved,
APP0005099,C002356,2025-02-13,ACS,26.58,701,Approved,
APP0005100,C000863,2025-05-21,ACS,20.88,613,Approved,
APP0005101,C000435,2025-01-21,ACS,21.91,490,Approved,
APP0005102,C001307,2025-05-03,Nano,125.61,513,Declined,Policy Rule Failure
APP0005103,C001464,2025-07-08,BNPL,233.03,475,Declined,Duplicate Application
APP0005104,C003718,2025-01-18,BNPL,486.45,463,Approved,
APP0005105,C001261,2025-01-06,ACS,20.42,571,Approved,
APP0005106,C003986,2025-04-12,Nano,159.18,623,Approved,
APP0005107,C001052,2025-02-11,BNPL,896.37,617,Approved,
APP0005108,C004135,2025-06-22,ACS,7.99,727,Approved,
APP0005109,C002631,2025-04-01,Nano,224.21,640,Approved,
APP0005110,C000337,2025-03-06,ACS,18.39,644,Approved,
APP0005111,C000553,2025-05-12,BNPL,639.24,754,Approved,
APP0005112,C000361,2025-04-07,Nano,69.83,778,Approved,
APP0005113,C002053,2025-02-27,Nano,202.1,395,Approved,
APP0005114,C001498,2025-04-13,Nano,166.48,881,Approved,
APP0005115,C000232,2025-03-03,BNPL,975.71,795,Approved,
APP0005116,C003407,2025-08-05,ACS,20.45,497,Approved,
APP0005117,C004266,2025-03-07,ACS,18.13,692,Approved,
APP0005118,C004211,2025-01-13,Nano,75.43,779,Approved,
APP0005119,C000754,2025-05-12,BNPL,242.61,514,Approved,
APP0005120,C004347,2025-01-31,BNPL,517.45,407,Declined,Low Behavioural Score
APP0005121,C002129,2025-07-14,ACS,22.5,362,Declined,Low Behavioural Score
APP0005122,C001038,2025-04-05,ACS,8.02,600,Approved,
APP0005123,C000668,2025-01-02,Nano,270.74,438,Declined,Low Behavioural Score
APP0005124,C003838,2025-04-22,Nano,258.27,614,Approved,
APP0005125,C001282,2025-03-05,Nano,23.95,671,Approved,
APP0005126,C003204,2025-01-26,Nano,240.48,467,Approved,
APP0005127,C002772,2025-07-06,ACS,28.29,483,Declined,Low Behavioural Score
APP0005128,C004634,2025-07-01,ACS,20.42,712,Approved,
APP0005129,C003580,2025-10-24,Nano,210.75,484,Approved,
APP0005130,C003865,2025-03-13,Nano,71.29,537,Approved,
APP0005131,C002463,2025-04-08,Nano,168.16,550,Approved,
APP0005132,C002644,2025-02-14,Nano,145.12,543,Declined,Incomplete Data
APP0005133,C000747,2025-02-23,Nano,105.95,628,Approved,
APP0005134,C003916,2025-06-03,Nano,155.35,583,Approved,
APP0005135,C003761,2025-09-05,ACS,5.54,633,Declined,Fraud Flag
APP0005136,C001542,2025-04-04,Nano,87.72,371,Declined,Low Behavioural Score
APP0005137,C000700,2025-03-21,Nano,115.19,710,Approved,
APP0005138,C003931,2025-07-15,ACS,9.59,786,Approved,
APP0005139,C003855,2025-07-23,Nano,63.31,527,Declined,High Existing Exposure
APP0005140,C003906,2025-02-16,ACS,18.61,769,Approved,
APP0005141,C000150,2025-04-27,Nano,285.34,688,Approved,
APP0005142,C004277,2025-01-20,BNPL,583.85,558,Approved,
APP0005143,C001800,2025-03-10,ACS,23.68,494,Approved,
APP0005144,C001212,2025-02-07,ACS,13.64,752,Approved,
APP0005145,C002632,2025-01-13,BNPL,979.7,774,Approved,
APP0005146,C004246,2025-03-13,ACS,13.88,551,Declined,Low Behavioural Score
APP0005147,C004075,2025-07-10,ACS,28.51,572,Approved,
APP0005148,C000846,2025-04-08,Nano,262.64,736,Approved,
APP0005149,C004883,2025-01-26,ACS,25.98,301,Declined,Low Behavioural Score
APP0005150,C003860,2025-04-11,ACS,28.93,773,Approved,
APP0005151,C004665,2025-05-30,ACS,26.75,336,Declined,Low Behavioural Score
APP0005152,C004650,2025-02-22,BNPL,937.87,552,Declined,High Existing Exposure
APP0005153,C002628,2025-05-25,ACS,17.36,544,Declined,Fraud Flag
APP0005154,C000179,2025-03-14,ACS,10.77,522,Approved,
APP0005155,C000362,2025-01-18,ACS,21.47,626,Approved,
APP0005156,C003131,2025-01-07,BNPL,513.39,639,Approved,
APP0005157,C000456,2025-03-19,ACS,7.15,789,Approved,
APP0005158,C003298,2025-01-26,BNPL,886.84,485,Declined,Low Behavioural Score
APP0005159,C000517,2025-03-12,ACS,5.0,376,Declined,Duplicate Application
APP0005160,C004076,2025-07-28,Nano,107.65,544,Declined,Fraud Flag
APP0005161,C001337,2025-06-23,Nano,28.27,464,Declined,Low Behavioural Score
APP0005162,C000515,2025-03-12,Nano,126.88,715,Approved,
APP0005163,C001701,2025-08-03,ACS,7.54,602,Approved,
APP0005164,C004548,2025-07-21,Nano,229.18,378,Declined,Low Behavioural Score
APP0005165,C002760,2025-02-25,ACS,22.19,552,Approved,
APP0005166,C004969,2025-02-18,BNPL,120.35,767,Approved,
APP0005167,C001292,2025-01-25,BNPL,240.73,595,Approved,
APP0005168,C003361,2025-02-28,Nano,59.48,507,Approved,
APP0005169,C000934,2025-05-04,ACS,24.77,685,Approved,
APP0005170,C002150,2025-10-09,ACS,19.83,579,Approved,
APP0005171,C001884,2025-11-06,BNPL,543.97,745,Approved,
APP0005172,C003176,2025-07-31,ACS,27.28,454,Declined,Low Behavioural Score
APP0005173,C003367,2025-03-29,Nano,92.65,697,Approved,
APP0005174,C000274,2025-03-13,Nano,99.14,652,Declined,High Existing Exposure
APP0005175,C003478,2025-01-23,ACS,24.9,630,Approved,
APP0005176,C003766,2025-09-11,ACS,6.01,639,Approved,
APP0005177,C001909,2025-03-17,Nano,215.69,626,Approved,
APP0005178,C000350,2025-04-22,Nano,172.61,725,Approved,
APP0005179,C002112,2025-08-05,ACS,16.64,657,Approved,
APP0005180,C001613,2025-02-02,ACS,6.0,466,Declined,Low Behavioural Score
APP0005181,C003963,2025-06-22,ACS,9.32,786,Approved,
APP0005182,C000697,2025-03-12,Nano,114.96,700,Approved,
APP0005183,C001485,2025-02-19,ACS,20.98,552,Approved,
APP0005184,C003631,2025-01-09,Nano,78.24,477,Declined,High Existing Exposure
APP0005185,C004703,2025-04-27,ACS,29.99,648,Approved,
APP0005186,C002973,2025-05-21,ACS,28.25,730,Approved,
APP0005187,C000012,2025-03-18,Nano,235.17,602,Approved,
APP0005188,C003497,2025-07-07,ACS,22.27,463,Declined,Fraud Flag
APP0005189,C000157,2025-10-29,Nano,235.01,597,Approved,
APP0005190,C000323,2025-04-24,ACS,23.01,502,Declined,High Existing Exposure
APP0005191,C003339,2025-03-22,BNPL,526.49,768,Approved,
APP0005192,C001853,2025-09-17,ACS,7.61,566,Declined,Low Behavioural Score
APP0005193,C000136,2025-01-26,ACS,9.33,503,Approved,
APP0005194,C002031,2025-10-05,Nano,259.04,512,Declined,High Existing Exposure
APP0005195,C001897,2025-02-09,BNPL,921.15,653,Approved,
APP0005196,C003012,2025-01-30,ACS,16.13,679,Approved,
APP0005197,C004720,2025-03-15,ACS,22.86,612,Approved,
APP0005198,C000512,2025-04-20,Nano,236.68,776,Approved,
APP0005199,C003329,2025-02-14,ACS,19.69,338,Declined,Policy Rule Failure
APP0005200,C003237,2025-01-30,ACS,7.14,510,Approved,
APP0005201,C004885,2025-05-15,ACS,5.86,730,Approved,
APP0005202,C001974,2025-11-27,BNPL,288.05,566,Approved,
APP0005203,C000810,2025-02-11,ACS,11.87,737,Approved,
APP0005204,C004530,2025-04-03,Nano,70.86,526,Approved,
APP0005205,C000251,2025-03-06,Nano,145.23,781,Approved,
APP0005206,C002250,2025-06-01,ACS,19.42,674,Approved,
APP0005207,C003268,2025-03-19,Nano,64.38,601,Approved,
APP0005208,C000511,2025-04-03,Nano,205.24,549,Approved,
APP0005209,C001484,2025-04-26,Nano,240.66,578,Approved,
APP0005210,C000518,2025-02-16,ACS,29.31,626,Approved,
APP0005211,C004228,2025-03-16,BNPL,806.59,591,Approved,
APP0005212,C001272,2025-05-12,BNPL,744.45,707,Approved,
APP0005213,C003017,2025-06-17,ACS,7.75,686,Approved,
APP0005214,C001200,2025-02-15,ACS,23.2,338,Approved,
APP0005215,C003470,2025-05-09,Nano,212.18,482,Declined,Policy Rule Failure
APP0005216,C003984,2025-07-19,BNPL,473.97,707,Approved,
APP0005217,C000202,2025-08-26,BNPL,977.65,738,Approved,
APP0005218,C003612,2025-04-26,ACS,11.03,641,Approved,
APP0005219,C003305,2025-05-23,Nano,245.75,658,Approved,
APP0005220,C000384,2025-06-14,ACS,20.7,798,Approved,
APP0005221,C001322,2025-06-19,ACS,13.07,657,Approved,
APP0005222,C004258,2025-09-25,ACS,27.6,628,Declined,Fraud Flag
APP0005223,C002218,2025-02-02,ACS,12.05,677,Approved,
APP0005224,C000481,2025-02-13,ACS,8.0,807,Approved,
APP0005225,C003210,2025-03-28,Nano,279.91,702,Approved,
APP0005226,C003929,2025-04-11,Nano,124.39,766,Approved,
APP0005227,C002167,2025-05-05,BNPL,323.79,563,Approved,
APP0005228,C000559,2025-04-01,Nano,96.99,711,Approved,
APP0005229,C000653,2025-02-02,ACS,8.4,797,Approved,
APP0005230,C001882,2025-04-12,Nano,233.55,708,Declined,Incomplete Data
APP0005231,C002422,2025-02-12,ACS,11.95,522,Declined,Incomplete Data
APP0005232,C003755,2025-03-03,ACS,5.33,445,Approved,
APP0005233,C003407,2025-06-01,BNPL,997.46,492,Approved,
APP0005234,C001269,2025-04-01,ACS,22.66,426,Declined,Low Behavioural Score
APP0005235,C003450,2025-04-08,Nano,29.77,346,Declined,Policy Rule Failure
APP0005236,C000567,2025-03-25,BNPL,969.47,521,Approved,
APP0005237,C000922,2025-11-04,Nano,270.7,672,Declined,Incomplete Data
APP0005238,C003936,2025-04-27,Nano,182.53,656,Approved,
APP0005239,C004505,2025-06-07,ACS,18.25,687,Approved,
APP0005240,C003455,2025-02-09,ACS,15.64,556,Approved,
APP0005241,C002282,2025-02-02,BNPL,684.17,893,Approved,
APP0005242,C004457,2025-11-17,Nano,40.82,501,Declined,Policy Rule Failure
APP0005243,C001768,2025-03-23,BNPL,929.86,766,Approved,
APP0005244,C003208,2025-04-11,Nano,24.36,792,Approved,
APP0005245,C003428,2025-01-12,Nano,34.61,703,Approved,
APP0005246,C000370,2025-07-21,ACS,26.24,823,Approved,
APP0005247,C004796,2025-04-06,BNPL,706.97,597,Approved,
APP0005248,C003194,2025-04-05,ACS,15.9,603,Approved,
APP0005249,C001204,2025-05-28,Nano,82.52,528,Approved,
APP0005250,C004113,2025-06-23,Nano,173.47,650,Declined,Incomplete Data
APP0005251,C001906,2025-09-07,Nano,214.97,712,Approved,
APP0005252,C000419,2025-03-03,Nano,63.08,338,Declined,Low Behavioural Score
APP0005253,C003379,2025-12-08,ACS,25.83,783,Approved,
APP0005254,C000679,2025-06-12,ACS,6.84,410,Declined,Incomplete Data
APP0005255,C002985,2025-03-31,Nano,248.42,652,Approved,
APP0005256,C003388,2025-07-05,BNPL,673.94,729,Approved,
APP0005257,C000785,2025-02-16,ACS,10.76,846,Approved,
APP0005258,C003957,2025-03-15,Nano,125.92,488,Approved,
APP0005259,C002286,2025-08-05,ACS,20.11,466,Approved,
APP0005260,C001766,2025-03-07,Nano,90.61,446,Declined,Fraud Flag
APP0005261,C000509,2025-05-31,Nano,113.1,312,Declined,Low Behavioural Score
APP0005262,C003677,2025-09-27,Nano,230.97,636,Approved,
APP0005263,C000822,2025-07-18,ACS,6.28,476,Declined,Policy Rule Failure
APP0005264,C000837,2025-05-27,Nano,211.92,577,Approved,
APP0005265,C001328,2025-05-02,ACS,13.77,389,Declined,Incomplete Data
APP0005266,C002221,2025-01-30,ACS,11.27,785,Approved,
APP0005267,C004396,2025-02-24,Nano,102.5,522,Approved,
APP0005268,C003740,2025-04-05,Nano,270.46,575,Approved,
APP0005269,C003690,2025-07-20,BNPL,875.15,559,Declined,High Existing Exposure
APP0005270,C000995,2025-02-12,Nano,161.61,754,Approved,
APP0005271,C003241,2025-11-04,Nano,84.06,487,Approved,
APP0005272,C001745,2025-02-27,ACS,27.19,551,Declined,High Existing Exposure
APP0005273,C002370,2025-01-26,Nano,87.7,493,Approved,
APP0005274,C003146,2025-05-13,Nano,155.89,349,Approved,
APP0005275,C000834,2025-06-06,Nano,155.95,631,Approved,
APP0005276,C001730,2025-10-10,ACS,20.19,537,Declined,Duplicate Application
APP0005277,C001977,2025-05-18,ACS,21.04,312,Declined,High Existing Exposure
APP0005278,C004371,2025-04-27,Nano,211.91,654,Approved,
APP0005279,C004836,2025-01-21,BNPL,778.44,657,Approved,
APP0005280,C004784,2025-07-16,Nano,105.43,726,Approved,
APP0005281,C002639,2025-04-24,Nano,254.66,690,Approved,
APP0005282,C003212,2025-05-29,ACS,20.04,667,Approved,
APP0005283,C003582,2025-04-20,ACS,29.51,524,Approved,
APP0005284,C003913,2025-07-09,BNPL,600.2,805,Approved,
APP0005285,C003383,2025-03-06,ACS,25.35,471,Declined,High Existing Exposure
APP0005286,C004534,2025-06-11,Nano,48.44,524,Declined,Low Behavioural Score
APP0005287,C001916,2025-02-11,Nano,31.06,733,Approved,
APP0005288,C003510,2025-04-20,Nano,73.34,805,Approved,
APP0005289,C003054,2025-03-18,ACS,11.14,552,Approved,
APP0005290,C003867,2025-04-12,ACS,26.22,571,Approved,
APP0005291,C004648,2025-08-12,BNPL,337.12,739,Approved,
APP0005292,C000402,2025-04-03,Nano,56.04,491,Declined,Low Behavioural Score
APP0005293,C004264,2025-08-01,BNPL,182.05,349,Declined,Policy Rule Failure
APP0005294,C004119,2025-03-17,ACS,7.67,646,Approved,
APP0005295,C004351,2025-04-17,ACS,21.47,332,Declined,Policy Rule Failure
APP0005296,C001373,2025-05-21,Nano,123.96,531,Approved,
APP0005297,C002895,2025-02-13,ACS,9.71,569,Approved,
APP0005298,C000355,2025-03-21,Nano,29.84,568,Approved,
APP0005299,C000305,2025-04-02,ACS,28.66,712,Approved,
APP0005300,C002948,2025-08-10,ACS,8.51,629,Approved,
APP0005301,C004855,2025-03-08,ACS,18.54,721,Approved,
APP0005302,C001134,2025-06-05,Nano,169.59,824,Approved,
APP0005303,C003952,2025-08-08,ACS,15.22,722,Approved,
APP0005304,C000400,2025-06-21,Nano,194.57,723,Approved,
APP0005305,C000324,2025-06-26,ACS,13.61,569,Approved,
APP0005306,C003048,2025-03-04,ACS,8.07,636,Approved,
APP0005307,C001395,2025-07-28,Nano,103.94,708,Approved,
APP0005308,C000493,2025-03-12,BNPL,980.25,886,Approved,
APP0005309,C004575,2025-03-05,ACS,22.15,678,Approved,
APP0005310,C004437,2025-03-08,BNPL,381.89,518,Declined,High Existing Exposure
APP0005311,C000072,2025-07-22,Nano,64.32,786,Approved,
APP0005312,C004847,2025-03-11,ACS,21.14,539,Declined,High Existing Exposure
APP0005313,C000092,2025-06-20,ACS,14.06,522,Declined,Fraud Flag
APP0005314,C003691,2025-05-28,Nano,87.11,339,Declined,Duplicate Application
APP0005315,C003920,2025-03-23,ACS,15.99,848,Approved,
APP0005316,C001439,2025-03-04,Nano,95.95,745,Approved,
APP0005317,C000680,2025-07-31,ACS,12.7,657,Approved,
APP0005318,C002813,2025-04-21,BNPL,335.54,376,Approved,
APP0005319,C004430,2025-04-24,ACS,20.67,712,Approved,
APP0005320,C000157,2025-08-20,BNPL,857.6,597,Approved,
APP0005321,C004256,2025-04-30,ACS,19.05,820,Approved,
APP0005322,C003107,2025-04-30,ACS,26.03,708,Approved,
APP0005323,C004934,2025-06-23,ACS,21.25,328,Declined,Low Behavioural Score
APP0005324,C001320,2025-05-30,ACS,19.61,492,Declined,Low Behavioural Score
APP0005325,C003224,2025-07-12,ACS,29.07,550,Approved,
APP0005326,C002276,2025-03-17,Nano,238.45,641,Approved,
APP0005327,C003173,2025-08-19,Nano,72.99,797,Approved,
APP0005328,C000895,2025-07-03,BNPL,631.9,668,Approved,
APP0005329,C002490,2025-05-30,Nano,53.78,524,Declined,Policy Rule Failure
APP0005330,C004933,2025-08-11,Nano,20.66,709,Approved,
APP0005331,C004221,2025-01-28,ACS,15.55,575,Approved,
APP0005332,C001038,2025-01-19,Nano,94.92,595,Approved,
APP0005333,C000295,2025-01-09,Nano,278.23,432,Declined,Low Behavioural Score
APP0005334,C002085,2025-07-26,ACS,27.1,787,Approved,
APP0005335,C001144,2025-03-04,ACS,21.5,439,Declined,Duplicate Application
APP0005336,C001274,2025-01-10,ACS,5.73,514,Approved,
APP0005337,C000912,2025-05-14,Nano,50.27,647,Declined,Low Behavioural Score
APP0005338,C002708,2025-10-17,Nano,91.9,466,Declined,Duplicate Application
APP0005339,C000469,2025-06-15,ACS,21.23,573,Approved,
APP0005340,C004527,2025-04-05,ACS,18.64,721,Approved,
APP0005341,C000153,2025-01-10,ACS,7.12,422,Declined,Fraud Flag
APP0005342,C000817,2025-06-11,ACS,23.08,754,Approved,
APP0005343,C002810,2025-02-14,Nano,32.38,536,Declined,Low Behavioural Score
APP0005344,C000705,2025-01-16,Nano,221.49,509,Declined,Fraud Flag
APP0005345,C002520,2025-03-27,BNPL,951.02,527,Approved,
APP0005346,C000371,2025-06-02,Nano,124.87,543,Approved,
APP0005347,C004350,2025-09-16,Nano,251.88,776,Approved,
APP0005348,C002947,2025-04-28,ACS,29.57,475,Declined,High Existing Exposure
APP0005349,C001519,2025-06-29,ACS,7.47,505,Approved,
APP0005350,C003011,2025-03-07,Nano,45.99,661,Approved,
APP0005351,C002705,2025-08-21,Nano,159.99,677,Approved,
APP0005352,C004107,2025-08-01,ACS,29.26,755,Approved,
APP0005353,C003633,2025-10-28,Nano,205.4,773,Approved,
APP0005354,C004180,2025-02-11,Nano,82.77,333,Declined,Duplicate Application
APP0005355,C004319,2025-02-26,BNPL,387.77,647,Approved,
APP0005356,C000510,2025-04-28,BNPL,139.94,719,Approved,
APP0005357,C003846,2025-07-04,ACS,9.69,485,Declined,Fraud Flag
APP0005358,C004553,2025-06-25,ACS,24.6,647,Approved,
APP0005359,C000992,2025-11-25,ACS,29.64,796,Approved,
APP0005360,C004147,2025-04-23,Nano,278.31,645,Approved,
APP0005361,C003052,2025-04-23,BNPL,353.17,730,Approved,
APP0005362,C003237,2025-01-17,Nano,279.67,511,Declined,Fraud Flag
APP0005363,C003566,2025-04-29,ACS,10.24,754,Approved,
APP0005364,C001736,2025-04-29,Nano,82.47,807,Approved,
APP0005365,C004490,2025-02-01,ACS,8.22,432,Approved,
APP0005366,C003728,2025-06-08,ACS,22.75,568,Approved,
APP0005367,C002193,2025-08-23,ACS,11.34,337,Declined,Policy Rule Failure
APP0005368,C003104,2025-07-25,ACS,16.88,733,Approved,
APP0005369,C004771,2025-02-17,BNPL,391.87,449,Declined,Fraud Flag
APP0005370,C001766,2025-07-08,ACS,8.07,454,Approved,
APP0005371,C004467,2025-03-21,ACS,9.65,485,Declined,Duplicate Application
APP0005372,C000067,2025-06-14,ACS,8.97,677,Declined,Duplicate Application
APP0005373,C003969,2025-02-19,ACS,10.62,502,Approved,
APP0005374,C002963,2025-05-10,ACS,13.61,736,Approved,
APP0005375,C003551,2025-03-13,ACS,17.7,516,Declined,High Existing Exposure
APP0005376,C002883,2025-04-18,BNPL,295.0,638,Declined,Low Behavioural Score
APP0005377,C002394,2025-09-30,Nano,203.97,300,Declined,Low Behavioural Score
APP0005378,C000773,2025-03-04,ACS,11.49,652,Approved,
APP0005379,C001215,2025-04-12,ACS,10.01,529,Declined,Low Behavioural Score
APP0005380,C004532,2025-04-21,ACS,27.32,411,Approved,
APP0005381,C002034,2025-02-03,ACS,10.92,512,Declined,Low Behavioural Score
APP0005382,C000797,2025-04-15,ACS,12.59,468,Declined,Fraud Flag
APP0005383,C000644,2025-04-25,ACS,16.93,796,Approved,
APP0005384,C001436,2025-04-27,BNPL,907.3,646,Declined,Low Behavioural Score
APP0005385,C003659,2025-09-16,Nano,252.89,599,Approved,
APP0005386,C001860,2025-07-23,ACS,10.68,676,Approved,
APP0005387,C002152,2025-03-17,Nano,22.91,729,Approved,
APP0005388,C003415,2025-06-20,ACS,14.63,447,Declined,Low Behavioural Score
APP0005389,C003027,2025-01-19,Nano,125.23,633,Approved,
APP0005390,C000409,2025-02-19,ACS,10.18,603,Approved,
APP0005391,C001957,2025-06-01,Nano,175.8,718,Approved,
APP0005392,C003512,2025-09-01,Nano,276.48,627,Approved,
APP0005393,C003547,2025-02-05,Nano,34.11,800,Declined,Duplicate Application
APP0005394,C002073,2025-03-05,BNPL,785.26,544,Declined,Duplicate Application
APP0005395,C001073,2025-02-09,Nano,54.73,752,Approved,
APP0005396,C000915,2025-04-11,Nano,257.51,805,Approved,
APP0005397,C000451,2025-05-19,Nano,233.59,590,Approved,
APP0005398,C000561,2025-07-31,ACS,20.16,570,Approved,
APP0005399,C004850,2025-06-01,Nano,263.09,503,Approved,
APP0005400,C002062,2025-02-23,ACS,22.83,717,Approved,
APP0005401,C001603,2025-06-20,Nano,271.29,461,Declined,Low Behavioural Score
APP0005402,C002230,2025-01-14,Nano,186.47,672,Declined,Duplicate Application
APP0005403,C002588,2025-02-16,Nano,72.97,550,Approved,
APP0005404,C000687,2025-07-17,Nano,155.9,801,Approved,
APP0005405,C004522,2025-02-13,ACS,11.44,692,Approved,
APP0005406,C002413,2025-07-25,Nano,279.38,696,Approved,
APP0005407,C002813,2025-04-30,Nano,105.99,367,Declined,Low Behavioural Score
APP0005408,C002513,2025-02-18,ACS,19.79,515,Declined,Duplicate Application
APP0005409,C004688,2025-07-07,ACS,15.34,613,Declined,Duplicate Application
APP0005410,C004906,2025-04-05,ACS,7.23,701,Approved,
APP0005411,C000630,2025-01-12,ACS,10.55,604,Approved,
APP0005412,C003567,2025-04-07,Nano,64.66,639,Approved,
APP0005413,C000816,2025-08-21,ACS,15.26,412,Declined,High Existing Exposure
APP0005414,C000061,2025-04-11,Nano,152.71,750,Approved,
APP0005415,C002761,2025-01-28,ACS,11.78,752,Approved,
APP0005416,C002385,2025-01-13,Nano,268.9,556,Approved,
APP0005417,C002461,2025-04-30,Nano,44.22,775,Approved,
APP0005418,C000108,2025-04-29,ACS,15.8,722,Approved,
APP0005419,C003219,2025-02-20,Nano,36.39,614,Declined,Low Behavioural Score
APP0005420,C002557,2025-02-18,Nano,209.77,427,Declined,Low Behavioural Score
APP0005421,C000291,2025-02-10,ACS,13.79,665,Approved,
APP0005422,C001690,2025-04-07,Nano,256.61,655,Approved,
APP0005423,C000676,2025-10-01,Nano,226.91,580,Declined,Fraud Flag
APP0005424,C004518,2025-05-29,Nano,119.83,332,Declined,High Existing Exposure
APP0005425,C003712,2025-02-03,BNPL,956.87,613,Approved,
APP0005426,C002467,2025-03-24,Nano,181.84,472,Declined,Low Behavioural Score
APP0005427,C000436,2025-06-14,Nano,117.75,830,Approved,
APP0005428,C004250,2025-04-11,ACS,14.74,567,Declined,Low Behavioural Score
APP0005429,C001775,2025-09-13,Nano,213.97,501,Declined,Fraud Flag
APP0005430,C002920,2025-01-25,BNPL,500.08,604,Approved,
APP0005431,C003601,2025-05-06,BNPL,683.26,690,Approved,
APP0005432,C001983,2025-06-09,Nano,94.76,575,Approved,
APP0005433,C004862,2025-01-09,ACS,10.36,607,Declined,Fraud Flag
APP0005434,C001149,2025-08-27,ACS,19.95,477,Declined,Low Behavioural Score
APP0005435,C001717,2025-03-19,BNPL,391.7,617,Approved,
APP0005436,C000916,2025-07-07,Nano,256.14,802,Approved,
APP0005437,C001718,2025-07-08,Nano,259.59,734,Approved,
APP0005438,C003973,2025-07-01,ACS,13.28,317,Declined,Incomplete Data
APP0005439,C002358,2025-04-18,ACS,7.1,515,Approved,
APP0005440,C004415,2025-03-23,Nano,127.08,342,Declined,Policy Rule Failure
APP0005441,C004453,2025-08-19,Nano,61.65,403,Declined,Low Behavioural Score
APP0005442,C001621,2025-08-04,ACS,27.84,759,Approved,
APP0005443,C003976,2025-06-03,Nano,233.32,729,Approved,
APP0005444,C002474,2025-03-28,ACS,10.8,384,Declined,Low Behavioural Score
APP0005445,C002118,2025-04-04,BNPL,606.51,695,Approved,
APP0005446,C001438,2025-08-15,Nano,105.07,542,Approved,
APP0005447,C000333,2025-02-05,BNPL,842.06,561,Declined,High Existing Exposure
APP0005448,C002277,2025-04-24,ACS,29.86,795,Approved,
APP0005449,C003342,2025-08-18,ACS,20.96,409,Approved,
APP0005450,C004348,2025-03-22,Nano,69.08,700,Approved,
APP0005451,C002060,2025-01-20,ACS,9.4,621,Declined,High Existing Exposure
APP0005452,C000690,2025-04-08,Nano,178.11,882,Approved,
APP0005453,C002344,2025-01-24,Nano,207.18,747,Approved,
APP0005454,C001458,2025-02-07,Nano,287.33,427,Declined,High Existing Exposure
APP0005455,C004595,2025-04-04,Nano,103.2,499,Declined,Low Behavioural Score
APP0005456,C003477,2025-03-22,ACS,10.79,685,Approved,
APP0005457,C004528,2025-03-31,ACS,20.92,778,Approved,
APP0005458,C001554,2025-05-05,ACS,20.12,557,Declined,Low Behavioural Score
APP0005459,C002227,2025-02-21,Nano,176.42,352,Declined,Low Behavioural Score
APP0005460,C000406,2025-01-18,Nano,217.08,538,Approved,
APP0005461,C000676,2025-06-23,Nano,171.41,569,Approved,
APP0005462,C001873,2025-09-07,Nano,29.9,615,Approved,
APP0005463,C001985,2025-07-01,Nano,97.24,513,Declined,Policy Rule Failure
APP0005464,C003382,2025-01-30,Nano,268.61,572,Approved,
APP0005465,C001077,2025-08-03,ACS,22.0,321,Declined,Fraud Flag
APP0005466,C004921,2025-07-23,Nano,217.52,562,Declined,High Existing Exposure
APP0005467,C003902,2025-07-07,Nano,157.6,574,Approved,
APP0005468,C004461,2025-04-05,Nano,141.55,554,Declined,Incomplete Data
APP0005469,C001534,2025-04-13,Nano,245.87,776,Approved,
APP0005470,C002810,2025-03-18,ACS,28.33,536,Declined,Incomplete Data
APP0005471,C002589,2025-10-03,ACS,8.45,630,Approved,
APP0005472,C003887,2025-03-15,Nano,57.47,859,Approved,
APP0005473,C004241,2025-01-06,ACS,6.22,419,Declined,Fraud Flag
APP0005474,C002857,2025-01-23,ACS,10.09,400,Approved,
APP0005475,C004873,2025-07-18,BNPL,833.69,776,Approved,
APP0005476,C002470,2025-05-03,BNPL,602.79,472,Declined,Low Behavioural Score
APP0005477,C001373,2025-07-19,Nano,138.5,527,Declined,Low Behavioural Score
APP0005478,C000854,2025-05-17,ACS,17.47,749,Approved,
APP0005479,C001887,2025-08-13,Nano,264.8,878,Approved,
APP0005480,C001461,2025-05-29,Nano,248.62,594,Declined,High Existing Exposure
APP0005481,C001002,2025-06-24,ACS,24.25,360,Declined,High Existing Exposure
APP0005482,C002261,2025-03-29,Nano,75.05,644,Approved,
APP0005483,C001308,2025-01-15,ACS,21.76,750,Approved,
APP0005484,C004929,2025-05-25,Nano,109.91,654,Approved,
APP0005485,C001524,2025-01-18,ACS,16.76,317,Declined,Low Behavioural Score
APP0005486,C003043,2025-04-11,BNPL,229.44,510,Declined,Low Behavioural Score
APP0005487,C003762,2025-08-29,ACS,17.22,547,Approved,
APP0005488,C004725,2025-08-16,ACS,28.49,454,Declined,High Existing Exposure
APP0005489,C003435,2025-03-05,ACS,21.77,797,Approved,
APP0005490,C001294,2025-05-15,ACS,5.73,661,Approved,
APP0005491,C002781,2025-07-04,ACS,26.21,467,Declined,Low Behavioural Score
APP0005492,C000345,2025-03-19,Nano,205.96,637,Approved,
APP0005493,C001352,2025-01-18,ACS,15.76,607,Declined,Fraud Flag
APP0005494,C004892,2025-07-13,Nano,142.18,669,Approved,
APP0005495,C000025,2025-08-26,Nano,234.71,535,Approved,
APP0005496,C001649,2025-10-24,BNPL,339.91,670,Approved,
APP0005497,C000268,2025-02-22,Nano,129.53,478,Declined,Duplicate Application
APP0005498,C002677,2025-02-25,Nano,238.44,425,Declined,Low Behavioural Score
APP0005499,C003756,2025-09-21,ACS,27.05,772,Approved,
APP0005500,C000356,2025-07-01,Nano,255.63,626,Declined,Fraud Flag
APP0005501,C000644,2025-08-24,BNPL,633.38,800,Approved,
APP0005502,C004302,2025-05-02,Nano,258.1,694,Approved,
APP0005503,C001395,2025-04-08,Nano,219.29,708,Approved,
APP0005504,C000004,2025-04-17,Nano,251.84,424,Approved,
APP0005505,C000491,2025-05-30,ACS,11.86,513,Declined,High Existing Exposure
APP0005506,C004531,2025-05-24,Nano,38.51,478,Declined,Duplicate Application
APP0005507,C004617,2025-03-04,BNPL,973.37,684,Approved,
APP0005508,C000827,2025-06-06,Nano,224.81,617,Approved,
APP0005509,C001402,2025-07-24,BNPL,877.54,601,Approved,
APP0005510,C000918,2025-07-01,Nano,200.04,585,Approved,
APP0005511,C002460,2025-05-10,Nano,121.03,453,Declined,Fraud Flag
APP0005512,C004129,2025-06-29,Nano,155.33,731,Approved,
APP0005513,C003798,2025-04-11,Nano,216.64,599,Declined,Policy Rule Failure
APP0005514,C001932,2025-01-22,ACS,20.53,567,Approved,
APP0005515,C003477,2025-03-17,Nano,27.0,691,Approved,
APP0005516,C001281,2025-05-13,Nano,204.03,454,Approved,
APP0005517,C004546,2025-04-30,Nano,140.29,683,Approved,
APP0005518,C002983,2025-03-03,ACS,25.04,797,Approved,
APP0005519,C004586,2025-02-20,ACS,26.05,641,Declined,Policy Rule Failure
APP0005520,C001273,2025-02-09,Nano,207.8,827,Approved,
APP0005521,C004751,2025-02-28,Nano,131.43,451,Approved,
APP0005522,C001433,2025-05-18,ACS,24.45,779,Approved,
APP0005523,C003422,2025-02-17,Nano,285.07,709,Approved,
APP0005524,C000228,2025-03-09,BNPL,280.53,409,Declined,Incomplete Data
APP0005525,C001153,2025-03-24,ACS,25.56,494,Approved,
APP0005526,C002698,2025-04-24,BNPL,138.58,770,Approved,
APP0005527,C002523,2025-02-13,ACS,11.07,764,Approved,
APP0005528,C000648,2025-03-26,ACS,27.39,783,Approved,
APP0005529,C000050,2025-03-18,Nano,37.53,789,Approved,
APP0005530,C004186,2025-04-04,BNPL,187.86,521,Declined,Duplicate Application
APP0005531,C001223,2025-07-21,Nano,82.99,361,Declined,Low Behavioural Score
APP0005532,C003756,2025-01-16,ACS,18.76,765,Approved,
APP0005533,C000867,2025-03-06,ACS,18.93,382,Declined,Low Behavioural Score
APP0005534,C001428,2025-06-02,BNPL,510.36,456,Approved,
APP0005535,C000084,2025-04-01,ACS,28.59,876,Approved,
APP0005536,C002669,2025-04-28,ACS,6.75,621,Approved,
APP0005537,C002585,2025-05-05,Nano,276.43,582,Declined,Fraud Flag
APP0005538,C002887,2025-02-16,ACS,5.57,678,Approved,
APP0005539,C003743,2025-06-20,Nano,36.75,621,Approved,
APP0005540,C003333,2025-02-01,BNPL,175.19,609,Approved,
APP0005541,C001013,2025-03-17,Nano,249.1,653,Approved,
APP0005542,C002095,2025-02-11,ACS,18.54,679,Approved,
APP0005543,C000382,2025-04-13,Nano,177.16,583,Approved,
APP0005544,C003263,2025-10-16,ACS,16.95,504,Approved,
APP0005545,C001982,2025-03-15,BNPL,578.96,470,Approved,
APP0005546,C000847,2025-03-05,Nano,48.29,742,Approved,
APP0005547,C004390,2025-06-21,Nano,269.26,340,Declined,Fraud Flag
APP0005548,C002356,2025-08-01,BNPL,623.15,703,Approved,
APP0005549,C000263,2025-07-08,Nano,139.5,366,Declined,Low Behavioural Score
APP0005550,C000471,2025-05-10,ACS,17.01,464,Declined,Low Behavioural Score
APP0005551,C001458,2025-04-11,BNPL,983.03,445,Declined,Low Behavioural Score
APP0005552,C004706,2025-07-15,ACS,22.71,401,Declined,Duplicate Application
APP0005553,C000492,2025-02-07,ACS,23.63,554,Declined,Policy Rule Failure
APP0005554,C002008,2025-11-06,ACS,26.81,745,Approved,
APP0005555,C001988,2025-02-06,BNPL,942.61,498,Approved,
APP0005556,C003088,2025-07-31,Nano,68.86,531,Approved,
APP0005557,C002996,2025-05-10,Nano,272.45,567,Approved,
APP0005558,C002450,2025-03-02,ACS,27.33,590,Approved,
APP0005559,C004034,2025-05-12,ACS,27.05,670,Declined,Duplicate Application
APP0005560,C000135,2025-08-02,ACS,19.49,632,Approved,
APP0005561,C001967,2025-05-24,ACS,8.32,743,Approved,
APP0005562,C000314,2025-03-09,Nano,208.82,884,Approved,
APP0005563,C001505,2025-01-06,ACS,23.74,737,Approved,
APP0005564,C001323,2025-06-26,BNPL,142.46,580,Approved,
APP0005565,C004419,2025-04-29,Nano,253.89,606,Approved,
APP0005566,C003375,2025-01-10,Nano,226.54,702,Approved,
APP0005567,C001199,2025-05-05,ACS,8.47,467,Approved,
APP0005568,C003208,2025-01-25,ACS,12.85,798,Approved,
APP0005569,C004162,2025-01-21,ACS,21.84,653,Approved,
APP0005570,C000940,2025-07-11,Nano,21.43,714,Approved,
APP0005571,C002823,2025-02-10,Nano,209.94,361,Declined,Fraud Flag
APP0005572,C002444,2025-05-11,ACS,16.8,521,Declined,Incomplete Data
APP0005573,C004571,2025-04-08,BNPL,745.14,893,Approved,
APP0005574,C001836,2025-02-16,ACS,28.23,756,Approved,
APP0005575,C003393,2025-01-08,Nano,287.69,724,Declined,Incomplete Data
APP0005576,C002843,2025-02-14,ACS,20.68,759,Approved,
APP0005577,C001615,2025-04-14,ACS,29.62,742,Approved,
APP0005578,C001674,2025-07-31,BNPL,395.47,737,Declined,Low Behavioural Score
APP0005579,C004310,2025-02-12,Nano,282.57,659,Approved,
APP0005580,C004481,2025-04-02,ACS,16.35,790,Approved,
APP0005581,C001302,2025-09-15,ACS,27.03,871,Approved,
APP0005582,C002363,2025-02-13,BNPL,678.6,465,Declined,Incomplete Data
APP0005583,C000714,2025-01-20,Nano,236.21,529,Approved,
APP0005584,C002133,2025-03-26,Nano,199.91,704,Approved,
APP0005585,C004338,2025-07-01,Nano,270.32,797,Approved,
APP0005586,C003517,2025-03-08,ACS,26.95,657,Declined,Incomplete Data
APP0005587,C002429,2025-02-20,Nano,67.27,867,Approved,
APP0005588,C003904,2025-01-31,BNPL,575.3,671,Approved,
APP0005589,C002764,2025-03-25,ACS,16.85,744,Approved,
APP0005590,C002188,2025-09-02,BNPL,294.86,543,Approved,
APP0005591,C000085,2025-04-15,BNPL,315.73,603,Declined,High Existing Exposure
APP0005592,C000545,2025-06-25,ACS,29.73,528,Declined,Incomplete Data
APP0005593,C002694,2025-01-15,BNPL,839.07,505,Declined,Low Behavioural Score
APP0005594,C000426,2025-03-16,ACS,14.8,615,Declined,Low Behavioural Score
APP0005595,C000058,2025-05-24,Nano,77.23,684,Approved,
APP0005596,C001635,2025-04-13,Nano,115.15,639,Approved,
APP0005597,C002781,2025-02-07,Nano,110.01,479,Approved,
APP0005598,C003663,2025-05-22,BNPL,865.43,762,Approved,
APP0005599,C004829,2025-04-16,Nano,109.71,605,Approved,
APP0005600,C003269,2025-06-23,BNPL,631.63,577,Approved,
APP0005601,C004876,2025-01-26,ACS,27.3,659,Approved,
APP0005602,C001439,2025-05-11,Nano,193.83,749,Approved,
APP0005603,C003289,2025-05-08,ACS,28.92,552,Declined,Fraud Flag
APP0005604,C000022,2025-06-01,ACS,5.84,539,Approved,
APP0005605,C000680,2025-02-03,BNPL,961.06,658,Approved,
APP0005606,C003214,2025-01-23,Nano,286.13,579,Approved,
APP0005607,C001580,2025-02-03,ACS,17.74,537,Approved,
APP0005608,C002823,2025-05-20,Nano,264.72,361,Approved,
APP0005609,C004715,2025-03-07,Nano,280.19,582,Declined,High Existing Exposure
APP0005610,C003863,2025-06-29,BNPL,935.63,693,Declined,Policy Rule Failure
APP0005611,C001760,2025-02-03,ACS,21.98,677,Approved,
APP0005612,C003431,2025-06-02,ACS,27.7,853,Approved,
APP0005613,C004618,2025-07-31,Nano,73.0,735,Approved,
APP0005614,C001235,2025-08-02,ACS,18.78,783,Approved,
APP0005615,C002775,2025-07-24,Nano,274.6,673,Approved,
APP0005616,C003665,2025-06-26,ACS,29.99,731,Approved,
APP0005617,C003296,2025-02-13,Nano,262.31,553,Approved,
APP0005618,C002432,2025-03-05,ACS,5.92,699,Approved,
APP0005619,C002166,2025-03-24,ACS,29.98,401,Declined,Low Behavioural Score
APP0005620,C002874,2025-05-22,BNPL,809.5,769,Approved,
APP0005621,C002483,2025-07-11,ACS,29.09,313,Declined,Low Behavioural Score
APP0005622,C001785,2025-05-14,ACS,23.04,617,Declined,Fraud Flag
APP0005623,C004373,2025-02-04,Nano,55.72,771,Approved,
APP0005624,C003953,2025-07-13,ACS,25.52,784,Approved,
APP0005625,C003206,2025-08-28,Nano,164.13,600,Approved,
APP0005626,C000981,2025-03-20,Nano,108.9,538,Approved,
APP0005627,C002572,2025-08-03,BNPL,141.4,728,Approved,
APP0005628,C001023,2025-05-13,ACS,9.97,900,Approved,
APP0005629,C000814,2025-04-14,BNPL,255.24,792,Approved,
APP0005630,C001188,2025-06-26,Nano,23.48,655,Approved,
APP0005631,C000788,2025-01-24,BNPL,541.77,476,Declined,Low Behavioural Score
APP0005632,C003948,2025-06-16,ACS,9.77,337,Declined,Low Behavioural Score
APP0005633,C002571,2025-06-19,ACS,13.73,627,Declined,Policy Rule Failure
APP0005634,C003641,2025-07-11,BNPL,760.91,463,Declined,Low Behavioural Score
APP0005635,C004883,2025-09-28,ACS,9.35,308,Declined,Duplicate Application
APP0005636,C001348,2025-06-27,Nano,104.47,411,Declined,Incomplete Data
APP0005637,C000976,2025-09-09,ACS,12.83,512,Approved,
APP0005638,C000720,2025-04-21,ACS,20.44,640,Approved,
APP0005639,C000093,2025-03-24,ACS,28.81,474,Declined,High Existing Exposure
APP0005640,C000141,2025-06-13,BNPL,850.62,380,Declined,Low Behavioural Score
APP0005641,C002976,2025-04-28,Nano,67.8,430,Approved,
APP0005642,C003420,2025-06-12,Nano,185.52,565,Declined,Policy Rule Failure
APP0005643,C001463,2025-09-27,ACS,21.75,558,Approved,
APP0005644,C002695,2025-02-15,BNPL,344.06,624,Declined,Low Behavioural Score
APP0005645,C001035,2025-11-02,BNPL,100.88,736,Approved,
APP0005646,C003512,2025-04-10,ACS,18.37,627,Approved,
APP0005647,C003555,2025-01-31,Nano,265.05,793,Approved,
APP0005648,C003542,2025-01-30,BNPL,179.78,868,Approved,
APP0005649,C002560,2025-03-03,BNPL,411.4,516,Approved,
APP0005650,C004224,2025-03-12,Nano,114.52,864,Approved,
APP0005651,C000418,2025-02-28,Nano,181.92,429,Declined,Incomplete Data
APP0005652,C002080,2025-05-25,ACS,11.59,590,Approved,
APP0005653,C000317,2025-04-26,Nano,237.44,649,Approved,
APP0005654,C004137,2025-05-28,BNPL,499.49,674,Declined,High Existing Exposure
APP0005655,C000369,2025-06-20,ACS,25.35,599,Approved,
APP0005656,C002179,2025-08-04,ACS,22.94,682,Approved,
APP0005657,C000930,2025-04-22,Nano,156.62,576,Approved,
APP0005658,C003540,2025-08-15,BNPL,602.82,745,Approved,
APP0005659,C002012,2025-03-10,ACS,19.63,326,Declined,Low Behavioural Score
APP0005660,C002756,2025-05-30,ACS,22.96,780,Approved,
APP0005661,C004812,2025-08-26,ACS,27.25,536,Approved,
APP0005662,C004608,2025-04-26,BNPL,872.93,697,Approved,
APP0005663,C002143,2025-04-07,ACS,23.96,754,Approved,
APP0005664,C001851,2025-06-29,ACS,14.63,528,Declined,Low Behavioural Score
APP0005665,C001496,2025-06-05,BNPL,828.31,604,Declined,Incomplete Data
APP0005666,C003450,2025-06-13,ACS,29.34,351,Declined,Low Behavioural Score
APP0005667,C004974,2025-06-02,Nano,110.51,785,Declined,Duplicate Application
APP0005668,C002991,2025-05-19,ACS,21.44,560,Approved,
APP0005669,C002826,2025-04-14,Nano,229.95,788,Approved,
APP0005670,C004994,2025-01-13,Nano,236.8,570,Approved,
APP0005671,C000951,2025-02-23,ACS,21.32,631,Approved,
APP0005672,C000387,2025-03-15,ACS,14.78,593,Approved,
APP0005673,C000475,2025-04-07,ACS,20.62,626,Declined,Duplicate Application
APP0005674,C002991,2025-07-11,ACS,14.04,541,Approved,
APP0005675,C004482,2025-11-01,ACS,28.32,564,Approved,
APP0005676,C001163,2025-06-24,BNPL,847.29,504,Approved,
APP0005677,C003621,2025-06-10,ACS,5.28,572,Approved,
APP0005678,C004421,2025-05-02,BNPL,436.24,779,Approved,
APP0005679,C004583,2025-06-05,BNPL,554.86,589,Approved,
APP0005680,C003973,2025-01-30,ACS,23.42,323,Declined,Policy Rule Failure
APP0005681,C001837,2025-06-30,ACS,20.19,616,Declined,Fraud Flag
APP0005682,C003310,2025-08-02,BNPL,935.54,590,Approved,
APP0005683,C002775,2025-02-07,Nano,229.25,674,Approved,
APP0005684,C002402,2025-06-19,ACS,21.04,771,Approved,
APP0005685,C003541,2025-02-15,ACS,22.2,516,Declined,Policy Rule Failure
APP0005686,C003407,2025-03-26,BNPL,918.37,501,Approved,
APP0005687,C004043,2025-06-12,Nano,161.65,762,Approved,
APP0005688,C002772,2025-04-22,ACS,18.54,498,Approved,
APP0005689,C003293,2025-04-08,ACS,25.11,690,Approved,
APP0005690,C001437,2025-04-23,Nano,86.4,639,Approved,
APP0005691,C002367,2025-08-14,BNPL,542.27,799,Approved,
APP0005692,C004098,2025-04-05,Nano,238.42,486,Approved,
APP0005693,C003859,2025-04-23,ACS,23.58,577,Approved,
APP0005694,C002563,2025-10-17,ACS,28.18,782,Approved,
APP0005695,C002835,2025-05-19,Nano,249.33,514,Declined,Fraud Flag
APP0005696,C001286,2025-04-08,ACS,9.25,504,Approved,
APP0005697,C001915,2025-01-16,ACS,27.14,879,Approved,
APP0005698,C003322,2025-09-12,ACS,22.14,392,Declined,Low Behavioural Score
APP0005699,C000578,2025-09-18,Nano,68.09,554,Declined,Low Behavioural Score
APP0005700,C000094,2025-05-10,Nano,115.32,679,Approved,
APP0005701,C003000,2025-04-13,BNPL,209.45,603,Approved,
APP0005702,C003601,2025-09-09,ACS,28.83,697,Approved,
APP0005703,C004904,2025-02-17,BNPL,554.34,602,Approved,
APP0005704,C002352,2025-03-10,Nano,171.08,626,Approved,
APP0005705,C000617,2025-05-21,BNPL,209.83,697,Approved,
APP0005706,C003172,2025-06-17,ACS,16.54,520,Declined,Fraud Flag
APP0005707,C001540,2025-12-23,ACS,26.62,718,Approved,
APP0005708,C000787,2025-01-27,ACS,25.46,797,Approved,
APP0005709,C003106,2025-05-30,ACS,24.69,763,Approved,
APP0005710,C003592,2025-03-05,ACS,22.82,589,Approved,
APP0005711,C000275,2025-05-08,ACS,24.77,516,Approved,
APP0005712,C003617,2025-06-06,Nano,254.39,315,Declined,Duplicate Application
APP0005713,C002872,2025-04-07,Nano,203.67,533,Declined,Incomplete Data
APP0005714,C003708,2025-08-14,ACS,8.68,569,Declined,High Existing Exposure
APP0005715,C003150,2025-02-03,Nano,171.35,542,Approved,
APP0005716,C002336,2025-06-12,ACS,6.29,685,Approved,
APP0005717,C001671,2025-02-27,Nano,206.49,713,Approved,
APP0005718,C003203,2025-03-02,ACS,27.98,596,Approved,
APP0005719,C000998,2025-04-05,ACS,17.73,734,Declined,High Existing Exposure
APP0005720,C002747,2025-03-08,Nano,107.09,797,Approved,
APP0005721,C003765,2025-01-20,ACS,15.44,608,Approved,
APP0005722,C001166,2025-03-31,ACS,25.01,556,Declined,Policy Rule Failure
APP0005723,C000428,2025-06-01,BNPL,578.83,779,Approved,
APP0005724,C000116,2025-01-22,Nano,264.26,619,Approved,
APP0005725,C002775,2025-08-13,Nano,231.65,662,Approved,
APP0005726,C002068,2025-05-10,Nano,123.24,821,Approved,
APP0005727,C003271,2025-06-20,ACS,21.4,556,Approved,
APP0005728,C004075,2025-02-25,Nano,88.31,571,Approved,
APP0005729,C004895,2025-02-13,Nano,76.6,655,Approved,
APP0005730,C001612,2025-01-29,Nano,39.87,600,Approved,
APP0005731,C000563,2025-06-03,BNPL,318.21,768,Approved,
APP0005732,C003746,2025-08-02,ACS,24.91,790,Approved,
APP0005733,C000096,2025-03-15,Nano,44.79,688,Approved,
APP0005734,C003199,2025-05-20,ACS,21.39,417,Approved,
APP0005735,C001376,2025-07-21,ACS,14.03,420,Declined,Low Behavioural Score
APP0005736,C001767,2025-06-12,ACS,29.62,585,Approved,
APP0005737,C000620,2025-09-01,BNPL,635.81,733,Approved,
APP0005738,C000003,2025-09-08,Nano,240.82,495,Declined,Duplicate Application
APP0005739,C000970,2025-07-11,Nano,242.11,626,Approved,
APP0005740,C002156,2025-02-23,BNPL,500.1,493,Declined,Low Behavioural Score
APP0005741,C001470,2025-03-31,ACS,6.8,713,Approved,
APP0005742,C001965,2025-07-01,Nano,53.8,509,Approved,
APP0005743,C000559,2025-01-26,Nano,141.16,711,Approved,
APP0005744,C000694,2025-03-08,Nano,200.77,536,Approved,
APP0005745,C003738,2025-04-19,Nano,170.54,660,Approved,
APP0005746,C004094,2025-04-16,ACS,24.15,665,Approved,
APP0005747,C003700,2025-04-16,BNPL,902.0,361,Declined,Incomplete Data
APP0005748,C004778,2025-07-25,Nano,82.03,476,Declined,Low Behavioural Score
APP0005749,C003658,2025-04-28,Nano,120.33,554,Approved,
APP0005750,C000607,2025-08-06,ACS,12.55,599,Approved,
APP0005751,C003686,2025-07-30,ACS,9.22,480,Declined,Low Behavioural Score
APP0005752,C001155,2025-03-27,Nano,175.08,493,Approved,
APP0005753,C003887,2025-02-23,Nano,59.88,858,Approved,
APP0005754,C003163,2025-04-01,ACS,6.04,807,Approved,
APP0005755,C004235,2025-02-09,ACS,6.63,540,Declined,Duplicate Application
APP0005756,C004755,2025-03-28,Nano,230.73,744,Approved,
APP0005757,C003443,2025-06-23,Nano,181.23,564,Declined,Low Behavioural Score
APP0005758,C004670,2025-03-02,Nano,285.56,465,Declined,High Existing Exposure
APP0005759,C002702,2025-05-02,ACS,28.11,795,Approved,
APP0005760,C004657,2025-05-13,ACS,23.22,877,Approved,
APP0005761,C000446,2025-03-07,Nano,261.19,344,Declined,Policy Rule Failure
APP0005762,C002201,2025-02-13,ACS,8.69,780,Approved,
APP0005763,C003814,2025-03-07,Nano,246.02,555,Declined,Incomplete Data
APP0005764,C004930,2025-08-03,ACS,21.75,703,Approved,
APP0005765,C004346,2025-02-17,Nano,261.57,621,Declined,Duplicate Application
APP0005766,C001824,2025-02-23,Nano,98.24,697,Approved,
APP0005767,C003140,2025-05-12,Nano,231.38,738,Approved,
APP0005768,C000434,2025-01-30,Nano,35.91,672,Approved,
APP0005769,C000580,2025-02-07,ACS,23.4,367,Approved,
APP0005770,C003523,2025-04-19,ACS,9.76,697,Approved,
APP0005771,C001565,2025-03-09,ACS,28.82,553,Approved,
APP0005772,C002781,2025-08-31,Nano,295.69,466,Declined,High Existing Exposure
APP0005773,C001032,2025-03-11,ACS,15.33,528,Declined,Fraud Flag
APP0005774,C003998,2025-02-27,Nano,278.83,620,Declined,Policy Rule Failure
APP0005775,C000431,2025-08-10,ACS,11.31,419,Declined,Fraud Flag
APP0005776,C003106,2025-02-05,ACS,20.43,772,Approved,
APP0005777,C003386,2025-08-19,Nano,262.95,596,Approved,
APP0005778,C004104,2025-04-22,Nano,252.47,860,Approved,
APP0005779,C001278,2025-08-21,ACS,13.83,535,Declined,High Existing Exposure
APP0005780,C001720,2025-04-12,ACS,9.96,825,Approved,
APP0005781,C002780,2025-07-11,Nano,102.42,733,Approved,
APP0005782,C001440,2025-01-31,Nano,21.4,753,Approved,
APP0005783,C003683,2025-05-12,ACS,13.44,301,Declined,Low Behavioural Score
APP0005784,C003787,2025-06-19,BNPL,749.95,655,Approved,
APP0005785,C003779,2025-03-22,BNPL,515.39,454,Approved,
APP0005786,C002489,2025-05-22,Nano,59.22,757,Approved,
APP0005787,C003140,2025-09-27,ACS,13.35,723,Approved,
APP0005788,C000897,2025-07-02,BNPL,334.28,463,Approved,
APP0005789,C000989,2025-05-07,ACS,19.73,455,Approved,
APP0005790,C001876,2025-06-30,Nano,42.01,572,Declined,Duplicate Application
APP0005791,C001035,2025-07-01,Nano,224.74,737,Approved,
APP0005792,C004004,2025-04-23,Nano,58.09,470,Approved,
APP0005793,C001289,2025-05-07,ACS,29.25,568,Declined,High Existing Exposure
APP0005794,C004620,2025-02-10,ACS,24.4,535,Declined,Fraud Flag
APP0005795,C002055,2025-01-26,ACS,13.94,753,Approved,
APP0005796,C003802,2025-03-18,Nano,73.46,702,Approved,
APP0005797,C000381,2025-04-20,ACS,20.99,593,Approved,
APP0005798,C003591,2025-07-04,Nano,289.53,362,Declined,Incomplete Data
APP0005799,C002279,2025-02-05,ACS,17.49,592,Approved,
APP0005800,C004059,2025-08-10,Nano,161.4,482,Declined,Incomplete Data
APP0005801,C000905,2025-06-25,ACS,13.78,535,Declined,Incomplete Data
APP0005802,C001003,2025-06-01,ACS,19.97,720,Approved,
APP0005803,C004314,2025-02-25,ACS,29.34,632,Approved,
APP0005804,C002898,2025-04-03,Nano,146.15,564,Declined,Duplicate Application
APP0005805,C002812,2025-03-25,Nano,45.57,671,Declined,Incomplete Data
APP0005806,C002971,2025-06-30,ACS,17.7,417,Approved,
APP0005807,C001789,2025-01-03,Nano,232.37,789,Approved,
APP0005808,C004730,2025-03-18,BNPL,927.13,672,Approved,
APP0005809,C002772,2025-01-12,ACS,23.02,493,Declined,Incomplete Data
APP0005810,C000077,2025-05-11,Nano,252.42,640,Approved,
APP0005811,C001433,2025-03-23,ACS,16.57,784,Approved,
APP0005812,C004853,2025-02-09,Nano,46.6,607,Approved,
APP0005813,C002431,2025-08-13,ACS,6.39,469,Approved,
APP0005814,C003631,2025-05-23,BNPL,261.38,471,Declined,Low Behavioural Score
APP0005815,C000094,2025-02-05,ACS,15.48,660,Approved,
APP0005816,C000113,2025-01-31,BNPL,857.7,699,Approved,
APP0005817,C001023,2025-05-27,Nano,158.6,889,Approved,
APP0005818,C002595,2025-04-19,ACS,13.75,683,Approved,
APP0005819,C003048,2025-05-31,Nano,132.41,635,Approved,
APP0005820,C000349,2025-03-31,ACS,29.11,607,Approved,
APP0005821,C004584,2025-03-21,ACS,15.93,583,Approved,
APP0005822,C003017,2025-07-19,Nano,211.68,688,Approved,
APP0005823,C001758,2025-05-28,Nano,289.13,620,Approved,
APP0005824,C002259,2025-10-16,ACS,21.64,597,Approved,
APP0005825,C002530,2025-03-27,BNPL,597.03,494,Declined,Low Behavioural Score
APP0005826,C003863,2025-02-19,Nano,164.49,687,Approved,
APP0005827,C000465,2025-06-25,Nano,203.35,526,Declined,Policy Rule Failure
APP0005828,C002898,2025-02-24,Nano,176.73,579,Approved,
APP0005829,C002615,2025-06-25,ACS,21.91,472,Declined,High Existing Exposure
APP0005830,C003932,2025-03-28,ACS,19.83,626,Approved,
APP0005831,C001801,2025-05-13,Nano,292.95,735,Approved,
APP0005832,C001844,2025-02-25,Nano,259.93,644,Declined,Incomplete Data
APP0005833,C004037,2025-11-03,BNPL,185.12,713,Approved,
APP0005834,C004285,2025-03-25,ACS,25.69,601,Approved,
APP0005835,C004118,2025-07-11,Nano,70.02,325,Declined,Low Behavioural Score
APP0005836,C004332,2025-06-03,ACS,11.79,650,Declined,High Existing Exposure
APP0005837,C000513,2025-02-23,ACS,10.06,547,Approved,
APP0005838,C003278,2025-01-22,ACS,14.8,872,Approved,
APP0005839,C003441,2025-02-10,BNPL,416.83,795,Approved,
APP0005840,C001319,2025-04-25,Nano,272.58,611,Approved,
APP0005841,C002268,2025-05-22,ACS,18.64,471,Approved,
APP0005842,C004958,2025-07-21,BNPL,389.44,592,Approved,
APP0005843,C000697,2025-06-22,ACS,19.45,685,Approved,
APP0005844,C004089,2025-09-23,ACS,18.32,594,Approved,
APP0005845,C001590,2025-06-06,ACS,29.34,520,Declined,Policy Rule Failure
APP0005846,C004259,2025-04-28,ACS,10.06,695,Approved,
APP0005847,C002674,2025-02-09,ACS,24.11,581,Approved,
APP0005848,C000058,2025-02-16,BNPL,152.6,683,Approved,
APP0005849,C000546,2025-08-28,ACS,14.47,724,Approved,
APP0005850,C004131,2025-07-16,ACS,15.62,738,Approved,
APP0005851,C003958,2025-04-26,ACS,28.45,559,Approved,
APP0005852,C001089,2025-04-27,Nano,51.12,776,Approved,
APP0005853,C003208,2025-04-25,ACS,16.79,786,Approved,
APP0005854,C002542,2025-06-25,Nano,97.37,574,Approved,
APP0005855,C000270,2025-06-04,ACS,5.04,457,Declined,Low Behavioural Score
APP0005856,C003522,2025-03-29,BNPL,180.37,714,Approved,
APP0005857,C000798,2025-05-07,ACS,14.84,665,Approved,
APP0005858,C002052,2025-06-09,ACS,24.43,484,Declined,Low Behavioural Score
APP0005859,C000041,2025-03-24,BNPL,968.89,353,Approved,
APP0005860,C001219,2025-05-09,ACS,17.35,661,Approved,
APP0005861,C004681,2025-03-30,ACS,30.0,710,Approved,
APP0005862,C002501,2025-02-27,ACS,6.07,748,Approved,
APP0005863,C003618,2025-06-24,Nano,26.87,858,Approved,
APP0005864,C001499,2025-05-30,ACS,14.49,690,Approved,
APP0005865,C000217,2025-02-27,Nano,112.23,618,Approved,
APP0005866,C003077,2025-04-27,BNPL,369.31,617,Approved,
APP0005867,C001202,2025-02-07,Nano,266.66,512,Approved,
APP0005868,C000549,2025-04-06,ACS,18.94,662,Approved,
APP0005869,C002472,2025-11-26,Nano,125.23,482,Declined,Low Behavioural Score
APP0005870,C002042,2025-06-20,Nano,27.0,794,Approved,
APP0005871,C000581,2025-06-11,Nano,27.17,708,Approved,
APP0005872,C002959,2025-09-08,ACS,8.13,865,Approved,
APP0005873,C002230,2025-03-18,ACS,11.29,676,Approved,
APP0005874,C004953,2025-04-12,Nano,29.28,630,Approved,
APP0005875,C000445,2025-06-18,ACS,9.6,675,Approved,
APP0005876,C002478,2025-03-23,BNPL,146.11,633,Approved,
APP0005877,C003967,2025-01-12,BNPL,899.23,660,Approved,
APP0005878,C002130,2025-02-09,Nano,176.52,702,Approved,
APP0005879,C001044,2025-06-11,BNPL,475.5,475,Declined,Low Behavioural Score
APP0005880,C004947,2025-04-19,BNPL,414.15,399,Declined,Low Behavioural Score
APP0005881,C001627,2025-03-03,ACS,27.03,476,Declined,Low Behavioural Score
APP0005882,C004627,2025-06-30,ACS,13.77,781,Approved,
APP0005883,C004205,2025-07-04,ACS,15.19,757,Approved,
APP0005884,C003365,2025-04-29,ACS,6.89,563,Declined,High Existing Exposure
APP0005885,C003867,2025-05-10,ACS,26.24,573,Approved,
APP0005886,C002724,2025-04-14,ACS,12.46,840,Approved,
APP0005887,C003345,2025-07-29,ACS,21.67,534,Declined,High Existing Exposure
APP0005888,C001355,2025-03-04,ACS,7.22,645,Declined,Duplicate Application
APP0005889,C000280,2025-07-09,Nano,109.06,898,Approved,
APP0005890,C003120,2025-09-09,BNPL,227.89,663,Approved,
APP0005891,C004016,2025-06-18,ACS,23.74,618,Approved,
APP0005892,C004170,2025-06-03,Nano,224.32,746,Approved,
APP0005893,C003811,2025-10-15,Nano,224.16,420,Declined,High Existing Exposure
APP0005894,C004908,2025-01-15,Nano,81.04,468,Approved,
APP0005895,C002973,2025-02-27,ACS,20.11,732,Approved,
APP0005896,C000855,2025-09-08,Nano,47.3,811,Approved,
APP0005897,C001027,2025-09-28,ACS,9.41,422,Declined,Low Behavioural Score
APP0005898,C001371,2025-01-29,Nano,289.84,485,Declined,Low Behavioural Score
APP0005899,C004878,2025-06-10,ACS,17.71,651,Declined,Duplicate Application
APP0005900,C004423,2025-05-05,BNPL,681.05,690,Approved,
APP0005901,C003629,2025-08-27,Nano,40.96,715,Approved,
APP0005902,C004305,2025-06-26,BNPL,282.35,799,Approved,
APP0005903,C001710,2025-08-19,ACS,27.84,638,Approved,
APP0005904,C003584,2025-10-12,ACS,6.78,701,Approved,
APP0005905,C000834,2025-02-16,Nano,169.35,634,Approved,
APP0005906,C000519,2025-09-22,ACS,25.78,592,Approved,
APP0005907,C003211,2025-04-02,ACS,26.99,715,Approved,
APP0005908,C003532,2025-09-10,ACS,11.66,433,Declined,Fraud Flag
APP0005909,C002976,2025-04-11,ACS,6.98,420,Declined,Low Behavioural Score
APP0005910,C002346,2025-08-21,ACS,11.39,603,Approved,
APP0005911,C003031,2025-04-13,ACS,19.74,345,Declined,Fraud Flag
APP0005912,C001857,2025-06-18,Nano,195.07,472,Approved,
APP0005913,C001470,2025-05-16,BNPL,685.25,733,Approved,
APP0005914,C001254,2025-05-23,ACS,13.22,467,Declined,Fraud Flag
APP0005915,C001822,2025-04-25,ACS,17.66,707,Approved,
APP0005916,C001590,2025-07-15,Nano,107.26,498,Declined,Incomplete Data
APP0005917,C000793,2025-05-01,Nano,269.62,683,Approved,
APP0005918,C002679,2025-04-26,BNPL,112.63,510,Declined,Fraud Flag
APP0005919,C002057,2025-04-26,ACS,13.14,677,Approved,
APP0005920,C000810,2025-03-16,BNPL,783.64,711,Approved,
APP0005921,C004534,2025-08-25,ACS,29.97,537,Declined,High Existing Exposure
APP0005922,C002547,2025-04-15,ACS,14.25,723,Approved,
APP0005923,C000713,2025-06-29,ACS,13.23,624,Approved,
APP0005924,C000242,2025-06-08,BNPL,767.51,413,Declined,High Existing Exposure
APP0005925,C000428,2025-03-15,ACS,26.53,773,Approved,
APP0005926,C002054,2025-04-09,Nano,169.14,589,Approved,
APP0005927,C001212,2025-05-30,Nano,251.43,737,Approved,
APP0005928,C004801,2025-05-12,BNPL,894.84,386,Declined,Low Behavioural Score
APP0005929,C002349,2025-07-24,Nano,112.39,725,Approved,
APP0005930,C003695,2025-03-10,ACS,12.39,518,Approved,
APP0005931,C001223,2025-03-03,Nano,49.06,379,Declined,High Existing Exposure
APP0005932,C000344,2025-03-12,Nano,56.17,814,Approved,
APP0005933,C001675,2025-03-26,BNPL,591.38,385,Declined,Low Behavioural Score
APP0005934,C003440,2025-03-03,ACS,7.66,461,Declined,Policy Rule Failure
APP0005935,C003821,2025-02-08,Nano,225.5,823,Approved,
APP0005936,C000981,2025-09-03,ACS,16.66,555,Declined,High Existing Exposure
APP0005937,C001483,2025-04-17,Nano,261.71,500,Declined,Fraud Flag
APP0005938,C002371,2025-05-26,ACS,21.66,741,Approved,
APP0005939,C001735,2025-03-10,ACS,14.23,752,Approved,
APP0005940,C001471,2025-04-24,ACS,10.78,600,Approved,
APP0005941,C004919,2025-07-20,Nano,124.94,710,Approved,
APP0005942,C004671,2025-05-15,Nano,146.14,563,Approved,
APP0005943,C001782,2025-02-13,ACS,24.27,678,Approved,
APP0005944,C000273,2025-03-21,Nano,108.35,564,Declined,Incomplete Data
APP0005945,C001795,2025-06-17,Nano,66.65,656,Approved,
APP0005946,C004405,2025-06-29,ACS,19.66,748,Approved,
APP0005947,C004497,2025-07-23,ACS,14.74,814,Approved,
APP0005948,C003507,2025-05-08,Nano,127.03,526,Approved,
APP0005949,C003379,2025-01-20,ACS,13.76,779,Approved,
APP0005950,C001814,2025-05-01,Nano,163.87,864,Approved,
APP0005951,C002205,2025-06-04,ACS,16.47,583,Declined,Duplicate Application
APP0005952,C004399,2025-05-04,ACS,28.23,534,Declined,Incomplete Data
APP0005953,C001081,2025-04-27,ACS,11.89,584,Approved,
APP0005954,C002032,2025-03-19,Nano,107.26,545,Approved,
APP0005955,C004387,2025-03-26,ACS,12.86,643,Approved,
APP0005956,C003492,2025-03-15,ACS,28.22,791,Approved,
APP0005957,C000547,2025-01-15,Nano,28.6,625,Approved,
APP0005958,C003940,2025-01-17,BNPL,150.74,806,Declined,Duplicate Application
APP0005959,C000340,2025-02-09,Nano,268.69,748,Approved,
APP0005960,C001432,2025-04-04,ACS,10.55,333,Declined,Incomplete Data
APP0005961,C004600,2025-04-30,Nano,188.33,760,Approved,
APP0005962,C000362,2025-04-13,ACS,15.15,615,Approved,
APP0005963,C000938,2025-03-09,ACS,9.81,637,Declined,Duplicate Application
APP0005964,C004341,2025-03-28,Nano,262.51,641,Approved,
APP0005965,C003349,2025-05-11,ACS,17.77,556,Declined,Fraud Flag
APP0005966,C001157,2025-03-16,ACS,19.1,731,Approved,
APP0005967,C001721,2025-04-22,ACS,5.33,333,Declined,Low Behavioural Score
APP0005968,C004660,2025-01-12,ACS,19.36,463,Declined,High Existing Exposure
APP0005969,C003027,2025-03-06,Nano,55.61,641,Approved,
APP0005970,C001576,2025-02-19,Nano,275.67,341,Declined,Low Behavioural Score
APP0005971,C000722,2025-07-10,ACS,16.28,443,Declined,Low Behavioural Score
APP0005972,C002075,2025-07-29,ACS,29.12,613,Declined,Policy Rule Failure
APP0005973,C001586,2025-01-13,ACS,13.82,816,Approved,
APP0005974,C002152,2025-08-20,Nano,149.78,712,Approved,
APP0005975,C000244,2025-02-06,Nano,25.02,683,Approved,
APP0005976,C002340,2025-08-01,ACS,5.37,593,Declined,Incomplete Data
APP0005977,C001233,2025-04-04,ACS,21.74,317,Declined,Policy Rule Failure
APP0005978,C004814,2025-03-25,Nano,20.81,300,Declined,Low Behavioural Score
APP0005979,C001384,2025-02-09,ACS,28.82,578,Approved,
APP0005980,C001226,2025-03-20,Nano,291.5,487,Declined,Low Behavioural Score
APP0005981,C001511,2025-08-23,Nano,86.1,475,Declined,High Existing Exposure
APP0005982,C003042,2025-02-05,BNPL,830.3,698,Approved,
APP0005983,C003657,2025-09-15,Nano,257.8,895,Approved,
APP0005984,C001471,2025-07-01,ACS,8.3,606,Approved,
APP0005985,C003471,2025-04-22,ACS,25.34,623,Declined,High Existing Exposure
APP0005986,C000655,2025-03-19,Nano,261.71,570,Approved,
APP0005987,C000958,2025-02-28,Nano,124.02,639,Declined,Policy Rule Failure
APP0005988,C001444,2025-12-09,ACS,22.34,426,Approved,
APP0005989,C003497,2025-02-04,Nano,94.63,457,Declined,High Existing Exposure
APP0005990,C002763,2025-03-30,BNPL,617.52,680,Declined,Incomplete Data
APP0005991,C002307,2025-07-03,Nano,176.8,605,Approved,
APP0005992,C003035,2025-06-09,BNPL,208.92,374,Declined,High Existing Exposure
APP0005993,C000982,2025-07-25,ACS,28.27,477,Approved,
APP0005994,C001319,2025-05-13,Nano,282.88,618,Approved,
APP0005995,C003530,2025-03-14,ACS,28.69,554,Declined,Incomplete Data
APP0005996,C004937,2025-04-28,Nano,170.08,619,Declined,High Existing Exposure
APP0005997,C000001,2025-03-23,ACS,11.27,739,Approved,
APP0005998,C001814,2025-06-13,BNPL,765.39,876,Approved,
APP0005999,C004418,2025-03-01,ACS,21.54,717,Approved,
APP0006000,C004161,2025-08-20,Nano,265.09,625,Approved,
APP0006001,C001309,2025-03-17,Nano,258.58,442,Declined,High Existing Exposure
APP0006002,C000176,2025-05-24,ACS,11.96,688,Approved,
APP0006003,C002839,2025-02-09,BNPL,625.6,636,Approved,
APP0006004,C003477,2025-11-06,ACS,15.97,698,Approved,
APP0006005,C001273,2025-01-15,ACS,28.23,807,Approved,
APP0006006,C001518,2025-04-21,Nano,134.49,636,Approved,
APP0006007,C003370,2025-04-19,Nano,37.76,602,Approved,
APP0006008,C002685,2025-09-29,Nano,157.14,513,Approved,
APP0006009,C001412,2025-05-18,Nano,84.5,422,Declined,Low Behavioural Score
APP0006010,C004184,2025-03-04,Nano,22.99,604,Approved,
APP0006011,C004518,2025-05-01,Nano,275.38,321,Declined,Low Behavioural Score
APP0006012,C003625,2025-03-31,ACS,21.82,352,Declined,Low Behavioural Score
APP0006013,C004731,2025-08-02,ACS,7.93,755,Approved,
APP0006014,C001799,2025-03-23,ACS,14.49,489,Declined,Low Behavioural Score
APP0006015,C000555,2025-04-30,BNPL,350.8,753,Approved,
APP0006016,C003663,2025-01-14,BNPL,834.66,764,Approved,
APP0006017,C002802,2025-07-24,ACS,22.42,694,Approved,
APP0006018,C002070,2025-01-12,Nano,50.76,578,Declined,Policy Rule Failure
APP0006019,C001303,2025-01-18,ACS,5.17,857,Approved,
APP0006020,C000318,2025-02-12,Nano,249.56,555,Approved,
APP0006021,C000858,2025-01-18,Nano,281.3,575,Approved,
APP0006022,C003328,2025-05-06,Nano,289.32,502,Declined,High Existing Exposure
APP0006023,C001141,2025-03-25,ACS,7.97,628,Approved,
APP0006024,C004685,2025-02-26,ACS,14.78,614,Approved,
APP0006025,C002367,2025-05-04,ACS,8.06,805,Approved,
APP0006026,C000419,2025-05-29,ACS,28.36,359,Declined,Fraud Flag
APP0006027,C003272,2025-04-11,ACS,16.31,711,Approved,
APP0006028,C003439,2025-04-20,ACS,27.75,572,Approved,
APP0006029,C000898,2025-05-18,ACS,16.35,710,Approved,
APP0006030,C004199,2025-03-02,ACS,7.27,770,Approved,
APP0006031,C003689,2025-01-13,Nano,120.06,638,Approved,
APP0006032,C002984,2025-03-07,ACS,29.29,670,Approved,
APP0006033,C000606,2025-04-13,BNPL,888.86,479,Approved,
APP0006034,C002428,2025-03-08,BNPL,562.45,701,Approved,
APP0006035,C004854,2025-04-20,ACS,13.22,530,Declined,Low Behavioural Score
APP0006036,C001187,2025-02-10,ACS,9.1,759,Approved,
APP0006037,C004680,2025-02-27,Nano,58.6,612,Approved,
APP0006038,C000970,2025-04-04,ACS,8.89,641,Approved,
APP0006039,C003032,2025-09-27,Nano,168.97,693,Approved,
APP0006040,C001982,2025-01-09,ACS,22.49,462,Declined,Low Behavioural Score
APP0006041,C000341,2025-03-23,ACS,12.41,729,Approved,
APP0006042,C003207,2025-03-06,ACS,29.61,674,Declined,Incomplete Data
APP0006043,C002367,2025-04-22,ACS,16.67,783,Approved,
APP0006044,C001574,2025-03-15,Nano,186.76,721,Approved,
APP0006045,C001163,2025-08-14,Nano,170.07,510,Approved,
APP0006046,C002443,2025-08-04,ACS,24.28,642,Approved,
APP0006047,C000530,2025-09-26,Nano,281.98,586,Approved,
APP0006048,C003000,2025-05-29,ACS,26.18,583,Approved,
APP0006049,C000465,2025-03-07,ACS,17.87,538,Declined,Incomplete Data
APP0006050,C001050,2025-04-07,ACS,28.46,530,Declined,Policy Rule Failure
APP0006051,C002547,2025-05-11,Nano,137.25,722,Approved,
APP0006052,C003707,2025-08-22,Nano,40.66,381,Approved,
APP0006053,C001988,2025-05-09,Nano,57.14,492,Declined,Low Behavioural Score
APP0006054,C003144,2025-02-18,ACS,28.8,710,Declined,Fraud Flag
APP0006055,C004659,2025-02-09,ACS,28.5,608,Approved,
APP0006056,C002960,2025-05-06,ACS,27.84,764,Declined,Low Behavioural Score
APP0006057,C003751,2025-03-22,BNPL,776.34,595,Approved,
APP0006058,C002391,2025-02-27,Nano,210.2,640,Approved,
APP0006059,C001300,2025-06-25,BNPL,853.86,612,Approved,
APP0006060,C001825,2025-02-03,ACS,16.13,552,Declined,Low Behavioural Score
APP0006061,C001759,2025-06-22,BNPL,592.61,493,Approved,
APP0006062,C002745,2025-03-28,Nano,271.53,742,Approved,
APP0006063,C000756,2025-05-16,BNPL,151.1,593,Approved,
APP0006064,C003829,2025-08-09,ACS,19.08,641,Declined,Policy Rule Failure
APP0006065,C000763,2025-02-20,BNPL,443.08,486,Declined,Low Behavioural Score
APP0006066,C003531,2025-06-23,Nano,175.56,793,Approved,
APP0006067,C002361,2025-04-25,Nano,288.04,440,Declined,Low Behavioural Score
APP0006068,C003689,2025-04-25,ACS,24.64,628,Approved,
APP0006069,C000876,2025-02-10,ACS,16.91,637,Approved,
APP0006070,C001048,2025-06-07,BNPL,712.73,613,Approved,
APP0006071,C001262,2025-06-07,Nano,177.62,789,Approved,
APP0006072,C003899,2025-03-01,BNPL,277.46,703,Approved,
APP0006073,C001327,2025-06-18,ACS,16.4,646,Approved,
APP0006074,C001678,2025-05-18,Nano,51.05,754,Approved,
APP0006075,C000699,2025-03-21,Nano,147.78,763,Declined,Policy Rule Failure
APP0006076,C001166,2025-07-01,ACS,15.99,555,Approved,
APP0006077,C004281,2025-03-08,ACS,22.46,609,Approved,
APP0006078,C000608,2025-07-04,ACS,11.74,757,Approved,
APP0006079,C004562,2025-01-21,ACS,14.83,776,Approved,
APP0006080,C004152,2025-04-14,ACS,15.29,685,Approved,
APP0006081,C004741,2025-03-09,ACS,9.29,601,Approved,
APP0006082,C003116,2025-03-03,Nano,225.1,699,Approved,
APP0006083,C003421,2025-02-16,Nano,207.4,679,Approved,
APP0006084,C004207,2025-01-21,Nano,132.22,720,Approved,
APP0006085,C003548,2025-02-11,Nano,64.35,544,Approved,
APP0006086,C002808,2025-02-08,ACS,24.68,775,Approved,
APP0006087,C002106,2025-04-19,BNPL,723.64,623,Approved,
APP0006088,C004302,2025-01-12,ACS,21.6,684,Approved,
APP0006089,C001581,2025-10-31,ACS,28.64,653,Approved,
APP0006090,C002783,2025-02-09,BNPL,823.21,590,Approved,
APP0006091,C000302,2025-07-09,Nano,271.64,586,Approved,
APP0006092,C003230,2025-01-05,Nano,232.93,773,Approved,
APP0006093,C000660,2025-02-01,Nano,228.74,664,Approved,
APP0006094,C000282,2025-05-18,BNPL,782.56,710,Approved,
APP0006095,C001483,2025-07-31,ACS,28.63,504,Declined,Fraud Flag
APP0006096,C003349,2025-06-23,BNPL,572.49,570,Approved,
APP0006097,C004120,2025-08-06,BNPL,469.45,492,Approved,
APP0006098,C002989,2025-02-17,ACS,29.03,650,Approved,
APP0006099,C003271,2025-05-27,ACS,29.22,556,Approved,
APP0006100,C001211,2025-07-23,Nano,264.28,654,Declined,Policy Rule Failure
APP0006101,C000534,2025-06-24,BNPL,617.21,810,Approved,
APP0006102,C000564,2025-07-29,Nano,195.48,557,Declined,Policy Rule Failure
APP0006103,C000376,2025-03-14,Nano,145.65,734,Declined,Incomplete Data
APP0006104,C001736,2025-02-15,ACS,10.26,795,Approved,
APP0006105,C003740,2025-03-02,Nano,48.31,558,Approved,
APP0006106,C000301,2025-05-15,Nano,23.46,454,Declined,Low Behavioural Score
APP0006107,C001734,2025-02-22,ACS,10.32,500,Approved,
APP0006108,C003005,2025-03-03,BNPL,584.57,668,Approved,
APP0006109,C000299,2025-02-13,ACS,27.54,557,Approved,
APP0006110,C002730,2025-03-06,Nano,136.32,615,Declined,Low Behavioural Score
APP0006111,C001988,2025-07-06,Nano,199.44,506,Approved,
APP0006112,C004590,2025-02-21,Nano,149.53,619,Approved,
APP0006113,C002482,2025-06-09,ACS,5.34,554,Approved,
APP0006114,C002588,2025-02-21,BNPL,484.84,570,Declined,High Existing Exposure
APP0006115,C004252,2025-07-10,ACS,14.27,475,Approved,
APP0006116,C003649,2025-04-07,Nano,108.63,313,Approved,
APP0006117,C002740,2025-04-22,Nano,105.61,760,Approved,
APP0006118,C003320,2025-11-05,ACS,8.81,302,Declined,Low Behavioural Score
APP0006119,C002019,2025-09-05,ACS,19.59,632,Approved,
APP0006120,C003499,2025-04-09,ACS,25.08,437,Declined,Incomplete Data
APP0006121,C001544,2025-01-14,ACS,25.82,784,Approved,
APP0006122,C001569,2025-03-05,BNPL,341.61,678,Approved,
APP0006123,C004143,2025-05-17,ACS,12.17,587,Approved,
APP0006124,C002077,2025-10-26,Nano,99.57,546,Declined,Duplicate Application
APP0006125,C002657,2025-05-09,ACS,9.02,508,Declined,Duplicate Application
APP0006126,C000599,2025-06-08,ACS,20.6,405,Declined,Duplicate Application
APP0006127,C001719,2025-03-21,ACS,8.66,638,Approved,
APP0006128,C003253,2025-07-23,BNPL,458.33,630,Approved,
APP0006129,C002652,2025-10-15,ACS,18.57,772,Approved,
APP0006130,C001513,2025-06-18,Nano,209.64,603,Declined,Incomplete Data
APP0006131,C000150,2025-01-12,ACS,29.18,697,Approved,
APP0006132,C002744,2025-03-17,ACS,25.43,678,Approved,
APP0006133,C001745,2025-04-19,Nano,130.26,560,Approved,
APP0006134,C004608,2025-03-15,ACS,25.72,677,Approved,
APP0006135,C000219,2025-05-26,BNPL,352.61,300,Declined,Policy Rule Failure
APP0006136,C003415,2025-02-01,BNPL,710.81,464,Declined,Incomplete Data
APP0006137,C001916,2025-07-30,Nano,77.71,736,Approved,
APP0006138,C001339,2025-05-11,ACS,15.92,635,Approved,
APP0006139,C003570,2025-03-29,Nano,191.95,740,Approved,
APP0006140,C002574,2025-08-31,BNPL,830.67,536,Approved,
APP0006141,C000374,2025-06-19,Nano,280.71,485,Declined,Duplicate Application
APP0006142,C003011,2025-02-01,ACS,29.49,678,Approved,
APP0006143,C000893,2025-02-05,ACS,26.16,716,Approved,
APP0006144,C004251,2025-07-15,ACS,9.8,738,Approved,
APP0006145,C001207,2025-06-27,Nano,258.16,706,Approved,
APP0006146,C003969,2025-02-17,ACS,19.64,504,Declined,Low Behavioural Score
APP0006147,C001646,2025-06-18,ACS,14.34,490,Declined,Incomplete Data
APP0006148,C001577,2025-09-16,Nano,104.82,552,Approved,
APP0006149,C000011,2025-02-03,Nano,221.98,707,Approved,
APP0006150,C004599,2025-04-23,Nano,140.51,645,Approved,
APP0006151,C002761,2025-07-10,ACS,26.58,763,Approved,
APP0006152,C000737,2025-04-17,Nano,284.86,623,Approved,
APP0006153,C000173,2025-05-06,ACS,27.26,740,Approved,
APP0006154,C001381,2025-06-05,Nano,149.94,706,Approved,
APP0006155,C002464,2025-02-08,ACS,27.07,343,Declined,Duplicate Application
APP0006156,C000170,2025-03-31,BNPL,638.69,521,Approved,
APP0006157,C001805,2025-10-29,Nano,71.57,577,Approved,
APP0006158,C001557,2025-01-14,Nano,44.68,483,Declined,Low Behavioural Score
APP0006159,C004365,2025-05-18,BNPL,140.18,460,Declined,Incomplete Data
APP0006160,C002071,2025-05-11,ACS,6.04,794,Approved,
APP0006161,C000523,2025-04-08,Nano,248.75,372,Declined,Low Behavioural Score
APP0006162,C001207,2025-03-17,BNPL,218.96,706,Approved,
APP0006163,C004132,2025-02-14,BNPL,898.1,878,Approved,
APP0006164,C000064,2025-07-25,ACS,12.34,340,Declined,Low Behavioural Score
APP0006165,C000666,2025-03-20,Nano,297.93,661,Approved,
APP0006166,C000053,2025-01-08,ACS,15.94,628,Approved,
APP0006167,C000247,2025-04-15,Nano,62.27,409,Approved,
APP0006168,C004620,2025-09-01,ACS,10.69,506,Declined,Duplicate Application
APP0006169,C004954,2025-05-07,ACS,10.34,697,Approved,
APP0006170,C003675,2025-02-19,BNPL,246.39,698,Approved,
APP0006171,C000460,2025-03-10,BNPL,816.39,620,Approved,
APP0006172,C003492,2025-04-01,BNPL,228.64,805,Approved,
APP0006173,C003864,2025-03-24,ACS,17.13,668,Approved,
APP0006174,C003929,2025-03-12,ACS,25.52,775,Approved,
APP0006175,C003736,2025-04-23,Nano,188.9,695,Approved,
APP0006176,C003471,2025-05-21,ACS,23.77,614,Approved,
APP0006177,C002212,2025-07-07,Nano,50.59,414,Declined,Low Behavioural Score
APP0006178,C000308,2025-02-25,Nano,251.9,531,Approved,
APP0006179,C004120,2025-06-07,Nano,187.39,479,Declined,Policy Rule Failure
APP0006180,C004629,2025-02-09,Nano,21.26,724,Approved,
APP0006181,C002501,2025-05-06,ACS,25.58,754,Approved,
APP0006182,C002145,2025-03-28,ACS,21.42,665,Approved,
APP0006183,C004589,2025-02-24,BNPL,114.19,599,Declined,Duplicate Application
APP0006184,C002268,2025-01-04,ACS,24.66,477,Declined,Incomplete Data
APP0006185,C001854,2025-03-09,ACS,29.69,761,Approved,
APP0006186,C004433,2025-02-25,ACS,21.24,768,Approved,
APP0006187,C004635,2025-07-23,ACS,26.17,519,Approved,
APP0006188,C001023,2025-02-25,ACS,26.5,899,Approved,
APP0006189,C001377,2025-08-19,Nano,298.73,714,Approved,
APP0006190,C001565,2025-06-11,Nano,91.08,544,Approved,
APP0006191,C000799,2025-05-17,ACS,16.96,700,Approved,
APP0006192,C004276,2025-03-19,Nano,131.87,703,Approved,
APP0006193,C004870,2025-04-14,ACS,22.5,495,Declined,Low Behavioural Score
APP0006194,C002599,2025-03-09,Nano,197.65,564,Approved,
APP0006195,C003557,2025-07-02,ACS,16.36,639,Approved,
APP0006196,C002101,2025-04-22,ACS,28.25,481,Approved,
APP0006197,C004978,2025-02-02,ACS,27.57,584,Approved,
APP0006198,C004773,2025-04-24,Nano,56.48,634,Approved,
APP0006199,C003748,2025-02-08,Nano,147.22,615,Declined,Fraud Flag
APP0006200,C004444,2025-09-04,Nano,21.92,498,Approved,
APP0006201,C000674,2025-06-08,BNPL,629.7,754,Approved,
APP0006202,C004437,2025-02-09,ACS,26.58,523,Approved,
APP0006203,C002134,2025-02-04,ACS,20.63,710,Approved,
APP0006204,C001062,2025-03-21,ACS,13.0,578,Declined,Incomplete Data
APP0006205,C004657,2025-02-25,ACS,27.95,878,Approved,
APP0006206,C004220,2025-08-03,ACS,26.38,359,Declined,Low Behavioural Score
APP0006207,C000675,2025-01-21,Nano,266.92,713,Approved,
APP0006208,C003284,2025-03-13,ACS,23.49,484,Declined,Low Behavioural Score
APP0006209,C004411,2025-02-22,ACS,7.16,675,Approved,
APP0006210,C003458,2025-07-22,ACS,19.58,726,Approved,
APP0006211,C002411,2025-07-10,ACS,18.89,653,Approved,
APP0006212,C000240,2025-08-19,Nano,280.77,588,Approved,
APP0006213,C002480,2025-06-27,Nano,244.47,633,Approved,
APP0006214,C002779,2025-02-21,ACS,11.12,551,Approved,
APP0006215,C004215,2025-02-02,BNPL,781.78,642,Approved,
APP0006216,C001093,2025-08-07,Nano,125.3,567,Approved,
APP0006217,C001033,2025-04-03,ACS,14.5,812,Approved,
APP0006218,C004636,2025-06-25,ACS,27.82,658,Approved,
APP0006219,C004190,2025-07-21,ACS,7.0,770,Approved,
APP0006220,C002809,2025-03-21,Nano,67.61,722,Approved,
APP0006221,C002230,2025-06-09,ACS,15.36,681,Approved,
APP0006222,C003087,2025-03-17,ACS,16.09,579,Declined,Incomplete Data
APP0006223,C000762,2025-12-16,BNPL,917.76,718,Approved,
APP0006224,C001217,2025-01-19,BNPL,669.81,758,Approved,
APP0006225,C002709,2025-05-01,Nano,180.25,680,Approved,
APP0006226,C002107,2025-02-19,Nano,220.8,661,Approved,
APP0006227,C000891,2025-05-05,ACS,6.65,481,Declined,Low Behavioural Score
APP0006228,C002648,2025-04-22,Nano,167.79,600,Approved,
APP0006229,C003266,2025-04-29,BNPL,716.96,658,Approved,
APP0006230,C004061,2025-02-25,Nano,258.85,491,Declined,Low Behavioural Score
APP0006231,C003150,2025-10-03,Nano,24.61,540,Declined,Duplicate Application
APP0006232,C003058,2025-04-07,Nano,94.11,612,Approved,
APP0006233,C002784,2025-06-09,ACS,10.34,708,Approved,
APP0006234,C000566,2025-04-30,ACS,26.56,677,Declined,Duplicate Application
APP0006235,C001922,2025-04-17,Nano,130.34,643,Declined,High Existing Exposure
APP0006236,C002254,2025-05-25,ACS,28.71,333,Declined,Low Behavioural Score
APP0006237,C002620,2025-09-05,ACS,24.05,821,Approved,
APP0006238,C001478,2025-01-16,Nano,261.48,729,Approved,
APP0006239,C003721,2025-04-03,Nano,254.55,703,Approved,
APP0006240,C002695,2025-01-06,Nano,64.22,616,Approved,
APP0006241,C001529,2025-04-26,ACS,6.23,709,Approved,
APP0006242,C002350,2025-08-13,ACS,19.65,454,Approved,
APP0006243,C003550,2025-04-06,BNPL,164.75,521,Declined,Fraud Flag
APP0006244,C000112,2025-04-30,ACS,19.28,493,Approved,
APP0006245,C001706,2025-07-10,Nano,86.16,621,Approved,
APP0006246,C001038,2025-08-20,ACS,28.71,598,Approved,
APP0006247,C001608,2025-04-03,ACS,16.14,585,Approved,
APP0006248,C003301,2025-05-29,ACS,20.69,661,Approved,
APP0006249,C001068,2025-03-26,Nano,187.06,684,Approved,
APP0006250,C002722,2025-02-20,ACS,28.08,305,Declined,Low Behavioural Score
APP0006251,C001886,2025-01-29,ACS,25.56,578,Approved,
APP0006252,C000267,2025-09-12,Nano,241.78,614,Approved,
APP0006253,C004428,2025-06-22,Nano,109.77,510,Declined,High Existing Exposure
APP0006254,C002989,2025-07-20,Nano,117.62,660,Approved,
APP0006255,C001486,2025-04-01,Nano,125.25,688,Approved,
APP0006256,C002517,2025-07-31,ACS,14.28,640,Declined,Low Behavioural Score
APP0006257,C004936,2025-02-25,ACS,27.05,445,Declined,Low Behavioural Score
APP0006258,C000752,2025-07-08,ACS,17.11,524,Declined,Incomplete Data
APP0006259,C004259,2025-03-19,ACS,21.64,693,Approved,
APP0006260,C000010,2025-04-12,ACS,10.66,611,Approved,
APP0006261,C004321,2025-01-19,BNPL,988.17,574,Approved,
APP0006262,C001678,2025-08-10,ACS,29.04,745,Approved,
APP0006263,C001481,2025-04-22,Nano,189.1,667,Approved,
APP0006264,C003899,2025-02-10,ACS,28.02,700,Approved,
APP0006265,C000819,2025-06-08,Nano,253.57,456,Declined,Duplicate Application
APP0006266,C000666,2025-03-06,Nano,46.12,675,Approved,
APP0006267,C002334,2025-03-01,Nano,291.59,683,Approved,
APP0006268,C004723,2025-08-09,ACS,12.53,736,Approved,
APP0006269,C001658,2025-02-12,ACS,10.12,587,Approved,
APP0006270,C002713,2025-03-26,ACS,29.76,704,Approved,
APP0006271,C001990,2025-03-14,ACS,7.56,655,Declined,Incomplete Data
APP0006272,C003792,2025-01-26,ACS,21.04,787,Approved,
APP0006273,C004497,2025-02-10,BNPL,939.34,812,Approved,
APP0006274,C004885,2025-06-02,ACS,29.78,719,Approved,
APP0006275,C001346,2025-02-10,Nano,264.59,547,Approved,
APP0006276,C001314,2025-04-09,BNPL,910.41,533,Declined,Duplicate Application
APP0006277,C004623,2025-04-23,BNPL,531.05,891,Approved,
APP0006278,C002915,2025-06-01,Nano,287.85,506,Declined,Duplicate Application
APP0006279,C001641,2025-05-26,ACS,9.86,751,Approved,
APP0006280,C001704,2025-05-03,Nano,91.46,649,Approved,
APP0006281,C000883,2025-07-06,BNPL,289.54,726,Approved,
APP0006282,C000423,2025-04-24,Nano,214.65,630,Approved,
APP0006283,C001734,2025-02-21,ACS,5.86,503,Declined,Incomplete Data
APP0006284,C003968,2025-04-17,ACS,10.62,639,Approved,
APP0006285,C003298,2025-04-28,Nano,146.59,476,Approved,
APP0006286,C000061,2025-03-30,ACS,14.11,736,Approved,
APP0006287,C000224,2025-06-26,ACS,5.1,760,Approved,
APP0006288,C004345,2025-05-30,Nano,84.74,654,Approved,
APP0006289,C003968,2025-02-17,ACS,6.34,621,Approved,
APP0006290,C003973,2025-01-11,ACS,10.82,319,Declined,Fraud Flag
APP0006291,C004309,2025-07-30,Nano,163.91,644,Approved,
APP0006292,C003193,2025-05-31,ACS,14.04,485,Declined,Low Behavioural Score
APP0006293,C001689,2025-02-27,BNPL,842.47,626,Approved,
APP0006294,C002956,2025-08-30,BNPL,440.5,594,Declined,Duplicate Application
APP0006295,C003211,2025-05-25,BNPL,459.47,729,Approved,
APP0006296,C004229,2025-04-24,ACS,12.88,781,Approved,
APP0006297,C002659,2025-03-10,ACS,8.91,723,Approved,
APP0006298,C000279,2025-05-14,ACS,10.05,434,Declined,Duplicate Application
APP0006299,C003113,2025-09-20,BNPL,934.37,396,Declined,Incomplete Data
APP0006300,C003682,2025-08-06,BNPL,557.51,513,Approved,
APP0006301,C004728,2025-04-25,ACS,27.81,492,Declined,Low Behavioural Score
APP0006302,C000903,2025-03-24,ACS,19.97,676,Approved,
APP0006303,C004302,2025-03-23,ACS,13.61,686,Approved,
APP0006304,C000102,2025-04-02,ACS,29.73,753,Approved,
APP0006305,C003653,2025-10-28,ACS,6.68,544,Declined,Fraud Flag
APP0006306,C001562,2025-03-27,ACS,28.11,595,Declined,Incomplete Data
APP0006307,C000588,2025-03-09,Nano,137.32,830,Approved,
APP0006308,C001636,2025-07-15,Nano,241.67,608,Approved,
APP0006309,C002760,2025-05-06,ACS,25.09,554,Approved,
APP0006310,C000964,2025-07-25,ACS,12.67,704,Approved,
APP0006311,C002753,2025-08-02,Nano,42.14,697,Approved,
APP0006312,C003555,2025-04-27,Nano,240.67,772,Approved,
APP0006313,C004381,2025-10-24,ACS,23.39,566,Declined,Duplicate Application
APP0006314,C002795,2025-08-22,ACS,11.64,515,Approved,
APP0006315,C003008,2025-08-28,BNPL,861.94,618,Approved,
APP0006316,C004601,2025-05-18,ACS,18.82,749,Approved,
APP0006317,C000174,2025-08-26,Nano,233.79,541,Approved,
APP0006318,C003809,2025-01-22,Nano,153.04,672,Approved,
APP0006319,C004888,2025-02-05,Nano,45.82,769,Approved,
APP0006320,C004131,2025-05-14,ACS,7.14,749,Approved,
APP0006321,C004614,2025-04-02,Nano,208.5,483,Approved,
APP0006322,C004513,2025-05-11,Nano,299.71,610,Approved,
APP0006323,C002945,2025-04-14,ACS,24.38,651,Declined,Incomplete Data
APP0006324,C004032,2025-02-18,Nano,148.95,678,Approved,
APP0006325,C001821,2025-02-21,Nano,265.2,721,Approved,
APP0006326,C000591,2025-08-22,Nano,156.02,373,Declined,Low Behavioural Score
APP0006327,C000425,2025-02-05,ACS,19.19,629,Approved,
APP0006328,C000928,2025-07-02,ACS,13.35,761,Declined,High Existing Exposure
APP0006329,C003621,2025-04-27,ACS,21.97,593,Approved,
APP0006330,C002010,2025-06-21,ACS,19.25,585,Declined,Duplicate Application
APP0006331,C004058,2025-06-04,BNPL,946.37,602,Approved,
APP0006332,C001661,2025-04-22,ACS,14.9,717,Approved,
APP0006333,C003955,2025-09-18,ACS,17.32,858,Approved,
APP0006334,C004428,2025-05-10,Nano,68.49,508,Declined,High Existing Exposure
APP0006335,C001635,2025-02-25,BNPL,794.67,635,Approved,
APP0006336,C002621,2025-06-23,ACS,29.58,703,Approved,
APP0006337,C002683,2025-05-24,BNPL,980.46,367,Declined,Low Behavioural Score
APP0006338,C004380,2025-06-23,BNPL,529.69,665,Approved,
APP0006339,C001875,2025-06-18,ACS,18.24,655,Approved,
APP0006340,C001936,2025-09-25,Nano,103.88,645,Declined,Low Behavioural Score
APP0006341,C003878,2025-06-06,Nano,291.79,451,Declined,Low Behavioural Score
APP0006342,C004533,2025-06-05,ACS,7.89,634,Approved,
APP0006343,C000142,2025-01-29,BNPL,800.14,793,Approved,
APP0006344,C000359,2025-04-21,Nano,176.84,644,Approved,
APP0006345,C004667,2025-02-20,Nano,200.69,447,Declined,Fraud Flag
APP0006346,C002228,2025-08-11,Nano,197.08,619,Approved,
APP0006347,C002796,2025-07-01,ACS,15.91,616,Declined,Low Behavioural Score
APP0006348,C004506,2025-02-27,Nano,165.7,634,Approved,
APP0006349,C001985,2025-06-04,BNPL,727.72,498,Declined,Low Behavioural Score
APP0006350,C002249,2025-02-18,Nano,286.29,618,Declined,High Existing Exposure
APP0006351,C004236,2025-08-23,Nano,134.35,544,Declined,Policy Rule Failure
APP0006352,C003664,2025-07-14,Nano,144.83,662,Approved,
APP0006353,C003469,2025-02-08,Nano,69.17,543,Approved,
APP0006354,C001805,2025-05-30,ACS,21.83,558,Approved,
APP0006355,C003509,2025-07-03,ACS,27.96,491,Declined,Policy Rule Failure
APP0006356,C004147,2025-06-05,ACS,18.31,643,Approved,
APP0006357,C004566,2025-02-08,BNPL,315.69,632,Approved,
APP0006358,C003158,2025-04-25,Nano,149.66,655,Approved,
APP0006359,C004359,2025-03-04,ACS,16.86,511,Declined,Duplicate Application
APP0006360,C004060,2025-05-08,ACS,10.93,476,Approved,
APP0006361,C003658,2025-06-14,ACS,18.93,559,Approved,
APP0006362,C002683,2025-01-13,BNPL,654.72,362,Declined,Fraud Flag
APP0006363,C002175,2025-05-29,ACS,11.36,827,Approved,
APP0006364,C003189,2025-02-14,Nano,147.02,377,Declined,Fraud Flag
APP0006365,C004427,2025-03-28,Nano,202.3,531,Approved,
APP0006366,C002644,2025-01-29,Nano,274.2,545,Approved,
APP0006367,C003500,2025-10-05,ACS,7.24,776,Approved,
APP0006368,C002837,2025-04-06,ACS,27.44,712,Approved,
APP0006369,C003244,2025-09-14,ACS,8.34,490,Declined,Duplicate Application
APP0006370,C003446,2025-06-16,ACS,17.34,453,Approved,
APP0006371,C000261,2025-03-01,ACS,27.01,734,Approved,
APP0006372,C000605,2025-03-26,Nano,277.63,644,Approved,
APP0006373,C000195,2025-03-12,ACS,24.77,403,Declined,Low Behavioural Score
APP0006374,C003843,2025-03-31,Nano,46.21,728,Approved,
APP0006375,C004477,2025-07-13,BNPL,383.13,663,Approved,
APP0006376,C001777,2025-06-22,Nano,74.06,391,Declined,Low Behavioural Score
APP0006377,C000379,2025-02-11,BNPL,568.77,602,Approved,
APP0006378,C000063,2025-01-12,Nano,129.43,763,Approved,
APP0006379,C002225,2025-05-05,Nano,277.2,400,Declined,Low Behavioural Score
APP0006380,C003219,2025-03-25,ACS,10.97,604,Approved,
APP0006381,C001666,2025-03-13,Nano,257.38,583,Declined,Fraud Flag
APP0006382,C003069,2025-03-16,Nano,120.21,452,Declined,High Existing Exposure
APP0006383,C000768,2025-02-11,ACS,26.78,682,Approved,
APP0006384,C003630,2025-08-29,Nano,92.18,656,Declined,Duplicate Application
APP0006385,C001653,2025-02-08,ACS,15.46,659,Approved,
APP0006386,C004992,2025-06-21,BNPL,446.04,457,Declined,Low Behavioural Score
APP0006387,C003848,2025-06-21,ACS,24.05,544,Declined,Low Behavioural Score
APP0006388,C002308,2025-05-03,ACS,20.52,798,Approved,
APP0006389,C004733,2025-02-05,ACS,28.56,474,Declined,Duplicate Application
APP0006390,C004867,2025-08-30,Nano,64.59,680,Approved,
APP0006391,C000987,2025-09-01,ACS,30.0,531,Declined,High Existing Exposure
APP0006392,C002889,2025-04-20,ACS,7.25,784,Approved,
APP0006393,C003273,2025-02-23,ACS,18.38,708,Approved,
APP0006394,C001790,2025-07-21,ACS,10.18,476,Declined,Incomplete Data
APP0006395,C004996,2025-07-09,ACS,17.02,785,Approved,
APP0006396,C003389,2025-05-18,BNPL,787.13,668,Approved,
APP0006397,C003808,2025-05-28,Nano,154.07,555,Approved,
APP0006398,C000983,2025-05-01,Nano,259.75,520,Declined,Low Behavioural Score
APP0006399,C004511,2025-05-01,ACS,22.64,822,Approved,
APP0006400,C004832,2025-07-17,BNPL,560.25,688,Approved,
APP0006401,C004522,2025-05-12,Nano,283.98,703,Approved,
APP0006402,C002206,2025-07-13,BNPL,828.16,677,Approved,
APP0006403,C004672,2025-04-22,Nano,286.13,498,Declined,Low Behavioural Score
APP0006404,C000054,2025-05-15,Nano,171.3,620,Declined,High Existing Exposure
APP0006405,C001019,2025-04-09,Nano,281.71,524,Approved,
APP0006406,C003277,2025-02-09,Nano,59.98,604,Approved,
APP0006407,C003864,2025-04-21,ACS,28.47,669,Approved,
APP0006408,C000602,2025-07-31,ACS,17.73,722,Approved,
APP0006409,C001467,2025-08-31,ACS,5.12,636,Approved,
APP0006410,C000445,2025-03-04,Nano,246.96,686,Approved,
APP0006411,C000519,2025-08-29,ACS,27.32,581,Approved,
APP0006412,C000118,2025-02-08,BNPL,602.8,692,Approved,
APP0006413,C004957,2025-02-07,Nano,144.84,463,Declined,Low Behavioural Score
APP0006414,C004415,2025-03-02,Nano,266.02,337,Declined,Low Behavioural Score
APP0006415,C003043,2025-05-30,Nano,34.37,498,Declined,Fraud Flag
APP0006416,C000169,2025-03-20,Nano,257.49,701,Approved,
APP0006417,C003652,2025-07-07,BNPL,736.83,519,Declined,Low Behavioural Score
APP0006418,C002687,2025-03-26,Nano,188.62,729,Approved,
APP0006419,C003882,2025-01-27,BNPL,627.91,515,Declined,Duplicate Application
APP0006420,C002448,2025-04-23,Nano,97.14,576,Declined,Fraud Flag
APP0006421,C000043,2025-08-14,Nano,75.33,581,Approved,
APP0006422,C004556,2025-05-20,ACS,19.57,588,Approved,
APP0006423,C004399,2025-03-07,Nano,118.69,531,Declined,Fraud Flag
APP0006424,C004556,2025-02-14,ACS,11.44,580,Approved,
APP0006425,C003308,2025-02-07,ACS,19.36,474,Declined,Incomplete Data
APP0006426,C004605,2025-08-02,ACS,18.56,718,Approved,
APP0006427,C000357,2025-05-13,ACS,13.13,558,Declined,Incomplete Data
APP0006428,C002001,2025-02-27,Nano,199.32,639,Approved,
APP0006429,C001601,2025-03-03,ACS,6.2,742,Approved,
APP0006430,C002368,2025-01-19,BNPL,920.36,459,Declined,Low Behavioural Score
APP0006431,C000208,2025-05-16,ACS,8.5,534,Approved,
APP0006432,C004129,2025-03-28,ACS,27.03,736,Approved,
APP0006433,C001495,2025-07-03,BNPL,510.14,577,Declined,Fraud Flag
APP0006434,C000601,2025-08-02,BNPL,792.31,738,Approved,
APP0006435,C000989,2025-08-03,ACS,21.02,461,Declined,Low Behavioural Score
APP0006436,C000573,2025-02-23,BNPL,587.31,596,Approved,
APP0006437,C003432,2025-02-21,Nano,263.05,630,Approved,
APP0006438,C004609,2025-03-30,Nano,67.25,706,Approved,
APP0006439,C000419,2025-07-27,BNPL,988.89,352,Declined,Duplicate Application
APP0006440,C000148,2025-10-20,Nano,248.61,442,Declined,Incomplete Data
APP0006441,C004402,2025-03-31,ACS,28.27,540,Declined,Policy Rule Failure
APP0006442,C001915,2025-01-16,ACS,29.21,865,Approved,
APP0006443,C000603,2025-04-25,ACS,9.9,775,Approved,
APP0006444,C000975,2025-07-01,ACS,29.3,630,Approved,
APP0006445,C003383,2025-07-23,Nano,180.17,474,Approved,
APP0006446,C000420,2025-01-26,ACS,19.94,697,Approved,
APP0006447,C002013,2025-07-23,Nano,99.52,788,Approved,
APP0006448,C004870,2025-08-24,Nano,73.41,504,Approved,
APP0006449,C002155,2025-02-08,Nano,68.51,800,Approved,
APP0006450,C000830,2025-06-29,Nano,28.9,571,Declined,Fraud Flag
APP0006451,C003795,2025-02-06,Nano,121.97,464,Approved,
APP0006452,C002160,2025-07-16,ACS,25.48,860,Approved,
APP0006453,C001990,2025-08-30,Nano,226.62,647,Approved,
APP0006454,C001281,2025-02-09,ACS,5.8,445,Declined,Low Behavioural Score
APP0006455,C003766,2025-01-30,Nano,247.13,633,Approved,
APP0006456,C002456,2025-05-22,Nano,176.04,790,Approved,
APP0006457,C002420,2025-06-27,BNPL,365.4,488,Declined,Incomplete Data
APP0006458,C003835,2025-03-30,ACS,17.41,716,Approved,
APP0006459,C001815,2025-04-25,ACS,5.48,700,Approved,
APP0006460,C003299,2025-06-22,BNPL,498.23,680,Approved,
APP0006461,C000861,2025-03-17,ACS,12.23,627,Approved,
APP0006462,C002859,2025-08-13,Nano,191.84,710,Declined,Low Behavioural Score
APP0006463,C002144,2025-02-03,BNPL,818.39,451,Declined,Incomplete Data
APP0006464,C002554,2025-07-15,Nano,169.44,608,Approved,
APP0006465,C001826,2025-03-19,ACS,20.59,507,Approved,
APP0006466,C000660,2025-06-04,ACS,29.47,664,Approved,
APP0006467,C004603,2025-02-24,ACS,23.3,705,Approved,
APP0006468,C002013,2025-04-15,Nano,75.43,801,Approved,
APP0006469,C003737,2025-01-02,BNPL,967.03,572,Declined,Duplicate Application
APP0006470,C004527,2025-05-07,ACS,11.24,727,Approved,
APP0006471,C002218,2025-02-25,ACS,17.28,675,Approved,
APP0006472,C004103,2025-05-24,Nano,251.73,776,Approved,
APP0006473,C002196,2025-09-22,BNPL,566.56,545,Approved,
APP0006474,C000324,2025-01-30,BNPL,824.73,571,Approved,
APP0006475,C004412,2025-02-25,Nano,193.96,318,Declined,Low Behavioural Score
APP0006476,C004203,2025-06-22,ACS,24.77,721,Approved,
APP0006477,C002831,2025-02-25,ACS,13.85,664,Declined,Incomplete Data
APP0006478,C004141,2025-06-05,Nano,293.61,662,Approved,
APP0006479,C003347,2025-04-12,ACS,16.54,780,Approved,
APP0006480,C004010,2025-01-06,ACS,18.02,648,Approved,
APP0006481,C000284,2025-05-24,ACS,16.49,885,Approved,
APP0006482,C004075,2025-04-20,ACS,7.75,574,Approved,
APP0006483,C001072,2025-03-22,Nano,52.51,488,Declined,Low Behavioural Score
APP0006484,C004916,2025-04-29,Nano,33.5,519,Declined,Fraud Flag
APP0006485,C004832,2025-06-12,ACS,24.16,688,Approved,
APP0006486,C000277,2025-01-22,BNPL,255.68,713,Approved,
APP0006487,C003259,2025-07-06,Nano,241.13,356,Declined,Fraud Flag
APP0006488,C001920,2025-03-14,Nano,277.13,571,Approved,
APP0006489,C001275,2025-04-09,Nano,82.17,337,Declined,High Existing Exposure
APP0006490,C004843,2025-05-26,ACS,8.95,707,Approved,
APP0006491,C002008,2025-10-15,BNPL,878.26,755,Approved,
APP0006492,C002764,2025-01-26,Nano,294.24,744,Approved,
APP0006493,C001568,2025-04-07,ACS,25.99,752,Approved,
APP0006494,C003412,2025-08-15,ACS,13.68,506,Declined,Low Behavioural Score
APP0006495,C001263,2025-01-02,BNPL,577.07,696,Approved,
APP0006496,C001810,2025-03-21,BNPL,369.37,736,Approved,
APP0006497,C003526,2025-05-02,Nano,171.98,501,Approved,
APP0006498,C001060,2025-03-23,Nano,140.94,368,Declined,Low Behavioural Score
APP0006499,C003924,2025-04-21,Nano,255.08,818,Approved,
APP0006500,C004893,2025-06-21,Nano,282.12,544,Declined,Policy Rule Failure
APP0006501,C003520,2025-08-03,BNPL,402.55,594,Approved,
APP0006502,C001809,2025-04-09,Nano,293.25,513,Declined,Low Behavioural Score
APP0006503,C000908,2025-03-06,ACS,26.38,326,Declined,Incomplete Data
APP0006504,C002805,2025-01-28,ACS,25.3,581,Approved,
APP0006505,C002190,2025-06-12,Nano,291.26,469,Declined,Fraud Flag
APP0006506,C001220,2025-07-25,BNPL,312.38,773,Approved,
APP0006507,C001836,2025-01-18,Nano,170.79,754,Approved,
APP0006508,C004835,2025-03-11,Nano,292.5,767,Approved,
APP0006509,C000845,2025-03-23,Nano,179.14,545,Approved,
APP0006510,C001293,2025-07-09,Nano,22.85,479,Declined,Low Behavioural Score
APP0006511,C001744,2025-05-23,Nano,242.7,505,Declined,Low Behavioural Score
APP0006512,C004570,2025-04-15,BNPL,931.63,886,Approved,
APP0006513,C001792,2025-05-18,Nano,166.79,624,Declined,Low Behavioural Score
APP0006514,C001460,2025-03-03,Nano,242.23,354,Approved,
APP0006515,C001488,2025-02-19,Nano,118.44,797,Approved,
APP0006516,C004735,2025-05-09,BNPL,941.39,638,Approved,
APP0006517,C001769,2025-08-12,Nano,21.63,360,Declined,High Existing Exposure
APP0006518,C001837,2025-05-10,ACS,14.82,637,Approved,
APP0006519,C001823,2025-06-25,ACS,16.45,770,Approved,
APP0006520,C004361,2025-06-30,Nano,229.26,533,Declined,Incomplete Data
APP0006521,C003552,2025-04-26,Nano,79.82,729,Approved,
APP0006522,C003000,2025-08-09,BNPL,164.86,603,Approved,
APP0006523,C001067,2025-06-10,ACS,26.84,724,Approved,
APP0006524,C000570,2025-05-09,Nano,97.47,707,Approved,
APP0006525,C000441,2025-05-24,ACS,21.31,603,Approved,
APP0006526,C001479,2025-01-23,ACS,21.54,783,Approved,
APP0006527,C003958,2025-09-03,ACS,29.18,551,Approved,
APP0006528,C003805,2025-03-13,ACS,28.79,608,Approved,
APP0006529,C003912,2025-02-01,Nano,27.8,355,Declined,Low Behavioural Score
APP0006530,C003338,2025-09-23,BNPL,225.45,771,Approved,
APP0006531,C002579,2025-02-08,BNPL,249.2,510,Approved,
APP0006532,C001781,2025-05-09,Nano,232.12,393,Declined,Low Behavioural Score
APP0006533,C003634,2025-01-20,BNPL,690.24,321,Declined,Low Behavioural Score
APP0006534,C000977,2025-02-28,BNPL,345.62,624,Declined,Fraud Flag
APP0006535,C000343,2025-04-08,ACS,18.64,388,Declined,Low Behavioural Score
APP0006536,C004145,2025-09-17,ACS,21.52,643,Approved,
APP0006537,C002373,2025-05-08,BNPL,379.19,535,Declined,Policy Rule Failure
APP0006538,C003112,2025-04-01,Nano,192.55,442,Declined,Low Behavioural Score
APP0006539,C004786,2025-09-09,Nano,68.1,604,Approved,
APP0006540,C003410,2025-05-22,Nano,189.74,511,Approved,
APP0006541,C003822,2025-01-25,ACS,23.82,755,Approved,
APP0006542,C002396,2025-04-15,Nano,218.22,673,Approved,
APP0006543,C001593,2025-06-21,ACS,6.97,724,Approved,
APP0006544,C001752,2025-01-18,Nano,97.07,522,Declined,Duplicate Application
APP0006545,C004505,2025-01-28,ACS,28.83,702,Approved,
APP0006546,C001912,2025-02-18,ACS,12.06,739,Approved,
APP0006547,C004668,2025-03-29,ACS,7.38,734,Approved,
APP0006548,C000156,2025-04-21,Nano,95.69,682,Approved,
APP0006549,C001464,2025-03-19,Nano,202.86,459,Declined,Low Behavioural Score
APP0006550,C004719,2025-02-28,Nano,295.97,429,Declined,Low Behavioural Score
APP0006551,C002900,2025-07-21,Nano,246.61,625,Declined,Policy Rule Failure
APP0006552,C001833,2025-03-11,Nano,201.17,572,Declined,Policy Rule Failure
APP0006553,C000879,2025-01-23,BNPL,554.79,649,Approved,
APP0006554,C002415,2025-03-13,ACS,5.57,649,Approved,
APP0006555,C004788,2025-04-27,ACS,15.85,789,Approved,
APP0006556,C001786,2025-04-01,ACS,11.98,390,Approved,
APP0006557,C002409,2025-05-20,Nano,91.14,691,Approved,
APP0006558,C001776,2025-05-13,Nano,119.88,436,Declined,Low Behavioural Score
APP0006559,C004304,2025-02-11,BNPL,933.56,535,Declined,Fraud Flag
APP0006560,C003429,2025-06-07,BNPL,480.63,521,Approved,
APP0006561,C003085,2025-02-08,ACS,11.32,705,Approved,
APP0006562,C003352,2025-06-19,BNPL,663.72,786,Approved,
APP0006563,C002059,2025-04-24,ACS,24.72,624,Approved,
APP0006564,C004052,2025-04-14,ACS,7.9,718,Approved,
APP0006565,C003069,2025-05-01,Nano,163.98,447,Declined,Low Behavioural Score
APP0006566,C000359,2025-01-25,ACS,24.84,658,Approved,
APP0006567,C001868,2025-03-22,Nano,84.91,759,Approved,
APP0006568,C004371,2025-03-16,BNPL,601.8,641,Approved,
APP0006569,C001274,2025-02-17,Nano,26.38,516,Approved,
APP0006570,C004784,2025-02-14,BNPL,407.68,729,Approved,
APP0006571,C004075,2025-02-08,ACS,16.62,564,Approved,
APP0006572,C004946,2025-09-26,ACS,18.05,653,Declined,Incomplete Data
APP0006573,C003989,2025-04-19,Nano,209.57,761,Approved,
APP0006574,C000644,2025-01-25,BNPL,836.11,797,Approved,
APP0006575,C000955,2025-09-22,Nano,220.15,739,Approved,
APP0006576,C002434,2025-01-14,Nano,25.8,829,Approved,
APP0006577,C001792,2025-05-07,BNPL,353.72,631,Approved,
APP0006578,C004696,2025-08-22,Nano,269.8,720,Approved,
APP0006579,C004244,2025-07-26,Nano,239.24,525,Declined,Incomplete Data
APP0006580,C003795,2025-04-08,Nano,281.15,487,Declined,Fraud Flag
APP0006581,C004705,2025-02-03,ACS,14.49,482,Declined,Low Behavioural Score
APP0006582,C000302,2025-04-22,Nano,256.91,580,Approved,
APP0006583,C003510,2025-02-16,BNPL,617.47,802,Approved,
APP0006584,C004352,2025-11-12,ACS,18.04,708,Approved,
APP0006585,C004876,2025-08-13,Nano,291.79,665,Approved,
APP0006586,C004193,2025-05-21,Nano,154.1,745,Approved,
APP0006587,C004046,2025-04-11,ACS,19.05,536,Approved,
APP0006588,C003901,2025-05-06,Nano,222.36,647,Approved,
APP0006589,C000642,2025-03-31,ACS,22.38,743,Approved,
APP0006590,C002060,2025-04-06,ACS,10.99,613,Approved,
APP0006591,C004379,2025-05-06,Nano,98.15,771,Approved,
APP0006592,C003162,2025-04-20,ACS,6.06,519,Declined,Low Behavioural Score
APP0006593,C001301,2025-05-02,Nano,141.7,587,Declined,Fraud Flag
APP0006594,C003580,2025-04-05,ACS,19.83,485,Approved,
APP0006595,C000131,2025-05-02,Nano,123.48,783,Approved,
APP0006596,C001984,2025-07-17,Nano,177.23,462,Approved,
APP0006597,C003772,2025-01-09,Nano,42.55,626,Declined,Incomplete Data
APP0006598,C003921,2025-05-03,ACS,17.03,800,Approved,
APP0006599,C002546,2025-01-06,Nano,191.57,712,Approved,
APP0006600,C001367,2025-05-28,ACS,22.57,498,Declined,Low Behavioural Score
APP0006601,C002484,2025-02-13,ACS,20.08,765,Approved,
APP0006602,C000919,2025-09-01,BNPL,428.15,724,Approved,
APP0006603,C004681,2025-06-25,Nano,268.57,719,Approved,
APP0006604,C004295,2025-06-24,ACS,25.76,588,Approved,
APP0006605,C003611,2025-09-19,ACS,29.83,761,Approved,
APP0006606,C001697,2025-03-10,ACS,5.23,706,Approved,
APP0006607,C000718,2025-02-18,ACS,6.52,785,Approved,
APP0006608,C000284,2025-06-21,Nano,206.2,876,Approved,
APP0006609,C001917,2025-03-20,Nano,174.79,725,Approved,
APP0006610,C004164,2025-07-21,ACS,12.55,712,Approved,
APP0006611,C001850,2025-03-22,ACS,6.68,366,Declined,Duplicate Application
APP0006612,C003996,2025-04-01,ACS,6.44,537,Approved,
APP0006613,C000884,2025-08-19,ACS,24.23,796,Approved,
APP0006614,C004012,2025-04-13,ACS,16.45,652,Approved,
APP0006615,C000385,2025-05-21,ACS,19.05,710,Approved,
APP0006616,C001705,2025-04-06,ACS,12.31,497,Declined,High Existing Exposure
APP0006617,C000751,2025-02-27,ACS,10.35,562,Declined,Policy Rule Failure
APP0006618,C003017,2025-01-18,ACS,21.72,677,Approved,
APP0006619,C000939,2025-07-16,ACS,7.74,652,Approved,
APP0006620,C000070,2025-03-31,BNPL,957.67,511,Declined,Policy Rule Failure
APP0006621,C001610,2025-07-03,Nano,109.86,429,Declined,Low Behavioural Score
APP0006622,C000012,2025-02-05,Nano,258.98,596,Approved,
APP0006623,C001897,2025-06-10,ACS,18.12,680,Approved,
APP0006624,C001297,2025-05-27,ACS,26.19,718,Approved,
APP0006625,C004667,2025-03-30,Nano,247.47,438,Declined,Duplicate Application
APP0006626,C002627,2025-06-29,ACS,26.23,613,Approved,
APP0006627,C002200,2025-01-27,ACS,12.13,789,Approved,
APP0006628,C003002,2025-09-20,Nano,66.03,780,Approved,
APP0006629,C000685,2025-02-20,ACS,22.48,572,Declined,Policy Rule Failure
APP0006630,C000668,2025-01-27,Nano,105.34,451,Declined,Policy Rule Failure
APP0006631,C000771,2025-07-20,ACS,12.83,443,Approved,
APP0006632,C004339,2025-01-27,Nano,86.84,679,Approved,
APP0006633,C003727,2025-05-23,Nano,236.0,657,Approved,
APP0006634,C004798,2025-03-04,Nano,253.09,489,Declined,Low Behavioural Score
APP0006635,C004063,2025-05-04,BNPL,120.25,751,Approved,
APP0006636,C000597,2025-01-22,Nano,281.01,435,Declined,High Existing Exposure
APP0006637,C000827,2025-03-28,ACS,23.18,615,Approved,
APP0006638,C004120,2025-03-16,Nano,80.8,470,Approved,
APP0006639,C002736,2025-06-16,ACS,22.33,897,Approved,
APP0006640,C003072,2025-07-27,Nano,179.65,544,Declined,Fraud Flag
APP0006641,C001169,2025-03-17,BNPL,925.88,715,Approved,
APP0006642,C002512,2025-02-25,ACS,22.3,487,Declined,Incomplete Data
APP0006643,C004511,2025-03-17,Nano,140.13,836,Approved,
APP0006644,C002446,2025-09-19,ACS,8.93,501,Declined,Low Behavioural Score
APP0006645,C003440,2025-02-19,BNPL,815.8,462,Approved,
APP0006646,C003750,2025-07-09,Nano,291.93,604,Approved,
APP0006647,C004625,2025-07-09,Nano,242.62,807,Approved,
APP0006648,C001045,2025-07-09,ACS,22.8,661,Approved,
APP0006649,C004553,2025-09-01,Nano,271.3,657,Approved,
APP0006650,C003045,2025-03-15,ACS,22.83,900,Approved,
APP0006651,C004166,2025-04-15,BNPL,972.08,626,Approved,
APP0006652,C001307,2025-04-18,BNPL,521.77,498,Declined,Low Behavioural Score
APP0006653,C000590,2025-02-06,Nano,225.22,672,Approved,
APP0006654,C000426,2025-04-15,Nano,182.95,593,Approved,
APP0006655,C001917,2025-06-13,ACS,8.42,730,Declined,Duplicate Application
APP0006656,C002765,2025-05-31,ACS,11.3,583,Approved,
APP0006657,C001440,2025-01-06,Nano,123.73,728,Approved,
APP0006658,C001344,2025-03-23,ACS,11.01,448,Declined,Duplicate Application
APP0006659,C004081,2025-04-06,ACS,7.18,631,Approved,
APP0006660,C003714,2025-04-03,ACS,5.04,640,Approved,
APP0006661,C003172,2025-09-02,ACS,14.78,529,Approved,
APP0006662,C003253,2025-03-27,ACS,9.01,628,Approved,
APP0006663,C004232,2025-04-06,ACS,29.58,527,Approved,
APP0006664,C001122,2025-01-18,ACS,17.0,695,Approved,
APP0006665,C004699,2025-06-04,Nano,255.51,553,Approved,
APP0006666,C004308,2025-05-22,BNPL,540.79,809,Approved,
APP0006667,C001720,2025-04-14,ACS,16.42,834,Approved,
APP0006668,C001735,2025-10-06,Nano,223.59,733,Approved,
APP0006669,C000923,2025-06-24,ACS,27.35,709,Approved,
APP0006670,C003546,2025-04-26,ACS,12.72,758,Approved,
APP0006671,C001520,2025-09-15,Nano,117.36,651,Approved,
APP0006672,C001337,2025-07-20,Nano,243.44,462,Approved,
APP0006673,C003362,2025-02-15,ACS,10.66,396,Approved,
APP0006674,C000983,2025-04-22,BNPL,983.37,523,Declined,Fraud Flag
APP0006675,C000566,2025-03-11,ACS,24.17,658,Approved,
APP0006676,C004302,2025-05-28,ACS,14.66,684,Approved,
APP0006677,C000199,2025-10-14,ACS,8.43,577,Approved,
APP0006678,C004594,2025-02-01,Nano,225.2,739,Approved,
APP0006679,C003418,2025-03-02,ACS,15.69,663,Approved,
APP0006680,C001761,2025-07-12,ACS,20.85,695,Approved,
APP0006681,C002822,2025-05-03,ACS,7.94,471,Approved,
APP0006682,C001575,2025-07-12,ACS,6.42,800,Approved,
APP0006683,C002046,2025-06-02,Nano,87.27,814,Approved,
APP0006684,C003513,2025-03-08,Nano,127.34,806,Approved,
APP0006685,C004546,2025-01-21,Nano,83.68,684,Approved,
APP0006686,C001137,2025-04-23,Nano,106.29,792,Approved,
APP0006687,C002668,2025-04-20,ACS,25.39,605,Approved,
APP0006688,C004322,2025-07-01,Nano,43.5,614,Approved,
APP0006689,C000071,2025-03-27,Nano,170.35,534,Declined,Low Behavioural Score
APP0006690,C000043,2025-03-11,Nano,128.62,566,Approved,
APP0006691,C003075,2025-05-23,Nano,112.64,361,Declined,Policy Rule Failure
APP0006692,C000711,2025-04-23,ACS,17.3,785,Approved,
APP0006693,C004966,2025-07-01,Nano,283.27,769,Approved,
APP0006694,C000604,2025-01-28,ACS,23.66,698,Approved,
APP0006695,C003692,2025-01-26,ACS,21.09,599,Approved,
APP0006696,C001590,2025-04-20,ACS,28.94,504,Declined,Policy Rule Failure
APP0006697,C004620,2025-01-21,ACS,14.09,509,Declined,Incomplete Data
APP0006698,C004331,2025-08-07,Nano,228.16,529,Approved,
APP0006699,C003993,2025-04-19,Nano,68.87,641,Declined,Policy Rule Failure
APP0006700,C003201,2025-06-30,ACS,6.57,787,Approved,
APP0006701,C001081,2025-03-28,ACS,18.48,576,Approved,
APP0006702,C000538,2025-05-11,ACS,23.96,713,Approved,
APP0006703,C001311,2025-02-23,Nano,204.46,656,Approved,
APP0006704,C000395,2025-01-21,BNPL,433.35,584,Approved,
APP0006705,C003926,2025-03-22,ACS,27.85,577,Approved,
APP0006706,C001443,2025-03-25,BNPL,417.44,461,Approved,
APP0006707,C002201,2025-04-19,ACS,14.86,790,Approved,
APP0006708,C003100,2025-02-24,Nano,61.76,618,Declined,Fraud Flag
APP0006709,C003508,2025-02-28,Nano,276.35,731,Approved,
APP0006710,C002969,2025-06-20,ACS,7.16,338,Declined,Policy Rule Failure
APP0006711,C003680,2025-04-04,ACS,22.55,393,Declined,Low Behavioural Score
APP0006712,C000572,2025-02-10,Nano,97.31,697,Approved,
APP0006713,C001400,2025-02-01,Nano,120.66,864,Approved,
APP0006714,C003804,2025-03-24,ACS,10.99,612,Approved,
APP0006715,C003591,2025-11-09,ACS,14.19,357,Declined,Low Behavioural Score
APP0006716,C003162,2025-03-08,BNPL,423.36,516,Approved,
APP0006717,C004700,2025-08-05,ACS,25.06,647,Approved,
APP0006718,C004916,2025-03-22,ACS,28.87,534,Approved,
APP0006719,C000420,2025-06-03,ACS,7.4,699,Approved,
APP0006720,C002763,2025-06-03,ACS,9.45,676,Approved,
APP0006721,C004504,2025-02-18,Nano,252.12,795,Approved,
APP0006722,C001637,2025-02-07,ACS,23.98,812,Approved,
APP0006723,C000295,2025-03-06,ACS,20.47,438,Declined,Incomplete Data
APP0006724,C000597,2025-02-06,BNPL,364.55,453,Declined,Duplicate Application
APP0006725,C003612,2025-06-18,BNPL,300.26,646,Approved,
APP0006726,C004596,2025-06-03,ACS,28.58,683,Approved,
APP0006727,C003536,2025-01-12,Nano,89.59,574,Approved,
APP0006728,C000189,2025-08-19,Nano,97.49,478,Declined,Policy Rule Failure
APP0006729,C002064,2025-07-31,ACS,13.28,747,Approved,
APP0006730,C001744,2025-06-11,Nano,211.79,504,Approved,
APP0006731,C004560,2025-11-05,ACS,18.92,547,Declined,Duplicate Application
APP0006732,C002654,2025-05-05,ACS,23.46,694,Approved,
APP0006733,C001175,2025-03-06,ACS,20.33,689,Approved,
APP0006734,C002849,2025-06-12,Nano,229.45,320,Declined,Low Behavioural Score
APP0006735,C003744,2025-05-03,Nano,264.15,798,Approved,
APP0006736,C002912,2025-04-11,Nano,172.87,526,Declined,Duplicate Application
APP0006737,C002088,2025-04-15,Nano,90.17,473,Approved,
APP0006738,C003586,2025-06-20,ACS,15.07,822,Approved,
APP0006739,C001522,2025-02-19,Nano,64.29,315,Declined,Fraud Flag
APP0006740,C000642,2025-05-05,ACS,28.08,742,Approved,
APP0006741,C004314,2025-04-10,Nano,142.61,641,Approved,
APP0006742,C003597,2025-08-04,Nano,253.97,574,Approved,
APP0006743,C003656,2025-04-10,ACS,28.52,512,Approved,
APP0006744,C004448,2025-03-09,BNPL,423.49,576,Approved,
APP0006745,C003567,2025-05-01,ACS,8.2,635,Approved,
APP0006746,C000153,2025-06-20,ACS,24.52,434,Declined,Fraud Flag
APP0006747,C004218,2025-03-25,ACS,19.82,666,Approved,
APP0006748,C000180,2025-05-27,BNPL,771.1,596,Declined,Duplicate Application
APP0006749,C003465,2025-07-15,Nano,127.04,665,Approved,
APP0006750,C004957,2025-05-26,Nano,21.83,457,Approved,
APP0006751,C002016,2025-09-27,ACS,24.88,312,Declined,Low Behavioural Score
APP0006752,C001560,2025-05-02,Nano,282.68,540,Declined,Policy Rule Failure
APP0006753,C004640,2025-03-11,Nano,264.53,767,Approved,
APP0006754,C002276,2025-03-21,ACS,24.03,647,Approved,
APP0006755,C004611,2025-04-07,Nano,108.91,321,Declined,Duplicate Application
APP0006756,C001551,2025-02-02,ACS,11.91,483,Declined,Low Behavioural Score
APP0006757,C000922,2025-02-25,ACS,13.09,662,Approved,
APP0006758,C002783,2025-09-19,ACS,20.57,581,Approved,
APP0006759,C001861,2025-02-27,ACS,23.45,878,Approved,
APP0006760,C003558,2025-04-26,BNPL,495.75,817,Approved,
APP0006761,C001493,2025-03-13,ACS,16.63,390,Declined,Low Behavioural Score
APP0006762,C003800,2025-06-12,ACS,19.73,612,Approved,
APP0006763,C001771,2025-03-29,ACS,10.68,706,Approved,
APP0006764,C001777,2025-09-25,ACS,29.24,407,Declined,Low Behavioural Score
APP0006765,C003549,2025-03-27,ACS,11.93,606,Approved,
APP0006766,C001303,2025-03-31,Nano,294.28,863,Approved,
APP0006767,C001429,2025-03-16,Nano,49.39,317,Declined,Incomplete Data
APP0006768,C002734,2025-01-07,ACS,19.29,717,Approved,
APP0006769,C001657,2025-01-14,BNPL,867.81,612,Approved,
APP0006770,C001922,2025-03-31,ACS,7.7,656,Approved,
APP0006771,C001694,2025-04-04,ACS,20.05,469,Declined,Policy Rule Failure
APP0006772,C003111,2025-04-02,ACS,8.02,671,Approved,
APP0006773,C001676,2025-08-18,Nano,78.11,554,Approved,
APP0006774,C003058,2025-02-07,ACS,8.27,618,Approved,
APP0006775,C001171,2025-03-12,BNPL,430.53,426,Declined,Low Behavioural Score
APP0006776,C004473,2025-05-15,ACS,11.48,482,Declined,Fraud Flag
APP0006777,C004757,2025-01-18,Nano,278.95,468,Approved,
APP0006778,C000020,2025-08-28,ACS,29.47,750,Approved,
APP0006779,C000523,2025-03-26,BNPL,350.11,344,Declined,Low Behavioural Score
APP0006780,C000510,2025-02-22,Nano,239.03,740,Approved,
APP0006781,C000914,2025-06-03,ACS,24.46,655,Declined,Low Behavioural Score
APP0006782,C003934,2025-04-24,ACS,13.35,662,Approved,
APP0006783,C001235,2025-03-21,Nano,83.5,804,Approved,
APP0006784,C002918,2025-03-27,ACS,24.28,737,Approved,
APP0006785,C001259,2025-06-02,ACS,12.76,689,Approved,
APP0006786,C000313,2025-07-04,ACS,5.15,613,Approved,
APP0006787,C000420,2025-02-01,Nano,112.75,705,Approved,
APP0006788,C004713,2025-11-09,ACS,21.83,751,Approved,
APP0006789,C002791,2025-10-19,ACS,12.28,676,Approved,
APP0006790,C003253,2025-04-28,Nano,105.52,615,Approved,
APP0006791,C000941,2025-02-21,ACS,9.28,611,Approved,
APP0006792,C002430,2025-02-03,Nano,85.01,601,Declined,Incomplete Data
APP0006793,C003288,2025-06-23,ACS,23.03,881,Approved,
APP0006794,C003898,2025-10-05,Nano,220.04,683,Approved,
APP0006795,C003285,2025-05-06,Nano,262.72,875,Approved,
APP0006796,C002981,2025-06-13,Nano,156.21,542,Approved,
APP0006797,C003123,2025-02-28,Nano,154.52,625,Approved,
APP0006798,C001867,2025-07-18,ACS,16.87,612,Approved,
APP0006799,C003496,2025-11-10,BNPL,375.44,642,Approved,
APP0006800,C001484,2025-03-02,Nano,289.57,597,Approved,
APP0006801,C003599,2025-05-02,BNPL,172.72,570,Declined,High Existing Exposure
APP0006802,C002268,2025-05-25,ACS,23.24,474,Declined,Low Behavioural Score
APP0006803,C002886,2025-04-03,Nano,153.79,755,Approved,
APP0006804,C002377,2025-07-23,BNPL,932.0,449,Declined,Low Behavioural Score
APP0006805,C002842,2025-03-11,BNPL,140.94,626,Approved,
APP0006806,C003561,2025-05-06,ACS,22.15,373,Declined,Low Behavioural Score
APP0006807,C001406,2025-09-01,BNPL,494.45,586,Approved,
APP0006808,C002366,2025-06-10,Nano,22.65,710,Approved,
APP0006809,C002016,2025-06-03,ACS,15.58,311,Declined,Low Behavioural Score
APP0006810,C000092,2025-06-02,BNPL,511.52,521,Declined,Duplicate Application
APP0006811,C004261,2025-05-30,ACS,23.3,615,Approved,
APP0006812,C003424,2025-03-16,ACS,21.39,602,Approved,
APP0006813,C000226,2025-01-27,BNPL,744.7,727,Approved,
APP0006814,C000349,2025-04-10,Nano,227.0,627,Approved,
APP0006815,C004633,2025-05-03,ACS,18.9,745,Approved,
APP0006816,C004232,2025-07-08,Nano,214.47,532,Approved,
APP0006817,C003647,2025-03-17,ACS,18.24,600,Approved,
APP0006818,C003542,2025-02-10,Nano,167.83,878,Approved,
APP0006819,C004207,2025-05-07,ACS,27.41,704,Approved,
APP0006820,C002990,2025-04-17,Nano,27.27,540,Approved,
APP0006821,C000029,2025-03-31,ACS,28.02,752,Approved,
APP0006822,C002271,2025-08-28,Nano,271.63,696,Approved,
APP0006823,C001656,2025-01-26,Nano,222.14,674,Approved,
APP0006824,C000861,2025-08-11,Nano,254.34,605,Approved,
APP0006825,C004298,2025-01-23,Nano,31.02,625,Approved,
APP0006826,C003275,2025-04-03,Nano,175.47,575,Declined,Incomplete Data
APP0006827,C004510,2025-05-14,BNPL,449.77,753,Approved,
APP0006828,C000548,2025-01-22,ACS,20.25,608,Approved,
APP0006829,C004878,2025-05-15,Nano,108.12,663,Approved,
APP0006830,C003023,2025-01-03,ACS,22.78,568,Approved,
APP0006831,C002842,2025-09-06,BNPL,575.5,615,Approved,
APP0006832,C000917,2025-04-20,BNPL,176.38,671,Approved,
APP0006833,C003122,2025-03-08,ACS,23.64,597,Approved,
APP0006834,C002985,2025-04-05,Nano,113.85,649,Approved,
APP0006835,C003509,2025-01-21,Nano,232.74,479,Approved,
APP0006836,C000756,2025-03-05,ACS,21.68,592,Declined,Policy Rule Failure
APP0006837,C003181,2025-05-04,ACS,28.5,626,Approved,
APP0006838,C000473,2025-06-05,Nano,226.74,769,Approved,
APP0006839,C000356,2025-04-19,Nano,77.5,613,Approved,
APP0006840,C002355,2025-07-17,Nano,94.71,514,Approved,
APP0006841,C000594,2025-01-13,ACS,27.71,622,Approved,
APP0006842,C003549,2025-07-01,Nano,88.92,606,Approved,
APP0006843,C002413,2025-02-28,ACS,18.94,712,Approved,
APP0006844,C001193,2025-08-16,ACS,22.09,696,Approved,
APP0006845,C001363,2025-03-20,Nano,48.73,778,Approved,
APP0006846,C002489,2025-07-12,BNPL,251.74,765,Approved,
APP0006847,C002992,2025-05-07,ACS,20.4,582,Declined,Duplicate Application
APP0006848,C003995,2025-01-20,Nano,173.69,612,Approved,
APP0006849,C002865,2025-06-25,ACS,5.76,695,Approved,
APP0006850,C002748,2025-02-25,ACS,22.85,660,Approved,
APP0006851,C003034,2025-03-30,Nano,37.14,551,Declined,High Existing Exposure
APP0006852,C002986,2025-03-20,ACS,23.66,611,Declined,Policy Rule Failure
APP0006853,C001745,2025-02-01,BNPL,266.53,572,Approved,
APP0006854,C001101,2025-06-18,Nano,167.36,774,Approved,
APP0006855,C002629,2025-03-04,ACS,20.88,547,Declined,Duplicate Application
APP0006856,C000623,2025-03-29,BNPL,338.13,728,Approved,
APP0006857,C001209,2025-01-31,ACS,14.44,756,Approved,
APP0006858,C000746,2025-03-25,BNPL,596.74,589,Declined,Fraud Flag
APP0006859,C002451,2025-02-18,Nano,247.53,484,Declined,Low Behavioural Score
APP0006860,C004865,2025-05-21,Nano,194.97,532,Declined,Duplicate Application
APP0006861,C004376,2025-02-18,ACS,12.85,628,Approved,
APP0006862,C000434,2025-03-19,ACS,14.44,683,Approved,
APP0006863,C004107,2025-03-29,BNPL,632.52,768,Approved,
APP0006864,C000758,2025-05-24,Nano,168.05,569,Approved,
APP0006865,C004553,2025-01-18,Nano,291.58,647,Approved,
APP0006866,C001029,2025-04-20,Nano,173.88,645,Approved,
APP0006867,C000630,2025-03-16,BNPL,371.34,597,Approved,
APP0006868,C003940,2025-12-10,ACS,29.07,808,Approved,
APP0006869,C004167,2025-02-02,Nano,298.16,680,Approved,
APP0006870,C001990,2025-03-02,Nano,95.44,662,Approved,
APP0006871,C002733,2025-03-27,BNPL,689.36,528,Approved,
APP0006872,C003955,2025-09-05,Nano,20.65,870,Approved,
APP0006873,C004265,2025-03-11,Nano,288.41,563,Declined,High Existing Exposure
APP0006874,C002095,2025-07-19,ACS,27.34,677,Approved,
APP0006875,C003924,2025-04-11,ACS,11.94,838,Approved,
APP0006876,C003974,2025-05-02,Nano,28.85,567,Approved,
APP0006877,C003965,2025-03-04,Nano,69.04,755,Approved,
APP0006878,C004478,2025-04-29,Nano,270.97,749,Approved,
APP0006879,C004181,2025-08-13,BNPL,596.08,651,Approved,
APP0006880,C002237,2025-03-13,ACS,17.04,660,Approved,
APP0006881,C001575,2025-04-27,Nano,231.0,790,Approved,
APP0006882,C004932,2025-04-10,Nano,170.1,488,Approved,
APP0006883,C002232,2025-01-23,BNPL,808.06,784,Approved,
APP0006884,C004665,2025-01-20,ACS,25.51,338,Approved,
APP0006885,C004986,2025-03-22,ACS,11.44,727,Approved,
APP0006886,C000077,2025-06-17,Nano,168.61,628,Approved,
APP0006887,C000705,2025-02-08,Nano,149.12,493,Approved,
APP0006888,C002821,2025-03-14,ACS,21.94,499,Approved,
APP0006889,C000440,2025-07-09,Nano,135.17,645,Approved,
APP0006890,C003286,2025-03-17,ACS,14.76,610,Approved,
APP0006891,C000057,2025-02-23,BNPL,901.39,423,Declined,High Existing Exposure
APP0006892,C004216,2025-08-02,ACS,25.13,696,Approved,
APP0006893,C002141,2025-10-13,ACS,29.07,679,Approved,
APP0006894,C003367,2025-02-12,ACS,7.89,698,Approved,
APP0006895,C002326,2025-02-03,ACS,16.04,500,Declined,Incomplete Data
APP0006896,C003442,2025-09-25,BNPL,835.37,474,Declined,Low Behavioural Score
APP0006897,C003402,2025-05-27,Nano,230.95,614,Approved,
APP0006898,C001449,2025-07-18,Nano,144.05,560,Declined,Policy Rule Failure
APP0006899,C004002,2025-07-07,ACS,15.19,794,Approved,
APP0006900,C004103,2025-06-07,ACS,21.32,774,Declined,Duplicate Application
APP0006901,C001607,2025-01-22,ACS,23.23,705,Approved,
APP0006902,C000317,2025-01-16,ACS,24.79,661,Approved,
APP0006903,C002241,2025-08-03,ACS,9.05,565,Approved,
APP0006904,C003287,2025-01-06,Nano,144.86,753,Approved,
APP0006905,C003891,2025-03-28,Nano,196.31,697,Approved,
APP0006906,C001011,2025-04-07,ACS,24.38,599,Approved,
APP0006907,C002401,2025-01-10,BNPL,158.24,677,Approved,
APP0006908,C003828,2025-06-29,Nano,204.2,623,Approved,
APP0006909,C002629,2025-04-03,ACS,7.75,544,Approved,
APP0006910,C003952,2025-01-17,ACS,14.62,745,Approved,
APP0006911,C003371,2025-09-02,Nano,84.11,387,Declined,Low Behavioural Score
APP0006912,C000874,2025-06-21,Nano,45.69,519,Declined,Fraud Flag
APP0006913,C001053,2025-04-07,BNPL,247.53,806,Approved,
APP0006914,C003968,2025-04-14,ACS,19.94,630,Approved,
APP0006915,C003518,2025-04-06,ACS,17.72,546,Approved,
APP0006916,C004188,2025-07-22,BNPL,900.94,680,Declined,Policy Rule Failure
APP0006917,C001472,2025-01-25,ACS,10.72,665,Approved,
APP0006918,C000266,2025-04-06,Nano,41.79,558,Approved,
APP0006919,C001189,2025-09-22,BNPL,468.6,539,Declined,High Existing Exposure
APP0006920,C002151,2025-02-24,ACS,24.07,430,Approved,
APP0006921,C000610,2025-03-14,ACS,7.62,749,Approved,
APP0006922,C000964,2025-05-09,Nano,22.61,684,Approved,
APP0006923,C000723,2025-02-08,Nano,226.06,425,Declined,Low Behavioural Score
APP0006924,C000633,2025-07-01,ACS,6.98,824,Approved,
APP0006925,C001913,2025-02-15,BNPL,432.69,747,Approved,
APP0006926,C004018,2025-04-12,Nano,116.97,487,Declined,Low Behavioural Score
APP0006927,C001895,2025-01-27,ACS,5.1,302,Declined,Incomplete Data
APP0006928,C001466,2025-03-21,ACS,29.62,793,Approved,
APP0006929,C002743,2025-07-05,BNPL,660.16,475,Declined,Low Behavioural Score
APP0006930,C003220,2025-04-26,BNPL,321.53,578,Approved,
APP0006931,C001747,2025-03-23,ACS,14.49,457,Approved,
APP0006932,C000019,2025-03-07,ACS,21.64,442,Declined,Low Behavioural Score
APP0006933,C001489,2025-06-07,ACS,24.66,488,Declined,Low Behavioural Score
APP0006934,C000398,2025-08-02,ACS,15.1,594,Approved,
APP0006935,C000724,2025-02-24,ACS,18.96,507,Approved,
APP0006936,C003052,2025-05-02,BNPL,404.67,728,Approved,
APP0006937,C000896,2025-03-04,ACS,5.46,877,Declined,High Existing Exposure
APP0006938,C001852,2025-03-10,ACS,11.05,509,Declined,Fraud Flag
APP0006939,C001964,2025-04-12,BNPL,568.62,540,Declined,Duplicate Application
APP0006940,C004399,2025-02-14,ACS,12.28,524,Approved,
APP0006941,C000768,2025-04-18,ACS,7.63,676,Approved,
APP0006942,C000412,2025-05-11,Nano,271.19,409,Declined,Low Behavioural Score
APP0006943,C002675,2025-04-29,ACS,22.77,658,Approved,
APP0006944,C003119,2025-01-06,ACS,26.7,605,Declined,Low Behavioural Score
APP0006945,C002511,2025-03-27,ACS,14.72,433,Declined,Policy Rule Failure
APP0006946,C003515,2025-08-03,Nano,221.76,499,Declined,Policy Rule Failure
APP0006947,C004319,2025-03-07,ACS,20.86,632,Approved,
APP0006948,C003057,2025-07-18,Nano,117.05,301,Approved,
APP0006949,C002689,2025-02-06,ACS,13.48,520,Approved,
APP0006950,C003404,2025-03-12,BNPL,627.6,557,Approved,
APP0006951,C001069,2025-04-14,BNPL,110.7,595,Declined,Incomplete Data
APP0006952,C001247,2025-11-12,ACS,7.29,518,Declined,High Existing Exposure
APP0006953,C001852,2025-02-27,Nano,202.09,498,Approved,
APP0006954,C003836,2025-07-07,ACS,24.38,773,Approved,
APP0006955,C004260,2025-02-11,ACS,6.66,722,Approved,
APP0006956,C002774,2025-09-27,ACS,16.69,338,Declined,Low Behavioural Score
APP0006957,C003100,2025-03-22,BNPL,758.6,612,Approved,
APP0006958,C003941,2025-07-13,ACS,15.09,732,Approved,
APP0006959,C001212,2025-07-13,ACS,8.07,752,Approved,
APP0006960,C000609,2025-07-15,Nano,200.89,736,Approved,
APP0006961,C003733,2025-03-20,BNPL,941.91,683,Approved,
APP0006962,C000636,2025-02-16,BNPL,910.43,451,Approved,
APP0006963,C000790,2025-05-20,BNPL,882.18,528,Declined,High Existing Exposure
APP0006964,C001978,2025-01-31,ACS,29.07,672,Approved,
APP0006965,C003928,2025-06-11,ACS,25.24,636,Approved,
APP0006966,C001950,2025-02-18,ACS,11.53,582,Declined,Fraud Flag
APP0006967,C000594,2025-09-03,Nano,256.33,632,Approved,
APP0006968,C000643,2025-04-30,BNPL,805.36,742,Approved,
APP0006969,C001266,2025-02-19,BNPL,745.11,493,Declined,Low Behavioural Score
APP0006970,C000407,2025-05-10,Nano,261.92,745,Approved,
APP0006971,C001641,2025-05-21,Nano,22.06,732,Approved,
APP0006972,C000404,2025-03-29,BNPL,564.89,644,Approved,
APP0006973,C004228,2025-05-18,ACS,24.73,592,Approved,
APP0006974,C000262,2025-01-29,Nano,106.44,900,Approved,
APP0006975,C000989,2025-07-09,BNPL,260.48,452,Declined,Low Behavioural Score
APP0006976,C000166,2025-04-10,ACS,8.49,817,Approved,
APP0006977,C001458,2025-04-06,ACS,19.83,438,Declined,Fraud Flag
APP0006978,C004039,2025-01-18,Nano,163.9,759,Approved,
APP0006979,C002886,2025-05-17,BNPL,441.2,751,Approved,
APP0006980,C004675,2025-06-19,Nano,274.36,868,Approved,
APP0006981,C003084,2025-06-19,Nano,225.26,665,Approved,
APP0006982,C002129,2025-04-15,ACS,18.44,348,Declined,Duplicate Application
APP0006983,C004793,2025-04-13,ACS,24.48,793,Approved,
APP0006984,C000934,2025-11-25,ACS,14.67,695,Approved,
APP0006985,C000564,2025-03-18,ACS,16.98,547,Approved,
APP0006986,C001642,2025-02-01,ACS,26.82,357,Declined,Fraud Flag
APP0006987,C004649,2025-04-25,Nano,254.01,740,Approved,
APP0006988,C004093,2025-07-12,Nano,202.82,701,Approved,
APP0006989,C002686,2025-03-17,ACS,15.8,632,Approved,
APP0006990,C004647,2025-05-22,ACS,24.1,528,Declined,Duplicate Application
APP0006991,C003233,2025-01-25,ACS,23.61,674,Declined,High Existing Exposure
APP0006992,C001194,2025-02-27,ACS,14.75,657,Approved,
APP0006993,C000028,2025-07-11,BNPL,406.46,501,Declined,Fraud Flag
APP0006994,C000154,2025-03-17,ACS,25.53,591,Approved,
APP0006995,C004247,2025-10-04,ACS,26.2,543,Approved,
APP0006996,C001544,2025-09-23,BNPL,235.96,794,Approved,
APP0006997,C002110,2025-06-04,ACS,25.25,383,Declined,Low Behavioural Score
APP0006998,C001927,2025-04-10,ACS,17.01,675,Approved,
APP0006999,C000443,2025-08-06,Nano,143.19,876,Approved,
APP0007000,C000016,2025-03-22,BNPL,399.5,530,Declined,Fraud Flag
APP0007001,C003636,2025-03-05,BNPL,433.23,524,Declined,High Existing Exposure
APP0007002,C003408,2025-05-02,Nano,242.86,607,Approved,
APP0007003,C001127,2025-01-05,ACS,21.14,677,Approved,
APP0007004,C000623,2025-11-02,ACS,14.77,742,Approved,
APP0007005,C002580,2025-03-22,ACS,21.8,626,Declined,High Existing Exposure
APP0007006,C000410,2025-03-19,BNPL,525.44,458,Declined,Low Behavioural Score
APP0007007,C001451,2025-03-10,Nano,153.16,775,Approved,
APP0007008,C003596,2025-05-03,BNPL,952.74,564,Approved,
APP0007009,C000868,2025-05-06,Nano,162.7,300,Declined,High Existing Exposure
APP0007010,C003854,2025-04-21,Nano,221.65,661,Approved,
APP0007011,C004420,2025-02-05,ACS,21.07,547,Declined,Low Behavioural Score
APP0007012,C000921,2025-08-11,Nano,204.99,541,Approved,
APP0007013,C003328,2025-08-10,Nano,191.93,517,Declined,Incomplete Data
APP0007014,C003843,2025-07-08,ACS,12.3,732,Approved,
APP0007015,C002598,2025-04-04,BNPL,945.91,690,Approved,
APP0007016,C001488,2025-05-01,Nano,93.05,818,Approved,
APP0007017,C004918,2025-03-07,ACS,22.08,558,Declined,Duplicate Application
APP0007018,C001541,2025-01-09,ACS,18.89,787,Approved,
APP0007019,C001238,2025-03-12,BNPL,518.25,757,Approved,
APP0007020,C000613,2025-03-08,ACS,10.55,741,Approved,
APP0007021,C004532,2025-04-05,Nano,220.21,426,Declined,Low Behavioural Score
APP0007022,C001133,2025-01-19,ACS,6.74,481,Declined,Low Behavioural Score
APP0007023,C000667,2025-07-03,Nano,261.39,525,Declined,Duplicate Application
APP0007024,C000194,2025-04-21,ACS,24.58,599,Declined,Incomplete Data
APP0007025,C001455,2025-04-01,Nano,230.73,713,Approved,
APP0007026,C003360,2025-03-03,ACS,5.91,316,Declined,Fraud Flag
APP0007027,C003419,2025-05-18,ACS,29.46,548,Declined,High Existing Exposure
APP0007028,C004257,2025-03-19,BNPL,192.12,344,Declined,Incomplete Data
APP0007029,C003342,2025-03-20,Nano,118.25,407,Approved,
APP0007030,C000242,2025-03-24,BNPL,531.73,433,Declined,Fraud Flag
APP0007031,C004214,2025-03-16,Nano,275.74,492,Declined,Duplicate Application
APP0007032,C001278,2025-06-05,ACS,23.53,552,Declined,Policy Rule Failure
APP0007033,C004785,2025-03-31,BNPL,363.85,456,Declined,Low Behavioural Score
APP0007034,C001732,2025-04-30,BNPL,741.32,623,Approved,
APP0007035,C000083,2025-07-01,ACS,9.92,492,Approved,
APP0007036,C001963,2025-01-20,ACS,17.34,734,Approved,
APP0007037,C002251,2025-02-24,Nano,61.8,396,Declined,Low Behavioural Score
APP0007038,C004122,2025-03-24,ACS,8.17,473,Declined,High Existing Exposure
APP0007039,C002762,2025-04-25,Nano,280.21,633,Declined,High Existing Exposure
APP0007040,C000215,2025-09-14,BNPL,703.59,716,Approved,
APP0007041,C000240,2025-05-07,BNPL,192.68,602,Approved,
APP0007042,C003071,2025-05-16,ACS,14.8,644,Approved,
APP0007043,C000420,2025-05-18,Nano,262.69,693,Approved,
APP0007044,C002662,2025-05-31,ACS,11.48,587,Approved,
APP0007045,C004485,2025-01-02,ACS,25.79,606,Declined,Incomplete Data
APP0007046,C004193,2025-02-23,ACS,6.55,737,Approved,
APP0007047,C003158,2025-01-24,BNPL,345.87,666,Approved,
APP0007048,C001530,2025-07-31,ACS,19.89,554,Declined,Fraud Flag
APP0007049,C002577,2025-04-27,Nano,137.13,664,Approved,
APP0007050,C000510,2025-09-22,Nano,233.99,728,Approved,
APP0007051,C003697,2025-03-31,ACS,25.37,468,Approved,
APP0007052,C000653,2025-02-18,Nano,38.18,786,Approved,
APP0007053,C000258,2025-07-15,Nano,114.7,581,Declined,Policy Rule Failure
APP0007054,C003153,2025-07-18,ACS,27.36,562,Declined,Incomplete Data
APP0007055,C002864,2025-06-29,Nano,198.81,493,Declined,High Existing Exposure
APP0007056,C002729,2025-02-26,ACS,13.28,702,Approved,
APP0007057,C002378,2025-05-06,ACS,19.7,784,Approved,
APP0007058,C002962,2025-05-30,ACS,9.89,700,Approved,
APP0007059,C002203,2025-04-28,BNPL,968.46,643,Approved,
APP0007060,C000686,2025-02-04,ACS,24.82,584,Declined,Policy Rule Failure
APP0007061,C002850,2025-06-19,BNPL,402.57,624,Approved,
APP0007062,C000213,2025-03-08,ACS,14.86,395,Declined,Incomplete Data
APP0007063,C000319,2025-08-04,Nano,235.15,846,Approved,
APP0007064,C002833,2025-04-06,ACS,20.41,377,Declined,Incomplete Data
APP0007065,C003520,2025-04-25,ACS,18.61,593,Approved,
APP0007066,C000406,2025-03-29,Nano,75.85,545,Approved,
APP0007067,C001882,2025-02-07,ACS,19.07,709,Approved,
APP0007068,C004649,2025-02-17,ACS,28.49,741,Approved,
APP0007069,C003907,2025-09-17,ACS,14.11,578,Approved,
APP0007070,C004017,2025-03-02,ACS,23.08,632,Approved,
APP0007071,C003282,2025-08-04,Nano,25.98,346,Declined,Low Behavioural Score
APP0007072,C000900,2025-01-19,Nano,240.9,492,Declined,Fraud Flag
APP0007073,C001938,2025-05-08,BNPL,734.19,852,Approved,
APP0007074,C002990,2025-03-27,ACS,7.1,534,Declined,Fraud Flag
APP0007075,C003334,2025-08-19,BNPL,951.24,699,Approved,
APP0007076,C000661,2025-05-05,Nano,296.41,547,Approved,
APP0007077,C004854,2025-04-20,Nano,209.54,555,Declined,High Existing Exposure
APP0007078,C004681,2025-05-07,Nano,217.15,704,Approved,
APP0007079,C000183,2025-07-16,ACS,17.47,526,Approved,
APP0007080,C002948,2025-06-06,Nano,22.37,636,Approved,
APP0007081,C000716,2025-06-05,ACS,18.22,461,Declined,Fraud Flag
APP0007082,C001589,2025-07-28,ACS,27.39,536,Declined,Incomplete Data
APP0007083,C004432,2025-07-10,ACS,20.57,697,Approved,
APP0007084,C003403,2025-07-19,ACS,29.11,563,Approved,
APP0007085,C001762,2025-05-15,ACS,28.48,658,Approved,
APP0007086,C000013,2025-04-02,BNPL,343.42,418,Declined,Fraud Flag
APP0007087,C004182,2025-03-16,Nano,222.56,760,Approved,
APP0007088,C001440,2025-03-28,Nano,215.28,740,Approved,
APP0007089,C003028,2025-03-25,Nano,299.89,582,Approved,
APP0007090,C001171,2025-06-19,ACS,13.57,412,Declined,Fraud Flag
APP0007091,C003950,2025-02-05,Nano,46.14,675,Approved,
APP0007092,C001731,2025-03-22,Nano,43.74,710,Approved,
APP0007093,C003700,2025-06-24,Nano,162.4,383,Declined,Fraud Flag
APP0007094,C000427,2025-01-25,Nano,244.69,530,Approved,
APP0007095,C003078,2025-07-29,ACS,18.73,760,Approved,
APP0007096,C004840,2025-05-05,Nano,297.43,343,Declined,Low Behavioural Score
APP0007097,C002368,2025-01-07,Nano,252.59,443,Declined,High Existing Exposure
APP0007098,C002340,2025-07-17,ACS,29.21,573,Declined,Duplicate Application
APP0007099,C003432,2025-03-22,ACS,7.45,628,Approved,
APP0007100,C004283,2025-03-23,Nano,47.03,779,Approved,
APP0007101,C004057,2025-02-15,ACS,28.34,645,Declined,High Existing Exposure
APP0007102,C000298,2025-02-15,Nano,118.09,576,Approved,
APP0007103,C001481,2025-01-21,ACS,6.58,665,Approved,
APP0007104,C004225,2025-01-15,ACS,12.08,605,Approved,
APP0007105,C004873,2025-06-21,Nano,57.23,771,Approved,
APP0007106,C003266,2025-01-18,Nano,245.72,646,Approved,
APP0007107,C000023,2025-04-27,ACS,28.59,671,Approved,
APP0007108,C003394,2025-04-19,ACS,24.9,544,Declined,Low Behavioural Score
APP0007109,C004734,2025-03-01,ACS,7.91,796,Approved,
APP0007110,C004032,2025-08-22,ACS,23.26,657,Approved,
APP0007111,C003619,2025-02-17,Nano,24.72,384,Declined,High Existing Exposure
APP0007112,C002631,2025-03-13,BNPL,363.36,640,Declined,Fraud Flag
APP0007113,C004511,2025-03-05,Nano,50.36,818,Approved,
APP0007114,C003171,2025-06-27,ACS,26.67,894,Approved,
APP0007115,C002557,2025-03-20,ACS,12.47,421,Declined,Low Behavioural Score
APP0007116,C004499,2025-03-20,ACS,27.82,580,Approved,
APP0007117,C000017,2025-02-25,Nano,22.04,604,Approved,
APP0007118,C000626,2025-02-09,ACS,16.88,617,Approved,
APP0007119,C004208,2025-01-07,BNPL,937.83,874,Approved,
APP0007120,C000279,2025-06-03,Nano,92.91,425,Declined,Low Behavioural Score
APP0007121,C004490,2025-04-05,ACS,18.88,433,Declined,Low Behavioural Score
APP0007122,C004914,2025-02-10,ACS,11.94,667,Approved,
APP0007123,C001304,2025-05-16,ACS,8.12,751,Approved,
APP0007124,C004408,2025-03-12,Nano,261.07,581,Approved,
APP0007125,C002734,2025-07-10,BNPL,249.95,724,Approved,
APP0007126,C002570,2025-06-27,Nano,172.97,648,Approved,
APP0007127,C004614,2025-02-25,Nano,173.08,489,Approved,
APP0007128,C003904,2025-01-30,ACS,5.35,680,Approved,
APP0007129,C004446,2025-06-30,Nano,264.28,640,Approved,
APP0007130,C004410,2025-05-28,BNPL,177.83,672,Approved,
APP0007131,C003633,2025-03-02,ACS,13.8,780,Approved,
APP0007132,C002335,2025-06-13,Nano,87.82,305,Declined,Low Behavioural Score
APP0007133,C000926,2025-05-20,BNPL,199.59,536,Declined,Fraud Flag
APP0007134,C000490,2025-02-22,Nano,150.86,696,Approved,
APP0007135,C001264,2025-08-17,Nano,249.9,453,Declined,Low Behavioural Score
APP0007136,C002404,2025-04-05,BNPL,953.67,585,Approved,
APP0007137,C000687,2025-03-07,Nano,23.68,806,Approved,
APP0007138,C001757,2025-03-09,ACS,29.61,823,Approved,
APP0007139,C003973,2025-05-31,ACS,22.05,311,Declined,Incomplete Data
APP0007140,C000116,2025-03-25,ACS,15.03,618,Declined,Low Behavioural Score
APP0007141,C001542,2025-08-02,BNPL,557.23,368,Declined,Low Behavioural Score
APP0007142,C004796,2025-03-01,Nano,142.0,586,Approved,
APP0007143,C001622,2025-04-14,Nano,89.39,622,Approved,
APP0007144,C003579,2025-05-07,ACS,27.82,782,Approved,
APP0007145,C003047,2025-02-25,Nano,42.09,561,Approved,
APP0007146,C003930,2025-08-23,Nano,152.8,598,Approved,
APP0007147,C003647,2025-07-14,ACS,26.51,604,Approved,
APP0007148,C002984,2025-02-03,ACS,15.16,668,Approved,
APP0007149,C004857,2025-07-16,Nano,96.67,653,Approved,
APP0007150,C001346,2025-07-29,BNPL,463.79,549,Declined,Incomplete Data
APP0007151,C001400,2025-02-25,Nano,283.5,844,Approved,
APP0007152,C002924,2025-08-08,ACS,20.38,512,Approved,
APP0007153,C003575,2025-02-25,BNPL,234.3,635,Approved,
APP0007154,C003402,2025-03-10,BNPL,786.87,618,Approved,
APP0007155,C004783,2025-01-19,Nano,25.07,586,Approved,
APP0007156,C002987,2025-06-03,Nano,72.92,701,Approved,
APP0007157,C003809,2025-05-02,ACS,20.27,667,Approved,
APP0007158,C000636,2025-05-29,Nano,43.46,443,Declined,Low Behavioural Score
APP0007159,C000192,2025-04-12,BNPL,130.83,489,Approved,
APP0007160,C004068,2025-04-27,Nano,194.79,782,Approved,
APP0007161,C002236,2025-08-27,BNPL,988.54,702,Declined,Policy Rule Failure
APP0007162,C001488,2025-05-19,ACS,8.08,799,Approved,
APP0007163,C003753,2025-04-15,ACS,29.97,782,Approved,
APP0007164,C001984,2025-04-28,BNPL,552.13,458,Declined,Low Behavioural Score
APP0007165,C000150,2025-08-01,BNPL,834.51,698,Approved,
APP0007166,C002754,2025-06-04,ACS,20.22,473,Declined,Low Behavioural Score
APP0007167,C000628,2025-03-02,BNPL,448.33,393,Declined,Fraud Flag
APP0007168,C004889,2025-09-10,ACS,8.19,722,Approved,
APP0007169,C001642,2025-05-16,Nano,197.98,347,Approved,
APP0007170,C001563,2025-02-27,ACS,28.9,554,Approved,
APP0007171,C004218,2025-08-26,BNPL,370.99,649,Approved,
APP0007172,C000210,2025-03-26,BNPL,502.63,671,Approved,
APP0007173,C003387,2025-04-23,ACS,16.84,539,Approved,
APP0007174,C004863,2025-07-27,BNPL,200.21,681,Approved,
APP0007175,C000150,2025-09-13,ACS,5.5,698,Approved,
APP0007176,C004788,2025-01-20,BNPL,916.44,793,Approved,
APP0007177,C003086,2025-03-27,BNPL,740.64,737,Approved,
APP0007178,C000992,2025-03-21,Nano,296.43,802,Approved,
APP0007179,C004265,2025-04-10,ACS,27.85,563,Approved,
APP0007180,C004146,2025-04-20,ACS,27.89,777,Approved,
APP0007181,C004911,2025-05-22,Nano,68.26,465,Declined,Low Behavioural Score
APP0007182,C004599,2025-09-28,ACS,18.47,631,Approved,
APP0007183,C003055,2025-03-03,ACS,15.01,457,Approved,
APP0007184,C000065,2025-01-14,Nano,198.03,619,Approved,
APP0007185,C003736,2025-02-08,ACS,25.25,692,Approved,
APP0007186,C003774,2025-05-13,Nano,297.29,630,Declined,Low Behavioural Score
APP0007187,C003865,2025-02-25,ACS,6.91,524,Declined,Policy Rule Failure
APP0007188,C000900,2025-05-03,ACS,23.11,502,Declined,Low Behavioural Score
APP0007189,C003671,2025-04-19,Nano,236.32,812,Approved,
APP0007190,C004136,2025-05-01,Nano,242.82,669,Approved,
APP0007191,C000375,2025-04-06,ACS,11.52,788,Approved,
APP0007192,C000105,2025-09-29,ACS,8.57,612,Approved,
APP0007193,C000418,2025-08-25,Nano,125.26,422,Declined,Policy Rule Failure
APP0007194,C003457,2025-06-22,Nano,136.31,506,Declined,Low Behavioural Score
APP0007195,C001506,2025-06-02,ACS,25.02,679,Approved,
APP0007196,C004084,2025-07-01,Nano,298.43,578,Declined,Duplicate Application
APP0007197,C004788,2025-08-05,ACS,26.72,797,Approved,
APP0007198,C000179,2025-03-14,ACS,11.23,487,Declined,Incomplete Data
APP0007199,C003693,2025-03-13,Nano,140.97,511,Declined,Policy Rule Failure
APP0007200,C003786,2025-02-25,BNPL,842.09,718,Approved,
APP0007201,C000376,2025-02-08,ACS,15.44,732,Approved,
APP0007202,C000594,2025-05-31,Nano,53.63,616,Approved,
APP0007203,C004029,2025-03-29,ACS,17.04,704,Approved,
APP0007204,C000396,2025-06-06,Nano,224.82,695,Approved,
APP0007205,C000996,2025-05-06,Nano,241.55,746,Approved,
APP0007206,C004604,2025-05-03,BNPL,786.05,761,Approved,
APP0007207,C003637,2025-09-28,ACS,10.3,428,Declined,Low Behavioural Score
APP0007208,C004616,2025-05-20,ACS,18.42,349,Declined,Low Behavioural Score
APP0007209,C001371,2025-01-16,ACS,8.59,488,Declined,Policy Rule Failure
APP0007210,C003706,2025-02-08,ACS,7.55,741,Approved,
APP0007211,C003047,2025-05-20,ACS,26.31,571,Approved,
APP0007212,C004452,2025-02-27,ACS,11.64,705,Approved,
APP0007213,C001129,2025-02-03,Nano,221.35,369,Declined,Low Behavioural Score
APP0007214,C000084,2025-01-12,Nano,229.97,895,Approved,
APP0007215,C001998,2025-04-09,ACS,10.36,655,Approved,
APP0007216,C002559,2025-08-11,Nano,31.86,554,Approved,
APP0007217,C002871,2025-10-26,ACS,13.4,790,Approved,
APP0007218,C004359,2025-07-20,Nano,161.61,512,Declined,Fraud Flag
APP0007219,C003432,2025-05-01,Nano,121.15,640,Approved,
APP0007220,C004464,2025-02-13,ACS,12.64,457,Declined,Low Behavioural Score
APP0007221,C003650,2025-01-30,ACS,5.68,586,Approved,
APP0007222,C001836,2025-04-02,ACS,19.35,756,Approved,
APP0007223,C004083,2025-05-23,Nano,152.38,661,Approved,
APP0007224,C001624,2025-05-22,ACS,27.48,657,Declined,High Existing Exposure
APP0007225,C004064,2025-01-28,BNPL,220.95,689,Approved,
APP0007226,C003500,2025-04-10,ACS,17.56,755,Approved,
APP0007227,C001107,2025-03-26,ACS,18.18,725,Approved,
APP0007228,C000301,2025-07-06,Nano,162.03,470,Approved,
APP0007229,C004432,2025-06-03,ACS,6.8,685,Approved,
APP0007230,C003903,2025-03-05,Nano,67.84,597,Declined,Policy Rule Failure
APP0007231,C000253,2025-06-13,Nano,31.0,781,Approved,
APP0007232,C001249,2025-01-26,BNPL,288.11,502,Approved,
APP0007233,C002413,2025-02-14,Nano,153.75,710,Declined,High Existing Exposure
APP0007234,C002608,2025-01-24,Nano,231.71,715,Approved,
APP0007235,C001888,2025-02-26,Nano,118.31,543,Declined,Fraud Flag
APP0007236,C000963,2025-04-04,ACS,13.33,867,Approved,
APP0007237,C003337,2025-07-19,Nano,146.39,486,Declined,Low Behavioural Score
APP0007238,C003672,2025-02-27,BNPL,641.25,765,Approved,
APP0007239,C003201,2025-08-07,Nano,207.75,788,Approved,
APP0007240,C004783,2025-10-12,ACS,14.16,611,Declined,Incomplete Data
APP0007241,C001968,2025-02-19,BNPL,318.66,497,Approved,
APP0007242,C002705,2025-03-23,ACS,18.02,670,Approved,
APP0007243,C001588,2025-02-24,Nano,199.78,547,Approved,
APP0007244,C004754,2025-10-05,ACS,11.98,792,Approved,
APP0007245,C002094,2025-05-31,Nano,35.04,577,Approved,
APP0007246,C002011,2025-03-03,Nano,255.01,811,Approved,
APP0007247,C003717,2025-04-25,ACS,27.39,612,Approved,
APP0007248,C001433,2025-04-11,ACS,22.6,775,Declined,Duplicate Application
APP0007249,C001821,2025-07-13,ACS,24.65,723,Approved,
APP0007250,C004194,2025-05-01,Nano,299.64,789,Approved,
APP0007251,C000108,2025-07-14,BNPL,278.13,715,Approved,
APP0007252,C000190,2025-03-11,Nano,75.9,477,Approved,
APP0007253,C004332,2025-03-15,BNPL,671.22,661,Approved,
APP0007254,C001406,2025-05-01,Nano,296.62,603,Approved,
APP0007255,C003904,2025-06-03,ACS,19.43,662,Approved,
APP0007256,C003453,2025-01-28,ACS,28.44,639,Approved,
APP0007257,C001000,2025-01-11,Nano,287.19,743,Approved,
APP0007258,C000945,2025-03-27,ACS,26.16,720,Approved,
APP0007259,C004919,2025-08-08,Nano,177.99,698,Approved,
APP0007260,C004453,2025-10-12,BNPL,735.56,403,Declined,Fraud Flag
APP0007261,C001287,2025-04-01,ACS,21.82,848,Approved,
APP0007262,C002411,2025-08-18,ACS,17.33,657,Approved,
APP0007263,C004312,2025-07-13,BNPL,228.0,529,Declined,Duplicate Application
APP0007264,C001230,2025-08-04,Nano,37.98,797,Approved,
APP0007265,C003308,2025-08-23,ACS,5.32,460,Approved,
APP0007266,C001857,2025-07-04,ACS,18.87,462,Approved,
APP0007267,C004411,2025-04-28,ACS,14.81,667,Approved,
APP0007268,C001419,2025-06-25,Nano,48.6,741,Approved,
APP0007269,C002166,2025-05-06,BNPL,768.08,400,Declined,Low Behavioural Score
APP0007270,C003505,2025-02-04,ACS,20.58,517,Declined,High Existing Exposure
APP0007271,C003359,2025-08-23,Nano,149.44,565,Declined,Low Behavioural Score
APP0007272,C000550,2025-03-25,ACS,28.75,668,Approved,
APP0007273,C000437,2025-03-02,Nano,137.12,478,Declined,Low Behavioural Score
APP0007274,C004269,2025-05-27,Nano,161.65,639,Approved,
APP0007275,C003809,2025-07-08,ACS,27.02,674,Approved,
APP0007276,C000745,2025-09-07,Nano,278.03,709,Approved,
APP0007277,C003242,2025-07-27,BNPL,624.83,555,Approved,
APP0007278,C001413,2025-06-05,Nano,163.82,774,Declined,Fraud Flag
APP0007279,C002033,2025-05-30,Nano,68.8,760,Approved,
APP0007280,C003134,2025-04-26,ACS,5.6,595,Approved,
APP0007281,C003192,2025-05-01,ACS,25.89,821,Approved,
APP0007282,C001772,2025-02-02,ACS,13.46,694,Approved,
APP0007283,C004155,2025-02-15,ACS,27.68,695,Approved,
APP0007284,C002551,2025-05-14,ACS,17.75,615,Approved,
APP0007285,C004067,2025-01-08,BNPL,342.3,850,Approved,
APP0007286,C002846,2025-05-12,ACS,7.13,606,Approved,
APP0007287,C001784,2025-04-16,BNPL,510.66,566,Approved,
APP0007288,C001296,2025-03-22,BNPL,987.84,749,Approved,
APP0007289,C000066,2025-03-05,ACS,23.16,768,Approved,
APP0007290,C002674,2025-06-28,ACS,17.14,591,Approved,
APP0007291,C002782,2025-04-22,Nano,42.71,793,Approved,
APP0007292,C004697,2025-02-22,BNPL,528.12,505,Approved,
APP0007293,C001300,2025-02-15,ACS,9.33,619,Approved,
APP0007294,C000013,2025-03-10,ACS,17.26,416,Declined,Low Behavioural Score
APP0007295,C004473,2025-02-21,Nano,65.93,508,Approved,
APP0007296,C002982,2025-10-19,ACS,5.77,382,Declined,Low Behavioural Score
APP0007297,C000248,2025-05-22,ACS,28.72,585,Declined,Low Behavioural Score
APP0007298,C001602,2025-06-03,ACS,23.31,493,Declined,Low Behavioural Score
APP0007299,C004852,2025-03-20,Nano,272.08,790,Approved,
APP0007300,C004311,2025-08-01,ACS,11.38,305,Declined,Low Behavioural Score
APP0007301,C002768,2025-02-11,Nano,165.85,640,Approved,
APP0007302,C000483,2025-02-14,Nano,138.67,767,Approved,
APP0007303,C003252,2025-06-13,BNPL,369.08,308,Declined,Low Behavioural Score
APP0007304,C000304,2025-04-12,ACS,18.03,589,Approved,
APP0007305,C001958,2025-04-23,Nano,294.11,498,Declined,Low Behavioural Score
APP0007306,C002025,2025-02-03,BNPL,444.39,570,Approved,
APP0007307,C003884,2025-05-28,Nano,99.17,625,Approved,
APP0007308,C003369,2025-02-16,BNPL,130.17,554,Declined,Duplicate Application
APP0007309,C002394,2025-05-03,ACS,5.81,300,Declined,High Existing Exposure
APP0007310,C000033,2025-08-01,Nano,159.99,722,Approved,
APP0007311,C000092,2025-07-04,Nano,191.14,509,Declined,Low Behavioural Score
APP0007312,C004057,2025-03-30,ACS,25.55,638,Declined,Duplicate Application
APP0007313,C003257,2025-11-11,ACS,13.36,624,Declined,Duplicate Application
APP0007314,C001683,2025-03-15,ACS,21.52,738,Declined,Fraud Flag
APP0007315,C003753,2025-03-08,Nano,21.46,788,Approved,
APP0007316,C004602,2025-06-02,ACS,6.19,798,Approved,
APP0007317,C000066,2025-02-09,ACS,25.72,766,Approved,
APP0007318,C004529,2025-06-04,ACS,9.52,524,Declined,Policy Rule Failure
APP0007319,C001240,2025-07-24,BNPL,767.59,547,Approved,
APP0007320,C003820,2025-07-26,Nano,249.17,786,Approved,
APP0007321,C002951,2025-09-03,ACS,29.28,701,Approved,
APP0007322,C003686,2025-02-20,BNPL,277.7,474,Declined,Policy Rule Failure
APP0007323,C000589,2025-02-10,ACS,25.81,470,Declined,Policy Rule Failure
APP0007324,C003005,2025-02-12,ACS,10.88,684,Approved,
APP0007325,C004834,2025-07-29,ACS,9.62,467,Declined,Low Behavioural Score
APP0007326,C003973,2025-01-29,Nano,194.11,318,Declined,Fraud Flag
APP0007327,C003992,2025-09-11,BNPL,231.9,387,Declined,Low Behavioural Score
APP0007328,C000891,2025-01-27,Nano,208.74,488,Approved,
APP0007329,C001379,2025-06-15,Nano,239.28,551,Approved,
APP0007330,C004086,2025-01-24,Nano,264.13,596,Approved,
APP0007331,C002016,2025-06-10,ACS,7.98,300,Declined,Low Behavioural Score
APP0007332,C002827,2025-03-06,BNPL,196.35,727,Approved,
APP0007333,C000837,2025-08-19,Nano,175.83,577,Approved,
APP0007334,C003910,2025-09-25,Nano,207.3,614,Approved,
APP0007335,C002229,2025-06-26,Nano,227.82,791,Approved,
APP0007336,C002469,2025-03-30,ACS,8.36,528,Declined,Low Behavioural Score
APP0007337,C004761,2025-02-04,Nano,214.81,668,Approved,
APP0007338,C003155,2025-08-16,ACS,19.0,743,Approved,
APP0007339,C002204,2025-01-17,Nano,87.51,716,Approved,
APP0007340,C001708,2025-03-02,Nano,89.52,371,Declined,High Existing Exposure
APP0007341,C003007,2025-02-10,ACS,29.32,686,Approved,
APP0007342,C002123,2025-04-18,ACS,24.66,511,Declined,High Existing Exposure
APP0007343,C001129,2025-04-11,Nano,89.46,358,Declined,High Existing Exposure
APP0007344,C001824,2025-06-28,Nano,57.7,688,Approved,
APP0007345,C001434,2025-07-21,ACS,23.87,785,Approved,
APP0007346,C003703,2025-08-21,ACS,12.59,442,Declined,Duplicate Application
APP0007347,C002513,2025-02-14,ACS,5.17,505,Declined,Policy Rule Failure
APP0007348,C001003,2025-05-06,Nano,199.73,724,Approved,
APP0007349,C000750,2025-07-13,Nano,163.34,486,Declined,Fraud Flag
APP0007350,C004653,2025-05-06,Nano,78.31,633,Approved,
APP0007351,C004445,2025-02-28,BNPL,926.36,567,Approved,
APP0007352,C004147,2025-03-29,ACS,23.71,652,Approved,
APP0007353,C003675,2025-04-30,Nano,79.86,692,Approved,
APP0007354,C004309,2025-06-02,ACS,29.86,629,Approved,
APP0007355,C003236,2025-03-17,ACS,13.56,530,Declined,Fraud Flag
APP0007356,C004570,2025-07-23,ACS,11.35,885,Approved,
APP0007357,C004594,2025-08-05,ACS,7.5,733,Approved,
APP0007358,C002181,2025-08-01,ACS,21.32,645,Approved,
APP0007359,C001244,2025-02-13,Nano,187.21,554,Declined,Fraud Flag
APP0007360,C004460,2025-02-01,Nano,144.07,594,Approved,
APP0007361,C004134,2025-02-22,BNPL,499.68,617,Declined,High Existing Exposure
APP0007362,C002221,2025-05-25,Nano,167.81,790,Approved,
APP0007363,C004544,2025-07-05,ACS,7.02,768,Approved,
APP0007364,C000509,2025-01-13,ACS,16.68,319,Declined,Low Behavioural Score
APP0007365,C004108,2025-02-03,BNPL,921.31,511,Approved,
APP0007366,C000248,2025-06-06,Nano,254.17,598,Approved,
APP0007367,C000513,2025-04-27,BNPL,684.22,547,Approved,
APP0007368,C000318,2025-06-16,ACS,28.11,546,Approved,
APP0007369,C000400,2025-08-06,BNPL,978.21,719,Approved,
APP0007370,C000941,2025-07-15,Nano,218.88,607,Approved,
APP0007371,C001810,2025-03-13,Nano,51.57,753,Approved,
APP0007372,C001800,2025-09-03,ACS,6.27,493,Declined,Low Behavioural Score
APP0007373,C002105,2025-02-20,Nano,241.5,559,Approved,
APP0007374,C004897,2025-08-17,Nano,181.93,401,Declined,Incomplete Data
APP0007375,C002556,2025-12-03,ACS,19.54,564,Approved,
APP0007376,C001206,2025-05-19,Nano,173.11,502,Declined,Fraud Flag
APP0007377,C000688,2025-01-30,BNPL,138.66,728,Approved,
APP0007378,C004565,2025-03-15,Nano,44.2,732,Approved,
APP0007379,C001380,2025-02-24,Nano,83.49,482,Declined,Low Behavioural Score
APP0007380,C004053,2025-01-17,BNPL,649.02,880,Approved,
APP0007381,C003949,2025-04-19,ACS,18.94,751,Approved,
APP0007382,C004306,2025-04-27,Nano,21.92,598,Approved,
APP0007383,C000732,2025-03-01,ACS,14.91,387,Declined,Policy Rule Failure
APP0007384,C003924,2025-04-21,ACS,8.67,817,Approved,
APP0007385,C003911,2025-03-09,BNPL,420.4,552,Approved,
APP0007386,C004866,2025-07-09,ACS,17.34,502,Declined,Incomplete Data
APP0007387,C003542,2025-01-12,Nano,146.15,861,Approved,
APP0007388,C000600,2025-05-14,ACS,25.2,748,Approved,
APP0007389,C002291,2025-01-22,Nano,43.31,648,Declined,Low Behavioural Score
APP0007390,C002395,2025-04-10,Nano,80.69,378,Declined,High Existing Exposure
APP0007391,C002369,2025-05-22,Nano,159.61,648,Approved,
APP0007392,C001715,2025-01-17,ACS,23.68,714,Approved,
APP0007393,C004008,2025-05-10,Nano,265.91,865,Approved,
APP0007394,C001422,2025-02-17,Nano,156.54,533,Declined,Policy Rule Failure
APP0007395,C002225,2025-08-11,Nano,277.48,413,Declined,Policy Rule Failure
APP0007396,C002235,2025-03-01,ACS,19.82,761,Approved,
APP0007397,C003217,2025-02-07,Nano,254.22,762,Approved,
APP0007398,C002405,2025-10-17,Nano,121.03,739,Approved,
APP0007399,C004855,2025-02-23,Nano,104.96,723,Approved,
APP0007400,C004930,2025-06-09,Nano,230.6,699,Approved,
APP0007401,C002323,2025-02-06,ACS,18.64,556,Declined,Fraud Flag
APP0007402,C001324,2025-06-22,Nano,177.17,770,Approved,
APP0007403,C003806,2025-02-22,Nano,239.16,383,Declined,Policy Rule Failure
APP0007404,C004559,2025-03-26,ACS,21.59,516,Approved,
APP0007405,C004435,2025-09-20,Nano,86.18,440,Declined,Low Behavioural Score
APP0007406,C000835,2025-05-20,Nano,58.01,551,Declined,Low Behavioural Score
APP0007407,C000266,2025-06-07,Nano,24.31,557,Approved,
APP0007408,C003326,2025-02-27,Nano,223.81,654,Approved,
APP0007409,C001503,2025-07-11,ACS,18.94,554,Approved,
APP0007410,C001528,2025-02-17,ACS,14.06,707,Approved,
APP0007411,C000150,2025-06-14,ACS,7.95,693,Approved,
APP0007412,C004802,2025-03-20,Nano,73.99,660,Approved,
APP0007413,C000007,2025-07-12,Nano,199.92,605,Approved,
APP0007414,C003174,2025-05-11,ACS,8.77,680,Approved,
APP0007415,C004627,2025-06-01,Nano,173.49,781,Approved,
APP0007416,C000322,2025-08-06,Nano,141.24,654,Approved,
APP0007417,C003081,2025-09-30,ACS,22.06,682,Approved,
APP0007418,C004618,2025-01-15,ACS,25.65,743,Approved,
APP0007419,C002054,2025-04-22,ACS,27.72,598,Approved,
APP0007420,C001470,2025-06-20,Nano,285.09,732,Approved,
APP0007421,C003522,2025-07-18,BNPL,515.29,710,Approved,
APP0007422,C004637,2025-06-18,ACS,22.51,762,Approved,
APP0007423,C002795,2025-04-29,BNPL,678.88,506,Declined,Fraud Flag
APP0007424,C000068,2025-03-15,ACS,18.03,873,Approved,
APP0007425,C003423,2025-05-03,Nano,184.43,865,Approved,
APP0007426,C001094,2025-03-10,Nano,234.52,555,Declined,Incomplete Data
APP0007427,C004946,2025-02-14,Nano,259.95,654,Approved,
APP0007428,C001392,2025-01-11,ACS,10.66,679,Approved,
APP0007429,C003183,2025-02-23,ACS,6.99,494,Declined,High Existing Exposure
APP0007430,C003440,2025-10-07,ACS,10.4,471,Approved,
APP0007431,C002227,2025-08-16,ACS,24.89,354,Declined,Low Behavioural Score
APP0007432,C003990,2025-07-19,Nano,177.68,459,Declined,Incomplete Data
APP0007433,C004482,2025-07-21,Nano,200.29,562,Declined,High Existing Exposure
APP0007434,C003151,2025-05-25,Nano,231.64,770,Approved,
APP0007435,C003772,2025-07-14,ACS,10.09,606,Approved,
APP0007436,C000311,2025-05-16,ACS,22.05,396,Declined,Low Behavioural Score
APP0007437,C001209,2025-04-14,BNPL,248.96,773,Approved,
APP0007438,C002169,2025-05-16,Nano,174.79,519,Approved,
APP0007439,C000652,2025-02-17,BNPL,214.66,682,Approved,
APP0007440,C002470,2025-05-30,Nano,87.93,466,Declined,Incomplete Data
APP0007441,C000367,2025-04-03,ACS,19.93,781,Approved,
APP0007442,C001794,2025-10-21,Nano,286.21,499,Declined,Incomplete Data
APP0007443,C000308,2025-04-19,BNPL,442.52,530,Approved,
APP0007444,C002098,2025-02-12,Nano,198.77,518,Approved,
APP0007445,C002030,2025-05-10,ACS,26.26,679,Approved,
APP0007446,C002414,2025-04-10,Nano,103.07,725,Approved,
APP0007447,C004952,2025-07-16,Nano,262.56,751,Approved,
APP0007448,C002771,2025-01-23,Nano,211.79,675,Approved,
APP0007449,C000739,2025-05-21,Nano,83.19,723,Approved,
APP0007450,C003155,2025-09-08,BNPL,521.38,753,Approved,
APP0007451,C004896,2025-04-05,ACS,25.1,776,Approved,
APP0007452,C001051,2025-06-02,Nano,151.81,515,Declined,Duplicate Application
APP0007453,C000402,2025-04-29,Nano,217.46,493,Declined,Low Behavioural Score
APP0007454,C004509,2025-02-19,ACS,11.62,589,Approved,
APP0007455,C000862,2025-05-21,BNPL,326.97,776,Approved,
APP0007456,C004140,2025-07-02,ACS,24.78,770,Approved,
APP0007457,C002141,2025-02-20,Nano,143.82,683,Approved,
APP0007458,C003934,2025-03-25,ACS,22.05,664,Approved,
APP0007459,C003563,2025-03-15,ACS,29.68,731,Approved,
APP0007460,C004030,2025-06-04,ACS,29.8,771,Approved,
APP0007461,C003805,2025-08-08,ACS,17.06,615,Declined,Incomplete Data
APP0007462,C002628,2025-06-14,ACS,19.09,545,Approved,
APP0007463,C001221,2025-04-11,Nano,106.8,576,Declined,Low Behavioural Score
APP0007464,C004766,2025-07-16,Nano,185.8,791,Approved,
APP0007465,C000943,2025-02-09,Nano,253.76,591,Declined,Low Behavioural Score
APP0007466,C001830,2025-09-12,BNPL,245.14,389,Declined,Low Behavioural Score
APP0007467,C001407,2025-07-09,ACS,6.74,591,Approved,
APP0007468,C002100,2025-08-07,ACS,15.64,688,Approved,
APP0007469,C001247,2025-03-28,ACS,17.55,504,Approved,
APP0007470,C004082,2025-03-20,Nano,27.94,463,Approved,
APP0007471,C002187,2025-04-18,Nano,121.03,335,Declined,Low Behavioural Score
APP0007472,C004346,2025-01-02,ACS,8.59,619,Approved,
APP0007473,C000156,2025-05-25,Nano,293.09,678,Approved,
APP0007474,C002245,2025-07-31,ACS,20.41,780,Approved,
APP0007475,C002924,2025-08-14,Nano,198.96,484,Declined,Low Behavioural Score
APP0007476,C004241,2025-02-27,Nano,23.0,398,Declined,Duplicate Application
APP0007477,C003655,2025-05-21,BNPL,153.0,678,Approved,
APP0007478,C003167,2025-05-31,ACS,13.49,548,Approved,
APP0007479,C004225,2025-05-20,ACS,8.49,591,Declined,Low Behavioural Score
APP0007480,C001941,2025-01-06,Nano,45.5,681,Approved,
APP0007481,C004782,2025-07-09,Nano,105.95,648,Approved,
APP0007482,C004528,2025-03-03,Nano,285.21,780,Approved,
APP0007483,C004543,2025-01-31,Nano,281.44,649,Approved,
APP0007484,C002516,2025-08-09,ACS,19.33,725,Approved,
APP0007485,C000467,2025-04-08,ACS,17.1,677,Approved,
APP0007486,C004246,2025-06-23,BNPL,431.69,569,Declined,Duplicate Application
APP0007487,C002082,2025-02-14,ACS,29.68,726,Approved,
APP0007488,C004063,2025-01-18,Nano,81.83,748,Approved,
APP0007489,C000277,2025-01-21,ACS,13.26,715,Approved,
APP0007490,C000484,2025-04-19,ACS,21.03,572,Declined,High Existing Exposure
APP0007491,C001745,2025-03-09,Nano,226.13,557,Approved,
APP0007492,C004356,2025-03-24,Nano,22.57,711,Approved,
APP0007493,C000154,2025-02-05,ACS,10.85,583,Approved,
APP0007494,C000813,2025-03-18,Nano,64.34,596,Declined,Policy Rule Failure
APP0007495,C002477,2025-08-01,BNPL,182.41,659,Approved,
APP0007496,C004070,2025-02-06,ACS,23.77,750,Approved,
APP0007497,C000777,2025-02-16,Nano,196.71,713,Approved,
APP0007498,C003778,2025-07-22,ACS,21.77,728,Approved,
APP0007499,C002447,2025-03-04,ACS,11.17,601,Approved,
APP0007500,C003686,2025-04-24,ACS,29.89,480,Approved,
APP0007501,C003590,2025-02-13,ACS,28.71,569,Approved,
APP0007502,C004605,2025-03-07,Nano,140.69,703,Approved,
APP0007503,C000291,2025-07-31,ACS,9.05,661,Approved,
APP0007504,C003003,2025-11-02,ACS,11.1,793,Approved,
APP0007505,C002281,2025-09-28,ACS,18.37,313,Declined,Low Behavioural Score
APP0007506,C001694,2025-03-07,Nano,225.17,476,Approved,
APP0007507,C003704,2025-05-08,BNPL,168.48,580,Approved,
APP0007508,C002966,2025-01-13,ACS,26.3,779,Approved,
APP0007509,C002222,2025-10-11,ACS,10.67,585,Approved,
APP0007510,C003481,2025-03-25,ACS,26.37,641,Approved,
APP0007511,C002873,2025-03-03,BNPL,606.33,350,Approved,
APP0007512,C001824,2025-05-19,Nano,169.04,691,Approved,
APP0007513,C001679,2025-03-17,ACS,9.97,674,Approved,
APP0007514,C001272,2025-01-06,ACS,19.9,689,Approved,
APP0007515,C001485,2025-05-02,Nano,156.27,541,Approved,
APP0007516,C002449,2025-07-19,ACS,19.77,758,Approved,
APP0007517,C000904,2025-02-06,ACS,28.25,680,Approved,
APP0007518,C004492,2025-06-10,ACS,10.01,800,Approved,
APP0007519,C002909,2025-03-19,Nano,236.59,657,Approved,
APP0007520,C003153,2025-02-22,Nano,186.58,552,Declined,Policy Rule Failure
APP0007521,C002871,2025-03-03,ACS,29.64,780,Approved,
APP0007522,C004487,2025-02-20,Nano,100.91,522,Approved,
APP0007523,C004096,2025-09-06,Nano,267.23,619,Approved,
APP0007524,C002376,2025-03-24,BNPL,286.92,527,Declined,Low Behavioural Score
APP0007525,C001722,2025-07-30,BNPL,703.49,652,Declined,Fraud Flag
APP0007526,C004735,2025-07-10,ACS,21.8,660,Approved,
APP0007527,C003000,2025-08-27,ACS,16.59,588,Declined,Fraud Flag
APP0007528,C003958,2025-03-10,BNPL,466.81,552,Declined,Duplicate Application
APP0007529,C000697,2025-01-24,Nano,290.25,694,Approved,
APP0007530,C001773,2025-06-09,ACS,23.25,680,Approved,
APP0007531,C001325,2025-01-03,Nano,233.11,469,Declined,Duplicate Application
APP0007532,C002242,2025-01-29,Nano,236.52,509,Declined,High Existing Exposure
APP0007533,C002517,2025-05-17,Nano,101.9,642,Approved,
APP0007534,C004989,2025-03-29,BNPL,252.84,638,Approved,
APP0007535,C000526,2025-06-28,ACS,9.22,650,Approved,
APP0007536,C004769,2025-03-22,Nano,190.09,538,Approved,
APP0007537,C004060,2025-03-21,ACS,16.26,476,Declined,Duplicate Application
APP0007538,C002052,2025-03-24,ACS,13.25,485,Declined,Low Behavioural Score
APP0007539,C001406,2025-06-24,Nano,65.73,599,Approved,
APP0007540,C004168,2025-05-20,Nano,87.69,762,Approved,
APP0007541,C000683,2025-07-15,ACS,12.64,702,Approved,
APP0007542,C004549,2025-08-07,BNPL,674.59,403,Declined,Incomplete Data
APP0007543,C004716,2025-02-01,BNPL,670.06,335,Declined,Policy Rule Failure
APP0007544,C001259,2025-04-19,ACS,22.75,677,Approved,
APP0007545,C002804,2025-03-14,ACS,23.65,519,Approved,
APP0007546,C002589,2025-03-14,Nano,222.68,642,Approved,
APP0007547,C003834,2025-07-07,BNPL,154.39,749,Approved,
APP0007548,C003786,2025-03-28,ACS,21.0,737,Approved,
APP0007549,C004975,2025-02-13,Nano,271.56,326,Declined,Low Behavioural Score
APP0007550,C000385,2025-04-30,BNPL,991.83,710,Approved,
APP0007551,C004089,2025-11-25,Nano,27.0,588,Approved,
APP0007552,C004029,2025-09-10,Nano,135.04,686,Approved,
APP0007553,C003707,2025-01-04,BNPL,334.54,385,Approved,
APP0007554,C001056,2025-08-19,ACS,9.97,787,Approved,
APP0007555,C003715,2025-10-31,BNPL,707.25,646,Approved,
APP0007556,C002395,2025-02-19,Nano,129.99,367,Declined,Low Behavioural Score
APP0007557,C001396,2025-06-15,ACS,25.19,583,Approved,
APP0007558,C001877,2025-01-29,BNPL,709.41,768,Approved,
APP0007559,C002072,2025-05-06,Nano,115.85,487,Declined,Policy Rule Failure
APP0007560,C003701,2025-04-09,Nano,64.77,755,Approved,
APP0007561,C001004,2025-04-29,ACS,7.45,810,Approved,
APP0007562,C001166,2025-11-18,Nano,114.18,553,Approved,
APP0007563,C001853,2025-03-21,ACS,15.19,559,Approved,
APP0007564,C002332,2025-02-15,Nano,45.91,596,Approved,
APP0007565,C004731,2025-07-03,Nano,155.46,775,Approved,
APP0007566,C001328,2025-05-01,Nano,245.61,379,Declined,Low Behavioural Score
APP0007567,C004532,2025-03-13,BNPL,350.22,428,Declined,Duplicate Application
APP0007568,C000275,2025-06-10,ACS,6.93,506,Declined,Policy Rule Failure
APP0007569,C002553,2025-04-08,Nano,275.44,603,Declined,Incomplete Data
APP0007570,C004218,2025-05-29,Nano,107.46,653,Approved,
APP0007571,C001555,2025-01-28,Nano,113.47,780,Approved,
APP0007572,C001123,2025-09-30,Nano,47.42,546,Declined,Fraud Flag
APP0007573,C003028,2025-05-09,ACS,20.22,565,Declined,Duplicate Application
APP0007574,C001163,2025-02-25,ACS,22.71,533,Declined,Fraud Flag
APP0007575,C000078,2025-09-27,ACS,11.46,521,Approved,
APP0007576,C000234,2025-02-25,ACS,14.25,493,Declined,Incomplete Data
APP0007577,C002395,2025-02-15,Nano,287.73,393,Declined,Low Behavioural Score
APP0007578,C002514,2025-07-19,ACS,19.25,742,Declined,Policy Rule Failure
APP0007579,C000131,2025-02-03,ACS,25.06,779,Approved,
APP0007580,C001345,2025-01-31,ACS,13.94,636,Approved,
APP0007581,C003784,2025-08-01,Nano,110.04,315,Declined,Low Behavioural Score
APP0007582,C002828,2025-03-15,ACS,8.64,488,Approved,
APP0007583,C003059,2025-03-03,ACS,10.53,673,Approved,
APP0007584,C003618,2025-02-01,ACS,16.91,850,Approved,
APP0007585,C004520,2025-02-15,ACS,11.8,607,Approved,
APP0007586,C000230,2025-01-26,BNPL,375.65,672,Approved,
APP0007587,C002414,2025-07-22,ACS,19.21,721,Approved,
APP0007588,C001003,2025-04-04,ACS,23.71,742,Approved,
APP0007589,C003337,2025-06-06,ACS,29.96,483,Declined,Low Behavioural Score
APP0007590,C001955,2025-03-29,BNPL,166.89,765,Approved,
APP0007591,C000770,2025-04-04,BNPL,450.28,774,Approved,
APP0007592,C004399,2025-08-07,Nano,121.51,530,Declined,Low Behavioural Score
APP0007593,C002581,2025-03-16,Nano,92.8,477,Declined,Low Behavioural Score
APP0007594,C000549,2025-07-23,Nano,52.47,655,Approved,
APP0007595,C001127,2025-04-16,ACS,10.63,679,Approved,
APP0007596,C003720,2025-09-18,Nano,103.79,331,Declined,Policy Rule Failure
APP0007597,C002353,2025-03-01,ACS,17.95,642,Approved,
APP0007598,C004768,2025-04-27,ACS,5.8,617,Approved,
APP0007599,C000251,2025-02-26,Nano,160.33,772,Approved,
APP0007600,C000389,2025-06-20,ACS,28.65,516,Declined,Incomplete Data
APP0007601,C003449,2025-09-01,ACS,24.81,728,Approved,
APP0007602,C001666,2025-11-23,ACS,21.13,581,Declined,Duplicate Application
APP0007603,C004372,2025-07-28,BNPL,553.37,692,Approved,
APP0007604,C003848,2025-04-09,Nano,140.36,546,Declined,Incomplete Data
APP0007605,C000114,2025-07-06,Nano,97.73,796,Approved,
APP0007606,C004676,2025-07-11,Nano,188.29,329,Declined,Low Behavioural Score
APP0007607,C004768,2025-06-10,ACS,16.91,595,Declined,Fraud Flag
APP0007608,C001234,2025-03-24,Nano,241.26,737,Approved,
APP0007609,C003063,2025-10-20,Nano,108.17,687,Declined,Fraud Flag
APP0007610,C003210,2025-03-05,ACS,11.12,700,Approved,
APP0007611,C000188,2025-03-06,ACS,24.03,667,Approved,
APP0007612,C003658,2025-04-28,ACS,18.71,560,Approved,
APP0007613,C004843,2025-09-04,Nano,235.61,696,Approved,
APP0007614,C002021,2025-03-15,Nano,249.22,509,Approved,
APP0007615,C004931,2025-04-09,Nano,181.24,549,Declined,Low Behavioural Score
APP0007616,C003348,2025-06-28,BNPL,546.98,776,Approved,
APP0007617,C003676,2025-03-24,Nano,291.69,795,Approved,
APP0007618,C002746,2025-10-15,Nano,256.23,386,Declined,Policy Rule Failure
APP0007619,C003458,2025-02-17,Nano,212.75,736,Approved,
APP0007620,C004686,2025-04-14,ACS,19.19,711,Approved,
APP0007621,C002952,2025-02-27,ACS,8.62,523,Approved,
APP0007622,C002694,2025-12-04,ACS,5.23,502,Declined,Policy Rule Failure
APP0007623,C000849,2025-10-22,ACS,24.1,805,Approved,
APP0007624,C002584,2025-05-08,ACS,9.36,725,Approved,
APP0007625,C004319,2025-02-16,ACS,18.89,632,Declined,Incomplete Data
APP0007626,C003347,2025-03-02,Nano,190.32,760,Approved,
APP0007627,C003581,2025-04-18,ACS,22.0,564,Approved,
APP0007628,C000762,2025-08-12,ACS,17.98,715,Approved,
APP0007629,C004235,2025-02-12,Nano,242.1,536,Approved,
APP0007630,C002655,2025-06-06,ACS,14.74,479,Declined,Low Behavioural Score
APP0007631,C002281,2025-04-21,Nano,44.96,311,Declined,Policy Rule Failure
APP0007632,C000254,2025-07-23,ACS,26.76,590,Approved,
APP0007633,C004466,2025-06-01,ACS,7.66,708,Approved,
APP0007634,C003136,2025-07-22,ACS,18.88,722,Approved,
APP0007635,C001561,2025-01-16,ACS,5.96,776,Approved,
APP0007636,C002674,2025-05-01,Nano,191.69,603,Approved,
APP0007637,C004547,2025-02-05,ACS,13.25,623,Approved,
APP0007638,C004198,2025-03-30,Nano,198.33,652,Approved,
APP0007639,C001489,2025-07-12,Nano,141.74,502,Declined,Policy Rule Failure
APP0007640,C003989,2025-05-01,Nano,281.32,750,Approved,
APP0007641,C000040,2025-03-08,Nano,90.48,668,Approved,
APP0007642,C002163,2025-04-01,ACS,12.41,496,Approved,
APP0007643,C002743,2025-07-10,Nano,122.4,463,Declined,Low Behavioural Score
APP0007644,C003295,2025-05-01,ACS,6.92,439,Declined,Low Behavioural Score
APP0007645,C000005,2025-06-25,Nano,261.75,626,Approved,
APP0007646,C001517,2025-05-20,ACS,7.39,865,Approved,
APP0007647,C001286,2025-07-28,BNPL,281.13,517,Declined,High Existing Exposure
APP0007648,C001940,2025-01-04,ACS,8.18,713,Approved,
APP0007649,C003459,2025-02-22,Nano,55.99,681,Approved,
APP0007650,C000391,2025-03-25,ACS,15.01,626,Approved,
APP0007651,C003750,2025-08-04,ACS,9.39,609,Approved,
APP0007652,C000504,2025-07-25,Nano,266.99,704,Approved,
APP0007653,C002535,2025-03-23,Nano,281.29,575,Approved,
APP0007654,C004094,2025-06-09,ACS,9.49,640,Approved,
APP0007655,C004395,2025-05-14,ACS,10.44,736,Approved,
APP0007656,C004860,2025-05-25,BNPL,372.38,590,Approved,
APP0007657,C002158,2025-04-13,ACS,18.53,799,Approved,
APP0007658,C002447,2025-11-25,Nano,155.79,599,Approved,
APP0007659,C004506,2025-04-30,ACS,14.47,637,Approved,
APP0007660,C000640,2025-05-26,ACS,11.69,620,Approved,
APP0007661,C004547,2025-02-25,Nano,258.65,658,Approved,
APP0007662,C000442,2025-05-30,ACS,17.18,696,Approved,
APP0007663,C000456,2025-03-01,Nano,53.24,790,Approved,
APP0007664,C000228,2025-08-28,ACS,24.08,415,Approved,
APP0007665,C001153,2025-09-25,ACS,12.95,495,Declined,Policy Rule Failure
APP0007666,C004394,2025-05-26,ACS,25.07,734,Approved,
APP0007667,C001038,2025-09-13,ACS,23.41,606,Approved,
APP0007668,C002211,2025-06-20,BNPL,208.68,774,Approved,
APP0007669,C004028,2025-02-08,ACS,13.13,723,Approved,
APP0007670,C004402,2025-08-11,Nano,196.67,535,Declined,Policy Rule Failure
APP0007671,C002194,2025-06-25,Nano,229.01,605,Approved,
APP0007672,C001815,2025-02-24,ACS,15.8,673,Approved,
APP0007673,C002323,2025-02-06,Nano,177.57,548,Declined,Low Behavioural Score
APP0007674,C002941,2025-04-15,Nano,45.17,626,Declined,Duplicate Application
APP0007675,C001611,2025-02-25,ACS,5.09,361,Declined,Low Behavioural Score
APP0007676,C003370,2025-07-20,Nano,85.62,600,Approved,
APP0007677,C004038,2025-04-06,BNPL,548.32,576,Approved,
APP0007678,C000251,2025-08-23,ACS,18.86,774,Approved,
APP0007679,C004108,2025-10-06,ACS,6.35,509,Declined,Low Behavioural Score
APP0007680,C003408,2025-05-02,BNPL,933.38,625,Approved,
APP0007681,C000293,2025-03-16,ACS,8.27,776,Approved,
APP0007682,C003999,2025-03-31,ACS,26.83,520,Declined,Fraud Flag
APP0007683,C002478,2025-03-30,ACS,28.67,630,Approved,
APP0007684,C000111,2025-02-06,Nano,155.79,577,Approved,
APP0007685,C000409,2025-03-23,BNPL,829.11,600,Approved,
APP0007686,C000295,2025-01-15,Nano,173.33,440,Approved,
APP0007687,C002035,2025-03-12,Nano,44.92,612,Approved,
APP0007688,C002611,2025-04-08,ACS,8.98,558,Approved,
APP0007689,C001202,2025-06-08,Nano,158.37,504,Approved,
APP0007690,C004857,2025-06-06,ACS,13.49,658,Approved,
APP0007691,C000157,2025-01-12,BNPL,761.48,601,Approved,
APP0007692,C004867,2025-04-01,ACS,12.36,679,Approved,
APP0007693,C000756,2025-01-13,Nano,40.67,586,Approved,
APP0007694,C000548,2025-04-12,ACS,24.92,595,Approved,
APP0007695,C002459,2025-03-25,Nano,177.34,758,Approved,
APP0007696,C003805,2025-10-23,Nano,176.44,605,Approved,
APP0007697,C003305,2025-05-14,ACS,14.28,663,Approved,
APP0007698,C003967,2025-05-25,ACS,16.78,659,Approved,
APP0007699,C002266,2025-05-26,ACS,7.8,511,Approved,
APP0007700,C004385,2025-06-07,ACS,22.84,300,Declined,Incomplete Data
APP0007701,C003821,2025-04-02,ACS,8.14,822,Approved,
APP0007702,C000218,2025-06-06,BNPL,814.19,415,Declined,Low Behavioural Score
APP0007703,C002510,2025-03-31,ACS,15.98,566,Declined,Low Behavioural Score
APP0007704,C004863,2025-03-07,ACS,5.99,682,Approved,
APP0007705,C003632,2025-09-11,ACS,27.81,782,Approved,
APP0007706,C004109,2025-08-16,ACS,27.22,687,Approved,
APP0007707,C003600,2025-08-25,BNPL,186.62,609,Declined,High Existing Exposure
APP0007708,C003039,2025-05-25,Nano,34.85,431,Declined,Fraud Flag
APP0007709,C001675,2025-04-17,Nano,99.58,382,Declined,Fraud Flag
APP0007710,C000335,2025-07-17,Nano,132.65,473,Declined,Low Behavioural Score
APP0007711,C001508,2025-05-31,Nano,174.73,342,Declined,Low Behavioural Score
APP0007712,C001201,2025-05-15,ACS,22.15,725,Approved,
APP0007713,C003623,2025-10-29,ACS,29.38,701,Approved,
APP0007714,C001734,2025-02-03,Nano,176.62,504,Declined,Policy Rule Failure
APP0007715,C001769,2025-02-15,Nano,178.4,359,Declined,Incomplete Data
APP0007716,C004287,2025-01-21,ACS,28.86,666,Approved,
APP0007717,C000979,2025-04-27,ACS,14.29,550,Declined,Policy Rule Failure
APP0007718,C003806,2025-09-23,ACS,28.59,373,Declined,Low Behavioural Score
APP0007719,C001762,2025-06-11,Nano,118.59,673,Approved,
APP0007720,C004704,2025-09-07,ACS,23.5,323,Declined,Fraud Flag
APP0007721,C004777,2025-04-20,ACS,22.84,747,Approved,
APP0007722,C002113,2025-03-08,ACS,26.19,703,Approved,
APP0007723,C003910,2025-05-23,ACS,9.51,629,Approved,
APP0007724,C004584,2025-03-28,Nano,162.81,595,Approved,
APP0007725,C003017,2025-04-13,ACS,5.05,692,Approved,
APP0007726,C004479,2025-02-19,Nano,261.31,346,Declined,Low Behavioural Score
APP0007727,C003417,2025-06-07,Nano,90.43,731,Approved,
APP0007728,C000093,2025-04-08,Nano,262.25,492,Declined,Low Behavioural Score
APP0007729,C003041,2025-02-06,ACS,17.59,819,Approved,
APP0007730,C001197,2025-03-04,ACS,21.71,394,Declined,Low Behavioural Score
APP0007731,C002955,2025-02-17,Nano,87.14,792,Approved,
APP0007732,C004000,2025-01-28,Nano,172.15,650,Approved,
APP0007733,C000991,2025-08-26,ACS,24.08,591,Declined,Policy Rule Failure
APP0007734,C003326,2025-05-11,Nano,209.83,657,Approved,
APP0007735,C002708,2025-03-22,Nano,205.6,460,Approved,
APP0007736,C001115,2025-03-22,Nano,202.59,548,Approved,
APP0007737,C003798,2025-09-27,ACS,5.98,598,Declined,Policy Rule Failure
APP0007738,C003908,2025-04-01,BNPL,131.83,583,Approved,
APP0007739,C000034,2025-01-13,Nano,268.27,470,Declined,Policy Rule Failure
APP0007740,C001583,2025-03-26,ACS,20.12,573,Approved,
APP0007741,C000367,2025-07-21,ACS,24.17,777,Approved,
APP0007742,C003011,2025-03-27,Nano,237.79,666,Approved,
APP0007743,C004408,2025-05-21,ACS,26.41,583,Approved,
APP0007744,C004674,2025-04-19,ACS,25.84,585,Approved,
APP0007745,C001982,2025-04-26,Nano,74.33,487,Declined,Low Behavioural Score
APP0007746,C001199,2025-06-12,ACS,19.5,473,Declined,Low Behavioural Score
APP0007747,C001569,2025-09-20,Nano,159.57,683,Approved,
APP0007748,C000277,2025-05-03,ACS,23.17,717,Approved,
APP0007749,C001749,2025-10-24,Nano,271.14,655,Declined,Incomplete Data
APP0007750,C003301,2025-08-02,Nano,266.68,671,Approved,
APP0007751,C000092,2025-02-28,Nano,60.2,519,Approved,
APP0007752,C003643,2025-09-03,Nano,209.31,652,Approved,
APP0007753,C004219,2025-04-30,BNPL,255.45,794,Approved,
APP0007754,C001563,2025-06-06,ACS,19.83,566,Approved,
APP0007755,C003840,2025-08-14,ACS,10.74,643,Approved,
APP0007756,C002343,2025-07-27,BNPL,118.32,481,Declined,Duplicate Application
APP0007757,C004942,2025-05-05,Nano,36.32,767,Approved,
APP0007758,C002506,2025-08-22,Nano,153.37,396,Declined,Low Behavioural Score
APP0007759,C002999,2025-06-19,Nano,109.99,770,Approved,
APP0007760,C004080,2025-10-24,BNPL,935.13,617,Approved,
APP0007761,C001370,2025-03-14,ACS,10.83,719,Approved,
APP0007762,C003466,2025-05-22,ACS,27.1,383,Declined,Policy Rule Failure
APP0007763,C004256,2025-03-02,BNPL,681.0,802,Approved,
APP0007764,C001365,2025-05-20,ACS,16.94,615,Approved,
APP0007765,C004034,2025-08-11,BNPL,301.44,683,Approved,
APP0007766,C001366,2025-07-14,ACS,5.36,708,Approved,
APP0007767,C003050,2025-02-22,Nano,139.27,378,Approved,
APP0007768,C001625,2025-06-19,Nano,139.94,698,Approved,
APP0007769,C003145,2025-03-20,Nano,82.9,670,Approved,
APP0007770,C000730,2025-03-08,BNPL,746.42,799,Approved,
APP0007771,C004049,2025-01-26,Nano,201.02,589,Approved,
APP0007772,C000672,2025-07-31,Nano,109.4,718,Approved,
APP0007773,C001676,2025-02-20,Nano,283.24,540,Approved,
APP0007774,C004088,2025-08-17,ACS,25.26,380,Declined,Fraud Flag
APP0007775,C000482,2025-04-25,BNPL,600.61,318,Declined,Low Behavioural Score
APP0007776,C004159,2025-01-05,BNPL,832.12,710,Approved,
APP0007777,C002004,2025-03-20,ACS,25.63,900,Approved,
APP0007778,C001301,2025-07-02,BNPL,536.69,573,Approved,
APP0007779,C004157,2025-06-22,Nano,289.84,759,Approved,
APP0007780,C004252,2025-01-13,ACS,21.38,474,Declined,Duplicate Application
APP0007781,C004309,2025-09-26,ACS,5.64,646,Approved,
APP0007782,C002854,2025-08-31,Nano,147.45,481,Declined,Low Behavioural Score
APP0007783,C000990,2025-03-27,BNPL,806.15,757,Approved,
APP0007784,C003561,2025-09-17,ACS,15.99,362,Declined,Low Behavioural Score
APP0007785,C003517,2025-07-23,ACS,27.71,647,Approved,
APP0007786,C004403,2025-03-01,ACS,24.67,773,Approved,
APP0007787,C003686,2025-03-17,BNPL,588.32,482,Declined,Low Behavioural Score
APP0007788,C001542,2025-08-19,BNPL,416.19,366,Declined,High Existing Exposure
APP0007789,C002238,2025-06-04,ACS,9.05,507,Declined,Low Behavioural Score
APP0007790,C003312,2025-06-02,Nano,286.42,618,Approved,
APP0007791,C003886,2025-02-22,ACS,12.66,666,Approved,
APP0007792,C001543,2025-02-20,Nano,91.17,605,Declined,Low Behavioural Score
APP0007793,C001300,2025-05-11,Nano,148.78,623,Approved,
APP0007794,C004515,2025-01-21,ACS,17.43,591,Approved,
APP0007795,C004961,2025-05-08,ACS,29.94,517,Approved,
APP0007796,C001498,2025-04-09,ACS,7.55,882,Approved,
APP0007797,C000327,2025-05-15,BNPL,886.87,470,Declined,Policy Rule Failure
APP0007798,C003127,2025-03-08,ACS,8.47,586,Approved,
APP0007799,C000080,2025-02-19,ACS,17.07,709,Approved,
APP0007800,C000956,2025-05-10,ACS,26.64,883,Approved,
APP0007801,C002633,2025-01-06,BNPL,821.3,813,Approved,
APP0007802,C001849,2025-04-23,ACS,29.87,459,Approved,
APP0007803,C000245,2025-01-03,BNPL,661.6,682,Approved,
APP0007804,C001757,2025-04-12,Nano,230.94,820,Approved,
APP0007805,C003373,2025-06-26,Nano,286.96,445,Declined,Fraud Flag
APP0007806,C003752,2025-02-22,ACS,15.28,672,Approved,
APP0007807,C003762,2025-02-03,ACS,15.32,548,Declined,Duplicate Application
APP0007808,C001433,2025-03-08,Nano,197.9,781,Approved,
APP0007809,C003316,2025-04-04,Nano,254.69,507,Declined,Duplicate Application
APP0007810,C001638,2025-06-16,ACS,11.73,774,Approved,
APP0007811,C003255,2025-02-08,Nano,233.22,797,Approved,
APP0007812,C000048,2025-06-21,ACS,25.49,606,Approved,
APP0007813,C002048,2025-03-07,ACS,19.78,680,Approved,
APP0007814,C001580,2025-01-15,ACS,10.22,545,Approved,
APP0007815,C003337,2025-01-15,Nano,242.92,473,Declined,Duplicate Application
APP0007816,C001361,2025-07-16,Nano,277.65,719,Approved,
APP0007817,C001500,2025-06-14,BNPL,408.7,592,Approved,
APP0007818,C002724,2025-09-18,ACS,9.54,826,Approved,
APP0007819,C003269,2025-06-12,BNPL,934.83,579,Approved,
APP0007820,C002009,2025-07-15,Nano,27.84,763,Approved,
APP0007821,C004461,2025-01-30,ACS,27.75,572,Approved,
APP0007822,C004903,2025-08-30,Nano,137.61,446,Declined,Low Behavioural Score
APP0007823,C003032,2025-06-15,ACS,21.73,703,Approved,
APP0007824,C002731,2025-08-14,ACS,13.8,741,Approved,
APP0007825,C002604,2025-01-23,ACS,12.8,458,Approved,
APP0007826,C000364,2025-01-19,BNPL,202.7,690,Approved,
APP0007827,C002058,2025-01-25,Nano,187.28,794,Approved,
APP0007828,C004048,2025-03-01,BNPL,744.73,731,Approved,
APP0007829,C003466,2025-05-24,Nano,55.97,377,Declined,Low Behavioural Score
APP0007830,C000267,2025-10-23,Nano,240.59,614,Approved,
APP0007831,C000693,2025-01-14,ACS,10.63,369,Declined,Low Behavioural Score
APP0007832,C004187,2025-03-10,Nano,119.31,707,Approved,
APP0007833,C003674,2025-03-17,ACS,7.95,497,Declined,Incomplete Data
APP0007834,C002028,2025-05-04,ACS,24.71,595,Declined,High Existing Exposure
APP0007835,C004709,2025-10-01,Nano,66.06,611,Approved,
APP0007836,C000309,2025-09-21,ACS,11.16,772,Approved,
APP0007837,C003808,2025-03-05,BNPL,189.56,545,Approved,
APP0007838,C004887,2025-09-15,ACS,28.39,592,Approved,
APP0007839,C002187,2025-08-04,ACS,21.68,363,Approved,
APP0007840,C002478,2025-03-21,Nano,210.7,662,Approved,
APP0007841,C001063,2025-04-07,ACS,29.04,514,Approved,
APP0007842,C004275,2025-01-17,Nano,140.57,598,Declined,Duplicate Application
APP0007843,C003629,2025-03-30,Nano,164.61,717,Approved,
APP0007844,C002103,2025-09-09,ACS,9.49,689,Approved,
APP0007845,C001174,2025-06-29,ACS,17.47,801,Approved,
APP0007846,C002309,2025-06-05,BNPL,718.6,684,Approved,
APP0007847,C002260,2025-06-07,BNPL,273.78,758,Approved,
APP0007848,C001812,2025-03-17,ACS,6.06,695,Approved,
APP0007849,C004197,2025-05-21,Nano,91.83,460,Declined,Policy Rule Failure
APP0007850,C001845,2025-05-11,ACS,7.06,664,Approved,
APP0007851,C000571,2025-04-23,Nano,245.45,600,Approved,
APP0007852,C003968,2025-04-05,ACS,26.98,638,Approved,
APP0007853,C003651,2025-07-14,Nano,97.13,761,Approved,
APP0007854,C000154,2025-01-20,ACS,11.06,578,Declined,Low Behavioural Score
APP0007855,C003478,2025-03-23,ACS,21.56,624,Declined,Incomplete Data
APP0007856,C002450,2025-06-17,ACS,24.64,598,Approved,
APP0007857,C003368,2025-06-08,Nano,214.7,624,Approved,
APP0007858,C001328,2025-04-19,BNPL,644.93,398,Declined,Low Behavioural Score
APP0007859,C000891,2025-05-15,ACS,13.71,487,Declined,Low Behavioural Score
APP0007860,C002784,2025-02-08,ACS,21.65,688,Approved,
APP0007861,C000272,2025-09-16,Nano,204.0,767,Approved,
APP0007862,C001077,2025-02-05,ACS,10.31,325,Declined,Fraud Flag
APP0007863,C000222,2025-04-24,ACS,5.67,772,Approved,
APP0007864,C001744,2025-04-26,ACS,21.31,519,Approved,
APP0007865,C004532,2025-04-07,Nano,110.55,422,Declined,Incomplete Data
APP0007866,C002667,2025-02-13,Nano,27.66,342,Declined,Duplicate Application
APP0007867,C003693,2025-06-18,ACS,5.46,520,Declined,Policy Rule Failure
APP0007868,C003710,2025-05-27,ACS,8.57,525,Declined,Policy Rule Failure
APP0007869,C000633,2025-03-28,ACS,7.14,834,Approved,
APP0007870,C004730,2025-07-28,ACS,22.71,655,Approved,
APP0007871,C000772,2025-02-22,Nano,280.59,562,Approved,
APP0007872,C001216,2025-01-05,ACS,8.41,397,Declined,High Existing Exposure
APP0007873,C003279,2025-04-18,ACS,22.03,577,Declined,Incomplete Data
APP0007874,C002415,2025-06-11,ACS,18.12,661,Approved,
APP0007875,C001075,2025-05-11,Nano,216.18,858,Approved,
APP0007876,C001744,2025-02-04,ACS,9.54,522,Declined,High Existing Exposure
APP0007877,C002043,2025-08-04,ACS,8.18,711,Approved,
APP0007878,C003031,2025-10-22,Nano,252.11,346,Declined,Low Behavioural Score
APP0007879,C003954,2025-04-16,BNPL,822.92,713,Approved,
APP0007880,C001833,2025-01-17,ACS,28.25,577,Approved,
APP0007881,C001963,2025-04-05,ACS,10.35,722,Approved,
APP0007882,C000485,2025-08-01,Nano,169.09,457,Approved,
APP0007883,C004776,2025-03-03,BNPL,442.25,325,Declined,Fraud Flag
APP0007884,C003072,2025-01-26,Nano,260.0,538,Approved,
APP0007885,C001300,2025-04-27,ACS,18.19,615,Approved,
APP0007886,C000178,2025-06-22,Nano,67.13,713,Approved,
APP0007887,C004748,2025-03-15,Nano,103.52,602,Approved,
APP0007888,C000216,2025-02-19,Nano,187.27,625,Approved,
APP0007889,C000911,2025-08-11,ACS,18.81,794,Approved,
APP0007890,C004422,2025-08-24,Nano,231.33,674,Approved,
APP0007891,C001691,2025-05-27,ACS,29.98,472,Declined,Low Behavioural Score
APP0007892,C004352,2025-06-05,Nano,138.69,715,Approved,
APP0007893,C002753,2025-07-01,Nano,156.26,684,Approved,
APP0007894,C002814,2025-04-14,Nano,175.66,500,Declined,Fraud Flag
APP0007895,C004661,2025-07-15,Nano,214.76,624,Declined,Policy Rule Failure
APP0007896,C000091,2025-03-30,Nano,92.48,600,Approved,
APP0007897,C001739,2025-07-13,ACS,19.78,669,Approved,
APP0007898,C001716,2025-05-26,Nano,89.19,720,Approved,
APP0007899,C003664,2025-03-20,Nano,139.91,654,Approved,
APP0007900,C001732,2025-04-26,Nano,162.02,628,Approved,
APP0007901,C004403,2025-05-10,ACS,16.49,783,Approved,
APP0007902,C003605,2025-04-09,ACS,19.08,495,Declined,Low Behavioural Score
APP0007903,C004539,2025-03-08,ACS,12.9,811,Approved,
APP0007904,C004060,2025-03-12,Nano,296.69,483,Declined,Low Behavioural Score
APP0007905,C003736,2025-03-22,ACS,20.75,707,Approved,
APP0007906,C001772,2025-05-18,ACS,9.42,680,Approved,
APP0007907,C003638,2025-02-17,Nano,236.93,511,Declined,Low Behavioural Score
APP0007908,C002109,2025-04-06,ACS,14.4,606,Approved,
APP0007909,C001717,2025-01-22,Nano,106.89,631,Declined,Policy Rule Failure
APP0007910,C001124,2025-03-18,Nano,244.33,344,Declined,Low Behavioural Score
APP0007911,C004480,2025-07-19,ACS,18.19,625,Approved,
APP0007912,C003640,2025-04-30,BNPL,145.2,561,Declined,Incomplete Data
APP0007913,C000247,2025-05-25,Nano,200.85,427,Approved,
APP0007914,C001746,2025-06-25,Nano,65.29,743,Approved,
APP0007915,C002901,2025-06-03,ACS,21.87,501,Declined,Fraud Flag
APP0007916,C003528,2025-05-30,Nano,174.81,475,Declined,Low Behavioural Score
APP0007917,C001535,2025-05-02,Nano,109.2,473,Declined,Low Behavioural Score
APP0007918,C003535,2025-04-08,ACS,27.23,600,Approved,
APP0007919,C001363,2025-05-23,ACS,10.9,792,Approved,
APP0007920,C000782,2025-04-27,ACS,11.98,624,Declined,Policy Rule Failure
APP0007921,C000437,2025-09-25,Nano,95.45,479,Approved,
APP0007922,C004428,2025-05-30,BNPL,570.21,509,Approved,
APP0007923,C003288,2025-08-02,BNPL,427.67,882,Approved,
APP0007924,C004123,2025-02-20,BNPL,410.65,704,Approved,
APP0007925,C002682,2025-03-04,ACS,23.4,608,Declined,Low Behavioural Score
APP0007926,C002916,2025-04-06,Nano,296.69,746,Approved,
APP0007927,C001456,2025-03-13,ACS,16.78,423,Declined,Fraud Flag
APP0007928,C000432,2025-06-06,ACS,21.21,650,Approved,
APP0007929,C003576,2025-06-27,ACS,23.4,755,Approved,
APP0007930,C000837,2025-09-13,Nano,213.21,568,Approved,
APP0007931,C004374,2025-03-29,Nano,238.41,513,Approved,
APP0007932,C000461,2025-03-21,ACS,22.87,864,Approved,
APP0007933,C004885,2025-04-12,BNPL,968.33,739,Approved,
APP0007934,C002319,2025-01-12,ACS,27.71,599,Declined,Fraud Flag
APP0007935,C001415,2025-05-16,Nano,190.53,748,Approved,
APP0007936,C001328,2025-06-12,ACS,14.68,390,Declined,Low Behavioural Score
APP0007937,C003389,2025-08-13,Nano,295.76,675,Approved,
APP0007938,C004154,2025-01-18,ACS,14.16,393,Declined,Incomplete Data
APP0007939,C002377,2025-01-07,Nano,104.36,436,Approved,
APP0007940,C002180,2025-01-29,ACS,6.0,552,Approved,
APP0007941,C004394,2025-04-03,ACS,29.18,748,Approved,
APP0007942,C002261,2025-06-28,Nano,261.44,653,Declined,Fraud Flag
APP0007943,C001654,2025-04-29,ACS,10.94,635,Approved,
APP0007944,C004610,2025-06-15,ACS,14.71,811,Approved,
APP0007945,C004013,2025-07-23,ACS,10.64,760,Approved,
APP0007946,C002889,2025-06-03,ACS,29.7,791,Approved,
APP0007947,C000056,2025-06-10,Nano,27.49,552,Declined,Incomplete Data
APP0007948,C001937,2025-05-12,Nano,26.06,770,Approved,
APP0007949,C004888,2025-03-16,ACS,22.58,767,Approved,
APP0007950,C004918,2025-07-19,ACS,9.95,551,Approved,
APP0007951,C003367,2025-06-07,ACS,5.05,693,Approved,
APP0007952,C002313,2025-05-26,ACS,20.28,466,Declined,Fraud Flag
APP0007953,C004298,2025-04-07,ACS,16.66,629,Approved,
APP0007954,C002899,2025-02-15,ACS,14.28,780,Approved,
APP0007955,C000300,2025-01-12,Nano,23.43,896,Approved,
APP0007956,C001911,2025-01-26,ACS,7.08,751,Approved,
APP0007957,C001620,2025-01-28,ACS,26.14,523,Declined,High Existing Exposure
APP0007958,C003347,2025-01-15,ACS,28.51,776,Approved,
APP0007959,C001098,2025-06-20,Nano,113.98,567,Declined,Incomplete Data
APP0007960,C003880,2025-02-06,BNPL,846.46,611,Approved,
APP0007961,C001217,2025-04-19,ACS,26.76,772,Approved,
APP0007962,C003144,2025-07-09,Nano,244.96,697,Approved,
APP0007963,C001505,2025-05-04,BNPL,932.4,740,Approved,
APP0007964,C001243,2025-04-23,BNPL,996.19,679,Approved,
APP0007965,C003526,2025-02-10,ACS,12.05,487,Declined,Incomplete Data
APP0007966,C004712,2025-04-18,Nano,21.83,558,Declined,Policy Rule Failure
APP0007967,C004000,2025-01-27,Nano,133.55,659,Approved,
APP0007968,C002559,2025-01-22,ACS,22.75,535,Approved,
APP0007969,C004573,2025-02-14,Nano,115.68,531,Declined,Incomplete Data
APP0007970,C004131,2025-03-03,ACS,17.94,743,Declined,Incomplete Data
APP0007971,C004590,2025-02-24,Nano,115.89,617,Approved,
APP0007972,C000045,2025-10-19,ACS,15.11,623,Approved,
APP0007973,C004067,2025-04-17,ACS,16.83,865,Approved,
APP0007974,C002589,2025-03-15,Nano,263.69,636,Approved,
APP0007975,C003493,2025-09-28,BNPL,832.79,708,Approved,
APP0007976,C004678,2025-08-15,Nano,286.44,764,Approved,
APP0007977,C002599,2025-01-17,BNPL,324.79,570,Approved,
APP0007978,C003442,2025-06-22,Nano,149.71,462,Approved,
APP0007979,C004914,2025-05-05,Nano,211.21,674,Approved,
APP0007980,C000571,2025-09-10,ACS,17.76,577,Approved,
APP0007981,C003712,2025-03-25,ACS,15.24,627,Approved,
APP0007982,C003550,2025-02-19,Nano,64.3,530,Declined,Policy Rule Failure
APP0007983,C000952,2025-03-30,ACS,19.25,722,Approved,
APP0007984,C000076,2025-02-20,BNPL,948.42,762,Approved,
APP0007985,C003163,2025-09-06,ACS,23.84,807,Approved,
APP0007986,C001844,2025-04-28,Nano,154.63,659,Approved,
APP0007987,C001568,2025-04-06,ACS,19.82,757,Approved,
APP0007988,C001184,2025-02-27,Nano,60.89,717,Approved,
APP0007989,C002724,2025-04-15,ACS,22.21,842,Approved,
APP0007990,C001260,2025-07-24,Nano,193.82,543,Approved,
APP0007991,C000372,2025-04-07,ACS,12.33,319,Declined,Low Behavioural Score
APP0007992,C000208,2025-05-10,ACS,29.4,516,Approved,
APP0007993,C001299,2025-02-10,Nano,86.83,727,Approved,
APP0007994,C003086,2025-03-14,BNPL,431.13,718,Approved,
APP0007995,C002641,2025-03-07,BNPL,538.18,670,Declined,Low Behavioural Score
APP0007996,C003710,2025-03-16,ACS,28.38,518,Approved,
APP0007997,C002995,2025-05-27,ACS,13.84,706,Approved,
APP0007998,C001460,2025-08-27,ACS,19.36,366,Declined,Duplicate Application
APP0007999,C004589,2025-06-11,BNPL,375.23,603,Approved,
APP0008000,C002935,2025-05-04,BNPL,191.45,827,Approved,
APP0008001,C003095,2025-05-21,Nano,124.83,608,Approved,
APP0008002,C002487,2025-07-08,Nano,249.49,497,Approved,
APP0008003,C002116,2025-03-15,Nano,128.32,668,Approved,
APP0008004,C004966,2025-02-25,BNPL,628.77,759,Approved,
APP0008005,C001948,2025-07-07,ACS,23.04,614,Approved,
APP0008006,C004062,2025-07-28,Nano,167.83,534,Approved,
APP0008007,C000420,2025-05-04,Nano,102.91,695,Approved,
APP0008008,C004731,2025-07-08,Nano,297.42,769,Approved,
APP0008009,C003785,2025-08-08,Nano,94.96,710,Approved,
APP0008010,C004122,2025-03-16,Nano,68.71,452,Approved,
APP0008011,C001597,2025-04-03,BNPL,798.54,606,Declined,Low Behavioural Score
APP0008012,C003289,2025-04-16,ACS,5.05,569,Declined,Incomplete Data
APP0008013,C003778,2025-05-30,ACS,16.99,708,Approved,
APP0008014,C000356,2025-04-15,Nano,123.87,607,Approved,
APP0008015,C003247,2025-08-17,Nano,92.47,885,Approved,
APP0008016,C004290,2025-03-13,Nano,147.35,558,Approved,
APP0008017,C004240,2025-01-16,Nano,161.91,401,Declined,Low Behavioural Score
APP0008018,C003806,2025-01-14,Nano,138.44,378,Declined,Duplicate Application
APP0008019,C004468,2025-06-22,Nano,275.07,555,Declined,High Existing Exposure
APP0008020,C001411,2025-02-20,Nano,294.96,476,Declined,Low Behavioural Score
APP0008021,C003445,2025-04-21,BNPL,164.78,677,Approved,
APP0008022,C001347,2025-04-18,Nano,264.41,737,Approved,
APP0008023,C004315,2025-05-11,Nano,174.18,836,Approved,
APP0008024,C002622,2025-07-23,Nano,148.05,716,Approved,
APP0008025,C004139,2025-04-27,Nano,230.55,443,Declined,Low Behavioural Score
APP0008026,C001416,2025-01-30,ACS,23.26,772,Approved,
APP0008027,C001535,2025-05-14,ACS,25.26,465,Declined,Low Behavioural Score
APP0008028,C004854,2025-05-06,ACS,7.62,547,Approved,
APP0008029,C004522,2025-08-22,BNPL,147.34,689,Approved,
APP0008030,C000968,2025-01-24,BNPL,721.55,722,Approved,
APP0008031,C001934,2025-07-14,ACS,21.27,625,Approved,
APP0008032,C000767,2025-03-24,ACS,26.06,466,Declined,Incomplete Data
APP0008033,C003182,2025-01-05,ACS,25.79,735,Approved,
APP0008034,C000218,2025-04-06,BNPL,530.92,424,Declined,Duplicate Application
APP0008035,C000130,2025-08-29,ACS,13.96,610,Approved,
APP0008036,C002763,2025-06-24,BNPL,528.77,696,Approved,
APP0008037,C004476,2025-03-09,ACS,10.83,792,Approved,
APP0008038,C003702,2025-05-27,Nano,68.09,656,Approved,
APP0008039,C003479,2025-05-26,BNPL,826.21,774,Approved,
APP0008040,C002932,2025-05-11,Nano,75.98,614,Approved,
APP0008041,C000905,2025-06-22,ACS,10.11,534,Approved,
APP0008042,C001042,2025-06-17,BNPL,202.42,630,Approved,
APP0008043,C003086,2025-03-04,BNPL,345.01,710,Approved,
APP0008044,C004618,2025-03-27,ACS,5.74,722,Approved,
APP0008045,C000239,2025-08-12,Nano,53.79,654,Approved,
APP0008046,C001897,2025-02-15,Nano,164.7,664,Approved,
APP0008047,C000943,2025-08-28,Nano,262.06,590,Approved,
APP0008048,C000705,2025-03-23,ACS,29.15,514,Approved,
APP0008049,C001768,2025-04-02,Nano,104.0,764,Approved,
APP0008050,C000956,2025-05-13,ACS,14.9,874,Declined,Fraud Flag
APP0008051,C001227,2025-07-20,ACS,10.54,543,Approved,
APP0008052,C002192,2025-03-29,Nano,157.58,505,Declined,Low Behavioural Score
APP0008053,C003717,2025-09-21,ACS,21.17,636,Approved,
APP0008054,C002722,2025-04-12,ACS,25.99,300,Declined,Low Behavioural Score
APP0008055,C002718,2025-04-30,BNPL,349.33,756,Approved,
APP0008056,C003008,2025-01-19,ACS,26.5,612,Approved,
APP0008057,C001127,2025-08-26,Nano,200.6,674,Approved,
APP0008058,C000367,2025-08-31,BNPL,902.86,788,Approved,
APP0008059,C000141,2025-07-03,BNPL,315.35,387,Declined,Duplicate Application
APP0008060,C004338,2025-04-28,Nano,112.19,814,Approved,
APP0008061,C004381,2025-09-29,Nano,25.23,548,Approved,
APP0008062,C001683,2025-02-07,ACS,16.98,735,Approved,
APP0008063,C003921,2025-08-06,ACS,14.42,794,Approved,
APP0008064,C001297,2025-03-12,ACS,28.7,710,Approved,
APP0008065,C001526,2025-02-17,ACS,24.58,761,Approved,
APP0008066,C003438,2025-04-28,ACS,28.39,684,Approved,
APP0008067,C004637,2025-10-21,Nano,236.2,765,Approved,
APP0008068,C003068,2025-03-31,BNPL,401.11,759,Approved,
APP0008069,C004798,2025-08-24,Nano,182.39,461,Approved,
APP0008070,C004965,2025-04-30,Nano,211.3,586,Approved,
APP0008071,C000148,2025-03-12,Nano,227.87,437,Declined,High Existing Exposure
APP0008072,C002052,2025-08-10,ACS,22.42,476,Declined,Duplicate Application
APP0008073,C002358,2025-05-05,BNPL,231.18,503,Approved,
APP0008074,C000917,2025-03-03,ACS,14.7,678,Approved,
APP0008075,C001067,2025-03-06,Nano,29.92,717,Approved,
APP0008076,C004864,2025-04-22,ACS,12.61,543,Declined,Low Behavioural Score
APP0008077,C000896,2025-02-10,Nano,235.79,886,Approved,
APP0008078,C002411,2025-03-17,Nano,122.61,654,Approved,
APP0008079,C002408,2025-01-29,ACS,6.2,492,Approved,
APP0008080,C003308,2025-02-19,Nano,297.14,498,Declined,Low Behavioural Score
APP0008081,C002739,2025-04-14,Nano,72.21,621,Declined,Duplicate Application
APP0008082,C000212,2025-09-30,Nano,111.07,591,Approved,
APP0008083,C002255,2025-01-30,Nano,40.51,394,Declined,Incomplete Data
APP0008084,C001680,2025-06-13,ACS,26.92,606,Approved,
APP0008085,C000643,2025-06-14,ACS,13.1,740,Approved,
APP0008086,C004937,2025-02-26,Nano,90.21,619,Approved,
APP0008087,C002702,2025-04-29,ACS,25.18,791,Approved,
APP0008088,C004822,2025-06-16,ACS,19.08,572,Approved,
APP0008089,C004579,2025-04-04,Nano,280.38,455,Approved,
APP0008090,C004921,2025-04-03,Nano,232.23,560,Declined,Incomplete Data
APP0008091,C001185,2025-03-22,ACS,10.67,300,Declined,Low Behavioural Score
APP0008092,C004120,2025-04-12,BNPL,325.05,489,Declined,Incomplete Data
APP0008093,C000202,2025-01-11,Nano,157.17,745,Approved,
APP0008094,C002503,2025-06-03,Nano,174.55,452,Declined,Low Behavioural Score
APP0008095,C004344,2025-02-16,Nano,152.34,696,Approved,
APP0008096,C002861,2025-03-11,ACS,18.41,689,Approved,
APP0008097,C001009,2025-01-22,Nano,298.11,626,Approved,
APP0008098,C000375,2025-03-02,Nano,136.65,772,Declined,Duplicate Application
APP0008099,C002293,2025-10-21,ACS,14.95,548,Approved,
APP0008100,C003967,2025-06-11,Nano,239.15,655,Approved,
APP0008101,C004600,2025-03-04,Nano,265.79,735,Approved,
APP0008102,C003746,2025-01-16,Nano,103.42,786,Approved,
APP0008103,C002212,2025-03-04,ACS,26.97,426,Declined,Low Behavioural Score
APP0008104,C003542,2025-10-04,BNPL,863.09,858,Approved,
APP0008105,C003920,2025-04-25,ACS,12.11,843,Approved,
APP0008106,C001913,2025-03-06,ACS,11.07,742,Approved,
APP0008107,C001319,2025-03-12,ACS,22.49,609,Declined,Low Behavioural Score
APP0008108,C001330,2025-08-09,BNPL,759.98,807,Approved,
APP0008109,C003729,2025-08-12,ACS,23.16,380,Declined,High Existing Exposure
APP0008110,C004050,2025-08-30,Nano,29.8,379,Declined,Low Behavioural Score
APP0008111,C000972,2025-06-07,BNPL,722.21,767,Approved,
APP0008112,C004873,2025-02-19,ACS,28.56,783,Approved,
APP0008113,C000095,2025-05-31,Nano,119.65,751,Approved,
APP0008114,C002118,2025-01-29,Nano,61.82,711,Approved,
APP0008115,C002414,2025-07-06,ACS,20.41,735,Approved,
APP0008116,C000278,2025-03-20,ACS,9.19,664,Declined,Duplicate Application
APP0008117,C003623,2025-05-17,ACS,10.38,712,Approved,
APP0008118,C004504,2025-07-17,ACS,6.44,792,Approved,
APP0008119,C001188,2025-04-17,BNPL,336.88,657,Approved,
APP0008120,C003448,2025-04-02,ACS,20.76,471,Approved,
APP0008121,C004757,2025-05-16,ACS,10.71,463,Declined,Low Behavioural Score
APP0008122,C003358,2025-03-09,BNPL,594.08,338,Declined,Low Behavioural Score
APP0008123,C002259,2025-04-18,BNPL,795.64,597,Declined,Policy Rule Failure
APP0008124,C004722,2025-07-18,Nano,149.24,522,Declined,Duplicate Application
APP0008125,C002008,2025-05-30,ACS,26.74,748,Approved,
APP0008126,C003353,2025-05-20,Nano,78.69,774,Approved,
APP0008127,C003851,2025-03-16,ACS,29.38,592,Approved,
APP0008128,C003088,2025-07-16,Nano,79.45,547,Declined,Duplicate Application
APP0008129,C001571,2025-02-18,ACS,21.35,781,Approved,
APP0008130,C003551,2025-03-15,BNPL,585.99,517,Approved,
APP0008131,C001550,2025-06-21,Nano,98.97,623,Approved,
APP0008132,C002420,2025-05-20,BNPL,287.17,503,Declined,Duplicate Application
APP0008133,C002726,2025-10-01,BNPL,174.46,515,Declined,Duplicate Application
APP0008134,C001435,2025-01-24,Nano,241.85,572,Approved,
APP0008135,C003836,2025-08-18,ACS,9.11,754,Approved,
APP0008136,C001259,2025-03-30,Nano,197.02,670,Approved,
APP0008137,C000805,2025-02-04,BNPL,269.74,655,Approved,
APP0008138,C003632,2025-04-10,ACS,18.82,775,Approved,
APP0008139,C004401,2025-07-11,ACS,7.51,536,Approved,
APP0008140,C001214,2025-07-04,Nano,124.1,304,Declined,Low Behavioural Score
APP0008141,C002590,2025-03-06,Nano,203.13,718,Approved,
APP0008142,C004656,2025-03-14,Nano,247.37,515,Approved,
APP0008143,C001850,2025-05-27,ACS,28.45,366,Declined,Low Behavioural Score
APP0008144,C002015,2025-05-31,Nano,264.19,675,Approved,
APP0008145,C003491,2025-04-14,ACS,10.96,473,Declined,Duplicate Application
APP0008146,C003168,2025-07-31,BNPL,276.22,662,Approved,
APP0008147,C000634,2025-05-18,Nano,92.45,674,Approved,
APP0008148,C000214,2025-03-08,Nano,292.59,649,Approved,
APP0008149,C001821,2025-06-24,ACS,29.56,730,Approved,
APP0008150,C002245,2025-06-12,Nano,296.13,780,Approved,
APP0008151,C003066,2025-01-29,BNPL,723.73,422,Declined,Low Behavioural Score
APP0008152,C001998,2025-03-11,ACS,15.62,672,Approved,
APP0008153,C000660,2025-06-04,Nano,252.27,657,Approved,
APP0008154,C003774,2025-07-21,ACS,26.68,624,Approved,
APP0008155,C002160,2025-03-14,ACS,12.4,861,Approved,
APP0008156,C000278,2025-01-26,BNPL,359.77,681,Approved,
APP0008157,C002985,2025-04-10,ACS,29.59,644,Approved,
APP0008158,C002012,2025-05-08,ACS,20.08,314,Declined,Low Behavioural Score
APP0008159,C002679,2025-07-05,Nano,299.41,516,Declined,Low Behavioural Score
APP0008160,C004291,2025-03-29,ACS,20.94,702,Approved,
APP0008161,C000957,2025-07-18,Nano,298.05,788,Approved,
APP0008162,C003343,2025-03-26,ACS,18.02,322,Declined,Low Behavioural Score
APP0008163,C000593,2025-08-03,BNPL,832.62,624,Approved,
APP0008164,C003888,2025-04-04,BNPL,551.28,713,Approved,
APP0008165,C001828,2025-04-28,Nano,275.57,444,Declined,Low Behavioural Score
APP0008166,C003817,2025-04-01,Nano,116.65,661,Approved,
APP0008167,C000206,2025-08-22,Nano,167.73,649,Approved,
APP0008168,C003310,2025-03-24,Nano,70.33,596,Declined,Duplicate Application
APP0008169,C001255,2025-04-10,ACS,25.17,597,Approved,
APP0008170,C001957,2025-01-20,ACS,12.97,715,Approved,
APP0008171,C001170,2025-05-01,Nano,22.65,782,Approved,
APP0008172,C001997,2025-05-09,Nano,79.42,438,Declined,Low Behavioural Score
APP0008173,C003957,2025-03-23,ACS,27.62,487,Approved,
APP0008174,C000256,2025-05-20,ACS,15.8,567,Declined,Fraud Flag
APP0008175,C003011,2025-06-20,Nano,55.59,670,Declined,Incomplete Data
APP0008176,C000975,2025-01-30,Nano,191.62,636,Approved,
APP0008177,C001985,2025-08-30,BNPL,946.1,508,Declined,Incomplete Data
APP0008178,C002791,2025-04-14,ACS,23.38,678,Approved,
APP0008179,C000483,2025-03-12,Nano,199.08,767,Approved,
APP0008180,C004476,2025-05-24,ACS,20.48,795,Approved,
APP0008181,C003406,2025-03-19,ACS,17.69,674,Approved,
APP0008182,C003062,2025-02-21,BNPL,479.06,711,Approved,
APP0008183,C004651,2025-03-19,ACS,11.88,615,Approved,
APP0008184,C001936,2025-05-06,ACS,18.58,633,Approved,
APP0008185,C000702,2025-09-06,ACS,7.29,698,Approved,
APP0008186,C004160,2025-03-04,Nano,26.42,750,Approved,
APP0008187,C003174,2025-04-08,ACS,19.9,689,Approved,
APP0008188,C002244,2025-05-22,ACS,13.41,766,Approved,
APP0008189,C000425,2025-02-13,Nano,243.52,610,Declined,High Existing Exposure
APP0008190,C001300,2025-10-22,Nano,236.11,619,Approved,
APP0008191,C002917,2025-03-30,BNPL,875.92,621,Approved,
APP0008192,C000401,2025-01-29,ACS,17.14,733,Approved,
APP0008193,C002742,2025-04-22,BNPL,866.72,527,Approved,
APP0008194,C004143,2025-02-23,Nano,204.81,587,Approved,
APP0008195,C002248,2025-07-18,ACS,28.07,579,Declined,Fraud Flag
APP0008196,C003080,2025-03-11,Nano,150.36,900,Approved,
APP0008197,C001083,2025-02-17,ACS,21.84,518,Declined,Policy Rule Failure
APP0008198,C002905,2025-05-26,BNPL,324.26,525,Declined,Duplicate Application
APP0008199,C000914,2025-05-19,ACS,25.14,647,Approved,
APP0008200,C003604,2025-02-27,ACS,23.34,521,Approved,
APP0008201,C002662,2025-05-17,Nano,199.89,576,Approved,
APP0008202,C003026,2025-02-24,ACS,8.68,436,Declined,Low Behavioural Score
APP0008203,C001603,2025-05-17,Nano,150.31,464,Approved,
APP0008204,C001753,2025-04-08,ACS,29.55,596,Approved,
APP0008205,C003296,2025-01-19,ACS,29.8,539,Approved,
APP0008206,C003088,2025-05-09,Nano,287.19,543,Approved,
APP0008207,C003459,2025-01-10,Nano,287.48,669,Approved,
APP0008208,C000701,2025-02-02,BNPL,718.81,793,Approved,
APP0008209,C000940,2025-03-03,Nano,201.03,708,Approved,
APP0008210,C001481,2025-01-09,Nano,265.33,673,Approved,
APP0008211,C001936,2025-05-28,BNPL,512.17,634,Approved,
APP0008212,C002687,2025-04-02,ACS,12.96,726,Approved,
APP0008213,C002601,2025-06-26,BNPL,885.83,766,Approved,
APP0008214,C000346,2025-01-21,ACS,7.4,790,Approved,
APP0008215,C000177,2025-10-09,Nano,130.92,333,Approved,
APP0008216,C004109,2025-05-11,Nano,260.4,677,Approved,
APP0008217,C002900,2025-07-01,BNPL,825.11,612,Approved,
APP0008218,C000224,2025-02-10,ACS,14.84,771,Approved,
APP0008219,C004266,2025-06-07,BNPL,479.42,676,Approved,
APP0008220,C001862,2025-03-14,BNPL,449.32,889,Approved,
APP0008221,C003312,2025-01-12,ACS,23.97,619,Declined,Fraud Flag
APP0008222,C002272,2025-03-28,Nano,103.14,500,Approved,
APP0008223,C000961,2025-02-19,ACS,17.49,528,Approved,
APP0008224,C003404,2025-04-09,Nano,96.68,547,Declined,Duplicate Application
APP0008225,C001817,2025-03-05,BNPL,834.72,678,Approved,
APP0008226,C000775,2025-04-10,Nano,292.95,497,Declined,Low Behavioural Score
APP0008227,C001113,2025-03-05,Nano,44.8,512,Approved,
APP0008228,C004107,2025-04-28,BNPL,503.94,773,Approved,
APP0008229,C002602,2025-04-20,Nano,198.74,716,Approved,
APP0008230,C002131,2025-02-08,ACS,13.31,700,Approved,
APP0008231,C003907,2025-03-22,Nano,83.19,544,Approved,
APP0008232,C001256,2025-06-13,BNPL,166.87,326,Declined,Low Behavioural Score
APP0008233,C000753,2025-05-08,Nano,155.83,632,Approved,
APP0008234,C000492,2025-04-10,ACS,13.22,551,Approved,
APP0008235,C000510,2025-02-10,BNPL,122.89,740,Approved,
APP0008236,C004627,2025-03-09,BNPL,589.83,770,Approved,
APP0008237,C004505,2025-02-25,ACS,21.14,681,Approved,
APP0008238,C002017,2025-03-14,ACS,28.93,868,Approved,
APP0008239,C002362,2025-06-06,ACS,16.39,556,Declined,High Existing Exposure
APP0008240,C001907,2025-04-05,BNPL,425.88,617,Approved,
APP0008241,C002742,2025-02-08,Nano,65.23,528,Declined,High Existing Exposure
APP0008242,C000902,2025-06-15,ACS,23.33,597,Declined,Fraud Flag
APP0008243,C003298,2025-06-13,ACS,5.15,490,Approved,
APP0008244,C002532,2025-08-19,Nano,279.95,666,Declined,Duplicate Application
APP0008245,C004568,2025-02-25,BNPL,316.94,468,Declined,Duplicate Application
APP0008246,C001600,2025-01-09,Nano,55.13,396,Declined,High Existing Exposure
APP0008247,C003807,2025-03-24,BNPL,605.48,414,Declined,Low Behavioural Score
APP0008248,C000830,2025-03-29,Nano,190.57,568,Approved,
APP0008249,C000463,2025-03-18,Nano,194.71,421,Declined,Low Behavioural Score
APP0008250,C003765,2025-07-31,ACS,10.76,625,Approved,
APP0008251,C004442,2025-03-25,ACS,25.55,579,Approved,
APP0008252,C004492,2025-06-25,Nano,38.85,787,Approved,
APP0008253,C000294,2025-03-07,ACS,29.64,635,Approved,
APP0008254,C001762,2025-03-30,Nano,153.59,662,Approved,
APP0008255,C002367,2025-01-23,Nano,87.04,798,Approved,
APP0008256,C001433,2025-01-16,Nano,188.61,789,Approved,
APP0008257,C001493,2025-03-20,Nano,131.24,388,Approved,
APP0008258,C001867,2025-01-17,ACS,7.33,611,Approved,
APP0008259,C000124,2025-05-28,Nano,85.34,534,Approved,
APP0008260,C004625,2025-06-18,Nano,217.18,803,Approved,
APP0008261,C001505,2025-05-15,ACS,25.03,733,Approved,
APP0008262,C002919,2025-08-26,Nano,152.23,522,Declined,Fraud Flag
APP0008263,C003948,2025-04-20,ACS,18.49,340,Declined,Duplicate Application
APP0008264,C000830,2025-01-27,ACS,16.12,569,Approved,
APP0008265,C001031,2025-07-11,ACS,9.2,694,Approved,
APP0008266,C003163,2025-05-12,Nano,141.49,795,Approved,
APP0008267,C004970,2025-08-15,Nano,141.28,818,Approved,
APP0008268,C002007,2025-05-01,Nano,227.67,527,Declined,Low Behavioural Score
APP0008269,C004558,2025-09-14,ACS,6.58,788,Approved,
APP0008270,C000088,2025-04-12,ACS,11.28,777,Approved,
APP0008271,C003685,2025-06-01,ACS,19.25,675,Approved,
APP0008272,C004850,2025-01-29,ACS,10.46,506,Approved,
APP0008273,C003730,2025-03-30,BNPL,499.03,757,Approved,
APP0008274,C000575,2025-04-06,ACS,17.33,745,Approved,
APP0008275,C000057,2025-02-23,ACS,8.96,430,Approved,
APP0008276,C002068,2025-03-23,ACS,12.83,818,Approved,
APP0008277,C002795,2025-04-03,Nano,185.34,524,Declined,Fraud Flag
APP0008278,C003289,2025-06-22,ACS,24.24,547,Approved,
APP0008279,C004641,2025-02-05,ACS,16.84,587,Approved,
APP0008280,C002931,2025-06-17,Nano,23.7,614,Approved,
APP0008281,C001340,2025-05-29,Nano,208.0,461,Declined,Low Behavioural Score
APP0008282,C000022,2025-03-17,ACS,14.07,545,Declined,Policy Rule Failure
APP0008283,C004662,2025-03-09,BNPL,510.48,663,Approved,
APP0008284,C003040,2025-10-03,Nano,274.93,871,Approved,
APP0008285,C003394,2025-04-30,ACS,15.53,549,Declined,Duplicate Application
APP0008286,C003637,2025-04-15,ACS,27.84,414,Declined,Fraud Flag
APP0008287,C004001,2025-06-20,Nano,96.06,559,Approved,
APP0008288,C004247,2025-02-22,ACS,22.32,564,Declined,Duplicate Application
APP0008289,C004349,2025-06-10,Nano,141.45,900,Approved,
APP0008290,C000920,2025-04-25,Nano,283.09,442,Declined,Policy Rule Failure
APP0008291,C001482,2025-03-08,ACS,23.5,673,Approved,
APP0008292,C000184,2025-01-02,ACS,11.36,388,Declined,Low Behavioural Score
APP0008293,C000609,2025-04-05,ACS,16.42,713,Approved,
APP0008294,C004722,2025-03-10,ACS,27.97,539,Approved,
APP0008295,C002116,2025-09-24,Nano,206.23,678,Approved,
APP0008296,C003403,2025-04-09,ACS,26.59,571,Declined,Duplicate Application
APP0008297,C002826,2025-08-20,BNPL,386.27,793,Approved,
APP0008298,C002275,2025-03-05,ACS,24.04,693,Approved,
APP0008299,C000813,2025-03-31,Nano,58.22,591,Approved,
APP0008300,C003626,2025-03-12,Nano,258.82,580,Approved,
APP0008301,C003760,2025-08-16,Nano,172.99,588,Declined,High Existing Exposure
APP0008302,C000786,2025-07-13,ACS,6.37,696,Approved,
APP0008303,C001606,2025-01-18,BNPL,342.52,461,Declined,Low Behavioural Score
APP0008304,C004792,2025-07-17,BNPL,547.61,764,Approved,
APP0008305,C004272,2025-10-10,ACS,17.9,724,Approved,
APP0008306,C003272,2025-03-20,Nano,227.71,695,Approved,
APP0008307,C004798,2025-02-25,ACS,18.82,465,Approved,
APP0008308,C004385,2025-03-03,ACS,24.66,300,Declined,High Existing Exposure
APP0008309,C003075,2025-06-22,Nano,247.59,360,Declined,Fraud Flag
APP0008310,C002784,2025-05-21,Nano,190.02,693,Approved,
APP0008311,C003245,2025-09-24,BNPL,294.23,465,Approved,
APP0008312,C004005,2025-03-01,ACS,21.38,386,Declined,Policy Rule Failure
APP0008313,C004803,2025-08-08,Nano,142.63,499,Declined,Low Behavioural Score
APP0008314,C001639,2025-08-09,Nano,41.47,706,Declined,Policy Rule Failure
APP0008315,C001501,2025-04-27,ACS,16.91,678,Approved,
APP0008316,C000666,2025-03-31,BNPL,829.04,660,Approved,
APP0008317,C000052,2025-03-26,Nano,142.0,426,Declined,Duplicate Application
APP0008318,C001770,2025-01-19,Nano,122.46,468,Declined,Low Behavioural Score
APP0008319,C001248,2025-06-25,ACS,9.86,560,Approved,
APP0008320,C004485,2025-03-31,Nano,175.71,596,Approved,
APP0008321,C002439,2025-09-27,Nano,91.71,574,Declined,High Existing Exposure
APP0008322,C003491,2025-06-12,ACS,20.5,473,Declined,Low Behavioural Score
APP0008323,C001039,2025-02-25,ACS,5.16,643,Approved,
APP0008324,C002282,2025-05-09,ACS,14.04,887,Approved,
APP0008325,C004047,2025-02-24,Nano,232.73,866,Approved,
APP0008326,C001177,2025-07-09,Nano,28.06,659,Approved,
APP0008327,C001968,2025-04-04,Nano,48.02,474,Approved,
APP0008328,C002991,2025-07-21,Nano,291.51,541,Approved,
APP0008329,C001005,2025-04-01,Nano,22.46,714,Approved,
APP0008330,C002965,2025-03-11,ACS,24.04,632,Approved,
APP0008331,C003074,2025-03-04,ACS,14.01,495,Declined,Low Behavioural Score
APP0008332,C002655,2025-07-09,ACS,12.22,482,Declined,Policy Rule Failure
APP0008333,C000829,2025-05-12,ACS,22.81,656,Approved,
APP0008334,C003690,2025-05-01,BNPL,862.12,571,Approved,
APP0008335,C004189,2025-07-14,ACS,15.9,775,Approved,
APP0008336,C001215,2025-05-15,ACS,5.0,501,Declined,Incomplete Data
APP0008337,C000550,2025-08-13,Nano,267.57,652,Approved,
APP0008338,C002555,2025-04-30,ACS,27.5,707,Approved,
APP0008339,C000872,2025-01-18,ACS,19.81,536,Approved,
APP0008340,C001543,2025-07-28,Nano,87.38,604,Declined,Low Behavioural Score
APP0008341,C003286,2025-08-17,ACS,29.2,633,Approved,
APP0008342,C001029,2025-03-24,ACS,15.89,643,Approved,
APP0008343,C001833,2025-04-18,ACS,27.73,565,Approved,
APP0008344,C001664,2025-01-31,BNPL,318.41,629,Approved,
APP0008345,C003577,2025-03-30,ACS,27.82,651,Approved,
APP0008346,C004015,2025-02-16,ACS,23.79,723,Approved,
APP0008347,C004360,2025-05-12,Nano,144.25,627,Approved,
APP0008348,C000570,2025-03-02,ACS,6.16,711,Approved,
APP0008349,C003850,2025-01-16,Nano,126.74,448,Declined,Incomplete Data
APP0008350,C001378,2025-06-03,ACS,26.55,587,Declined,Duplicate Application
APP0008351,C004473,2025-05-29,BNPL,706.19,500,Approved,
APP0008352,C002666,2025-04-04,Nano,103.48,594,Declined,Fraud Flag
APP0008353,C004609,2025-03-29,Nano,188.19,718,Approved,
APP0008354,C002005,2025-04-08,Nano,281.24,496,Approved,
APP0008355,C001604,2025-05-21,ACS,14.9,807,Approved,
APP0008356,C004139,2025-06-17,ACS,10.66,447,Declined,Fraud Flag
APP0008357,C001783,2025-03-12,ACS,26.16,546,Approved,
APP0008358,C003897,2025-03-14,Nano,171.09,654,Approved,
APP0008359,C000257,2025-03-16,ACS,19.28,764,Approved,
APP0008360,C003390,2025-01-26,ACS,28.13,880,Approved,
APP0008361,C004540,2025-02-21,Nano,132.85,759,Approved,
APP0008362,C001413,2025-05-20,ACS,23.31,773,Approved,
APP0008363,C004930,2025-02-21,BNPL,879.09,694,Approved,
APP0008364,C000107,2025-02-22,Nano,187.17,620,Approved,
APP0008365,C000628,2025-01-20,ACS,20.15,392,Declined,Low Behavioural Score
APP0008366,C001570,2025-03-09,ACS,17.36,552,Declined,High Existing Exposure
APP0008367,C001568,2025-07-31,ACS,7.26,751,Approved,
APP0008368,C003005,2025-08-26,ACS,12.12,684,Approved,
APP0008369,C004338,2025-02-21,Nano,127.15,798,Approved,
APP0008370,C000508,2025-02-12,Nano,90.96,398,Declined,High Existing Exposure
APP0008371,C003744,2025-02-14,ACS,11.83,794,Approved,
APP0008372,C004118,2025-05-20,ACS,26.81,351,Declined,Low Behavioural Score
APP0008373,C002908,2025-02-09,ACS,19.75,769,Approved,
APP0008374,C004933,2025-03-02,ACS,28.55,704,Approved,
APP0008375,C000484,2025-04-07,ACS,16.32,560,Approved,
APP0008376,C003688,2025-04-12,ACS,20.74,638,Approved,
APP0008377,C002086,2025-02-12,Nano,180.05,749,Approved,
APP0008378,C002074,2025-05-21,ACS,28.53,360,Declined,Low Behavioural Score
APP0008379,C003001,2025-02-09,ACS,7.95,577,Approved,
APP0008380,C003987,2025-05-21,ACS,12.79,304,Declined,Low Behavioural Score
APP0008381,C002409,2025-04-15,BNPL,776.72,687,Approved,
APP0008382,C001363,2025-02-23,Nano,236.95,784,Approved,
APP0008383,C001332,2025-05-28,ACS,7.73,858,Approved,
APP0008384,C004771,2025-02-08,ACS,18.85,471,Declined,High Existing Exposure
APP0008385,C002072,2025-07-17,ACS,11.19,480,Declined,Low Behavioural Score
APP0008386,C001834,2025-07-12,Nano,257.41,666,Approved,
APP0008387,C002829,2025-09-21,BNPL,783.36,754,Approved,
APP0008388,C003450,2025-03-02,ACS,18.9,332,Declined,Low Behavioural Score
APP0008389,C000186,2025-04-20,Nano,195.53,382,Declined,High Existing Exposure
APP0008390,C000095,2025-03-02,Nano,279.36,747,Approved,
APP0008391,C002868,2025-05-17,Nano,20.95,580,Approved,
APP0008392,C003154,2025-04-10,Nano,196.71,606,Approved,
APP0008393,C002457,2025-06-08,BNPL,165.89,526,Approved,
APP0008394,C001481,2025-05-03,Nano,286.26,676,Approved,
APP0008395,C003916,2025-03-30,Nano,120.48,581,Declined,High Existing Exposure
APP0008396,C000511,2025-02-14,Nano,92.7,559,Approved,
APP0008397,C003200,2025-01-27,Nano,21.41,568,Approved,
APP0008398,C002168,2025-11-11,ACS,5.28,819,Approved,
APP0008399,C001834,2025-07-06,Nano,291.44,683,Approved,
APP0008400,C000530,2025-06-19,Nano,237.78,593,Approved,
APP0008401,C003350,2025-02-04,ACS,28.51,732,Approved,
APP0008402,C000926,2025-05-28,ACS,14.72,534,Approved,
APP0008403,C002701,2025-05-20,Nano,105.69,669,Approved,
APP0008404,C004476,2025-08-07,BNPL,762.02,785,Approved,
APP0008405,C003711,2025-02-27,Nano,212.27,499,Declined,Duplicate Application
APP0008406,C000318,2025-05-17,Nano,286.55,557,Approved,
APP0008407,C004912,2025-02-04,Nano,79.63,613,Approved,
APP0008408,C003125,2025-06-19,ACS,19.22,752,Approved,
APP0008409,C004157,2025-04-22,ACS,19.7,775,Approved,
APP0008410,C000302,2025-11-04,BNPL,740.26,584,Approved,
APP0008411,C004574,2025-07-09,ACS,29.19,506,Approved,
APP0008412,C003591,2025-07-12,ACS,27.98,346,Declined,Fraud Flag
APP0008413,C004421,2025-06-12,BNPL,770.43,800,Approved,
APP0008414,C004890,2025-04-10,ACS,14.58,560,Declined,Policy Rule Failure
APP0008415,C004209,2025-03-07,ACS,14.41,335,Declined,Low Behavioural Score
APP0008416,C002148,2025-06-07,ACS,21.9,732,Approved,
APP0008417,C004193,2025-05-20,ACS,14.27,746,Approved,
APP0008418,C004841,2025-02-26,Nano,229.08,333,Declined,Fraud Flag
APP0008419,C004540,2025-02-04,BNPL,940.06,751,Approved,
APP0008420,C003208,2025-07-16,ACS,20.24,800,Approved,
APP0008421,C004791,2025-01-23,BNPL,691.61,702,Approved,
APP0008422,C002978,2025-11-22,ACS,22.02,703,Approved,
APP0008423,C002224,2025-05-21,BNPL,651.95,737,Approved,
APP0008424,C000856,2025-01-21,BNPL,561.85,546,Approved,
APP0008425,C002328,2025-03-27,ACS,25.14,503,Declined,Fraud Flag
APP0008426,C004762,2025-07-09,ACS,7.2,641,Approved,
APP0008427,C000595,2025-04-17,ACS,22.75,785,Approved,
APP0008428,C004308,2025-09-15,BNPL,265.19,817,Approved,
APP0008429,C003214,2025-06-21,ACS,24.9,585,Approved,
APP0008430,C000659,2025-04-28,Nano,192.13,669,Approved,
APP0008431,C001130,2025-05-18,ACS,15.24,741,Approved,
APP0008432,C000144,2025-02-13,Nano,138.52,494,Declined,Low Behavioural Score
APP0008433,C003703,2025-01-06,Nano,82.55,457,Declined,High Existing Exposure
APP0008434,C001796,2025-02-17,ACS,13.65,766,Approved,
APP0008435,C000930,2025-02-23,BNPL,241.74,566,Declined,Incomplete Data
APP0008436,C000798,2025-05-14,ACS,13.39,659,Approved,
APP0008437,C002524,2025-05-03,BNPL,516.11,500,Approved,
APP0008438,C001681,2025-06-14,Nano,82.47,590,Approved,
APP0008439,C004526,2025-02-02,BNPL,106.74,665,Approved,
APP0008440,C004793,2025-02-20,Nano,248.18,784,Approved,
APP0008441,C001002,2025-07-28,Nano,244.41,360,Declined,Policy Rule Failure
APP0008442,C004310,2025-10-19,ACS,27.69,669,Approved,
APP0008443,C000302,2025-05-25,ACS,9.0,584,Approved,
APP0008444,C002201,2025-02-25,BNPL,217.46,797,Approved,
APP0008445,C002890,2025-03-26,ACS,10.57,600,Approved,
APP0008446,C001380,2025-04-16,ACS,6.82,478,Approved,
APP0008447,C003247,2025-05-30,Nano,200.45,865,Approved,
APP0008448,C002890,2025-03-26,Nano,208.37,609,Approved,
APP0008449,C004671,2025-04-08,BNPL,339.43,571,Declined,Incomplete Data
APP0008450,C004688,2025-02-04,Nano,218.49,601,Declined,Fraud Flag
APP0008451,C004085,2025-01-06,Nano,98.89,781,Approved,
APP0008452,C003954,2025-03-25,ACS,24.25,705,Approved,
APP0008453,C001688,2025-04-17,Nano,106.26,481,Approved,
APP0008454,C004339,2025-06-02,BNPL,491.94,680,Approved,
APP0008455,C001811,2025-03-28,BNPL,892.73,900,Approved,
APP0008456,C003806,2025-03-18,BNPL,785.57,370,Declined,Duplicate Application
APP0008457,C002429,2025-03-06,Nano,61.37,874,Approved,
APP0008458,C002519,2025-05-28,ACS,14.46,472,Declined,Incomplete Data
APP0008459,C004048,2025-02-17,ACS,12.14,738,Approved,
APP0008460,C000708,2025-01-20,ACS,15.95,707,Approved,
APP0008461,C004256,2025-05-04,ACS,10.9,793,Approved,
APP0008462,C004094,2025-04-19,ACS,6.03,672,Approved,
APP0008463,C002357,2025-05-01,Nano,281.46,758,Approved,
APP0008464,C003255,2025-03-10,ACS,28.75,786,Approved,
APP0008465,C001324,2025-01-26,ACS,13.59,768,Approved,
APP0008466,C003864,2025-08-05,ACS,17.91,679,Approved,
APP0008467,C000596,2025-09-24,Nano,194.88,552,Declined,Incomplete Data
APP0008468,C003671,2025-04-19,BNPL,298.4,791,Approved,
APP0008469,C003392,2025-07-19,ACS,25.5,726,Approved,
APP0008470,C001231,2025-04-22,ACS,11.16,316,Declined,Low Behavioural Score
APP0008471,C004074,2025-07-04,Nano,110.38,704,Approved,
APP0008472,C001429,2025-06-02,Nano,57.25,315,Declined,Low Behavioural Score
APP0008473,C002711,2025-04-26,ACS,8.84,689,Approved,
APP0008474,C004282,2025-01-25,Nano,185.7,493,Approved,
APP0008475,C000297,2025-02-21,ACS,29.33,696,Approved,
APP0008476,C002037,2025-03-31,ACS,6.84,693,Approved,
APP0008477,C003136,2025-08-27,Nano,59.31,721,Approved,
APP0008478,C000889,2025-02-10,ACS,15.94,706,Approved,
APP0008479,C002569,2025-03-06,Nano,179.36,826,Approved,
APP0008480,C003214,2025-06-17,Nano,116.3,585,Approved,
APP0008481,C004358,2025-04-19,Nano,49.33,805,Approved,
APP0008482,C001492,2025-06-08,ACS,26.89,302,Declined,Low Behavioural Score
APP0008483,C004160,2025-06-03,ACS,20.41,756,Approved,
APP0008484,C003214,2025-01-19,ACS,27.39,575,Approved,
APP0008485,C002549,2025-06-01,BNPL,655.18,374,Declined,High Existing Exposure
APP0008486,C002951,2025-12-13,ACS,15.78,683,Approved,
APP0008487,C004942,2025-01-29,Nano,153.64,768,Approved,
APP0008488,C003316,2025-03-09,Nano,184.75,522,Declined,Fraud Flag
APP0008489,C002154,2025-07-23,ACS,7.06,597,Declined,Fraud Flag
APP0008490,C004968,2025-05-16,ACS,11.86,544,Declined,Incomplete Data
APP0008491,C003461,2025-07-30,ACS,26.79,346,Declined,Low Behavioural Score
APP0008492,C001387,2025-02-03,ACS,29.97,469,Approved,
APP0008493,C003054,2025-09-05,ACS,18.56,546,Declined,Policy Rule Failure
APP0008494,C004879,2025-05-30,ACS,21.23,316,Declined,Low Behavioural Score
APP0008495,C003496,2025-06-18,Nano,236.15,661,Approved,
APP0008496,C003818,2025-02-26,ACS,28.29,716,Approved,
APP0008497,C003309,2025-03-15,BNPL,108.43,491,Approved,
APP0008498,C004277,2025-06-06,ACS,22.47,545,Declined,Incomplete Data
APP0008499,C000407,2025-02-12,Nano,174.52,715,Approved,
APP0008500,C004013,2025-03-18,ACS,9.04,745,Approved,
APP0008501,C004505,2025-03-10,ACS,28.03,683,Approved,
APP0008502,C000115,2025-02-16,ACS,21.89,310,Declined,Fraud Flag
APP0008503,C003941,2025-06-06,Nano,125.99,733,Approved,
APP0008504,C002519,2025-03-05,BNPL,125.94,480,Declined,High Existing Exposure
APP0008505,C001928,2025-05-16,BNPL,583.31,721,Approved,
APP0008506,C000529,2025-05-24,ACS,26.23,497,Approved,
APP0008507,C001593,2025-04-05,ACS,26.43,738,Approved,
APP0008508,C003368,2025-01-01,Nano,292.63,622,Approved,
APP0008509,C002570,2025-10-12,Nano,74.19,646,Approved,
APP0008510,C000299,2025-03-17,ACS,25.4,554,Approved,
APP0008511,C001532,2025-04-28,Nano,240.06,330,Declined,Fraud Flag
APP0008512,C000166,2025-05-14,Nano,237.74,820,Approved,
APP0008513,C001817,2025-01-24,Nano,125.55,670,Approved,
APP0008514,C004534,2025-02-14,ACS,18.75,515,Declined,High Existing Exposure
APP0008515,C003790,2025-07-09,ACS,23.38,681,Approved,
APP0008516,C004586,2025-07-05,ACS,6.73,649,Approved,
APP0008517,C000833,2025-01-17,ACS,20.15,685,Approved,
APP0008518,C003119,2025-10-31,ACS,21.97,611,Approved,
APP0008519,C001507,2025-04-13,ACS,17.4,596,Approved,
APP0008520,C002300,2025-03-17,Nano,269.75,469,Declined,Low Behavioural Score
APP0008521,C004840,2025-01-14,ACS,25.83,341,Declined,Low Behavioural Score
APP0008522,C004143,2025-01-24,ACS,27.56,604,Declined,Policy Rule Failure
APP0008523,C003485,2025-04-14,ACS,25.15,676,Approved,
APP0008524,C004822,2025-01-23,Nano,210.12,569,Declined,Low Behavioural Score
APP0008525,C002495,2025-07-11,Nano,289.67,632,Approved,
APP0008526,C000272,2025-04-21,ACS,13.1,769,Approved,
APP0008527,C004562,2025-04-01,Nano,292.93,781,Approved,
APP0008528,C000518,2025-05-20,ACS,11.75,641,Declined,Fraud Flag
APP0008529,C001333,2025-02-08,Nano,74.12,685,Approved,
APP0008530,C004526,2025-07-11,ACS,26.82,681,Approved,
APP0008531,C004436,2025-06-02,ACS,26.54,776,Approved,
APP0008532,C000497,2025-02-03,Nano,88.92,658,Approved,
APP0008533,C004281,2025-02-02,Nano,122.7,625,Approved,
APP0008534,C003571,2025-04-30,ACS,8.54,671,Approved,
APP0008535,C000539,2025-01-30,ACS,9.86,646,Approved,
APP0008536,C002768,2025-02-15,Nano,121.11,644,Approved,
APP0008537,C001325,2025-09-08,ACS,9.02,482,Approved,
APP0008538,C002609,2025-04-07,ACS,8.6,657,Declined,Duplicate Application
APP0008539,C000926,2025-04-24,ACS,13.37,538,Approved,
APP0008540,C000489,2025-05-31,ACS,25.03,847,Approved,
APP0008541,C003254,2025-04-10,BNPL,888.24,471,Declined,Fraud Flag
APP0008542,C003644,2025-03-17,Nano,98.22,471,Approved,
APP0008543,C000956,2025-06-30,Nano,279.06,885,Approved,
APP0008544,C003011,2025-09-01,Nano,21.7,661,Approved,
APP0008545,C002460,2025-01-19,ACS,12.48,475,Declined,Policy Rule Failure
APP0008546,C004645,2025-08-13,ACS,19.65,449,Declined,Low Behavioural Score
APP0008547,C002829,2025-07-29,ACS,27.38,741,Approved,
APP0008548,C002405,2025-03-15,Nano,268.55,737,Approved,
APP0008549,C000042,2025-07-10,Nano,237.37,690,Approved,
APP0008550,C004563,2025-05-11,Nano,138.58,791,Approved,
APP0008551,C003308,2025-03-19,Nano,270.09,495,Declined,Duplicate Application
APP0008552,C000920,2025-04-14,ACS,5.56,427,Declined,Fraud Flag
APP0008553,C000030,2025-06-22,ACS,6.02,624,Approved,
APP0008554,C001020,2025-02-26,Nano,212.5,687,Approved,
APP0008555,C002519,2025-02-01,BNPL,272.77,488,Declined,Low Behavioural Score
APP0008556,C004745,2025-08-04,Nano,298.72,721,Approved,
APP0008557,C003102,2025-05-20,ACS,18.24,514,Declined,Fraud Flag
APP0008558,C000497,2025-05-26,Nano,60.1,654,Declined,Incomplete Data
APP0008559,C000962,2025-04-22,Nano,287.18,496,Approved,
APP0008560,C001183,2025-09-08,Nano,106.63,626,Approved,
APP0008561,C000379,2025-08-06,Nano,98.7,600,Approved,
APP0008562,C000707,2025-08-26,Nano,56.97,870,Approved,
APP0008563,C000458,2025-11-15,Nano,271.42,490,Declined,Low Behavioural Score
APP0008564,C003549,2025-04-03,ACS,24.1,596,Approved,
APP0008565,C003417,2025-03-02,Nano,241.54,723,Approved,
APP0008566,C003902,2025-04-19,Nano,133.63,572,Declined,Policy Rule Failure
APP0008567,C000915,2025-05-18,ACS,20.67,802,Approved,
APP0008568,C004508,2025-06-05,ACS,22.35,392,Declined,High Existing Exposure
APP0008569,C001869,2025-03-06,Nano,295.87,461,Declined,Duplicate Application
APP0008570,C000735,2025-05-16,ACS,18.88,527,Declined,Low Behavioural Score
APP0008571,C000789,2025-04-01,ACS,11.78,372,Declined,Low Behavioural Score
APP0008572,C001609,2025-07-10,Nano,53.51,300,Declined,Duplicate Application
APP0008573,C000440,2025-02-02,Nano,87.94,635,Approved,
APP0008574,C001586,2025-01-21,Nano,27.12,815,Approved,
APP0008575,C003305,2025-05-18,Nano,60.24,659,Approved,
APP0008576,C004868,2025-05-07,Nano,163.2,331,Declined,Low Behavioural Score
APP0008577,C000026,2025-01-22,ACS,5.13,509,Declined,Incomplete Data
APP0008578,C002915,2025-01-12,ACS,7.4,489,Declined,Fraud Flag
APP0008579,C001173,2025-05-04,Nano,33.99,732,Approved,
APP0008580,C001688,2025-03-13,Nano,167.58,476,Approved,
APP0008581,C003220,2025-02-08,ACS,5.61,581,Approved,
APP0008582,C001494,2025-06-14,Nano,162.19,514,Declined,Incomplete Data
APP0008583,C002193,2025-03-08,ACS,20.31,344,Declined,Policy Rule Failure
APP0008584,C001596,2025-09-27,Nano,82.91,499,Approved,
APP0008585,C001810,2025-07-27,ACS,28.06,741,Approved,
APP0008586,C003561,2025-06-27,ACS,29.47,354,Declined,Duplicate Application
APP0008587,C001463,2025-07-07,ACS,28.11,562,Approved,
APP0008588,C002747,2025-05-31,Nano,273.13,784,Approved,
APP0008589,C003963,2025-07-12,Nano,42.51,778,Approved,
APP0008590,C003119,2025-03-08,Nano,111.21,614,Approved,
APP0008591,C003799,2025-09-01,BNPL,332.73,552,Declined,Fraud Flag
APP0008592,C002353,2025-05-25,ACS,9.87,648,Approved,
APP0008593,C002325,2025-03-24,Nano,183.26,591,Approved,
APP0008594,C000132,2025-02-13,ACS,25.89,453,Declined,Policy Rule Failure
APP0008595,C003524,2025-05-30,Nano,261.78,463,Declined,Low Behavioural Score
APP0008596,C003436,2025-07-10,ACS,10.53,627,Declined,Fraud Flag
APP0008597,C002553,2025-05-30,BNPL,436.19,605,Approved,
APP0008598,C003621,2025-07-02,BNPL,818.31,576,Approved,
APP0008599,C003293,2025-02-25,BNPL,795.03,676,Approved,
APP0008600,C000902,2025-08-13,Nano,263.93,608,Approved,
APP0008601,C001120,2025-02-11,Nano,46.79,665,Approved,
APP0008602,C003247,2025-07-19,ACS,7.86,867,Approved,
APP0008603,C000490,2025-07-29,ACS,23.97,673,Approved,
APP0008604,C004388,2025-04-13,ACS,23.14,620,Approved,
APP0008605,C001744,2025-04-25,BNPL,844.23,528,Approved,
APP0008606,C003014,2025-03-09,Nano,285.18,459,Declined,Low Behavioural Score
APP0008607,C002610,2025-06-24,ACS,29.45,751,Approved,
APP0008608,C003343,2025-02-17,Nano,160.66,324,Declined,Incomplete Data
APP0008609,C001779,2025-05-15,Nano,250.47,633,Approved,
APP0008610,C003504,2025-03-31,BNPL,447.91,457,Declined,Low Behavioural Score
APP0008611,C000867,2025-05-15,Nano,258.82,363,Declined,High Existing Exposure
APP0008612,C001622,2025-08-09,Nano,224.87,623,Approved,
APP0008613,C000198,2025-07-15,Nano,173.94,576,Declined,Incomplete Data
APP0008614,C000772,2025-02-28,Nano,119.05,544,Declined,Fraud Flag
APP0008615,C000278,2025-02-17,ACS,26.0,671,Declined,Low Behavioural Score
APP0008616,C002364,2025-03-26,ACS,23.79,552,Declined,Low Behavioural Score
APP0008617,C000367,2025-06-23,Nano,187.51,772,Approved,
APP0008618,C001159,2025-07-02,BNPL,618.87,561,Approved,
APP0008619,C002418,2025-05-31,ACS,8.99,413,Declined,Incomplete Data
APP0008620,C003435,2025-03-31,ACS,18.68,781,Approved,
APP0008621,C000124,2025-06-29,BNPL,261.65,535,Declined,High Existing Exposure
APP0008622,C003575,2025-01-25,ACS,9.65,628,Approved,
APP0008623,C002597,2025-12-10,Nano,137.32,811,Approved,
APP0008624,C000041,2025-05-08,BNPL,921.99,366,Declined,Duplicate Application
APP0008625,C000487,2025-05-21,Nano,175.75,460,Approved,
APP0008626,C004772,2025-11-08,ACS,20.68,720,Approved,
APP0008627,C002250,2025-03-26,BNPL,568.52,659,Declined,Duplicate Application
APP0008628,C004626,2025-01-22,ACS,12.54,453,Declined,Low Behavioural Score
APP0008629,C002576,2025-04-20,Nano,69.63,641,Approved,
APP0008630,C000660,2025-06-23,ACS,28.84,673,Approved,
APP0008631,C003645,2025-03-26,ACS,15.38,507,Approved,
APP0008632,C002389,2025-03-12,ACS,17.89,756,Approved,
APP0008633,C001891,2025-02-20,Nano,110.06,576,Approved,
APP0008634,C001046,2025-05-18,Nano,165.74,748,Approved,
APP0008635,C002220,2025-02-23,Nano,282.61,616,Approved,
APP0008636,C004820,2025-09-06,ACS,22.96,694,Approved,
APP0008637,C001092,2025-03-15,BNPL,779.26,542,Declined,Low Behavioural Score
APP0008638,C002831,2025-05-12,ACS,26.5,653,Approved,
APP0008639,C000165,2025-02-24,ACS,27.87,501,Declined,Incomplete Data
APP0008640,C003501,2025-03-19,ACS,24.04,725,Approved,
APP0008641,C004455,2025-06-15,ACS,23.02,756,Approved,
APP0008642,C004890,2025-06-27,BNPL,962.66,561,Approved,
APP0008643,C004056,2025-05-21,ACS,11.27,376,Declined,Duplicate Application
APP0008644,C003366,2025-03-17,ACS,21.43,484,Approved,
APP0008645,C002914,2025-04-17,ACS,12.42,811,Approved,
APP0008646,C004354,2025-03-22,Nano,83.14,337,Declined,Low Behavioural Score
APP0008647,C000050,2025-03-09,Nano,61.17,810,Approved,
APP0008648,C001203,2025-04-24,ACS,18.43,592,Approved,
APP0008649,C000224,2025-03-23,ACS,22.08,749,Approved,
APP0008650,C001147,2025-07-04,Nano,122.61,462,Declined,Low Behavioural Score
APP0008651,C001116,2025-02-23,BNPL,318.65,613,Declined,Incomplete Data
APP0008652,C002206,2025-01-25,Nano,170.67,689,Approved,
APP0008653,C003455,2025-05-31,ACS,13.53,546,Approved,
APP0008654,C004408,2025-10-10,ACS,10.12,585,Approved,
APP0008655,C002996,2025-02-15,ACS,8.94,561,Approved,
APP0008656,C000196,2025-05-03,Nano,157.52,781,Approved,
APP0008657,C000494,2025-05-18,ACS,15.37,609,Declined,Duplicate Application
APP0008658,C002207,2025-05-15,ACS,11.84,703,Approved,
APP0008659,C003066,2025-06-05,ACS,12.76,407,Declined,Low Behavioural Score
APP0008660,C004125,2025-03-17,ACS,16.25,571,Declined,Incomplete Data
APP0008661,C001871,2025-08-10,ACS,10.75,448,Declined,Incomplete Data
APP0008662,C000888,2025-03-08,Nano,142.58,729,Approved,
APP0008663,C000709,2025-01-21,Nano,79.26,606,Approved,
APP0008664,C003079,2025-04-11,BNPL,657.22,716,Approved,
APP0008665,C004992,2025-06-16,ACS,26.95,465,Declined,Duplicate Application
APP0008666,C000350,2025-04-26,ACS,17.73,716,Approved,
APP0008667,C000047,2025-02-05,ACS,27.21,561,Approved,
APP0008668,C000052,2025-06-04,ACS,28.1,421,Approved,
APP0008669,C002731,2025-08-28,Nano,154.3,738,Approved,
APP0008670,C001595,2025-07-29,ACS,8.84,633,Approved,
APP0008671,C004125,2025-01-11,Nano,122.43,579,Approved,
APP0008672,C004029,2025-06-15,Nano,72.86,712,Approved,
APP0008673,C002513,2025-04-18,ACS,5.89,505,Approved,
APP0008674,C000207,2025-03-03,Nano,54.41,635,Declined,Duplicate Application
APP0008675,C002852,2025-04-04,Nano,211.49,868,Approved,
APP0008676,C001824,2025-02-21,ACS,24.94,688,Approved,
APP0008677,C004182,2025-08-02,Nano,198.98,743,Approved,
APP0008678,C003644,2025-03-29,Nano,116.3,477,Approved,
APP0008679,C004792,2025-06-23,Nano,75.25,758,Approved,
APP0008680,C001846,2025-06-08,ACS,14.87,558,Approved,
APP0008681,C001616,2025-01-05,Nano,100.66,533,Declined,Policy Rule Failure
APP0008682,C002395,2025-03-02,ACS,27.38,382,Declined,Incomplete Data
APP0008683,C004126,2025-09-11,BNPL,849.49,779,Approved,
APP0008684,C002502,2025-01-12,Nano,49.43,445,Approved,
APP0008685,C001680,2025-02-26,Nano,197.97,591,Approved,
APP0008686,C004540,2025-06-17,Nano,146.49,749,Approved,
APP0008687,C001957,2025-05-07,Nano,191.98,719,Approved,
APP0008688,C004380,2025-04-18,Nano,156.8,671,Approved,
APP0008689,C003193,2025-05-23,Nano,75.99,484,Declined,Low Behavioural Score
APP0008690,C000319,2025-01-05,Nano,131.18,848,Approved,
APP0008691,C002465,2025-01-15,BNPL,966.8,768,Approved,
APP0008692,C003462,2025-02-24,ACS,22.76,609,Approved,
APP0008693,C004576,2025-01-17,ACS,6.43,469,Declined,Low Behavioural Score
APP0008694,C002715,2025-06-04,Nano,184.61,504,Declined,Incomplete Data
APP0008695,C000074,2025-06-15,ACS,9.99,757,Approved,
APP0008696,C001773,2025-07-23,Nano,216.35,696,Approved,
APP0008697,C004844,2025-01-20,BNPL,374.37,630,Approved,
APP0008698,C002463,2025-09-01,ACS,27.45,536,Declined,Low Behavioural Score
APP0008699,C001923,2025-09-21,BNPL,250.21,769,Approved,
APP0008700,C004400,2025-07-07,Nano,245.94,736,Approved,
APP0008701,C002086,2025-03-17,Nano,42.94,732,Approved,
APP0008702,C003866,2025-02-26,ACS,15.87,467,Declined,Low Behavioural Score
APP0008703,C000104,2025-04-16,Nano,197.85,686,Approved,
APP0008704,C002841,2025-07-07,ACS,17.18,580,Approved,
APP0008705,C000118,2025-01-15,ACS,12.5,682,Approved,
APP0008706,C000879,2025-03-24,Nano,88.6,634,Declined,Policy Rule Failure
APP0008707,C002724,2025-08-19,BNPL,991.6,820,Approved,
APP0008708,C003094,2025-04-29,ACS,14.62,739,Approved,
APP0008709,C000592,2025-05-02,Nano,172.83,693,Approved,
APP0008710,C002491,2025-04-08,ACS,28.57,408,Declined,Low Behavioural Score
APP0008711,C002032,2025-05-01,ACS,9.2,555,Approved,
APP0008712,C002235,2025-08-08,ACS,18.15,753,Approved,
APP0008713,C004053,2025-03-18,ACS,25.83,860,Declined,Duplicate Application
APP0008714,C004720,2025-04-26,BNPL,655.0,599,Approved,
APP0008715,C000375,2025-02-18,Nano,111.5,787,Approved,
APP0008716,C004964,2025-04-05,Nano,258.99,893,Approved,
APP0008717,C000255,2025-07-09,Nano,233.88,567,Approved,
APP0008718,C004757,2025-03-04,ACS,12.86,470,Declined,Low Behavioural Score
APP0008719,C003079,2025-02-04,ACS,7.38,726,Approved,
APP0008720,C003695,2025-06-27,BNPL,666.4,498,Declined,High Existing Exposure
APP0008721,C001216,2025-03-05,Nano,286.63,400,Declined,Low Behavioural Score
APP0008722,C002995,2025-03-21,ACS,29.41,710,Approved,
APP0008723,C002962,2025-01-11,ACS,26.34,700,Approved,
APP0008724,C001598,2025-03-20,ACS,15.9,585,Declined,Duplicate Application
APP0008725,C002517,2025-02-10,Nano,185.61,638,Declined,Low Behavioural Score
APP0008726,C004736,2025-06-12,Nano,197.85,507,Approved,
APP0008727,C000538,2025-10-04,ACS,7.41,690,Approved,
APP0008728,C002279,2025-03-25,BNPL,548.83,607,Approved,
APP0008729,C001685,2025-01-31,ACS,8.86,743,Declined,Policy Rule Failure
APP0008730,C001009,2025-09-15,Nano,267.25,638,Approved,
APP0008731,C002395,2025-05-26,Nano,222.47,376,Declined,High Existing Exposure
APP0008732,C000554,2025-11-07,BNPL,178.25,397,Approved,
APP0008733,C000607,2025-02-27,BNPL,240.69,585,Approved,
APP0008734,C004179,2025-06-19,ACS,21.7,649,Declined,Incomplete Data
APP0008735,C001595,2025-02-07,ACS,26.77,615,Approved,
APP0008736,C001641,2025-02-28,BNPL,606.43,746,Approved,
APP0008737,C003304,2025-01-19,Nano,261.13,771,Approved,
APP0008738,C003832,2025-05-10,ACS,13.46,429,Declined,Duplicate Application
APP0008739,C004328,2025-06-21,Nano,80.19,436,Declined,Policy Rule Failure
APP0008740,C003137,2025-03-12,ACS,28.66,483,Declined,Low Behavioural Score
APP0008741,C001323,2025-06-24,Nano,57.07,575,Approved,
APP0008742,C001418,2025-04-17,BNPL,372.32,657,Approved,
APP0008743,C003537,2025-01-11,Nano,126.05,732,Approved,
APP0008744,C004254,2025-02-22,BNPL,561.43,354,Declined,Low Behavioural Score
APP0008745,C004594,2025-03-06,ACS,12.7,736,Approved,
APP0008746,C004225,2025-06-25,ACS,11.42,597,Approved,
APP0008747,C003135,2025-02-08,ACS,11.27,549,Approved,
APP0008748,C000860,2025-03-25,ACS,16.09,698,Approved,
APP0008749,C002081,2025-06-10,ACS,28.49,780,Approved,
APP0008750,C000609,2025-04-29,ACS,29.22,723,Declined,Incomplete Data
APP0008751,C002196,2025-07-10,Nano,169.88,548,Approved,
APP0008752,C003003,2025-08-24,ACS,8.72,806,Approved,
APP0008753,C003373,2025-02-16,Nano,239.36,454,Approved,
APP0008754,C001168,2025-07-04,ACS,13.28,765,Approved,
APP0008755,C003481,2025-05-09,ACS,8.19,649,Approved,
APP0008756,C001661,2025-09-10,Nano,259.05,702,Approved,
APP0008757,C003479,2025-02-12,Nano,27.19,773,Approved,
APP0008758,C004684,2025-04-16,Nano,35.07,731,Approved,
APP0008759,C001447,2025-03-12,ACS,14.03,737,Approved,
APP0008760,C000878,2025-02-13,Nano,80.46,701,Approved,
APP0008761,C004837,2025-05-06,BNPL,733.33,686,Approved,
APP0008762,C002353,2025-03-03,Nano,296.24,639,Approved,
APP0008763,C001158,2025-03-02,ACS,16.8,791,Declined,Policy Rule Failure
APP0008764,C001475,2025-05-18,ACS,27.85,374,Declined,Fraud Flag
APP0008765,C002341,2025-08-13,ACS,21.94,634,Approved,
APP0008766,C001740,2025-07-25,ACS,8.7,784,Approved,
APP0008767,C004526,2025-03-12,ACS,26.92,680,Approved,
APP0008768,C001851,2025-03-04,Nano,241.9,530,Declined,Fraud Flag
APP0008769,C002362,2025-05-08,ACS,12.67,561,Approved,
APP0008770,C001300,2025-05-21,ACS,18.39,620,Approved,
APP0008771,C003530,2025-03-05,Nano,73.61,555,Declined,Low Behavioural Score
APP0008772,C003818,2025-04-21,ACS,7.42,703,Approved,
APP0008773,C002822,2025-07-31,ACS,11.97,471,Approved,
APP0008774,C004060,2025-05-01,ACS,23.15,489,Declined,Policy Rule Failure
APP0008775,C001373,2025-04-07,Nano,27.37,538,Approved,
APP0008776,C002698,2025-09-23,ACS,16.54,772,Approved,
APP0008777,C003648,2025-06-10,Nano,177.42,794,Approved,
APP0008778,C004497,2025-05-28,Nano,161.43,821,Approved,
APP0008779,C001636,2025-02-05,ACS,23.32,611,Approved,
APP0008780,C000684,2025-04-03,ACS,10.06,774,Approved,
APP0008781,C003916,2025-07-29,BNPL,977.99,579,Approved,
APP0008782,C002533,2025-01-01,ACS,17.41,586,Approved,
APP0008783,C000279,2025-05-13,Nano,232.42,435,Declined,Fraud Flag
APP0008784,C004143,2025-06-11,BNPL,925.53,592,Approved,
APP0008785,C002496,2025-05-20,BNPL,325.29,728,Approved,
APP0008786,C003105,2025-03-27,ACS,29.7,594,Approved,
APP0008787,C001796,2025-05-25,Nano,202.18,764,Approved,
APP0008788,C004926,2025-07-18,ACS,11.69,644,Approved,
APP0008789,C002154,2025-02-25,Nano,163.38,609,Approved,
APP0008790,C002979,2025-06-09,Nano,101.97,537,Declined,Duplicate Application
APP0008791,C002681,2025-08-05,Nano,232.16,891,Approved,
APP0008792,C004801,2025-05-26,Nano,243.94,379,Approved,
APP0008793,C003060,2025-05-30,Nano,128.62,679,Approved,
APP0008794,C000494,2025-02-23,ACS,22.16,611,Approved,
APP0008795,C004286,2025-10-07,ACS,10.28,536,Approved,
APP0008796,C000214,2025-04-05,ACS,12.95,654,Approved,
APP0008797,C002629,2025-01-19,ACS,21.06,552,Approved,
APP0008798,C001783,2025-08-02,Nano,91.05,561,Declined,Fraud Flag
APP0008799,C002409,2025-01-14,ACS,21.75,685,Approved,
APP0008800,C004207,2025-03-05,ACS,8.66,705,Approved,
APP0008801,C000543,2025-09-14,Nano,207.55,479,Approved,
APP0008802,C000253,2025-03-18,Nano,98.39,788,Approved,
APP0008803,C004510,2025-04-30,Nano,144.11,752,Approved,
APP0008804,C001262,2025-05-14,Nano,179.39,789,Approved,
APP0008805,C002212,2025-07-14,Nano,47.88,421,Approved,
APP0008806,C004926,2025-04-16,Nano,187.13,654,Approved,
APP0008807,C003627,2025-04-26,Nano,254.27,754,Approved,
APP0008808,C003205,2025-01-25,Nano,284.15,558,Approved,
APP0008809,C000036,2025-10-04,ACS,22.11,721,Approved,
APP0008810,C001966,2025-08-27,Nano,223.52,528,Declined,Policy Rule Failure
APP0008811,C002600,2025-03-02,Nano,281.12,618,Approved,
APP0008812,C000390,2025-02-08,BNPL,937.17,471,Declined,Policy Rule Failure
APP0008813,C003235,2025-06-17,BNPL,657.7,763,Approved,
APP0008814,C003777,2025-07-31,Nano,54.43,576,Approved,
APP0008815,C001839,2025-06-27,Nano,181.91,595,Approved,
APP0008816,C004627,2025-06-10,ACS,13.7,767,Approved,
APP0008817,C004671,2025-03-03,Nano,288.58,558,Declined,Incomplete Data
APP0008818,C003708,2025-03-15,ACS,23.53,585,Approved,
APP0008819,C001572,2025-04-09,Nano,192.96,867,Approved,
APP0008820,C000583,2025-05-08,Nano,94.45,672,Approved,
APP0008821,C003486,2025-02-13,ACS,13.28,746,Approved,
APP0008822,C002660,2025-02-22,ACS,11.99,453,Declined,Low Behavioural Score
APP0008823,C003588,2025-06-26,ACS,17.36,699,Approved,
APP0008824,C002014,2025-04-01,Nano,143.76,389,Declined,Fraud Flag
APP0008825,C000764,2025-06-04,Nano,170.39,746,Approved,
APP0008826,C004521,2025-07-02,ACS,8.54,573,Approved,
APP0008827,C004817,2025-04-29,BNPL,499.63,728,Approved,
APP0008828,C003812,2025-03-01,ACS,26.63,771,Approved,
APP0008829,C000118,2025-05-24,ACS,7.72,681,Approved,
APP0008830,C004010,2025-04-12,BNPL,100.72,662,Approved,
APP0008831,C004980,2025-02-23,BNPL,646.55,597,Declined,Fraud Flag
APP0008832,C002069,2025-08-04,ACS,11.26,300,Declined,Incomplete Data
APP0008833,C002513,2025-06-25,ACS,18.3,522,Declined,Low Behavioural Score
APP0008834,C000125,2025-05-20,ACS,8.25,515,Declined,Low Behavioural Score
APP0008835,C003008,2025-04-23,ACS,29.03,621,Approved,
APP0008836,C003797,2025-04-17,ACS,21.61,329,Declined,Incomplete Data
APP0008837,C001009,2025-07-16,Nano,115.07,624,Approved,
APP0008838,C003167,2025-01-17,ACS,26.91,555,Declined,Low Behavioural Score
APP0008839,C001305,2025-05-11,ACS,23.91,784,Approved,
APP0008840,C000708,2025-05-20,ACS,9.04,685,Approved,
APP0008841,C000113,2025-07-17,BNPL,948.1,696,Approved,
APP0008842,C003784,2025-02-01,Nano,37.22,300,Declined,Low Behavioural Score
APP0008843,C001060,2025-01-08,ACS,29.21,358,Declined,Duplicate Application
APP0008844,C000747,2025-01-29,ACS,9.99,641,Approved,
APP0008845,C004810,2025-03-13,BNPL,168.78,384,Declined,Policy Rule Failure
APP0008846,C003699,2025-06-26,ACS,19.18,481,Declined,Low Behavioural Score
APP0008847,C001285,2025-04-27,Nano,142.4,768,Approved,
APP0008848,C003569,2025-02-20,Nano,130.7,665,Declined,Policy Rule Failure
APP0008849,C002498,2025-06-13,Nano,271.89,682,Approved,
APP0008850,C000038,2025-03-26,Nano,22.39,571,Approved,
APP0008851,C001352,2025-01-20,ACS,12.07,619,Declined,Fraud Flag
APP0008852,C003874,2025-11-10,ACS,11.17,763,Approved,
APP0008853,C003596,2025-08-04,ACS,9.51,564,Declined,Incomplete Data
APP0008854,C002039,2025-04-16,Nano,65.8,718,Approved,
APP0008855,C004932,2025-05-28,Nano,92.86,508,Approved,
APP0008856,C002533,2025-06-30,ACS,8.93,577,Approved,
APP0008857,C000065,2025-03-27,Nano,79.34,624,Approved,
APP0008858,C004824,2025-05-06,BNPL,609.4,796,Approved,
APP0008859,C000114,2025-05-20,ACS,9.3,791,Approved,
APP0008860,C004600,2025-05-29,ACS,28.61,752,Approved,
APP0008861,C000376,2025-10-07,ACS,12.65,749,Approved,
APP0008862,C001914,2025-07-31,ACS,18.92,531,Declined,Fraud Flag
APP0008863,C000272,2025-06-08,ACS,25.03,776,Approved,
APP0008864,C003548,2025-05-24,ACS,23.66,528,Declined,Policy Rule Failure
APP0008865,C001534,2025-08-30,ACS,5.83,784,Declined,Fraud Flag
APP0008866,C002566,2025-06-21,ACS,15.25,490,Approved,
APP0008867,C000950,2025-07-03,ACS,24.66,522,Approved,
APP0008868,C004111,2025-06-12,BNPL,933.16,811,Approved,
APP0008869,C002313,2025-07-20,Nano,215.62,456,Declined,Low Behavioural Score
APP0008870,C001599,2025-04-18,Nano,128.26,789,Approved,
APP0008871,C000114,2025-05-19,Nano,179.72,785,Approved,
APP0008872,C002355,2025-02-22,ACS,24.03,528,Approved,
APP0008873,C003628,2025-04-13,BNPL,495.61,578,Approved,
APP0008874,C000563,2025-05-01,Nano,270.36,759,Approved,
APP0008875,C002545,2025-03-21,ACS,12.79,644,Approved,
APP0008876,C004634,2025-02-24,ACS,28.6,714,Approved,
APP0008877,C004337,2025-11-18,BNPL,732.43,655,Approved,
APP0008878,C004504,2025-08-14,Nano,268.18,799,Approved,
APP0008879,C004484,2025-07-25,ACS,29.04,540,Declined,Low Behavioural Score
APP0008880,C001381,2025-04-20,Nano,26.61,698,Approved,
APP0008881,C000799,2025-03-01,Nano,247.64,699,Approved,
APP0008882,C002915,2025-03-24,ACS,14.78,495,Approved,
APP0008883,C003584,2025-01-17,ACS,9.67,693,Approved,
APP0008884,C001892,2025-06-22,Nano,157.34,479,Approved,
APP0008885,C001164,2025-03-09,ACS,21.42,727,Approved,
APP0008886,C000779,2025-10-27,ACS,8.68,763,Approved,
APP0008887,C002547,2025-02-25,Nano,287.42,727,Approved,
APP0008888,C000226,2025-04-30,Nano,268.56,728,Approved,
APP0008889,C003423,2025-03-22,ACS,29.37,877,Approved,
APP0008890,C004115,2025-06-20,ACS,12.17,576,Approved,
APP0008891,C004146,2025-09-09,ACS,16.9,785,Approved,
APP0008892,C001446,2025-06-09,ACS,26.61,417,Declined,Low Behavioural Score
APP0008893,C000498,2025-05-03,ACS,19.71,589,Approved,
APP0008894,C002578,2025-01-23,ACS,25.99,793,Approved,
APP0008895,C003702,2025-02-01,Nano,20.13,649,Approved,
APP0008896,C004514,2025-05-13,Nano,165.83,675,Approved,
APP0008897,C000603,2025-02-06,ACS,27.69,775,Approved,
APP0008898,C000100,2025-05-13,BNPL,788.59,468,Declined,Policy Rule Failure
APP0008899,C000707,2025-03-19,ACS,7.27,846,Approved,
APP0008900,C002737,2025-07-21,Nano,243.91,565,Approved,
APP0008901,C000831,2025-03-24,Nano,103.85,778,Approved,
APP0008902,C004778,2025-09-13,BNPL,672.56,483,Declined,Low Behavioural Score
APP0008903,C001730,2025-01-30,BNPL,430.58,512,Approved,
APP0008904,C004047,2025-02-27,ACS,26.76,856,Approved,
APP0008905,C001627,2025-03-24,Nano,258.89,477,Declined,Policy Rule Failure
APP0008906,C001097,2025-02-26,Nano,280.25,360,Declined,Low Behavioural Score
APP0008907,C000428,2025-04-29,ACS,18.51,778,Approved,
APP0008908,C001005,2025-09-24,Nano,176.39,704,Approved,
APP0008909,C003755,2025-02-02,ACS,8.12,460,Approved,
APP0008910,C003813,2025-04-08,ACS,21.05,687,Approved,
APP0008911,C003339,2025-05-10,ACS,29.15,779,Approved,
APP0008912,C000399,2025-05-26,ACS,26.43,799,Approved,
APP0008913,C001603,2025-06-07,ACS,14.5,457,Declined,Fraud Flag
APP0008914,C002997,2025-08-01,Nano,90.0,768,Approved,
APP0008915,C004685,2025-01-16,Nano,117.82,611,Approved,
APP0008916,C001171,2025-01-11,Nano,251.17,425,Declined,Low Behavioural Score
APP0008917,C000934,2025-11-15,ACS,18.76,702,Approved,
APP0008918,C004197,2025-05-31,ACS,11.01,472,Declined,Low Behavioural Score
APP0008919,C002341,2025-03-03,ACS,20.01,626,Approved,
APP0008920,C001898,2025-01-15,Nano,113.57,545,Approved,
APP0008921,C001921,2025-07-30,BNPL,644.16,719,Approved,
APP0008922,C002075,2025-06-09,BNPL,419.08,609,Approved,
APP0008923,C002425,2025-04-20,BNPL,778.89,534,Approved,
APP0008924,C003973,2025-07-13,Nano,159.68,320,Declined,Low Behavioural Score
APP0008925,C003446,2025-06-11,ACS,18.5,448,Declined,Duplicate Application
APP0008926,C000441,2025-09-16,Nano,31.04,585,Declined,Low Behavioural Score
APP0008927,C000663,2025-02-02,Nano,283.43,883,Approved,
APP0008928,C003005,2025-05-20,BNPL,147.18,683,Approved,
APP0008929,C004193,2025-06-28,ACS,8.19,753,Approved,
APP0008930,C004814,2025-04-16,Nano,47.76,328,Declined,Fraud Flag
APP0008931,C004473,2025-05-11,ACS,10.09,492,Declined,High Existing Exposure
APP0008932,C003252,2025-07-09,ACS,15.76,320,Declined,High Existing Exposure
APP0008933,C001189,2025-11-28,ACS,6.17,545,Approved,
APP0008934,C000409,2025-05-04,BNPL,390.67,605,Declined,Fraud Flag
APP0008935,C003680,2025-05-23,Nano,232.64,382,Declined,Low Behavioural Score
APP0008936,C004543,2025-05-19,BNPL,715.0,646,Approved,
APP0008937,C002026,2025-10-17,ACS,6.44,543,Approved,
APP0008938,C000645,2025-08-03,ACS,25.36,687,Approved,
APP0008939,C003659,2025-04-19,ACS,14.6,602,Approved,
APP0008940,C001845,2025-02-21,ACS,25.51,668,Approved,
APP0008941,C003192,2025-06-10,Nano,134.52,815,Approved,
APP0008942,C000909,2025-03-27,BNPL,929.61,747,Approved,
APP0008943,C001783,2025-03-09,ACS,26.68,545,Declined,Fraud Flag
APP0008944,C003610,2025-05-03,Nano,107.08,545,Approved,
APP0008945,C004285,2025-07-27,BNPL,642.56,588,Approved,
APP0008946,C001325,2025-01-04,ACS,16.05,472,Declined,Low Behavioural Score
APP0008947,C003998,2025-03-14,Nano,147.59,619,Approved,
APP0008948,C001306,2025-04-22,BNPL,496.8,652,Declined,Fraud Flag
APP0008949,C003680,2025-02-16,Nano,200.82,396,Approved,
APP0008950,C002068,2025-05-21,ACS,15.25,836,Approved,
APP0008951,C003508,2025-02-11,Nano,202.07,731,Approved,
APP0008952,C001431,2025-06-03,Nano,104.14,521,Declined,Low Behavioural Score
APP0008953,C000413,2025-07-02,Nano,271.21,519,Declined,High Existing Exposure
APP0008954,C003923,2025-09-15,Nano,275.54,695,Approved,
APP0008955,C000038,2025-03-20,BNPL,719.5,565,Declined,Fraud Flag
APP0008956,C002634,2025-02-21,BNPL,620.49,685,Approved,
APP0008957,C000292,2025-03-18,ACS,20.99,702,Approved,
APP0008958,C002780,2025-09-08,BNPL,442.89,739,Approved,
APP0008959,C000545,2025-06-26,Nano,137.6,525,Approved,
APP0008960,C000809,2025-06-09,BNPL,558.29,442,Declined,Policy Rule Failure
APP0008961,C004926,2025-01-10,Nano,105.93,651,Approved,
APP0008962,C004568,2025-06-25,BNPL,349.14,452,Declined,Incomplete Data
APP0008963,C002232,2025-07-13,BNPL,576.07,786,Approved,
APP0008964,C001745,2025-05-02,Nano,204.51,568,Declined,Fraud Flag
APP0008965,C003478,2025-09-13,Nano,157.58,637,Approved,
APP0008966,C001887,2025-05-05,ACS,10.27,875,Approved,
APP0008967,C000757,2025-04-18,ACS,14.38,737,Approved,
APP0008968,C001212,2025-03-29,Nano,217.65,743,Approved,
APP0008969,C003086,2025-05-08,Nano,239.47,717,Approved,
APP0008970,C004801,2025-04-28,Nano,232.31,381,Declined,Policy Rule Failure
APP0008971,C003262,2025-04-06,ACS,21.6,525,Declined,Policy Rule Failure
APP0008972,C003036,2025-09-15,ACS,10.82,556,Approved,
APP0008973,C003925,2025-08-11,Nano,134.01,584,Approved,
APP0008974,C000305,2025-09-01,Nano,175.91,731,Approved,
APP0008975,C003115,2025-05-11,Nano,288.7,466,Declined,Low Behavioural Score
APP0008976,C000964,2025-01-29,ACS,9.5,698,Approved,
APP0008977,C002104,2025-04-03,ACS,20.05,689,Approved,
APP0008978,C002403,2025-07-04,ACS,15.09,627,Approved,
APP0008979,C003649,2025-03-01,Nano,137.03,334,Declined,Fraud Flag
APP0008980,C000940,2025-06-25,ACS,23.78,728,Approved,
APP0008981,C004773,2025-03-01,Nano,204.88,617,Approved,
APP0008982,C003026,2025-04-14,ACS,18.27,431,Declined,Low Behavioural Score
APP0008983,C001742,2025-07-29,BNPL,155.98,650,Declined,Incomplete Data
APP0008984,C001540,2025-01-27,Nano,45.62,707,Approved,
APP0008985,C000509,2025-07-02,Nano,166.33,326,Declined,Low Behavioural Score
APP0008986,C001749,2025-04-09,Nano,256.1,653,Approved,
APP0008987,C000586,2025-05-11,ACS,17.46,648,Approved,
APP0008988,C003934,2025-07-07,ACS,19.1,655,Approved,
APP0008989,C003970,2025-03-07,ACS,29.84,724,Approved,
APP0008990,C002622,2025-03-16,BNPL,319.46,725,Approved,
APP0008991,C004823,2025-04-26,BNPL,574.86,559,Approved,
APP0008992,C000566,2025-02-25,BNPL,788.53,661,Approved,
APP0008993,C004393,2025-07-14,Nano,286.55,632,Approved,
APP0008994,C001860,2025-01-25,ACS,25.6,664,Approved,
APP0008995,C003791,2025-02-19,Nano,168.85,612,Approved,
APP0008996,C004482,2025-07-25,ACS,21.23,567,Approved,
APP0008997,C000639,2025-03-30,ACS,25.26,623,Approved,
APP0008998,C004231,2025-06-16,Nano,120.01,766,Approved,
APP0008999,C004961,2025-09-11,ACS,24.91,512,Approved,
APP0009000,C003800,2025-01-27,ACS,18.59,609,Declined,Policy Rule Failure
APP0009001,C000731,2025-04-18,ACS,13.06,628,Declined,High Existing Exposure
APP0009002,C004218,2025-04-21,ACS,16.07,669,Approved,
APP0009003,C001390,2025-02-21,Nano,277.35,507,Declined,Incomplete Data
APP0009004,C000458,2025-04-25,BNPL,625.14,487,Approved,
APP0009005,C003219,2025-06-28,ACS,28.05,606,Declined,Low Behavioural Score
APP0009006,C000611,2025-03-13,ACS,28.42,464,Approved,
APP0009007,C002845,2025-06-17,Nano,204.87,523,Declined,Incomplete Data
APP0009008,C000094,2025-06-23,Nano,37.67,671,Approved,
APP0009009,C003703,2025-08-22,ACS,28.1,438,Declined,Low Behavioural Score
APP0009010,C000626,2025-04-22,Nano,230.18,631,Declined,Policy Rule Failure
APP0009011,C003354,2025-09-27,Nano,135.25,741,Approved,
APP0009012,C004118,2025-01-30,ACS,16.38,344,Declined,Low Behavioural Score
APP0009013,C000486,2025-05-01,Nano,27.2,673,Approved,
APP0009014,C000190,2025-03-12,ACS,26.79,470,Declined,Incomplete Data
APP0009015,C004390,2025-07-30,ACS,28.16,351,Declined,Fraud Flag
APP0009016,C002326,2025-01-06,Nano,51.01,525,Declined,Policy Rule Failure
APP0009017,C002528,2025-08-12,ACS,24.06,442,Declined,Incomplete Data
APP0009018,C001236,2025-03-20,ACS,18.33,574,Approved,
APP0009019,C002378,2025-03-06,BNPL,236.44,791,Approved,
APP0009020,C004163,2025-10-02,ACS,21.79,733,Approved,
APP0009021,C004220,2025-08-17,ACS,24.64,336,Declined,Low Behavioural Score
APP0009022,C004015,2025-02-22,Nano,172.59,724,Approved,
APP0009023,C001448,2025-07-07,ACS,9.22,458,Declined,Low Behavioural Score
APP0009024,C003830,2025-02-23,Nano,290.32,361,Declined,Low Behavioural Score
APP0009025,C002250,2025-04-13,Nano,155.73,660,Approved,
APP0009026,C001892,2025-06-03,Nano,285.92,473,Approved,
APP0009027,C001631,2025-07-21,ACS,14.42,551,Approved,
APP0009028,C004628,2025-06-25,BNPL,597.03,692,Approved,
APP0009029,C000867,2025-04-06,Nano,169.1,372,Declined,High Existing Exposure
APP0009030,C004480,2025-05-07,BNPL,239.09,619,Approved,
APP0009031,C004561,2025-03-05,Nano,280.67,563,Approved,
APP0009032,C003255,2025-04-29,BNPL,682.37,793,Approved,
APP0009033,C000133,2025-04-26,BNPL,851.11,673,Approved,
APP0009034,C003063,2025-09-26,ACS,5.95,685,Approved,
APP0009035,C000578,2025-01-27,BNPL,156.58,564,Declined,Fraud Flag
APP0009036,C001685,2025-06-05,ACS,15.02,728,Approved,
APP0009037,C000377,2025-02-13,BNPL,969.34,696,Approved,
APP0009038,C003680,2025-05-23,Nano,262.64,391,Declined,Policy Rule Failure
APP0009039,C002420,2025-01-14,Nano,247.92,520,Declined,High Existing Exposure
APP0009040,C004693,2025-07-14,ACS,24.1,780,Approved,
APP0009041,C003419,2025-04-13,ACS,20.8,532,Approved,
APP0009042,C001582,2025-08-02,ACS,22.25,785,Approved,
APP0009043,C003876,2025-04-16,ACS,14.76,488,Declined,Incomplete Data
APP0009044,C001430,2025-01-11,BNPL,894.49,694,Approved,
APP0009045,C001346,2025-05-20,Nano,115.71,553,Approved,
APP0009046,C001318,2025-02-19,BNPL,446.45,392,Declined,Low Behavioural Score
APP0009047,C003554,2025-01-15,Nano,66.7,867,Approved,
APP0009048,C004916,2025-01-28,ACS,6.03,544,Declined,High Existing Exposure
APP0009049,C004269,2025-09-15,ACS,10.49,633,Approved,
APP0009050,C002702,2025-10-27,ACS,7.66,816,Approved,
APP0009051,C000053,2025-04-29,ACS,18.24,618,Approved,
APP0009052,C004838,2025-08-11,Nano,106.35,628,Approved,
APP0009053,C001918,2025-05-14,ACS,14.98,571,Declined,Incomplete Data
APP0009054,C003087,2025-09-19,ACS,16.62,582,Approved,
APP0009055,C002117,2025-09-11,BNPL,383.43,613,Approved,
APP0009056,C001468,2025-05-08,ACS,9.41,692,Approved,
APP0009057,C001517,2025-02-21,Nano,50.32,861,Approved,
APP0009058,C002932,2025-10-30,Nano,268.31,606,Approved,
APP0009059,C002148,2025-05-17,ACS,13.58,740,Approved,
APP0009060,C000778,2025-07-20,Nano,131.53,701,Approved,
APP0009061,C001890,2025-01-10,ACS,26.01,419,Declined,Low Behavioural Score
APP0009062,C002241,2025-03-01,ACS,14.04,581,Approved,
APP0009063,C003129,2025-02-15,Nano,232.92,708,Approved,
APP0009064,C002215,2025-01-06,Nano,80.25,567,Approved,
APP0009065,C000976,2025-03-07,ACS,6.81,517,Approved,
APP0009066,C002883,2025-01-31,ACS,24.55,645,Approved,
APP0009067,C004185,2025-04-08,BNPL,616.14,797,Approved,
APP0009068,C001937,2025-09-14,BNPL,232.68,770,Approved,
APP0009069,C003171,2025-02-04,ACS,16.88,868,Approved,
APP0009070,C002276,2025-03-13,Nano,240.13,643,Declined,Duplicate Application
APP0009071,C001487,2025-02-12,ACS,29.86,853,Approved,
APP0009072,C004381,2025-02-24,ACS,14.24,551,Declined,Low Behavioural Score
APP0009073,C004819,2025-01-14,Nano,136.29,655,Declined,Duplicate Application
APP0009074,C000902,2025-05-05,ACS,24.78,603,Declined,Duplicate Application
APP0009075,C003114,2025-06-01,ACS,6.27,361,Declined,Incomplete Data
APP0009076,C004614,2025-08-09,Nano,182.6,479,Declined,Low Behavioural Score
APP0009077,C002687,2025-02-09,ACS,17.96,724,Approved,
APP0009078,C002693,2025-05-28,ACS,9.34,790,Approved,
APP0009079,C004799,2025-01-23,BNPL,526.32,764,Approved,
APP0009080,C003145,2025-05-02,Nano,296.92,663,Approved,
APP0009081,C004245,2025-02-26,ACS,24.96,632,Approved,
APP0009082,C000522,2025-01-29,ACS,17.43,769,Approved,
APP0009083,C002949,2025-01-28,ACS,24.08,485,Declined,Low Behavioural Score
APP0009084,C000727,2025-01-21,BNPL,412.13,734,Approved,
APP0009085,C001020,2025-09-24,Nano,57.09,686,Approved,
APP0009086,C003663,2025-05-30,Nano,118.08,763,Approved,
APP0009087,C004350,2025-01-09,ACS,9.17,768,Approved,
APP0009088,C004504,2025-04-16,Nano,154.64,788,Approved,
APP0009089,C003825,2025-03-30,Nano,293.45,326,Declined,Low Behavioural Score
APP0009090,C002595,2025-04-03,Nano,240.77,689,Approved,
APP0009091,C002171,2025-08-05,ACS,22.4,650,Approved,
APP0009092,C000838,2025-05-20,Nano,124.15,798,Approved,
APP0009093,C003932,2025-02-04,ACS,8.91,640,Declined,Fraud Flag
APP0009094,C003985,2025-03-21,BNPL,712.03,882,Approved,
APP0009095,C000638,2025-02-17,Nano,55.24,714,Approved,
APP0009096,C004588,2025-09-30,ACS,18.3,486,Approved,
APP0009097,C001644,2025-02-20,ACS,26.13,650,Declined,Low Behavioural Score
APP0009098,C003351,2025-05-12,BNPL,895.99,733,Approved,
APP0009099,C000639,2025-11-21,BNPL,519.62,610,Approved,
APP0009100,C000915,2025-03-10,Nano,28.14,806,Approved,
APP0009101,C003027,2025-04-22,ACS,28.33,641,Approved,
APP0009102,C002063,2025-04-19,Nano,171.63,779,Approved,
APP0009103,C000136,2025-03-01,ACS,21.71,503,Declined,High Existing Exposure
APP0009104,C004700,2025-06-30,Nano,291.38,648,Approved,
APP0009105,C004436,2025-03-30,ACS,7.78,765,Approved,
APP0009106,C000958,2025-10-10,Nano,247.5,649,Approved,
APP0009107,C003250,2025-04-27,BNPL,940.04,475,Declined,Low Behavioural Score
APP0009108,C000854,2025-02-22,Nano,56.05,732,Approved,
APP0009109,C003587,2025-05-02,BNPL,990.11,557,Approved,
APP0009110,C003509,2025-01-23,Nano,294.85,479,Declined,Incomplete Data
APP0009111,C003730,2025-08-13,Nano,82.77,762,Approved,
APP0009112,C002716,2025-03-15,Nano,184.87,500,Approved,
APP0009113,C000120,2025-04-11,BNPL,489.13,608,Approved,
APP0009114,C001024,2025-07-07,BNPL,796.4,755,Approved,
APP0009115,C004955,2025-05-11,BNPL,972.1,771,Approved,
APP0009116,C003083,2025-04-22,ACS,29.78,544,Declined,Incomplete Data
APP0009117,C001712,2025-04-26,ACS,19.0,376,Declined,Low Behavioural Score
APP0009118,C004684,2025-02-13,ACS,23.29,732,Approved,
APP0009119,C002152,2025-11-05,BNPL,990.62,719,Approved,
APP0009120,C004276,2025-05-30,BNPL,101.93,699,Approved,
APP0009121,C004028,2025-02-12,Nano,59.53,721,Approved,
APP0009122,C000033,2025-03-23,Nano,145.39,711,Approved,
APP0009123,C004657,2025-09-14,ACS,24.5,870,Approved,
APP0009124,C004384,2025-07-31,ACS,13.67,535,Declined,Incomplete Data
APP0009125,C004962,2025-02-04,Nano,132.77,462,Approved,
APP0009126,C003135,2025-02-19,Nano,276.57,563,Approved,
APP0009127,C003492,2025-02-19,ACS,5.39,774,Approved,
APP0009128,C001336,2025-05-06,ACS,11.0,351,Declined,Low Behavioural Score
APP0009129,C000758,2025-02-19,ACS,29.84,553,Approved,
APP0009130,C000468,2025-06-12,ACS,10.38,436,Declined,Low Behavioural Score
APP0009131,C000883,2025-02-22,BNPL,772.93,737,Declined,Duplicate Application
APP0009132,C004857,2025-02-28,ACS,7.16,659,Approved,
APP0009133,C001377,2025-05-13,Nano,41.61,720,Approved,
APP0009134,C000146,2025-05-13,Nano,116.69,706,Approved,
APP0009135,C003433,2025-03-16,ACS,19.2,638,Approved,
APP0009136,C000924,2025-04-24,ACS,21.52,639,Approved,
APP0009137,C002554,2025-02-01,ACS,11.85,619,Approved,
APP0009138,C003357,2025-02-09,ACS,15.01,449,Declined,Low Behavioural Score
APP0009139,C002867,2025-05-10,Nano,286.86,488,Approved,
APP0009140,C003790,2025-06-09,ACS,8.34,681,Approved,
APP0009141,C000092,2025-03-29,BNPL,100.03,526,Declined,High Existing Exposure
APP0009142,C001334,2025-05-12,ACS,16.46,670,Approved,
APP0009143,C002030,2025-10-19,ACS,29.09,685,Approved,
APP0009144,C003686,2025-06-10,Nano,261.67,477,Declined,High Existing Exposure
APP0009145,C002710,2025-02-12,Nano,93.76,529,Approved,
APP0009146,C003826,2025-02-09,Nano,61.29,634,Declined,Duplicate Application
APP0009147,C003708,2025-05-08,ACS,16.25,586,Approved,
APP0009148,C004014,2025-07-18,Nano,295.97,874,Approved,
APP0009149,C003040,2025-03-18,BNPL,780.38,856,Approved,
APP0009150,C003770,2025-07-10,ACS,25.62,669,Approved,
APP0009151,C003397,2025-06-10,Nano,115.56,501,Declined,Policy Rule Failure
APP0009152,C000164,2025-10-26,BNPL,375.7,617,Approved,
APP0009153,C001406,2025-02-20,Nano,24.37,597,Approved,
APP0009154,C004462,2025-02-06,ACS,18.37,672,Approved,
APP0009155,C000458,2025-05-11,ACS,16.98,481,Declined,Low Behavioural Score
APP0009156,C002814,2025-09-14,Nano,79.87,488,Declined,Low Behavioural Score
APP0009157,C003831,2025-04-13,Nano,52.66,531,Declined,High Existing Exposure
APP0009158,C002156,2025-04-10,ACS,21.2,499,Declined,Low Behavioural Score
APP0009159,C000898,2025-03-02,ACS,16.91,708,Approved,
APP0009160,C000123,2025-07-28,ACS,22.27,306,Declined,Duplicate Application
APP0009161,C003301,2025-03-12,Nano,70.35,659,Declined,Incomplete Data
APP0009162,C002955,2025-07-01,Nano,37.77,805,Approved,
APP0009163,C003455,2025-08-17,ACS,9.2,528,Approved,
APP0009164,C000814,2025-06-09,ACS,22.62,815,Approved,
APP0009165,C002341,2025-03-27,ACS,5.08,643,Approved,
APP0009166,C002739,2025-08-19,ACS,21.41,622,Approved,
APP0009167,C004191,2025-07-17,ACS,15.52,454,Declined,Low Behavioural Score
APP0009168,C000947,2025-04-05,ACS,27.36,799,Approved,
APP0009169,C003478,2025-01-21,ACS,18.57,636,Approved,
APP0009170,C003440,2025-05-02,Nano,233.45,454,Declined,Low Behavioural Score
APP0009171,C002970,2025-03-13,Nano,177.49,560,Approved,
APP0009172,C000445,2025-05-22,Nano,186.88,691,Approved,
APP0009173,C000593,2025-04-24,ACS,10.79,630,Approved,
APP0009174,C003002,2025-07-01,Nano,121.65,778,Approved,
APP0009175,C003115,2025-02-27,Nano,249.1,465,Declined,Low Behavioural Score
APP0009176,C003220,2025-02-28,BNPL,984.12,598,Approved,
APP0009177,C003868,2025-04-27,ACS,14.8,755,Approved,
APP0009178,C001977,2025-04-02,Nano,164.53,320,Declined,Policy Rule Failure
APP0009179,C001481,2025-05-20,ACS,11.45,666,Approved,
APP0009180,C004586,2025-04-10,ACS,10.09,627,Approved,
APP0009181,C003463,2025-07-29,Nano,179.04,594,Approved,
APP0009182,C002633,2025-01-18,Nano,39.83,817,Approved,
APP0009183,C002791,2025-06-06,ACS,23.32,682,Approved,
APP0009184,C003753,2025-06-04,Nano,50.33,787,Approved,
APP0009185,C001551,2025-06-10,Nano,37.19,486,Declined,Incomplete Data
APP0009186,C002223,2025-04-14,ACS,10.21,730,Approved,
APP0009187,C000216,2025-05-25,ACS,27.35,619,Approved,
APP0009188,C003959,2025-07-15,Nano,53.13,767,Approved,
APP0009189,C002504,2025-02-22,Nano,185.91,777,Approved,
APP0009190,C004488,2025-06-04,ACS,16.35,765,Approved,
APP0009191,C001485,2025-04-01,Nano,194.37,546,Declined,Incomplete Data
APP0009192,C002065,2025-06-11,ACS,15.04,679,Approved,
APP0009193,C000273,2025-07-08,ACS,16.77,570,Approved,
APP0009194,C004837,2025-05-26,ACS,29.48,691,Approved,
APP0009195,C001714,2025-05-05,Nano,106.13,625,Approved,
APP0009196,C000766,2025-04-11,Nano,69.89,484,Declined,Fraud Flag
APP0009197,C003061,2025-03-01,BNPL,129.14,667,Approved,
APP0009198,C004231,2025-08-28,ACS,20.84,767,Approved,
APP0009199,C000557,2025-10-09,BNPL,212.85,684,Approved,
APP0009200,C002630,2025-01-26,ACS,26.55,796,Approved,
APP0009201,C002369,2025-02-15,BNPL,650.14,653,Declined,Duplicate Application
APP0009202,C000693,2025-06-12,ACS,24.81,375,Declined,Low Behavioural Score
APP0009203,C001381,2025-03-03,ACS,22.74,701,Approved,
APP0009204,C003127,2025-06-01,Nano,230.63,597,Approved,
APP0009205,C004948,2025-07-02,BNPL,984.49,569,Approved,
APP0009206,C000657,2025-01-23,Nano,186.19,571,Approved,
APP0009207,C003151,2025-11-13,BNPL,378.0,771,Approved,
APP0009208,C004438,2025-05-28,ACS,20.06,637,Approved,
APP0009209,C003781,2025-02-09,BNPL,575.15,633,Approved,
APP0009210,C004080,2025-03-15,ACS,10.19,610,Approved,
APP0009211,C004583,2025-02-26,BNPL,377.34,585,Declined,Incomplete Data
APP0009212,C003272,2025-02-15,ACS,21.42,693,Approved,
APP0009213,C000188,2025-05-30,Nano,151.6,660,Declined,Duplicate Application
APP0009214,C001165,2025-05-12,Nano,108.29,718,Approved,
APP0009215,C002068,2025-03-12,ACS,19.56,835,Approved,
APP0009216,C004815,2025-05-05,ACS,11.88,403,Declined,Low Behavioural Score
APP0009217,C001048,2025-05-18,Nano,295.05,592,Approved,
APP0009218,C004266,2025-05-08,ACS,24.04,691,Approved,
APP0009219,C003173,2025-03-14,Nano,62.77,786,Approved,
APP0009220,C003577,2025-03-14,Nano,116.35,644,Approved,
APP0009221,C000524,2025-04-27,ACS,11.56,577,Declined,Policy Rule Failure
APP0009222,C001827,2025-02-11,Nano,91.26,662,Approved,
APP0009223,C002321,2025-03-02,BNPL,313.59,558,Approved,
APP0009224,C002421,2025-01-22,Nano,47.19,515,Declined,High Existing Exposure
APP0009225,C004388,2025-08-14,Nano,111.12,610,Approved,
APP0009226,C001691,2025-04-15,ACS,6.36,474,Declined,Low Behavioural Score
APP0009227,C004344,2025-08-04,Nano,233.75,687,Approved,
APP0009228,C004247,2025-01-28,ACS,9.62,564,Approved,
APP0009229,C003211,2025-04-03,ACS,7.57,720,Approved,
APP0009230,C001545,2025-05-20,Nano,231.37,690,Approved,
APP0009231,C000495,2025-06-19,BNPL,777.12,736,Approved,
APP0009232,C001192,2025-05-29,Nano,137.5,465,Declined,Low Behavioural Score
APP0009233,C003034,2025-03-25,BNPL,885.64,541,Approved,
APP0009234,C001072,2025-03-27,Nano,135.72,500,Declined,Low Behavioural Score
APP0009235,C004510,2025-08-21,Nano,162.84,746,Approved,
APP0009236,C002006,2025-04-20,BNPL,812.65,456,Approved,
APP0009237,C001411,2025-09-20,ACS,8.3,474,Declined,Policy Rule Failure
APP0009238,C003115,2025-04-22,Nano,34.21,477,Approved,
APP0009239,C000780,2025-03-14,Nano,193.32,613,Approved,
APP0009240,C004159,2025-05-06,Nano,120.69,709,Approved,
APP0009241,C002749,2025-05-14,Nano,85.87,618,Approved,
APP0009242,C004624,2025-01-03,ACS,25.41,721,Approved,
APP0009243,C004273,2025-03-13,BNPL,635.76,780,Approved,
APP0009244,C000401,2025-02-19,ACS,27.24,740,Approved,
APP0009245,C004491,2025-03-12,ACS,16.19,729,Approved,
APP0009246,C000236,2025-01-31,ACS,19.65,549,Approved,
APP0009247,C003967,2025-06-27,ACS,26.62,672,Approved,
APP0009248,C001814,2025-04-13,ACS,15.82,862,Approved,
APP0009249,C001723,2025-02-24,Nano,226.13,611,Approved,
APP0009250,C004051,2025-05-04,ACS,11.06,609,Approved,
APP0009251,C001374,2025-02-09,BNPL,113.74,870,Approved,
APP0009252,C004538,2025-09-18,ACS,20.54,827,Approved,
APP0009253,C000202,2025-02-08,ACS,12.92,744,Approved,
APP0009254,C000843,2025-01-03,ACS,10.26,489,Approved,
APP0009255,C001789,2025-02-13,ACS,29.29,773,Approved,
APP0009256,C001429,2025-02-23,ACS,10.88,312,Declined,Incomplete Data
APP0009257,C004354,2025-01-06,BNPL,925.12,330,Declined,Low Behavioural Score
APP0009258,C004510,2025-08-13,BNPL,675.84,766,Approved,
APP0009259,C002105,2025-08-01,ACS,8.39,572,Declined,Low Behavioural Score
APP0009260,C002880,2025-07-18,ACS,26.92,624,Approved,
APP0009261,C001694,2025-05-13,Nano,49.38,446,Approved,
APP0009262,C002039,2025-01-24,Nano,201.57,735,Approved,
APP0009263,C001683,2025-04-11,BNPL,417.37,731,Approved,
APP0009264,C001218,2025-04-30,BNPL,286.17,603,Approved,
APP0009265,C003472,2025-05-16,ACS,16.0,786,Approved,
APP0009266,C000565,2025-08-03,BNPL,250.94,642,Approved,
APP0009267,C001453,2025-03-07,Nano,276.42,579,Declined,Policy Rule Failure
APP0009268,C000543,2025-07-24,BNPL,660.59,464,Declined,Low Behavioural Score
APP0009269,C002259,2025-07-05,Nano,169.57,604,Approved,
APP0009270,C003371,2025-02-08,Nano,213.96,398,Declined,Low Behavioural Score
APP0009271,C002590,2025-05-01,Nano,270.79,716,Approved,
APP0009272,C003603,2025-03-25,ACS,21.94,577,Declined,Fraud Flag
APP0009273,C002874,2025-05-19,Nano,286.26,746,Approved,
APP0009274,C001829,2025-10-09,ACS,12.18,521,Declined,Incomplete Data
APP0009275,C004560,2025-02-17,ACS,28.92,552,Approved,
APP0009276,C003031,2025-04-18,ACS,22.13,340,Declined,Incomplete Data
APP0009277,C000192,2025-01-22,ACS,13.48,483,Declined,Low Behavioural Score
APP0009278,C000781,2025-04-12,BNPL,660.49,541,Declined,Policy Rule Failure
APP0009279,C003358,2025-06-20,Nano,209.97,331,Declined,Duplicate Application
APP0009280,C000105,2025-05-18,ACS,15.1,613,Declined,Low Behavioural Score
APP0009281,C000862,2025-07-31,Nano,172.79,786,Approved,
APP0009282,C000500,2025-03-30,Nano,50.84,724,Approved,
APP0009283,C004049,2025-02-10,ACS,11.28,606,Approved,
APP0009284,C000530,2025-05-06,ACS,5.15,614,Declined,Duplicate Application
APP0009285,C001008,2025-06-27,ACS,9.96,578,Approved,
APP0009286,C004924,2025-02-21,Nano,285.07,517,Declined,Duplicate Application
APP0009287,C000602,2025-05-28,ACS,12.52,725,Approved,
APP0009288,C001181,2025-05-01,Nano,174.1,539,Approved,
APP0009289,C004069,2025-06-11,ACS,19.82,686,Approved,
APP0009290,C000671,2025-05-01,ACS,22.74,541,Declined,Incomplete Data
APP0009291,C001149,2025-06-07,ACS,16.2,474,Approved,
APP0009292,C003977,2025-02-23,ACS,8.38,474,Declined,Low Behavioural Score
APP0009293,C000002,2025-03-27,ACS,20.34,713,Approved,
APP0009294,C001834,2025-02-08,BNPL,677.63,675,Approved,
APP0009295,C001283,2025-03-19,Nano,134.46,616,Declined,High Existing Exposure
APP0009296,C001032,2025-03-15,ACS,29.77,526,Declined,Duplicate Application
APP0009297,C001963,2025-03-16,BNPL,436.04,738,Approved,
APP0009298,C001102,2025-01-27,Nano,27.13,380,Declined,Incomplete Data
APP0009299,C003871,2025-07-17,Nano,62.05,615,Approved,
APP0009300,C000696,2025-01-09,ACS,28.66,524,Approved,
APP0009301,C001997,2025-09-22,ACS,23.65,444,Declined,Low Behavioural Score
APP0009302,C000400,2025-03-08,Nano,255.27,717,Approved,
APP0009303,C000529,2025-06-12,Nano,289.88,494,Approved,
APP0009304,C003401,2025-05-11,Nano,217.01,532,Approved,
APP0009305,C002259,2025-04-02,Nano,67.42,598,Approved,
APP0009306,C002200,2025-02-27,BNPL,861.59,782,Approved,
APP0009307,C001357,2025-02-09,BNPL,282.03,668,Approved,
APP0009308,C000743,2025-10-30,ACS,22.16,410,Declined,Low Behavioural Score
APP0009309,C004388,2025-03-23,Nano,29.14,623,Approved,
APP0009310,C003963,2025-10-30,Nano,115.17,792,Approved,
APP0009311,C002311,2025-01-15,ACS,17.92,770,Approved,
APP0009312,C000096,2025-01-10,ACS,22.46,691,Approved,
APP0009313,C004491,2025-03-02,BNPL,867.49,738,Declined,Policy Rule Failure
APP0009314,C002154,2025-07-02,Nano,36.51,600,Declined,Duplicate Application
APP0009315,C000948,2025-02-05,ACS,25.5,726,Approved,
APP0009316,C000637,2025-05-13,Nano,229.42,860,Approved,
APP0009317,C004981,2025-03-13,ACS,25.39,335,Declined,Low Behavioural Score
APP0009318,C000139,2025-08-09,Nano,167.28,662,Approved,
APP0009319,C001856,2025-04-19,Nano,184.08,614,Declined,Policy Rule Failure
APP0009320,C002754,2025-08-23,Nano,51.56,479,Declined,Low Behavioural Score
APP0009321,C001468,2025-08-04,ACS,25.45,702,Approved,
APP0009322,C000778,2025-05-17,ACS,8.64,696,Approved,
APP0009323,C003222,2025-05-04,Nano,187.79,674,Approved,
APP0009324,C000343,2025-02-13,Nano,101.43,390,Declined,Low Behavioural Score
APP0009325,C004873,2025-01-09,Nano,52.41,781,Approved,
APP0009326,C002394,2025-09-16,ACS,10.74,300,Declined,High Existing Exposure
APP0009327,C003678,2025-06-21,ACS,5.35,584,Approved,
APP0009328,C004219,2025-07-22,Nano,88.1,794,Approved,
APP0009329,C003949,2025-06-09,Nano,141.54,762,Approved,
APP0009330,C002429,2025-03-05,ACS,19.61,863,Approved,
APP0009331,C000385,2025-06-21,Nano,64.13,704,Approved,
APP0009332,C000399,2025-03-15,ACS,12.12,799,Approved,
APP0009333,C001779,2025-08-08,Nano,208.36,624,Approved,
APP0009334,C001522,2025-09-30,BNPL,279.96,320,Declined,Low Behavioural Score
APP0009335,C004435,2025-02-11,ACS,13.0,440,Approved,
APP0009336,C002231,2025-05-19,ACS,19.04,569,Approved,
APP0009337,C004986,2025-03-05,Nano,153.3,745,Approved,
APP0009338,C001406,2025-08-15,Nano,125.83,604,Approved,
APP0009339,C004835,2025-05-01,ACS,21.87,782,Approved,
APP0009340,C001688,2025-04-11,ACS,12.06,471,Approved,
APP0009341,C004997,2025-02-06,ACS,14.73,635,Approved,
APP0009342,C002501,2025-07-20,Nano,174.27,742,Approved,
APP0009343,C000095,2025-08-10,ACS,15.5,755,Approved,
APP0009344,C004713,2025-03-15,Nano,115.14,745,Approved,
APP0009345,C001028,2025-06-21,Nano,288.23,808,Approved,
APP0009346,C004025,2025-06-30,ACS,11.58,680,Approved,
APP0009347,C004099,2025-08-23,Nano,115.27,709,Approved,
APP0009348,C001022,2025-04-03,ACS,7.63,767,Declined,Duplicate Application
APP0009349,C002845,2025-08-24,BNPL,988.09,516,Approved,
APP0009350,C003927,2025-02-16,Nano,248.56,694,Approved,
APP0009351,C004732,2025-06-25,Nano,77.09,475,Declined,Low Behavioural Score
APP0009352,C001973,2025-05-17,Nano,75.86,804,Approved,
APP0009353,C002051,2025-03-15,ACS,14.63,632,Approved,
APP0009354,C004079,2025-03-02,Nano,139.92,555,Approved,
APP0009355,C002457,2025-02-05,ACS,15.18,516,Approved,
APP0009356,C003086,2025-03-01,Nano,137.79,719,Approved,
APP0009357,C000579,2025-02-25,BNPL,394.51,514,Approved,
APP0009358,C003395,2025-03-30,ACS,10.16,362,Declined,Low Behavioural Score
APP0009359,C001668,2025-02-07,Nano,95.53,768,Approved,
APP0009360,C001811,2025-02-17,Nano,102.57,888,Approved,
APP0009361,C004505,2025-05-09,ACS,18.68,687,Approved,
APP0009362,C003566,2025-03-13,ACS,6.92,750,Approved,
APP0009363,C002788,2025-02-03,Nano,69.03,729,Approved,
APP0009364,C002829,2025-01-20,ACS,18.66,751,Approved,
APP0009365,C004280,2025-09-19,Nano,109.18,617,Declined,Fraud Flag
APP0009366,C003093,2025-04-22,ACS,19.45,607,Approved,
APP0009367,C001048,2025-01-28,BNPL,853.57,600,Approved,
APP0009368,C002736,2025-03-05,BNPL,880.41,895,Approved,
APP0009369,C003130,2025-03-13,Nano,54.24,506,Declined,Incomplete Data
APP0009370,C000279,2025-02-17,Nano,87.97,432,Declined,Duplicate Application
APP0009371,C000666,2025-07-26,ACS,22.72,676,Approved,
APP0009372,C002372,2025-09-20,BNPL,581.09,498,Approved,
APP0009373,C002877,2025-04-17,BNPL,169.07,711,Approved,
APP0009374,C000257,2025-07-28,Nano,272.33,768,Approved,
APP0009375,C002270,2025-10-22,ACS,21.61,533,Declined,High Existing Exposure
APP0009376,C000843,2025-03-11,Nano,24.5,477,Declined,Low Behavioural Score
APP0009377,C003335,2025-02-24,Nano,95.35,592,Approved,
APP0009378,C002378,2025-06-26,BNPL,983.21,771,Approved,
APP0009379,C000470,2025-04-23,BNPL,489.47,467,Declined,Incomplete Data
APP0009380,C002031,2025-02-28,Nano,81.4,530,Declined,Fraud Flag
APP0009381,C004655,2025-05-01,ACS,9.43,373,Declined,Low Behavioural Score
APP0009382,C000240,2025-02-11,ACS,8.16,591,Approved,
APP0009383,C002024,2025-04-23,BNPL,732.91,427,Declined,Low Behavioural Score
APP0009384,C000687,2025-05-21,ACS,22.83,785,Approved,
APP0009385,C004513,2025-03-14,Nano,218.17,620,Approved,
APP0009386,C002327,2025-02-18,Nano,273.48,675,Approved,
APP0009387,C003135,2025-05-12,ACS,26.73,558,Approved,
APP0009388,C004839,2025-05-12,ACS,6.54,620,Approved,
APP0009389,C000253,2025-04-11,BNPL,255.24,791,Approved,
APP0009390,C002432,2025-05-08,Nano,59.3,722,Approved,
APP0009391,C000338,2025-02-24,ACS,13.71,706,Approved,
APP0009392,C003863,2025-02-28,BNPL,426.49,691,Approved,
APP0009393,C002935,2025-05-26,Nano,258.21,829,Approved,
APP0009394,C002216,2025-05-25,ACS,17.75,372,Declined,Incomplete Data
APP0009395,C001457,2025-01-21,ACS,22.58,541,Approved,
APP0009396,C000959,2025-03-17,Nano,55.95,583,Declined,High Existing Exposure
APP0009397,C004570,2025-05-23,Nano,60.31,877,Approved,
APP0009398,C000106,2025-02-27,ACS,6.93,511,Declined,Duplicate Application
APP0009399,C000645,2025-04-11,Nano,67.47,670,Approved,
APP0009400,C001878,2025-02-13,ACS,11.2,312,Declined,Low Behavioural Score
APP0009401,C001959,2025-06-05,ACS,19.34,783,Approved,
APP0009402,C004598,2025-05-25,Nano,204.75,466,Declined,Low Behavioural Score
APP0009403,C001557,2025-01-19,Nano,229.55,468,Declined,High Existing Exposure
APP0009404,C001625,2025-04-12,Nano,237.33,699,Approved,
APP0009405,C001171,2025-04-18,Nano,73.74,422,Declined,Incomplete Data
APP0009406,C001843,2025-04-13,ACS,6.86,586,Approved,
APP0009407,C001346,2025-06-16,ACS,15.22,546,Approved,
APP0009408,C003464,2025-02-22,Nano,285.71,497,Approved,
APP0009409,C003993,2025-03-23,Nano,158.86,643,Approved,
APP0009410,C003685,2025-04-26,Nano,243.56,693,Approved,
APP0009411,C004020,2025-03-11,Nano,270.63,743,Approved,
APP0009412,C003042,2025-04-07,ACS,18.7,684,Approved,
APP0009413,C003440,2025-06-08,ACS,10.37,461,Approved,
APP0009414,C001692,2025-01-17,Nano,231.98,784,Approved,
APP0009415,C004981,2025-04-23,ACS,19.85,328,Declined,Fraud Flag
APP0009416,C004727,2025-01-30,ACS,29.14,657,Approved,
APP0009417,C000289,2025-04-17,Nano,187.17,664,Approved,
APP0009418,C001763,2025-06-14,Nano,275.45,341,Declined,Low Behavioural Score
APP0009419,C003467,2025-03-09,ACS,16.09,484,Approved,
APP0009420,C001461,2025-06-12,Nano,297.05,590,Approved,
APP0009421,C002565,2025-01-15,Nano,139.99,651,Declined,Low Behavioural Score
APP0009422,C004216,2025-02-12,Nano,81.84,687,Approved,
APP0009423,C004428,2025-03-02,Nano,165.21,515,Approved,
APP0009424,C004677,2025-01-30,Nano,24.63,629,Approved,
APP0009425,C003248,2025-04-27,Nano,224.82,500,Approved,
APP0009426,C004783,2025-05-26,Nano,222.81,602,Approved,
APP0009427,C003247,2025-10-24,Nano,262.26,888,Approved,
APP0009428,C002667,2025-04-08,Nano,221.67,363,Declined,Low Behavioural Score
APP0009429,C001002,2025-06-24,Nano,30.08,369,Declined,Incomplete Data
APP0009430,C004348,2025-02-23,Nano,268.84,705,Approved,
APP0009431,C001290,2025-02-10,Nano,169.5,505,Approved,
APP0009432,C000919,2025-07-02,BNPL,648.14,719,Approved,
APP0009433,C003823,2025-04-20,BNPL,472.77,672,Declined,Fraud Flag
APP0009434,C004445,2025-08-27,ACS,15.63,570,Approved,
APP0009435,C004880,2025-09-16,Nano,125.92,767,Approved,
APP0009436,C003791,2025-01-26,Nano,242.77,617,Approved,
APP0009437,C004801,2025-06-12,ACS,5.07,384,Declined,Low Behavioural Score
APP0009438,C001996,2025-06-27,ACS,9.54,707,Approved,
APP0009439,C000532,2025-02-22,ACS,23.71,435,Declined,Duplicate Application
APP0009440,C001226,2025-06-24,ACS,15.22,487,Declined,Low Behavioural Score
APP0009441,C000799,2025-01-23,Nano,138.66,701,Approved,
APP0009442,C003799,2025-07-05,ACS,20.55,546,Approved,
APP0009443,C002117,2025-02-25,BNPL,168.81,609,Approved,
APP0009444,C002153,2025-02-13,BNPL,720.81,774,Approved,
APP0009445,C004608,2025-02-18,Nano,236.87,709,Approved,
APP0009446,C004894,2025-05-27,BNPL,458.18,768,Approved,
APP0009447,C000729,2025-03-01,ACS,22.39,790,Approved,
APP0009448,C004274,2025-03-18,ACS,16.36,819,Approved,
APP0009449,C003194,2025-08-24,ACS,15.45,603,Approved,
APP0009450,C003953,2025-04-15,ACS,5.6,800,Approved,
APP0009451,C004747,2025-01-07,Nano,294.97,640,Approved,
APP0009452,C001669,2025-07-17,Nano,155.47,630,Approved,
APP0009453,C004037,2025-01-17,BNPL,885.68,731,Approved,
APP0009454,C003559,2025-03-06,ACS,15.21,741,Approved,
APP0009455,C003294,2025-02-27,BNPL,350.08,492,Declined,Low Behavioural Score
APP0009456,C003780,2025-08-06,Nano,232.17,602,Approved,
APP0009457,C003842,2025-05-28,ACS,24.25,611,Approved,
APP0009458,C002048,2025-10-06,Nano,271.7,687,Approved,
APP0009459,C004633,2025-03-26,BNPL,787.67,760,Approved,
APP0009460,C000473,2025-06-11,ACS,22.56,768,Approved,
APP0009461,C000935,2025-07-10,ACS,5.12,601,Approved,
APP0009462,C003677,2025-06-13,ACS,9.22,633,Approved,
APP0009463,C002306,2025-02-02,Nano,181.18,681,Approved,
APP0009464,C001473,2025-02-04,ACS,19.35,327,Declined,Low Behavioural Score
APP0009465,C002549,2025-01-21,Nano,203.03,377,Declined,Policy Rule Failure
APP0009466,C000664,2025-04-20,ACS,20.83,779,Approved,
APP0009467,C000012,2025-10-06,ACS,7.73,593,Declined,Policy Rule Failure
APP0009468,C000214,2025-06-25,Nano,284.98,654,Approved,
APP0009469,C004464,2025-07-28,ACS,16.26,458,Approved,
APP0009470,C001637,2025-01-30,ACS,23.35,803,Approved,
APP0009471,C004523,2025-07-20,ACS,23.56,450,Approved,
APP0009472,C002550,2025-04-14,ACS,10.34,563,Approved,
APP0009473,C001522,2025-04-13,ACS,15.29,333,Declined,Policy Rule Failure
APP0009474,C000192,2025-05-17,Nano,35.24,486,Approved,
APP0009475,C000539,2025-04-24,ACS,5.69,647,Declined,Low Behavioural Score
APP0009476,C002818,2025-02-02,ACS,8.76,733,Approved,
APP0009477,C003079,2025-04-19,Nano,52.66,717,Approved,
APP0009478,C004477,2025-02-28,ACS,22.93,657,Approved,
APP0009479,C000971,2025-01-31,ACS,17.34,589,Declined,Incomplete Data
APP0009480,C002990,2025-09-16,BNPL,449.76,518,Declined,Fraud Flag
APP0009481,C000427,2025-05-14,Nano,66.54,534,Declined,Duplicate Application
APP0009482,C002623,2025-06-03,ACS,14.85,776,Approved,
APP0009483,C000881,2025-09-18,ACS,25.11,460,Approved,
APP0009484,C001162,2025-01-25,ACS,28.01,723,Approved,
APP0009485,C002079,2025-08-20,BNPL,450.27,538,Declined,Low Behavioural Score
APP0009486,C002197,2025-03-27,BNPL,742.51,512,Declined,Incomplete Data
APP0009487,C000582,2025-06-11,ACS,26.16,574,Approved,
APP0009488,C003003,2025-03-14,Nano,130.43,791,Approved,
APP0009489,C002004,2025-10-18,ACS,12.17,900,Approved,
APP0009490,C004326,2025-05-08,Nano,123.35,542,Declined,Duplicate Application
APP0009491,C003044,2025-07-24,BNPL,475.36,722,Approved,
APP0009492,C004410,2025-11-24,ACS,23.08,689,Approved,
APP0009493,C000087,2025-06-16,ACS,12.0,572,Approved,
APP0009494,C002260,2025-01-24,Nano,61.4,752,Approved,
APP0009495,C004202,2025-08-09,Nano,178.9,743,Approved,
APP0009496,C000919,2025-08-16,Nano,25.68,726,Approved,
APP0009497,C001108,2025-04-29,ACS,17.1,660,Approved,
APP0009498,C003537,2025-01-16,ACS,22.65,727,Approved,
APP0009499,C000089,2025-02-12,ACS,11.57,471,Declined,Fraud Flag
APP0009500,C004753,2025-01-29,ACS,5.39,589,Approved,
APP0009501,C004711,2025-07-18,ACS,27.15,479,Declined,Incomplete Data
APP0009502,C004790,2025-05-16,ACS,14.13,626,Approved,
APP0009503,C003900,2025-02-03,BNPL,400.19,631,Approved,
APP0009504,C004979,2025-01-19,ACS,22.61,775,Approved,
APP0009505,C004871,2025-04-09,Nano,67.63,618,Declined,Policy Rule Failure
APP0009506,C001262,2025-03-01,BNPL,721.43,799,Approved,
APP0009507,C000772,2025-08-27,BNPL,651.15,549,Approved,
APP0009508,C004185,2025-06-20,Nano,79.73,794,Approved,
APP0009509,C002275,2025-11-17,ACS,14.11,717,Approved,
APP0009510,C000259,2025-09-17,Nano,274.51,576,Approved,
APP0009511,C002232,2025-03-10,Nano,217.79,778,Declined,Policy Rule Failure
APP0009512,C000076,2025-03-18,BNPL,848.47,773,Approved,
APP0009513,C002888,2025-10-04,Nano,138.48,520,Approved,
APP0009514,C003369,2025-04-11,BNPL,670.13,554,Declined,Low Behavioural Score
APP0009515,C000244,2025-01-29,ACS,12.73,698,Approved,
APP0009516,C000600,2025-05-16,BNPL,492.63,784,Approved,
APP0009517,C004525,2025-09-18,Nano,293.35,864,Approved,
APP0009518,C001942,2025-02-11,BNPL,684.79,654,Approved,
APP0009519,C000254,2025-06-06,Nano,83.16,586,Approved,
APP0009520,C000063,2025-05-26,Nano,214.12,756,Approved,
APP0009521,C001997,2025-01-12,ACS,29.85,434,Approved,
APP0009522,C000434,2025-05-24,ACS,22.37,658,Approved,
APP0009523,C000674,2025-01-20,ACS,20.47,758,Approved,
APP0009524,C001044,2025-05-03,Nano,194.52,475,Approved,
APP0009525,C003511,2025-04-06,Nano,224.56,631,Approved,
APP0009526,C002773,2025-09-04,ACS,29.37,641,Approved,
APP0009527,C003878,2025-02-10,BNPL,101.05,443,Declined,Duplicate Application
APP0009528,C001660,2025-04-27,Nano,62.55,843,Approved,
APP0009529,C000396,2025-07-12,Nano,211.7,690,Approved,
APP0009530,C002820,2025-01-23,BNPL,151.17,612,Declined,High Existing Exposure
APP0009531,C004831,2025-06-09,Nano,242.23,650,Declined,Incomplete Data
APP0009532,C003245,2025-03-21,ACS,11.58,469,Approved,
APP0009533,C001222,2025-09-09,ACS,24.36,619,Approved,
APP0009534,C000017,2025-02-21,Nano,264.53,615,Approved,
APP0009535,C000403,2025-02-27,BNPL,286.28,573,Approved,
APP0009536,C004239,2025-01-07,ACS,27.83,614,Approved,
APP0009537,C001457,2025-02-06,ACS,7.78,524,Declined,Duplicate Application
APP0009538,C000289,2025-09-16,Nano,93.71,674,Approved,
APP0009539,C001694,2025-01-14,Nano,100.97,476,Declined,Fraud Flag
APP0009540,C004366,2025-06-20,Nano,121.12,782,Approved,
APP0009541,C002115,2025-01-01,BNPL,740.06,606,Approved,
APP0009542,C004881,2025-06-04,Nano,72.41,325,Declined,Low Behavioural Score
APP0009543,C002511,2025-07-02,BNPL,493.76,439,Approved,
APP0009544,C004518,2025-01-03,BNPL,886.96,334,Declined,Low Behavioural Score
APP0009545,C001008,2025-03-10,ACS,5.9,587,Approved,
APP0009546,C002711,2025-01-06,Nano,179.59,683,Approved,
APP0009547,C002383,2025-02-19,Nano,191.86,797,Approved,
APP0009548,C003849,2025-04-19,Nano,99.01,782,Declined,Incomplete Data
APP0009549,C000675,2025-03-04,ACS,24.92,726,Approved,
APP0009550,C000864,2025-06-05,BNPL,949.22,549,Approved,
APP0009551,C001116,2025-02-08,ACS,13.63,608,Approved,
APP0009552,C004686,2025-07-05,ACS,26.05,706,Approved,
APP0009553,C004484,2025-05-20,Nano,87.93,547,Approved,
APP0009554,C000117,2025-01-05,ACS,10.94,711,Approved,
APP0009555,C002108,2025-11-11,BNPL,599.37,451,Declined,Low Behavioural Score
APP0009556,C002758,2025-06-22,BNPL,578.36,536,Approved,
APP0009557,C004460,2025-03-28,ACS,27.74,598,Approved,
APP0009558,C002306,2025-06-02,ACS,16.28,694,Approved,
APP0009559,C003860,2025-06-18,Nano,178.49,785,Approved,
APP0009560,C003985,2025-04-07,Nano,116.56,874,Approved,
APP0009561,C002561,2025-03-27,ACS,10.51,464,Approved,
APP0009562,C003726,2025-06-04,ACS,22.7,864,Approved,
APP0009563,C000354,2025-03-10,ACS,6.56,775,Approved,
APP0009564,C001651,2025-07-13,ACS,26.54,579,Declined,High Existing Exposure
APP0009565,C004268,2025-04-21,ACS,27.88,742,Approved,
APP0009566,C000818,2025-02-10,Nano,167.85,737,Approved,
APP0009567,C002552,2025-02-13,BNPL,168.94,562,Approved,
APP0009568,C003972,2025-07-03,Nano,113.8,462,Declined,Fraud Flag
APP0009569,C002580,2025-06-12,ACS,6.49,620,Approved,
APP0009570,C004888,2025-04-25,Nano,84.88,760,Approved,
APP0009571,C004270,2025-08-02,Nano,202.27,544,Approved,
APP0009572,C000490,2025-02-28,Nano,27.61,698,Approved,
APP0009573,C002647,2025-06-11,ACS,11.29,499,Approved,
APP0009574,C003665,2025-05-14,ACS,20.13,747,Approved,
APP0009575,C003742,2025-06-24,ACS,25.56,547,Approved,
APP0009576,C002579,2025-03-11,ACS,22.28,521,Declined,Incomplete Data
APP0009577,C002008,2025-01-29,Nano,191.31,755,Approved,
APP0009578,C001560,2025-09-04,ACS,9.37,560,Declined,Policy Rule Failure
APP0009579,C001778,2025-04-13,Nano,238.69,621,Approved,
APP0009580,C000073,2025-07-25,Nano,96.12,586,Declined,Incomplete Data
APP0009581,C004297,2025-04-01,Nano,231.36,476,Declined,Fraud Flag
APP0009582,C003621,2025-04-20,Nano,121.45,578,Approved,
APP0009583,C001436,2025-04-10,BNPL,500.14,663,Approved,
APP0009584,C000661,2025-02-03,Nano,270.65,561,Declined,Policy Rule Failure
APP0009585,C002619,2025-04-22,Nano,66.84,564,Declined,Policy Rule Failure
APP0009586,C004255,2025-07-25,ACS,20.18,723,Approved,
APP0009587,C004974,2025-03-29,Nano,242.59,770,Approved,
APP0009588,C001323,2025-03-10,Nano,84.65,580,Declined,Fraud Flag
APP0009589,C002192,2025-07-17,BNPL,460.68,497,Declined,Fraud Flag
APP0009590,C002962,2025-01-16,Nano,106.0,689,Declined,Duplicate Application
APP0009591,C002973,2025-05-01,Nano,231.25,727,Approved,
APP0009592,C001422,2025-07-03,Nano,191.98,525,Approved,
APP0009593,C004080,2025-04-21,ACS,17.06,610,Approved,
APP0009594,C003512,2025-06-07,Nano,259.1,630,Approved,
APP0009595,C004157,2025-09-17,BNPL,379.69,756,Approved,
APP0009596,C000586,2025-02-06,ACS,10.2,638,Declined,High Existing Exposure
APP0009597,C003378,2025-06-28,ACS,24.61,738,Approved,
APP0009598,C001716,2025-01-28,ACS,13.13,722,Approved,
APP0009599,C003817,2025-04-13,Nano,133.65,643,Approved,
APP0009600,C002545,2025-01-20,ACS,18.8,655,Declined,Low Behavioural Score
APP0009601,C002594,2025-02-14,BNPL,985.45,639,Approved,
APP0009602,C002928,2025-09-05,Nano,117.14,440,Declined,Low Behavioural Score
APP0009603,C001110,2025-03-13,Nano,198.35,677,Approved,
APP0009604,C002898,2025-09-09,ACS,27.85,573,Declined,Low Behavioural Score
APP0009605,C004406,2025-05-18,Nano,97.62,773,Approved,
APP0009606,C000397,2025-02-01,ACS,24.77,430,Approved,
APP0009607,C000835,2025-08-21,Nano,226.51,555,Approved,
APP0009608,C000169,2025-04-26,ACS,24.41,725,Approved,
APP0009609,C002414,2025-09-27,Nano,247.66,737,Approved,
APP0009610,C001186,2025-05-21,ACS,16.08,574,Approved,
APP0009611,C002953,2025-08-13,ACS,8.37,467,Approved,
APP0009612,C000189,2025-07-01,Nano,164.91,487,Declined,Duplicate Application
APP0009613,C000537,2025-03-23,BNPL,262.04,616,Declined,Duplicate Application
APP0009614,C001104,2025-02-07,BNPL,231.13,604,Approved,
APP0009615,C003289,2025-02-10,Nano,153.86,554,Approved,
APP0009616,C000297,2025-06-16,ACS,11.68,719,Declined,High Existing Exposure
APP0009617,C002631,2025-10-17,ACS,14.81,636,Approved,
APP0009618,C002637,2025-03-31,BNPL,274.01,331,Declined,Fraud Flag
APP0009619,C001588,2025-02-03,Nano,258.41,540,Declined,Duplicate Application
APP0009620,C000523,2025-06-01,Nano,224.02,359,Declined,Low Behavioural Score
APP0009621,C003566,2025-04-20,ACS,20.83,765,Approved,
APP0009622,C002077,2025-08-05,BNPL,191.7,561,Declined,Duplicate Application
APP0009623,C002990,2025-09-24,ACS,12.88,533,Approved,
APP0009624,C003848,2025-08-19,Nano,196.5,538,Declined,Policy Rule Failure
APP0009625,C000063,2025-06-17,ACS,10.06,763,Approved,
APP0009626,C003862,2025-01-27,ACS,25.9,719,Approved,
APP0009627,C000434,2025-02-15,ACS,26.88,666,Approved,
APP0009628,C002811,2025-04-22,ACS,18.96,802,Approved,
APP0009629,C000452,2025-04-01,ACS,8.31,766,Approved,
APP0009630,C000154,2025-04-25,ACS,10.48,578,Approved,
APP0009631,C002067,2025-08-21,ACS,5.52,474,Approved,
APP0009632,C002684,2025-05-27,ACS,12.14,544,Approved,
APP0009633,C001554,2025-02-08,ACS,25.27,555,Declined,Incomplete Data
APP0009634,C001264,2025-04-25,ACS,12.53,466,Declined,High Existing Exposure
APP0009635,C000905,2025-08-18,ACS,25.36,539,Declined,Duplicate Application
APP0009636,C002843,2025-04-10,Nano,261.12,783,Approved,
APP0009637,C002001,2025-01-17,Nano,259.82,632,Approved,
APP0009638,C004543,2025-01-13,ACS,25.79,669,Approved,
APP0009639,C002175,2025-03-12,Nano,74.73,841,Approved,
APP0009640,C002995,2025-08-09,BNPL,651.93,722,Approved,
APP0009641,C004787,2025-01-31,ACS,15.62,742,Approved,
APP0009642,C004703,2025-02-13,ACS,10.61,645,Approved,
APP0009643,C002493,2025-02-24,Nano,277.56,667,Approved,
APP0009644,C001044,2025-01-28,ACS,29.09,481,Approved,
APP0009645,C001977,2025-08-03,Nano,125.37,305,Declined,Duplicate Application
APP0009646,C001342,2025-04-13,ACS,26.03,507,Declined,High Existing Exposure
APP0009647,C002435,2025-05-15,ACS,29.83,745,Approved,
APP0009648,C000744,2025-03-14,Nano,285.21,754,Approved,
APP0009649,C002014,2025-06-30,ACS,11.47,380,Declined,Fraud Flag
APP0009650,C000392,2025-01-25,Nano,26.27,722,Approved,
APP0009651,C004869,2025-08-03,Nano,72.78,679,Approved,
APP0009652,C000053,2025-04-28,BNPL,257.92,648,Approved,
APP0009653,C004445,2025-05-21,Nano,95.17,569,Declined,Duplicate Application
APP0009654,C004640,2025-06-07,BNPL,438.4,777,Approved,
APP0009655,C004800,2025-02-26,ACS,25.19,587,Approved,
APP0009656,C002259,2025-10-11,ACS,13.67,585,Approved,
APP0009657,C003866,2025-05-02,Nano,272.42,472,Approved,
APP0009658,C004695,2025-08-03,Nano,210.74,768,Approved,
APP0009659,C004190,2025-04-10,ACS,7.12,761,Approved,
APP0009660,C004321,2025-10-05,Nano,295.67,576,Approved,
APP0009661,C002449,2025-08-27,Nano,97.72,759,Declined,Low Behavioural Score
APP0009662,C003720,2025-08-25,Nano,217.06,323,Declined,Low Behavioural Score
APP0009663,C001055,2025-05-01,BNPL,815.67,612,Declined,Low Behavioural Score
APP0009664,C004590,2025-05-02,ACS,14.36,618,Approved,
APP0009665,C002373,2025-05-29,ACS,27.14,520,Declined,High Existing Exposure
APP0009666,C001321,2025-03-15,Nano,246.75,652,Approved,
APP0009667,C001484,2025-03-11,Nano,235.62,590,Approved,
APP0009668,C004282,2025-04-13,BNPL,895.75,505,Declined,Duplicate Application
APP0009669,C000959,2025-05-02,ACS,13.66,595,Approved,
APP0009670,C003400,2025-03-11,Nano,224.27,483,Declined,Low Behavioural Score
APP0009671,C001383,2025-08-10,Nano,157.35,676,Approved,
APP0009672,C002998,2025-04-06,Nano,213.75,642,Approved,
APP0009673,C002682,2025-03-06,ACS,23.45,606,Declined,High Existing Exposure
APP0009674,C003094,2025-07-15,Nano,197.64,745,Approved,
APP0009675,C001134,2025-07-31,Nano,256.95,828,Approved,
APP0009676,C004531,2025-01-23,BNPL,317.04,471,Approved,
APP0009677,C004426,2025-06-17,Nano,28.1,575,Approved,
APP0009678,C004645,2025-02-13,ACS,21.55,451,Approved,
APP0009679,C002486,2025-04-21,Nano,38.34,554,Approved,
APP0009680,C000885,2025-02-09,ACS,11.37,768,Approved,
APP0009681,C002773,2025-08-21,Nano,68.7,657,Approved,
APP0009682,C000404,2025-03-11,BNPL,411.76,651,Approved,
APP0009683,C003530,2025-08-20,Nano,297.13,567,Declined,Low Behavioural Score
APP0009684,C001364,2025-07-18,Nano,213.8,613,Approved,
APP0009685,C000990,2025-02-01,ACS,5.91,765,Approved,
APP0009686,C004051,2025-07-22,ACS,29.38,603,Approved,
APP0009687,C003296,2025-01-28,BNPL,960.56,549,Approved,
APP0009688,C000486,2025-07-08,ACS,22.85,671,Approved,
APP0009689,C004366,2025-06-11,Nano,238.68,768,Approved,
APP0009690,C003309,2025-02-03,BNPL,251.78,495,Declined,Low Behavioural Score
APP0009691,C001350,2025-02-04,ACS,18.39,843,Approved,
APP0009692,C001997,2025-06-21,BNPL,511.86,450,Declined,Duplicate Application
APP0009693,C002290,2025-01-30,ACS,21.49,626,Approved,
APP0009694,C004562,2025-04-27,Nano,225.56,780,Approved,
APP0009695,C002770,2025-02-28,ACS,11.43,511,Approved,
APP0009696,C004101,2025-07-06,Nano,99.51,307,Declined,Low Behavioural Score
APP0009697,C000160,2025-01-14,Nano,264.84,712,Approved,
APP0009698,C002539,2025-02-01,Nano,97.18,755,Approved,
APP0009699,C000426,2025-03-04,Nano,119.05,623,Approved,
APP0009700,C001904,2025-06-19,BNPL,736.15,532,Approved,
APP0009701,C002753,2025-04-23,ACS,22.91,690,Approved,
APP0009702,C004174,2025-06-29,BNPL,440.89,589,Approved,
APP0009703,C001388,2025-11-02,Nano,292.36,739,Approved,
APP0009704,C001222,2025-04-11,ACS,13.7,636,Approved,
APP0009705,C004257,2025-03-30,ACS,11.55,335,Declined,Low Behavioural Score
APP0009706,C002717,2025-02-28,ACS,6.95,622,Approved,
APP0009707,C003634,2025-04-01,Nano,129.11,313,Declined,High Existing Exposure
APP0009708,C004659,2025-05-30,Nano,194.84,599,Approved,
APP0009709,C000236,2025-02-21,BNPL,180.53,536,Approved,
APP0009710,C003019,2025-02-10,ACS,5.03,643,Approved,
APP0009711,C000377,2025-08-04,ACS,14.75,698,Approved,
APP0009712,C004651,2025-05-23,Nano,156.45,614,Declined,Fraud Flag
APP0009713,C002203,2025-07-17,ACS,11.8,657,Approved,
APP0009714,C002211,2025-01-07,Nano,40.62,775,Approved,
APP0009715,C000952,2025-09-01,ACS,23.1,720,Approved,
APP0009716,C003147,2025-07-10,Nano,113.28,880,Approved,
APP0009717,C002713,2025-08-15,ACS,10.74,700,Approved,
APP0009718,C004702,2025-06-10,ACS,14.82,641,Declined,Low Behavioural Score
APP0009719,C000018,2025-02-22,ACS,15.04,787,Approved,
APP0009720,C003687,2025-07-11,BNPL,397.88,567,Approved,
APP0009721,C004783,2025-01-25,BNPL,774.44,575,Approved,
APP0009722,C004528,2025-03-17,BNPL,739.67,767,Approved,
APP0009723,C003125,2025-08-18,Nano,30.06,751,Declined,High Existing Exposure
APP0009724,C004161,2025-03-24,ACS,13.78,634,Approved,
APP0009725,C000209,2025-10-27,ACS,19.26,493,Declined,Fraud Flag
APP0009726,C000390,2025-05-20,Nano,253.37,481,Approved,
APP0009727,C003491,2025-05-20,ACS,12.94,481,Approved,
APP0009728,C001293,2025-03-17,Nano,27.75,483,Declined,Low Behavioural Score
APP0009729,C003548,2025-05-17,ACS,26.17,530,Approved,
APP0009730,C003708,2025-06-13,ACS,22.9,591,Approved,
APP0009731,C003341,2025-07-27,Nano,177.54,486,Declined,Low Behavioural Score
APP0009732,C004451,2025-07-07,BNPL,628.32,797,Approved,
APP0009733,C001085,2025-05-18,Nano,230.99,676,Approved,
APP0009734,C004012,2025-07-03,ACS,18.19,652,Approved,
APP0009735,C004005,2025-01-09,Nano,193.31,381,Declined,Policy Rule Failure
APP0009736,C001566,2025-03-25,Nano,298.72,654,Approved,
APP0009737,C001014,2025-03-26,Nano,82.36,471,Declined,Low Behavioural Score
APP0009738,C003106,2025-05-11,BNPL,669.26,768,Approved,
APP0009739,C004441,2025-04-20,ACS,24.7,445,Declined,Low Behavioural Score
APP0009740,C003307,2025-07-14,ACS,8.69,773,Approved,
APP0009741,C000592,2025-06-21,Nano,277.84,697,Approved,
APP0009742,C002187,2025-02-28,ACS,12.3,354,Declined,High Existing Exposure
APP0009743,C001977,2025-03-01,ACS,24.25,300,Declined,Low Behavioural Score
APP0009744,C002939,2025-04-26,Nano,194.8,734,Approved,
APP0009745,C002924,2025-05-17,ACS,18.74,515,Approved,
APP0009746,C004930,2025-05-24,ACS,28.18,698,Approved,
APP0009747,C004210,2025-03-05,Nano,139.34,559,Approved,
APP0009748,C002724,2025-05-23,BNPL,515.23,831,Approved,
APP0009749,C000710,2025-06-20,BNPL,578.29,549,Declined,Policy Rule Failure
APP0009750,C000972,2025-04-13,ACS,27.48,778,Approved,
APP0009751,C000857,2025-04-21,Nano,295.39,666,Approved,
APP0009752,C002521,2025-02-20,ACS,28.75,619,Declined,Low Behavioural Score
APP0009753,C000769,2025-02-01,Nano,257.73,762,Approved,
APP0009754,C000879,2025-01-12,Nano,155.01,661,Approved,
APP0009755,C000753,2025-02-11,ACS,12.07,637,Approved,
APP0009756,C003442,2025-01-19,Nano,285.13,469,Approved,
APP0009757,C001410,2025-01-13,BNPL,233.33,478,Approved,
APP0009758,C004510,2025-01-19,ACS,5.93,761,Approved,
APP0009759,C002470,2025-03-06,Nano,168.82,471,Declined,Incomplete Data
APP0009760,C003380,2025-03-27,ACS,20.05,783,Approved,
APP0009761,C002642,2025-02-10,Nano,210.49,688,Approved,
APP0009762,C004389,2025-03-03,Nano,134.38,602,Declined,Duplicate Application
APP0009763,C000642,2025-04-08,Nano,253.38,732,Approved,
APP0009764,C003639,2025-01-21,Nano,210.34,751,Approved,
APP0009765,C002892,2025-07-02,ACS,26.14,738,Approved,
APP0009766,C002188,2025-06-22,Nano,260.79,547,Approved,
APP0009767,C003494,2025-01-18,ACS,27.2,702,Approved,
APP0009768,C002691,2025-03-02,BNPL,634.48,549,Approved,
APP0009769,C003134,2025-04-01,Nano,47.68,615,Approved,
APP0009770,C002663,2025-11-04,ACS,10.23,571,Approved,
APP0009771,C000604,2025-04-17,Nano,72.61,708,Approved,
APP0009772,C001963,2025-09-23,Nano,156.39,740,Approved,
APP0009773,C004853,2025-09-01,Nano,65.27,628,Declined,Fraud Flag
APP0009774,C000465,2025-04-09,BNPL,379.56,526,Approved,
APP0009775,C001152,2025-02-03,BNPL,302.14,467,Declined,High Existing Exposure
APP0009776,C003510,2025-07-26,Nano,240.09,802,Approved,
APP0009777,C000749,2025-04-17,Nano,208.74,618,Approved,
APP0009778,C000236,2025-04-30,ACS,25.51,528,Declined,Duplicate Application
APP0009779,C003826,2025-06-25,ACS,5.35,619,Approved,
APP0009780,C001021,2025-06-01,Nano,216.34,562,Declined,Duplicate Application
APP0009781,C001103,2025-01-12,ACS,5.28,591,Declined,Duplicate Application
APP0009782,C002270,2025-02-14,ACS,14.32,531,Declined,High Existing Exposure
APP0009783,C004226,2025-03-01,Nano,20.33,853,Approved,
APP0009784,C004936,2025-06-29,ACS,24.37,445,Declined,Incomplete Data
APP0009785,C001312,2025-06-15,BNPL,313.73,661,Approved,
APP0009786,C001535,2025-06-13,BNPL,631.54,487,Declined,Incomplete Data
APP0009787,C002584,2025-01-14,ACS,6.6,740,Approved,
APP0009788,C003974,2025-04-17,BNPL,112.93,570,Approved,
APP0009789,C000342,2025-08-16,Nano,283.41,900,Approved,
APP0009790,C002098,2025-02-26,ACS,27.97,501,Declined,Incomplete Data
APP0009791,C000519,2025-06-20,Nano,88.13,590,Declined,Policy Rule Failure
APP0009792,C001108,2025-06-06,BNPL,959.25,652,Approved,
APP0009793,C003139,2025-02-15,ACS,7.61,490,Approved,
APP0009794,C000133,2025-03-10,ACS,9.6,673,Approved,
APP0009795,C004312,2025-02-05,ACS,16.28,532,Declined,Low Behavioural Score
APP0009796,C000443,2025-05-07,ACS,20.91,868,Approved,
APP0009797,C004115,2025-03-22,Nano,119.48,568,Declined,Fraud Flag
APP0009798,C002084,2025-05-23,ACS,16.1,693,Approved,
APP0009799,C002819,2025-07-22,Nano,52.95,494,Declined,Low Behavioural Score
APP0009800,C002001,2025-06-18,BNPL,962.98,624,Approved,
APP0009801,C001842,2025-08-27,Nano,56.43,735,Approved,
APP0009802,C003132,2025-01-08,ACS,6.61,701,Approved,
APP0009803,C001584,2025-03-16,ACS,8.72,674,Declined,Policy Rule Failure
APP0009804,C000312,2025-01-04,Nano,81.02,682,Approved,
APP0009805,C000056,2025-06-25,Nano,47.14,529,Approved,
APP0009806,C001420,2025-04-30,Nano,100.1,712,Declined,Incomplete Data
APP0009807,C001097,2025-01-10,BNPL,148.85,339,Declined,High Existing Exposure
APP0009808,C000118,2025-08-11,ACS,10.1,692,Approved,
APP0009809,C000499,2025-04-29,Nano,79.65,610,Approved,
APP0009810,C004360,2025-04-18,BNPL,109.54,647,Approved,
APP0009811,C002482,2025-04-22,Nano,45.07,553,Approved,
APP0009812,C001988,2025-04-03,Nano,210.63,488,Declined,Fraud Flag
APP0009813,C004589,2025-03-25,Nano,236.81,606,Declined,Policy Rule Failure
APP0009814,C002922,2025-01-02,ACS,10.8,803,Approved,
APP0009815,C000636,2025-04-25,ACS,22.66,436,Approved,
APP0009816,C003553,2025-07-25,ACS,15.18,325,Declined,Low Behavioural Score
APP0009817,C003549,2025-05-17,Nano,115.03,604,Approved,
APP0009818,C001340,2025-02-26,Nano,215.65,451,Approved,
APP0009819,C003353,2025-02-02,BNPL,839.75,762,Approved,
APP0009820,C000675,2025-03-04,ACS,19.76,726,Approved,
APP0009821,C004954,2025-07-04,Nano,164.08,697,Approved,
APP0009822,C002902,2025-04-08,ACS,16.59,764,Approved,
APP0009823,C001418,2025-03-26,ACS,12.77,649,Approved,
APP0009824,C004517,2025-11-01,Nano,242.09,538,Approved,
APP0009825,C002533,2025-05-06,ACS,23.85,578,Approved,
APP0009826,C004463,2025-10-02,Nano,236.24,608,Approved,
APP0009827,C000473,2025-06-28,Nano,265.6,770,Approved,
APP0009828,C001542,2025-09-17,ACS,27.98,384,Declined,Low Behavioural Score
APP0009829,C002154,2025-04-21,ACS,27.77,597,Approved,
APP0009830,C001331,2025-04-05,Nano,222.57,596,Approved,
APP0009831,C002592,2025-01-09,ACS,14.02,754,Approved,
APP0009832,C001768,2025-03-10,Nano,216.83,763,Approved,
APP0009833,C004422,2025-01-07,Nano,275.24,671,Approved,
APP0009834,C001227,2025-02-02,Nano,63.73,549,Declined,High Existing Exposure
APP0009835,C000947,2025-04-14,BNPL,179.46,803,Approved,
APP0009836,C004823,2025-01-14,Nano,197.16,557,Declined,Fraud Flag
APP0009837,C003567,2025-04-18,ACS,18.52,640,Approved,
APP0009838,C000174,2025-02-25,ACS,11.9,525,Approved,
APP0009839,C004241,2025-07-20,BNPL,418.85,399,Declined,Policy Rule Failure
APP0009840,C000957,2025-02-03,Nano,83.77,767,Approved,
APP0009841,C003419,2025-05-20,Nano,210.91,537,Declined,Low Behavioural Score
APP0009842,C000142,2025-06-13,ACS,24.19,781,Approved,
APP0009843,C001299,2025-05-11,Nano,76.74,722,Approved,
APP0009844,C004270,2025-08-25,Nano,140.31,566,Approved,
APP0009845,C000130,2025-05-22,Nano,57.84,595,Approved,
APP0009846,C002358,2025-08-05,Nano,35.57,506,Approved,
APP0009847,C001992,2025-05-02,ACS,6.49,480,Declined,Fraud Flag
APP0009848,C001141,2025-03-09,ACS,15.07,633,Approved,
APP0009849,C000593,2025-06-05,ACS,25.12,631,Approved,
APP0009850,C001977,2025-04-12,ACS,13.48,316,Declined,High Existing Exposure
APP0009851,C001833,2025-01-14,BNPL,720.07,567,Declined,Incomplete Data
APP0009852,C000531,2025-05-12,ACS,19.02,691,Approved,
APP0009853,C003573,2025-06-17,ACS,15.11,839,Approved,
APP0009854,C000539,2025-04-24,BNPL,252.03,643,Declined,Duplicate Application
APP0009855,C001910,2025-04-05,Nano,70.82,656,Approved,
APP0009856,C004735,2025-01-27,ACS,21.14,647,Approved,
APP0009857,C001858,2025-04-17,ACS,13.17,671,Approved,
APP0009858,C003481,2025-04-07,ACS,22.25,645,Approved,
APP0009859,C002311,2025-04-08,Nano,189.92,764,Approved,
APP0009860,C003194,2025-01-22,BNPL,703.92,590,Approved,
APP0009861,C003912,2025-08-13,Nano,211.87,363,Declined,Low Behavioural Score
APP0009862,C002364,2025-03-06,ACS,16.15,573,Declined,Policy Rule Failure
APP0009863,C003272,2025-10-23,ACS,15.2,691,Approved,
APP0009864,C002450,2025-08-07,Nano,200.39,601,Approved,
APP0009865,C001567,2025-01-30,ACS,28.61,590,Approved,
APP0009866,C003861,2025-03-30,Nano,186.48,650,Approved,
APP0009867,C001951,2025-05-13,BNPL,872.52,796,Approved,
APP0009868,C000262,2025-05-03,Nano,82.66,900,Approved,
APP0009869,C001353,2025-06-08,Nano,43.38,338,Declined,Policy Rule Failure
APP0009870,C003338,2025-08-01,Nano,195.1,761,Approved,
APP0009871,C003312,2025-01-30,ACS,14.32,601,Approved,
APP0009872,C002753,2025-02-06,Nano,199.82,690,Approved,
APP0009873,C002240,2025-06-04,Nano,59.55,704,Approved,
APP0009874,C001534,2025-03-19,BNPL,459.74,785,Approved,
APP0009875,C000236,2025-02-27,ACS,27.02,536,Approved,
APP0009876,C001079,2025-04-13,ACS,12.1,466,Approved,
APP0009877,C004976,2025-01-18,ACS,29.24,721,Approved,
APP0009878,C004309,2025-02-18,BNPL,620.43,647,Approved,
APP0009879,C000397,2025-09-21,Nano,238.51,418,Declined,Low Behavioural Score
APP0009880,C004658,2025-06-06,Nano,118.29,574,Approved,
APP0009881,C003870,2025-07-24,ACS,16.52,699,Approved,
APP0009882,C000480,2025-06-28,ACS,15.59,746,Approved,
APP0009883,C002085,2025-02-23,ACS,23.78,790,Approved,
APP0009884,C000850,2025-04-13,ACS,8.87,699,Approved,
APP0009885,C003592,2025-07-02,BNPL,532.25,588,Approved,
APP0009886,C003336,2025-04-03,Nano,32.13,617,Approved,
APP0009887,C001092,2025-04-21,Nano,232.91,549,Declined,Policy Rule Failure
APP0009888,C003871,2025-02-26,Nano,32.93,611,Approved,
APP0009889,C001460,2025-08-17,Nano,140.3,354,Declined,Low Behavioural Score
APP0009890,C002457,2025-03-11,BNPL,389.42,523,Approved,
APP0009891,C000561,2025-07-10,BNPL,398.76,559,Approved,
APP0009892,C004635,2025-05-16,ACS,7.92,528,Declined,Policy Rule Failure
APP0009893,C000930,2025-02-06,ACS,23.59,575,Approved,
APP0009894,C004366,2025-07-19,ACS,10.68,784,Approved,
APP0009895,C004231,2025-04-12,BNPL,551.0,768,Approved,
APP0009896,C000632,2025-01-26,Nano,274.88,510,Declined,Low Behavioural Score
APP0009897,C000560,2025-02-12,BNPL,591.88,789,Approved,
APP0009898,C000713,2025-05-09,ACS,18.4,605,Declined,High Existing Exposure
APP0009899,C004200,2025-03-06,Nano,59.96,607,Approved,
APP0009900,C000430,2025-05-08,ACS,22.05,673,Approved,
APP0009901,C003055,2025-05-09,ACS,12.62,483,Declined,Low Behavioural Score
APP0009902,C004378,2025-01-11,Nano,141.62,687,Approved,
APP0009903,C001470,2025-01-12,Nano,141.74,729,Approved,
APP0009904,C002789,2025-01-27,Nano,87.91,781,Approved,
APP0009905,C000401,2025-09-03,ACS,6.44,730,Approved,
APP0009906,C004707,2025-12-04,ACS,21.22,662,Approved,
APP0009907,C003014,2025-09-27,ACS,26.11,451,Declined,Incomplete Data
APP0009908,C003647,2025-08-05,ACS,7.54,604,Declined,Duplicate Application
APP0009909,C001255,2025-02-01,ACS,13.98,570,Declined,Incomplete Data
APP0009910,C003661,2025-06-29,ACS,13.74,634,Approved,
APP0009911,C003134,2025-03-07,Nano,42.75,611,Declined,High Existing Exposure
APP0009912,C000626,2025-06-10,Nano,106.1,630,Approved,
APP0009913,C002850,2025-06-01,ACS,15.77,629,Declined,Policy Rule Failure
APP0009914,C000548,2025-05-07,ACS,25.52,613,Approved,
APP0009915,C003351,2025-06-09,Nano,32.58,758,Approved,
APP0009916,C004655,2025-04-01,ACS,16.72,384,Declined,Low Behavioural Score
APP0009917,C004305,2025-03-20,ACS,14.4,798,Approved,
APP0009918,C002414,2025-07-25,ACS,29.17,718,Approved,
APP0009919,C004426,2025-04-29,ACS,29.11,559,Declined,High Existing Exposure
APP0009920,C004970,2025-06-08,ACS,28.64,815,Approved,
APP0009921,C002279,2025-05-16,ACS,13.65,595,Approved,
APP0009922,C001616,2025-05-21,ACS,11.78,532,Approved,
APP0009923,C000939,2025-03-02,ACS,7.98,658,Approved,
APP0009924,C003108,2025-08-27,Nano,271.67,616,Approved,
APP0009925,C001916,2025-06-25,Nano,100.74,748,Approved,
APP0009926,C002865,2025-02-20,ACS,22.85,691,Approved,
APP0009927,C004748,2025-04-21,ACS,10.18,608,Approved,
APP0009928,C000341,2025-05-04,Nano,89.24,726,Approved,
APP0009929,C001465,2025-03-15,ACS,20.78,752,Approved,
APP0009930,C002595,2025-05-07,BNPL,678.55,692,Approved,
APP0009931,C003613,2025-05-31,ACS,12.85,621,Approved,
APP0009932,C004622,2025-03-23,Nano,140.82,664,Approved,
APP0009933,C004359,2025-04-19,ACS,16.72,526,Declined,High Existing Exposure
APP0009934,C002270,2025-01-24,ACS,29.86,532,Approved,
APP0009935,C002765,2025-06-02,ACS,21.19,566,Declined,Incomplete Data
APP0009936,C002364,2025-01-28,ACS,12.98,559,Approved,
APP0009937,C000525,2025-03-25,ACS,8.51,773,Approved,
APP0009938,C003505,2025-02-09,Nano,272.6,534,Declined,High Existing Exposure
APP0009939,C004101,2025-05-08,ACS,9.82,305,Declined,Policy Rule Failure
APP0009940,C003904,2025-03-11,ACS,29.92,683,Approved,
APP0009941,C001802,2025-07-10,ACS,12.69,605,Declined,Incomplete Data
APP0009942,C004140,2025-04-25,Nano,139.27,785,Approved,
APP0009943,C001094,2025-06-13,ACS,20.53,554,Declined,Low Behavioural Score
APP0009944,C002260,2025-02-26,Nano,180.25,770,Approved,
APP0009945,C001252,2025-03-03,Nano,48.02,768,Declined,Low Behavioural Score
APP0009946,C002221,2025-06-14,ACS,10.48,777,Approved,
APP0009947,C004627,2025-01-19,Nano,245.42,759,Approved,
APP0009948,C002367,2025-02-11,ACS,18.99,783,Approved,
APP0009949,C003776,2025-02-11,ACS,29.9,614,Approved,
APP0009950,C004845,2025-06-10,ACS,24.99,446,Declined,Low Behavioural Score
APP0009951,C000768,2025-04-09,BNPL,963.95,686,Declined,Policy Rule Failure
APP0009952,C004646,2025-06-07,ACS,19.56,768,Approved,
APP0009953,C000569,2025-02-04,BNPL,455.32,624,Approved,
APP0009954,C003114,2025-04-23,Nano,209.72,356,Declined,Low Behavioural Score
APP0009955,C002257,2025-07-05,BNPL,527.77,755,Approved,
APP0009956,C001422,2025-02-15,Nano,250.49,516,Approved,
APP0009957,C003195,2025-10-02,ACS,11.47,604,Approved,
APP0009958,C004503,2025-02-03,Nano,29.96,642,Approved,
APP0009959,C000348,2025-07-13,ACS,16.51,626,Approved,
APP0009960,C000855,2025-03-21,ACS,12.18,786,Approved,
APP0009961,C002541,2025-07-12,BNPL,523.84,673,Approved,
APP0009962,C000534,2025-03-14,ACS,15.09,796,Approved,
APP0009963,C001584,2025-04-14,ACS,10.7,678,Approved,
APP0009964,C002073,2025-05-29,Nano,264.26,562,Declined,Duplicate Application
APP0009965,C002162,2025-03-12,Nano,226.3,647,Approved,
APP0009966,C003427,2025-01-29,ACS,29.24,900,Approved,
APP0009967,C002310,2025-02-02,Nano,159.03,688,Approved,
APP0009968,C000263,2025-06-16,Nano,113.66,373,Approved,
APP0009969,C003232,2025-04-18,ACS,19.49,604,Approved,
APP0009970,C001565,2025-06-24,BNPL,206.31,540,Approved,
APP0009971,C000046,2025-03-02,Nano,160.01,684,Approved,
APP0009972,C003921,2025-02-12,Nano,288.25,788,Approved,
APP0009973,C002142,2025-05-09,BNPL,800.33,563,Declined,Duplicate Application
APP0009974,C003297,2025-05-03,Nano,273.17,589,Approved,
APP0009975,C003274,2025-04-06,ACS,10.64,488,Approved,
APP0009976,C000423,2025-08-06,BNPL,116.83,629,Approved,
APP0009977,C004160,2025-04-24,Nano,227.6,753,Approved,
APP0009978,C001010,2025-04-13,ACS,25.14,783,Approved,
APP0009979,C003744,2025-02-28,ACS,13.33,789,Declined,Policy Rule Failure
APP0009980,C003626,2025-06-30,ACS,17.98,600,Approved,
APP0009981,C000614,2025-07-20,Nano,134.77,460,Declined,Fraud Flag
APP0009982,C000584,2025-04-07,ACS,21.35,570,Approved,
APP0009983,C004239,2025-03-24,Nano,267.49,624,Approved,
APP0009984,C000049,2025-04-07,ACS,22.5,850,Approved,
APP0009985,C001092,2025-05-14,ACS,18.52,543,Declined,Policy Rule Failure
APP0009986,C004964,2025-03-15,Nano,228.39,895,Approved,
APP0009987,C000554,2025-02-21,BNPL,743.25,402,Declined,Low Behavioural Score
APP0009988,C003070,2025-05-23,ACS,6.61,588,Declined,Policy Rule Failure
APP0009989,C001836,2025-07-30,Nano,238.96,747,Approved,
APP0009990,C002145,2025-05-31,ACS,27.52,654,Approved,
APP0009991,C000643,2025-07-03,ACS,7.08,733,Approved,
APP0009992,C002986,2025-09-15,ACS,20.68,610,Approved,
APP0009993,C001670,2025-02-20,ACS,5.22,633,Approved,
APP0009994,C003351,2025-08-08,ACS,17.63,740,Approved,
APP0009995,C003953,2025-06-13,Nano,187.94,796,Approved,
APP0009996,C002478,2025-05-16,BNPL,319.52,633,Approved,
APP0009997,C000100,2025-05-06,ACS,8.27,469,Declined,Fraud Flag
APP0009998,C003291,2025-07-01,ACS,11.84,745,Approved,
APP0009999,C002487,2025-05-27,ACS,25.82,514,Declined,Fraud Flag
APP0010000,C003543,2025-03-11,Nano,163.55,536,Approved,
