LoanID,ApplicationID,CustomerID,Product,LoanAmount,InterestRate,LoanTermDays,DisbursementDate,OutstandingBalance,LoanStatus
L0000001,APP0000001,C000005,BNPL,425.98,2.09,167,2025-06-05,62.96,Active
L0000002,APP0000002,C004135,Nano,275.12,13.61,30,2025-05-31,6.39,Closed
L0000003,APP0000003,C002365,ACS,8.15,8.37,7,2025-09-25,4.58,Active
L0000004,APP0000004,C001667,BNPL,543.51,2.53,138,2025-09-02,279.31,Active
L0000005,APP0000005,C001742,ACS,25.85,8.06,7,2025-04-14,0.0,Active
L0000006,APP0000006,C002311,Nano,222.7,14.57,30,2025-04-28,161.8,Defaulted
L0000007,APP0000007,C002869,ACS,20.32,8.16,7,2025-01-13,12.7,Defaulted
L0000008,APP0000009,C000126,Nano,254.36,15.74,30,2025-06-07,107.44,Active
L0000009,APP0000011,C000329,Nano,154.31,17.34,30,2025-07-08,42.1,Active
L0000010,APP0000012,C000031,Nano,53.09,13.66,30,2025-03-12,0.0,Closed
L0000011,APP0000014,C003887,Nano,276.34,13.81,30,2025-06-10,43.44,Active
L0000012,APP0000015,C001729,ACS,21.73,8.46,7,2025-05-15,0.8,Active
L0000013,APP0000016,C001807,BNPL,567.06,2.49,117,2025-05-28,362.17,Defaulted
L0000014,APP0000017,C004513,Nano,181.1,14.21,30,2025-02-13,0.0,Closed
L0000015,APP0000018,C001380,ACS,9.37,6.38,7,2025-05-08,4.36,Active
L0000016,APP0000019,C003840,ACS,22.29,7.19,7,2025-06-13,6.29,Active
L0000017,APP0000020,C004161,ACS,23.22,9.81,7,2025-06-26,8.24,Active
L0000018,APP0000023,C004919,Nano,41.11,16.94,30,2025-07-06,14.17,Active
L0000019,APP0000025,C000851,ACS,22.82,8.67,7,2025-08-23,14.63,Active
L0000020,APP0000026,C001952,ACS,15.66,6.52,7,2025-02-01,0.0,Closed
L0000021,APP0000028,C001399,ACS,29.1,6.8,7,2025-07-17,18.09,Active
L0000022,APP0000031,C000032,Nano,182.13,16.7,30,2025-06-09,47.86,Active
L0000023,APP0000032,C004339,Nano,111.17,17.2,30,2025-04-20,33.03,Active
L0000024,APP0000033,C002431,Nano,130.06,15.17,30,2025-04-02,0.0,Closed
L0000025,APP0000034,C004506,ACS,6.72,6.84,7,2025-07-09,1.82,Active
L0000026,APP0000035,C003402,ACS,13.36,6.63,7,2025-02-24,0.0,Closed
L0000027,APP0000036,C000214,Nano,292.63,13.02,30,2025-09-14,150.76,Active
L0000028,APP0000037,C004512,Nano,229.28,13.68,30,2025-01-16,0.0,Closed
L0000029,APP0000038,C000251,ACS,28.39,8.86,7,2025-03-02,0.0,Closed
L0000030,APP0000039,C001252,BNPL,382.58,2.99,113,2025-05-14,31.91,Active
L0000031,APP0000040,C002758,Nano,81.99,16.2,30,2025-04-01,19.37,Active
L0000032,APP0000041,C004520,ACS,6.78,6.2,7,2025-08-09,3.04,Active
L0000033,APP0000045,C001699,BNPL,286.64,4.79,141,2025-02-25,178.06,Defaulted
L0000034,APP0000046,C001302,Nano,39.78,16.54,30,2025-08-07,15.62,Active
L0000035,APP0000047,C002140,Nano,144.63,14.83,30,2025-02-18,0.0,Closed
L0000036,APP0000049,C003604,ACS,20.34,8.09,7,2025-04-01,15.64,Defaulted
L0000037,APP0000051,C000138,Nano,182.15,14.91,30,2025-03-13,0.0,Closed
L0000038,APP0000052,C003926,Nano,289.27,15.68,30,2025-07-17,76.88,Active
L0000039,APP0000053,C003234,Nano,246.59,14.82,30,2025-03-05,0.0,Active
L0000040,APP0000054,C000314,Nano,158.75,13.22,30,2025-10-21,100.8,Active
L0000041,APP0000055,C004734,ACS,9.84,7.32,7,2025-07-19,4.23,Active
L0000042,APP0000057,C003459,BNPL,149.3,2.75,123,2025-09-28,75.84,Active
L0000043,APP0000058,C002454,Nano,122.73,12.03,30,2025-09-02,62.75,Active
L0000044,APP0000061,C003624,ACS,13.6,6.97,7,2025-01-22,0.31,Closed
L0000045,APP0000062,C003052,ACS,10.16,8.33,7,2025-02-02,0.0,Closed
L0000046,APP0000063,C003052,BNPL,672.87,4.79,90,2025-02-11,0.0,Closed
L0000047,APP0000064,C003998,ACS,12.3,9.36,7,2025-02-06,4.91,Defaulted
L0000048,APP0000065,C000866,BNPL,932.57,2.15,165,2025-01-29,146.93,Active
L0000049,APP0000066,C000520,Nano,225.24,13.81,30,2025-03-06,0.0,Closed
L0000050,APP0000067,C002777,BNPL,215.56,3.13,142,2025-05-04,13.03,Active
L0000051,APP0000068,C004037,ACS,24.48,6.18,7,2025-06-25,3.69,Active
L0000052,APP0000069,C001268,BNPL,936.53,3.86,124,2025-02-20,134.54,Defaulted
L0000053,APP0000070,C002848,ACS,6.2,7.78,7,2025-02-27,0.61,Active
L0000054,APP0000071,C004786,ACS,15.14,9.13,7,2025-07-01,3.98,Active
L0000055,APP0000073,C000394,BNPL,243.44,4.15,104,2025-03-18,0.0,Closed
L0000056,APP0000074,C004395,Nano,247.85,12.92,30,2025-01-26,0.0,Closed
L0000057,APP0000076,C003550,BNPL,325.36,2.15,127,2025-03-17,0.0,Closed
L0000058,APP0000077,C003053,BNPL,693.58,4.81,145,2025-01-29,0.0,Closed
L0000059,APP0000079,C003117,Nano,239.44,13.79,30,2025-01-12,0.0,Closed
L0000060,APP0000081,C003224,Nano,285.35,13.37,30,2025-10-17,183.12,Active
L0000061,APP0000082,C002552,Nano,21.68,12.6,30,2025-04-23,0.0,Closed
L0000062,APP0000083,C003961,Nano,74.48,16.67,30,2025-04-07,0.0,Closed
L0000063,APP0000084,C004183,Nano,136.98,16.91,30,2025-09-17,71.67,Active
L0000064,APP0000086,C004979,ACS,17.2,7.76,7,2025-03-12,0.0,Active
L0000065,APP0000087,C002244,Nano,50.66,13.36,30,2025-09-07,26.08,Active
L0000066,APP0000088,C003781,Nano,34.0,14.38,30,2025-09-11,17.31,Active
L0000067,APP0000089,C001714,Nano,117.09,12.5,30,2025-06-27,58.94,Active
L0000068,APP0000090,C003951,Nano,64.57,17.39,30,2025-06-15,9.06,Active
L0000069,APP0000091,C001337,Nano,69.41,14.87,30,2025-05-18,20.03,Active
L0000070,APP0000092,C003498,Nano,102.62,17.99,30,2025-04-14,0.0,Closed
L0000071,APP0000094,C003835,BNPL,805.92,3.02,149,2025-06-30,227.99,Active
L0000072,APP0000095,C001453,ACS,10.21,7.85,7,2025-05-08,5.4,Active
L0000073,APP0000096,C001216,ACS,15.77,9.32,7,2025-04-29,10.18,Defaulted
L0000074,APP0000097,C001671,Nano,222.55,14.31,30,2025-05-31,125.29,Defaulted
L0000075,APP0000098,C002120,ACS,26.49,7.44,7,2025-04-04,21.67,Defaulted
L0000076,APP0000099,C000642,ACS,10.22,8.3,7,2025-06-28,4.25,Active
L0000077,APP0000100,C002780,ACS,26.01,8.74,7,2025-07-09,7.13,Active
L0000078,APP0000101,C000620,Nano,141.79,16.93,30,2025-04-06,0.0,Closed
L0000079,APP0000102,C002748,ACS,21.18,8.38,7,2025-05-03,3.14,Active
L0000080,APP0000103,C001844,ACS,16.61,8.79,7,2025-09-15,8.58,Active
L0000081,APP0000104,C002987,Nano,228.65,13.7,30,2025-02-07,0.0,Closed
L0000082,APP0000105,C000757,ACS,23.02,6.69,7,2025-03-29,0.0,Active
L0000083,APP0000107,C000075,BNPL,958.35,2.58,120,2025-07-17,302.09,Active
L0000084,APP0000109,C001760,BNPL,404.19,3.44,156,2025-04-08,0.0,Active
L0000085,APP0000112,C004152,Nano,92.51,17.12,30,2025-08-14,47.03,Active
L0000086,APP0000114,C003967,ACS,9.68,9.1,7,2025-01-27,0.0,Active
L0000087,APP0000115,C003278,Nano,177.52,14.73,30,2025-08-31,77.84,Active
L0000088,APP0000116,C003397,Nano,229.85,14.45,30,2025-04-06,0.0,Closed
L0000089,APP0000118,C001283,Nano,106.12,13.98,30,2025-03-15,51.41,Defaulted
L0000090,APP0000119,C004245,Nano,32.63,15.45,30,2025-09-24,16.85,Active
L0000091,APP0000120,C004279,Nano,52.09,15.69,30,2025-07-03,17.97,Active
L0000092,APP0000122,C001399,ACS,11.87,8.21,7,2025-06-26,3.41,Active
L0000093,APP0000125,C000934,Nano,50.46,14.23,30,2025-04-05,5.82,Active
L0000094,APP0000126,C000555,BNPL,754.78,4.11,163,2025-07-17,205.88,Active
L0000095,APP0000127,C002014,Nano,186.24,14.6,30,2025-05-23,64.05,Active
L0000096,APP0000128,C002737,ACS,11.55,6.07,7,2025-02-19,7.21,Defaulted
L0000097,APP0000129,C004469,ACS,8.39,7.18,7,2025-05-23,0.15,Closed
L0000098,APP0000130,C001595,Nano,31.68,15.03,30,2025-06-10,9.21,Active
L0000099,APP0000131,C001082,Nano,210.31,13.87,30,2025-01-08,0.0,Closed
L0000100,APP0000132,C003523,ACS,10.34,6.92,7,2025-02-28,0.0,Closed
L0000101,APP0000133,C004376,Nano,140.71,12.75,30,2025-04-18,9.78,Active
L0000102,APP0000134,C004277,BNPL,631.1,4.5,140,2025-02-18,0.0,Active
L0000103,APP0000135,C003163,ACS,13.91,7.8,7,2025-03-30,0.0,Closed
L0000104,APP0000137,C003265,Nano,166.77,16.03,30,2025-06-17,41.84,Active
L0000105,APP0000138,C000572,BNPL,945.0,2.33,147,2025-03-28,0.0,Active
L0000106,APP0000139,C003938,ACS,8.21,7.51,7,2025-03-01,0.0,Closed
L0000107,APP0000140,C004628,Nano,125.32,13.38,30,2025-07-02,75.01,Active
L0000108,APP0000141,C003054,ACS,12.86,6.05,7,2025-04-26,1.25,Active
L0000109,APP0000145,C003800,ACS,12.85,6.81,7,2025-09-06,6.52,Active
L0000110,APP0000153,C002646,ACS,21.97,9.26,7,2025-03-24,0.0,Closed
L0000111,APP0000155,C003382,Nano,45.37,15.46,30,2025-04-23,28.51,Defaulted
L0000112,APP0000156,C001844,ACS,18.85,7.98,7,2025-06-16,7.87,Active
L0000113,APP0000157,C003111,Nano,39.37,14.36,30,2025-06-24,12.94,Active
L0000114,APP0000158,C003552,BNPL,434.76,4.48,112,2025-08-08,204.58,Active
L0000115,APP0000159,C003908,Nano,146.17,16.27,30,2025-10-19,93.11,Active
L0000116,APP0000160,C001383,ACS,7.12,9.21,7,2025-07-10,1.91,Active
L0000117,APP0000161,C004581,ACS,11.08,8.79,7,2025-04-08,0.0,Closed
L0000118,APP0000162,C004988,Nano,180.24,17.76,30,2025-06-26,26.1,Active
L0000119,APP0000165,C001924,Nano,206.65,13.49,30,2025-01-25,0.0,Active
L0000120,APP0000166,C001528,ACS,17.44,8.28,7,2025-02-01,0.0,Closed
L0000121,APP0000167,C000933,ACS,18.98,7.69,7,2025-04-27,6.85,Active
L0000122,APP0000168,C000840,Nano,110.49,12.34,30,2025-08-10,43.99,Active
L0000123,APP0000171,C000479,Nano,273.91,13.96,30,2025-02-16,0.0,Closed
L0000124,APP0000173,C001399,ACS,10.08,8.96,7,2025-04-17,0.59,Active
L0000125,APP0000174,C001235,ACS,11.3,6.19,7,2025-06-03,2.25,Active
L0000126,APP0000175,C002861,Nano,240.58,14.51,30,2025-06-03,34.87,Active
L0000127,APP0000177,C000416,ACS,18.88,6.6,7,2025-04-18,0.87,Active
L0000128,APP0000180,C000314,ACS,21.21,9.66,7,2025-03-18,0.0,Closed
L0000129,APP0000181,C004383,ACS,22.15,7.07,7,2025-05-01,1.0,Active
L0000130,APP0000182,C003217,Nano,165.09,15.71,30,2025-08-15,83.17,Active
L0000131,APP0000183,C003693,ACS,22.59,8.69,7,2025-09-07,11.55,Active
L0000132,APP0000184,C003051,Nano,236.49,12.25,30,2025-05-08,89.36,Active
L0000133,APP0000186,C003859,Nano,85.74,15.39,30,2025-03-12,19.04,Defaulted
L0000134,APP0000187,C001724,ACS,20.54,7.3,7,2025-03-23,0.0,Closed
L0000135,APP0000190,C004183,ACS,19.57,7.37,7,2025-10-10,14.55,Active
L0000136,APP0000191,C002773,ACS,16.09,6.84,7,2025-06-08,2.38,Active
L0000137,APP0000192,C000191,ACS,5.81,6.55,7,2025-04-06,4.98,Defaulted
L0000138,APP0000193,C000077,Nano,278.08,17.01,30,2025-06-11,145.71,Active
L0000139,APP0000196,C000405,ACS,17.64,7.73,7,2025-04-04,14.94,Defaulted
L0000140,APP0000197,C002054,BNPL,315.28,2.2,114,2025-05-11,75.86,Active
L0000141,APP0000198,C002027,Nano,276.35,17.65,30,2025-05-03,6.24,Closed
L0000142,APP0000199,C002295,ACS,16.21,8.97,7,2025-07-01,5.44,Active
L0000143,APP0000200,C002805,ACS,26.35,6.57,7,2025-04-04,22.79,Defaulted
L0000144,APP0000204,C004624,Nano,58.7,13.91,30,2025-04-28,48.94,Defaulted
L0000145,APP0000205,C001623,BNPL,157.95,3.37,100,2025-05-25,67.61,Active
L0000146,APP0000206,C004609,ACS,21.58,8.69,7,2025-02-01,0.0,Closed
L0000147,APP0000207,C004811,ACS,27.88,8.35,7,2025-04-07,0.0,Closed
L0000148,APP0000209,C002038,ACS,11.07,9.12,7,2025-02-21,9.57,Defaulted
L0000149,APP0000210,C003496,BNPL,459.77,2.63,121,2025-03-17,0.0,Closed
L0000150,APP0000211,C002293,BNPL,938.85,2.62,149,2025-03-01,379.3,Defaulted
L0000151,APP0000213,C001296,ACS,29.29,6.31,7,2025-02-09,0.0,Closed
L0000152,APP0000214,C004786,BNPL,796.39,2.81,170,2025-03-04,453.98,Defaulted
L0000153,APP0000215,C003491,Nano,117.55,16.38,30,2025-06-09,16.49,Active
L0000154,APP0000216,C000420,ACS,6.32,8.68,7,2025-04-08,0.0,Active
L0000155,APP0000217,C001216,Nano,192.31,17.69,30,2025-06-14,47.5,Active
L0000156,APP0000218,C003086,BNPL,905.19,4.05,157,2025-05-01,24.85,Closed
L0000157,APP0000219,C001466,ACS,16.17,7.24,7,2025-07-01,4.37,Active
L0000158,APP0000221,C003233,ACS,24.82,8.89,7,2025-04-28,0.0,Active
L0000159,APP0000222,C001737,Nano,131.81,13.51,30,2025-01-14,0.0,Closed
L0000160,APP0000226,C001398,Nano,179.57,14.27,30,2025-03-08,0.0,Active
L0000161,APP0000227,C001479,ACS,15.97,7.53,7,2025-06-10,8.75,Active
L0000162,APP0000228,C000180,ACS,13.22,7.27,7,2025-10-06,8.47,Active
L0000163,APP0000230,C003889,Nano,285.33,14.96,30,2025-01-11,0.0,Closed
L0000164,APP0000231,C003844,Nano,106.06,12.43,30,2025-06-27,16.45,Active
L0000165,APP0000232,C000434,ACS,6.4,7.28,7,2025-10-30,4.04,Active
L0000166,APP0000233,C002763,ACS,26.96,8.46,7,2025-01-09,0.0,Active
L0000167,APP0000234,C001641,ACS,5.46,6.44,7,2025-02-21,0.0,Closed
L0000168,APP0000235,C003488,BNPL,157.49,4.55,125,2025-09-28,98.39,Active
L0000169,APP0000237,C003998,ACS,23.67,6.03,7,2025-02-15,6.59,Defaulted
L0000170,APP0000238,C003119,BNPL,161.77,3.53,123,2025-07-30,88.56,Active
L0000171,APP0000239,C001000,Nano,158.82,16.73,30,2025-06-12,108.71,Active
L0000172,APP0000240,C003332,ACS,8.45,8.09,7,2025-04-06,1.23,Active
L0000173,APP0000245,C002546,ACS,12.66,9.06,7,2025-05-07,0.62,Active
L0000174,APP0000246,C000688,BNPL,856.44,4.12,109,2025-08-02,336.96,Active
L0000175,APP0000247,C003185,Nano,279.49,17.7,30,2025-02-05,0.0,Active
L0000176,APP0000248,C000690,BNPL,566.84,2.56,109,2025-03-07,0.0,Active
L0000177,APP0000249,C001302,ACS,8.08,8.5,7,2025-01-23,0.0,Active
L0000178,APP0000250,C002552,BNPL,390.16,2.32,155,2025-04-13,0.0,Closed
L0000179,APP0000251,C002393,Nano,249.89,12.21,30,2025-02-17,0.0,Closed
L0000180,APP0000252,C001919,ACS,10.2,9.33,7,2025-01-16,0.0,Active
L0000181,APP0000254,C004566,ACS,29.07,7.95,7,2025-07-17,13.37,Active
L0000182,APP0000255,C004615,BNPL,595.89,4.13,98,2025-08-24,236.24,Active
L0000183,APP0000256,C002555,Nano,149.38,15.14,30,2025-04-16,0.0,Closed
L0000184,APP0000258,C002260,BNPL,582.82,2.58,115,2025-01-14,0.0,Closed
L0000185,APP0000259,C004486,ACS,17.37,6.38,7,2025-03-09,5.52,Defaulted
L0000186,APP0000260,C004312,Nano,104.06,14.83,30,2025-07-14,28.01,Active
L0000187,APP0000261,C000272,Nano,209.19,12.6,30,2025-02-15,0.0,Closed
L0000188,APP0000262,C003981,ACS,22.85,9.21,7,2025-05-06,0.63,Closed
L0000189,APP0000263,C000150,ACS,8.38,6.12,7,2025-03-22,0.0,Active
L0000190,APP0000264,C003570,ACS,24.52,9.17,7,2025-05-21,0.66,Closed
L0000191,APP0000268,C001174,Nano,63.81,17.65,30,2025-06-13,9.28,Active
L0000192,APP0000271,C004190,ACS,20.04,6.96,7,2025-03-18,5.58,Active
L0000193,APP0000273,C001939,BNPL,322.22,2.78,102,2025-09-18,165.45,Active
L0000194,APP0000274,C002685,ACS,6.28,9.04,7,2025-04-18,0.0,Closed
L0000195,APP0000275,C001137,ACS,25.24,9.49,7,2025-05-20,1.4,Active
L0000196,APP0000276,C004258,Nano,46.48,16.27,30,2025-05-08,18.62,Active
L0000197,APP0000277,C002993,Nano,191.63,17.06,30,2025-02-14,0.0,Active
L0000198,APP0000278,C002576,ACS,5.75,8.24,7,2025-03-14,3.11,Defaulted
L0000199,APP0000279,C000694,ACS,19.78,7.24,7,2025-06-30,15.42,Defaulted
L0000200,APP0000281,C000828,ACS,21.64,6.72,7,2025-07-06,7.55,Active
L0000201,APP0000282,C000157,ACS,24.18,7.71,7,2025-08-27,9.39,Active
L0000202,APP0000283,C002674,Nano,294.11,14.12,30,2025-05-11,22.1,Active
L0000203,APP0000284,C004303,BNPL,770.77,2.14,104,2025-03-23,0.0,Closed
L0000204,APP0000285,C003791,Nano,285.02,15.88,30,2025-03-14,0.0,Closed
L0000205,APP0000286,C001122,ACS,28.28,6.38,7,2025-09-11,14.5,Active
L0000206,APP0000288,C002629,BNPL,459.73,2.2,129,2025-03-08,0.0,Active
L0000207,APP0000289,C003888,ACS,15.31,7.0,7,2025-08-15,6.38,Active
L0000208,APP0000290,C003884,BNPL,411.26,4.41,104,2025-04-21,0.0,Closed
L0000209,APP0000291,C002610,Nano,227.04,15.19,30,2025-06-25,32.68,Active
L0000210,APP0000293,C002416,ACS,28.03,6.57,7,2025-02-04,0.0,Closed
L0000211,APP0000294,C003688,Nano,176.41,15.93,30,2025-04-02,0.0,Closed
L0000212,APP0000295,C004399,ACS,12.64,8.56,7,2025-02-14,0.0,Closed
L0000213,APP0000296,C000377,BNPL,859.79,2.61,110,2025-02-25,361.57,Active
L0000214,APP0000297,C003872,ACS,22.1,6.35,7,2025-03-03,8.39,Active
L0000215,APP0000298,C003744,ACS,12.92,8.08,7,2025-02-03,0.0,Closed
L0000216,APP0000299,C001067,ACS,27.38,9.78,7,2025-09-18,13.89,Active
L0000217,APP0000305,C000978,BNPL,223.26,2.62,125,2025-01-18,0.0,Active
L0000218,APP0000306,C004458,Nano,270.16,14.45,30,2025-04-22,0.0,Active
L0000219,APP0000307,C000430,ACS,6.01,7.47,7,2025-05-03,3.69,Defaulted
L0000220,APP0000308,C002673,BNPL,595.02,4.03,109,2025-07-18,275.26,Active
L0000221,APP0000309,C001633,ACS,6.48,9.51,7,2025-04-27,1.38,Active
L0000222,APP0000310,C004216,ACS,25.8,9.6,7,2025-04-23,16.09,Defaulted
L0000223,APP0000313,C001980,BNPL,987.24,2.94,149,2025-01-20,0.0,Closed
L0000224,APP0000314,C004035,BNPL,698.13,3.77,110,2025-06-29,109.65,Active
L0000225,APP0000317,C001983,ACS,28.78,6.64,7,2025-05-16,0.77,Closed
L0000226,APP0000318,C002250,ACS,19.69,9.5,7,2025-02-25,2.7,Active
L0000227,APP0000320,C003290,Nano,37.2,17.94,30,2025-06-07,5.45,Active
L0000228,APP0000322,C001433,ACS,9.65,6.13,7,2025-09-14,4.96,Active
L0000229,APP0000323,C002333,ACS,13.52,8.2,7,2025-05-04,9.73,Active
L0000230,APP0000324,C004594,ACS,21.22,7.77,7,2025-03-20,0.0,Closed
L0000231,APP0000326,C004541,Nano,179.23,12.91,30,2025-04-28,0.0,Closed
L0000232,APP0000327,C002634,Nano,49.3,14.98,30,2025-04-04,0.0,Closed
L0000233,APP0000328,C000364,Nano,21.13,15.76,30,2025-04-21,3.06,Active
L0000234,APP0000329,C002920,ACS,26.81,7.14,7,2025-01-19,0.0,Closed
L0000235,APP0000330,C004584,Nano,96.76,13.98,30,2025-02-01,9.12,Active
L0000236,APP0000331,C004411,Nano,207.91,15.04,30,2025-04-05,19.62,Active
L0000237,APP0000332,C000910,BNPL,798.2,4.23,150,2025-03-01,0.0,Active
L0000238,APP0000335,C002185,Nano,237.0,17.36,30,2025-06-23,34.97,Active
L0000239,APP0000337,C002603,ACS,24.85,8.16,7,2025-05-05,9.73,Active
L0000240,APP0000338,C001207,Nano,162.86,17.24,30,2025-06-27,23.25,Active
L0000241,APP0000340,C000564,ACS,20.63,6.68,7,2025-03-21,0.0,Closed
L0000242,APP0000343,C001111,ACS,21.04,7.22,7,2025-02-19,17.09,Defaulted
L0000243,APP0000344,C002213,ACS,26.88,7.5,7,2025-05-25,3.35,Active
L0000244,APP0000345,C000900,Nano,126.82,12.8,30,2025-03-15,17.44,Active
L0000245,APP0000346,C002434,Nano,169.01,16.84,30,2025-08-07,65.67,Active
L0000246,APP0000347,C004829,ACS,22.93,8.33,7,2025-08-06,9.06,Active
L0000247,APP0000348,C003810,ACS,23.54,9.2,7,2025-05-10,0.62,Closed
L0000248,APP0000349,C003822,ACS,21.12,6.1,7,2025-01-19,0.0,Active
L0000249,APP0000351,C001537,ACS,22.58,8.77,7,2025-06-03,17.55,Active
L0000250,APP0000352,C000486,Nano,257.04,12.94,30,2025-10-23,162.13,Active
L0000251,APP0000353,C004606,ACS,27.43,8.47,7,2025-01-21,6.04,Active
L0000252,APP0000354,C004789,Nano,140.12,13.56,30,2025-04-20,0.0,Closed
L0000253,APP0000355,C001695,Nano,219.35,14.17,30,2025-01-17,11.14,Defaulted
L0000254,APP0000356,C003499,Nano,133.1,14.42,30,2025-06-03,104.0,Defaulted
L0000255,APP0000357,C001056,ACS,26.52,7.93,7,2025-06-07,3.92,Active
L0000256,APP0000358,C003261,ACS,25.77,7.71,7,2025-02-12,0.0,Closed
L0000257,APP0000360,C001665,ACS,17.24,8.75,7,2025-01-31,0.0,Closed
L0000258,APP0000361,C001967,ACS,18.45,8.74,7,2025-02-21,7.37,Defaulted
L0000259,APP0000362,C004979,Nano,244.24,12.62,30,2025-08-16,96.23,Active
L0000260,APP0000365,C000236,ACS,11.0,9.51,7,2025-05-06,1.82,Active
L0000261,APP0000366,C000891,Nano,188.83,12.57,30,2025-03-07,138.87,Defaulted
L0000262,APP0000367,C001212,ACS,16.91,6.69,7,2025-04-02,0.0,Closed
L0000263,APP0000369,C000682,Nano,46.34,15.29,30,2025-10-24,29.19,Active
L0000264,APP0000370,C003695,ACS,28.16,6.43,7,2025-03-11,22.09,Defaulted
L0000265,APP0000371,C001935,Nano,183.38,13.64,30,2025-04-24,0.0,Closed
L0000266,APP0000372,C001186,ACS,12.36,9.33,7,2025-04-17,4.27,Defaulted
L0000267,APP0000375,C003420,ACS,16.2,7.16,7,2025-08-21,6.32,Active
L0000268,APP0000377,C004662,BNPL,387.82,4.39,177,2025-03-26,0.0,Closed
L0000269,APP0000379,C001835,ACS,14.61,6.74,7,2025-03-11,0.0,Closed
L0000270,APP0000385,C000103,Nano,82.04,14.76,30,2025-06-15,12.39,Active
L0000271,APP0000386,C001731,Nano,192.99,13.47,30,2025-08-15,75.08,Active
L0000272,APP0000387,C004418,ACS,13.21,7.65,7,2025-01-08,0.0,Active
L0000273,APP0000389,C004873,ACS,25.58,6.36,7,2025-06-01,4.23,Active
L0000274,APP0000390,C004870,BNPL,630.29,3.56,169,2025-02-10,349.16,Defaulted
L0000275,APP0000391,C004319,Nano,166.93,16.92,30,2025-02-08,67.57,Defaulted
L0000276,APP0000394,C000500,ACS,26.32,6.3,7,2025-04-10,12.84,Active
L0000277,APP0000395,C004596,Nano,254.24,17.13,30,2025-03-28,0.0,Closed
L0000278,APP0000396,C001832,Nano,40.28,17.02,30,2025-06-21,6.0,Active
L0000279,APP0000397,C002249,BNPL,278.92,3.85,150,2025-06-11,70.23,Active
L0000280,APP0000398,C000401,Nano,54.68,16.98,30,2025-07-01,15.15,Active
L0000281,APP0000399,C000300,Nano,105.24,12.46,30,2025-08-26,46.61,Active
L0000282,APP0000401,C002028,ACS,9.42,7.13,7,2025-04-28,0.16,Closed
L0000283,APP0000402,C003501,ACS,22.66,6.24,7,2025-05-12,0.67,Closed
L0000284,APP0000403,C004171,ACS,21.73,9.7,7,2025-02-17,2.0,Active
L0000285,APP0000404,C000283,Nano,99.14,12.39,30,2025-07-10,27.22,Active
L0000286,APP0000405,C004852,ACS,25.6,9.77,7,2025-10-20,17.54,Active
L0000287,APP0000407,C002867,ACS,15.79,6.6,7,2025-02-28,0.0,Active
L0000288,APP0000408,C001871,Nano,26.08,16.27,30,2025-05-31,2.09,Active
L0000289,APP0000409,C000834,Nano,203.67,17.77,30,2025-04-27,113.48,Active
L0000290,APP0000410,C001174,ACS,24.57,9.09,7,2025-02-26,0.0,Closed
L0000291,APP0000414,C000729,Nano,216.64,12.87,30,2025-07-06,58.66,Active
L0000292,APP0000415,C003774,ACS,29.06,7.73,7,2025-07-17,21.3,Defaulted
L0000293,APP0000417,C001479,Nano,252.4,16.6,30,2025-02-22,0.0,Closed
L0000294,APP0000418,C002401,Nano,233.08,12.29,30,2025-07-21,139.65,Active
L0000295,APP0000419,C002885,ACS,27.17,6.53,7,2025-07-13,7.13,Active
L0000296,APP0000420,C003993,ACS,21.58,8.35,7,2025-02-12,0.0,Closed
L0000297,APP0000421,C000256,ACS,28.66,8.1,7,2025-02-17,24.97,Defaulted
L0000298,APP0000422,C001136,Nano,276.83,15.26,30,2025-04-19,0.0,Closed
L0000299,APP0000423,C000750,ACS,5.84,9.46,7,2025-06-30,1.04,Active
L0000300,APP0000425,C003365,ACS,13.19,8.59,7,2025-01-20,0.0,Closed
L0000301,APP0000426,C002064,ACS,26.17,8.96,7,2025-02-27,0.0,Closed
L0000302,APP0000427,C002461,ACS,15.23,8.81,7,2025-08-31,9.52,Active
L0000303,APP0000429,C000027,ACS,27.7,8.78,7,2025-03-10,0.0,Closed
L0000304,APP0000430,C000489,ACS,14.1,6.26,7,2025-03-24,0.0,Active
L0000305,APP0000431,C001136,ACS,19.37,9.88,7,2025-03-03,5.55,Defaulted
L0000306,APP0000432,C000226,Nano,27.74,15.08,30,2025-09-13,14.02,Active
L0000307,APP0000433,C004112,ACS,13.93,9.15,7,2025-09-04,7.07,Active
L0000308,APP0000436,C003333,ACS,8.97,9.47,7,2025-01-05,1.94,Defaulted
L0000309,APP0000437,C000282,ACS,28.85,7.17,7,2025-03-30,12.71,Active
L0000310,APP0000438,C000274,ACS,19.59,7.21,7,2025-06-06,2.95,Active
L0000311,APP0000439,C003025,Nano,178.16,13.68,30,2025-06-11,106.5,Active
L0000312,APP0000440,C003863,Nano,249.71,12.61,30,2025-10-27,158.68,Active
L0000313,APP0000441,C004647,ACS,18.93,7.34,7,2025-08-27,7.31,Active
L0000314,APP0000442,C001806,Nano,200.95,14.4,30,2025-05-02,33.5,Active
L0000315,APP0000444,C003983,Nano,125.7,15.16,30,2025-04-24,7.39,Active
L0000316,APP0000445,C000704,Nano,96.62,16.67,30,2025-03-07,62.32,Defaulted
L0000317,APP0000446,C004750,Nano,187.63,15.93,30,2025-02-23,25.25,Active
L0000318,APP0000448,C000133,ACS,9.14,6.28,7,2025-05-27,3.01,Active
L0000319,APP0000449,C003952,Nano,233.98,12.01,30,2025-03-29,0.0,Closed
L0000320,APP0000451,C002409,Nano,211.85,14.06,30,2025-02-09,0.0,Active
L0000321,APP0000452,C000829,ACS,6.57,9.27,7,2025-04-01,0.0,Closed
L0000322,APP0000453,C000758,Nano,277.15,17.02,30,2025-03-31,0.0,Closed
L0000323,APP0000454,C001487,BNPL,154.06,2.62,136,2025-03-09,0.0,Closed
L0000324,APP0000455,C002669,BNPL,157.93,3.43,169,2025-02-22,0.0,Closed
L0000325,APP0000457,C003492,Nano,147.16,12.51,30,2025-05-14,4.58,Active
L0000326,APP0000460,C000852,Nano,230.23,14.1,30,2025-02-18,110.88,Defaulted
L0000327,APP0000461,C004757,Nano,54.55,13.1,30,2025-07-15,28.61,Active
L0000328,APP0000464,C001433,Nano,172.06,15.31,30,2025-07-10,46.22,Active
L0000329,APP0000465,C003657,BNPL,789.27,4.24,95,2025-08-17,303.82,Active
L0000330,APP0000466,C001628,Nano,252.43,12.4,30,2025-03-14,135.61,Defaulted
L0000331,APP0000470,C000857,Nano,44.39,15.06,30,2025-08-22,17.45,Active
L0000332,APP0000471,C002365,ACS,20.71,9.64,7,2025-08-02,8.07,Active
L0000333,APP0000472,C004855,Nano,119.75,12.47,30,2025-05-25,3.83,Active
L0000334,APP0000473,C001017,ACS,5.43,6.51,7,2025-10-02,3.43,Active
L0000335,APP0000474,C003991,ACS,24.78,6.81,7,2025-09-11,12.68,Active
L0000336,APP0000475,C002603,ACS,26.98,7.5,7,2025-08-24,10.42,Active
L0000337,APP0000476,C004901,Nano,55.59,12.53,30,2025-05-29,1.27,Closed
L0000338,APP0000478,C000519,BNPL,215.61,2.34,97,2025-01-28,0.0,Active
L0000339,APP0000480,C000378,Nano,35.65,14.88,30,2025-03-23,0.0,Closed
L0000340,APP0000481,C001110,Nano,214.63,16.54,30,2025-02-01,0.0,Closed
L0000341,APP0000482,C002680,ACS,6.0,6.47,7,2025-03-21,0.0,Closed
L0000342,APP0000483,C004501,BNPL,684.31,4.42,147,2025-06-02,475.69,Defaulted
L0000343,APP0000484,C003073,BNPL,972.63,2.27,167,2025-01-05,0.0,Closed
L0000344,APP0000485,C001824,ACS,9.31,8.62,7,2025-04-04,1.1,Active
L0000345,APP0000487,C001222,ACS,22.55,6.52,7,2025-04-01,0.0,Closed
L0000346,APP0000488,C000467,Nano,111.54,16.76,30,2025-05-21,3.0,Closed
L0000347,APP0000489,C003669,ACS,27.09,8.87,7,2025-10-15,17.27,Active
L0000348,APP0000490,C004219,BNPL,727.37,4.25,106,2025-05-16,16.51,Closed
L0000349,APP0000491,C003062,BNPL,292.59,4.8,162,2025-02-10,0.0,Closed
L0000350,APP0000492,C002449,Nano,59.8,17.52,30,2025-09-15,36.31,Active
L0000351,APP0000494,C001841,ACS,5.87,8.56,7,2025-02-03,0.0,Closed
L0000352,APP0000496,C002523,BNPL,183.7,2.12,150,2025-01-24,23.46,Active
L0000353,APP0000497,C004360,ACS,26.8,7.02,7,2025-01-14,11.58,Defaulted
L0000354,APP0000498,C000203,ACS,11.37,7.74,7,2025-05-27,0.25,Closed
L0000355,APP0000500,C001076,BNPL,999.41,2.53,116,2025-09-09,513.81,Active
L0000356,APP0000501,C000583,BNPL,352.95,4.64,96,2025-05-06,8.15,Closed
L0000357,APP0000503,C000261,Nano,240.49,12.67,30,2025-08-13,93.97,Active
L0000358,APP0000505,C001088,BNPL,394.38,4.81,178,2025-04-04,0.0,Closed
L0000359,APP0000506,C000393,BNPL,844.29,4.64,153,2025-06-26,402.57,Active
L0000360,APP0000507,C004913,ACS,28.65,7.69,7,2025-07-07,9.75,Active
L0000361,APP0000508,C001465,ACS,5.31,9.81,7,2025-09-03,2.71,Active
L0000362,APP0000509,C001758,Nano,245.97,12.83,30,2025-08-15,190.24,Active
L0000363,APP0000510,C000924,ACS,7.13,8.11,7,2025-02-11,0.23,Active
L0000364,APP0000511,C003432,ACS,10.16,8.55,7,2025-03-10,1.22,Active
L0000365,APP0000512,C004624,Nano,126.78,13.43,30,2025-03-23,0.0,Closed
L0000366,APP0000513,C001697,BNPL,988.48,4.83,179,2025-09-17,538.96,Active
L0000367,APP0000515,C002046,ACS,29.77,7.25,7,2025-05-22,2.31,Active
L0000368,APP0000516,C002735,Nano,129.22,14.96,30,2025-01-16,108.98,Defaulted
L0000369,APP0000517,C004002,ACS,23.09,9.44,7,2025-03-08,0.0,Closed
L0000370,APP0000518,C004759,ACS,21.73,8.26,7,2025-10-26,15.66,Active
L0000371,APP0000520,C001865,Nano,46.14,15.31,30,2025-02-27,29.66,Defaulted
L0000372,APP0000521,C002345,ACS,5.33,7.18,7,2025-01-13,0.0,Active
L0000373,APP0000522,C004325,Nano,151.54,15.91,30,2025-02-14,0.0,Closed
L0000374,APP0000523,C001767,Nano,181.55,15.8,30,2025-01-20,81.43,Defaulted
L0000375,APP0000524,C002338,Nano,31.7,15.27,30,2025-04-18,0.0,Closed
L0000376,APP0000528,C004504,ACS,22.15,8.14,7,2025-02-17,0.0,Closed
L0000377,APP0000530,C002315,Nano,42.51,13.33,30,2025-05-28,11.97,Active
L0000378,APP0000531,C001387,Nano,225.84,16.19,30,2025-03-24,0.0,Active
L0000379,APP0000533,C000604,BNPL,579.42,3.14,180,2025-01-15,0.0,Closed
L0000380,APP0000535,C000344,ACS,6.39,8.19,7,2025-07-01,1.68,Active
L0000381,APP0000536,C001445,ACS,28.81,9.52,7,2025-05-20,21.83,Defaulted
L0000382,APP0000537,C004958,BNPL,890.48,4.62,137,2025-05-31,772.82,Active
L0000383,APP0000538,C001115,BNPL,993.97,4.8,164,2025-03-11,517.24,Defaulted
L0000384,APP0000540,C001942,BNPL,659.85,4.83,90,2025-01-22,189.87,Defaulted
L0000385,APP0000542,C002534,ACS,28.43,9.73,7,2025-04-10,13.75,Active
L0000386,APP0000543,C002906,Nano,277.51,13.4,30,2025-12-01,244.23,Active
L0000387,APP0000544,C000436,ACS,5.9,9.02,7,2025-05-06,0.15,Closed
L0000388,APP0000545,C001606,Nano,236.44,15.61,30,2025-04-06,92.29,Active
L0000389,APP0000546,C004549,BNPL,433.58,2.73,145,2025-03-21,143.37,Active
L0000390,APP0000549,C003152,Nano,166.23,13.37,30,2025-04-27,21.63,Active
L0000391,APP0000551,C002679,Nano,188.59,12.39,30,2025-06-15,161.53,Defaulted
L0000392,APP0000552,C000043,ACS,6.39,7.73,7,2025-05-19,0.44,Active
L0000393,APP0000553,C003781,BNPL,963.99,2.75,128,2025-09-06,672.69,Active
L0000394,APP0000554,C004933,Nano,98.99,12.09,30,2025-04-14,0.0,Closed
L0000395,APP0000555,C000616,Nano,280.08,14.9,30,2025-04-14,62.75,Active
L0000396,APP0000556,C002054,Nano,84.2,14.16,30,2025-05-08,16.59,Active
L0000397,APP0000557,C000971,ACS,17.25,6.8,7,2025-07-05,4.51,Active
L0000398,APP0000558,C000981,ACS,8.19,9.59,7,2025-09-17,4.9,Active
L0000399,APP0000559,C003965,ACS,27.02,7.2,7,2025-01-24,0.0,Closed
L0000400,APP0000561,C000621,Nano,50.72,12.14,30,2025-01-23,0.0,Closed
L0000401,APP0000563,C001545,Nano,297.85,14.11,30,2025-02-27,0.0,Active
L0000402,APP0000564,C004880,BNPL,957.28,3.71,161,2025-05-26,13.27,Closed
L0000403,APP0000565,C001973,Nano,31.96,12.65,30,2025-02-18,0.0,Closed
L0000404,APP0000567,C000516,BNPL,932.61,2.99,132,2025-06-29,476.37,Active
L0000405,APP0000569,C001031,Nano,284.06,16.76,30,2025-06-26,40.22,Active
L0000406,APP0000570,C001823,BNPL,888.52,4.41,172,2025-03-22,0.0,Closed
L0000407,APP0000571,C001519,BNPL,913.85,3.25,143,2025-08-22,707.86,Active
L0000408,APP0000574,C002586,ACS,24.23,6.29,7,2025-01-28,0.0,Closed
L0000409,APP0000575,C002594,ACS,12.65,8.78,7,2025-03-21,1.22,Active
L0000410,APP0000576,C002121,ACS,16.4,7.09,7,2025-03-02,0.0,Closed
L0000411,APP0000577,C002625,Nano,109.21,12.02,30,2025-03-03,74.62,Defaulted
L0000412,APP0000579,C001308,Nano,55.29,15.38,30,2025-07-08,49.23,Defaulted
L0000413,APP0000580,C000960,ACS,12.72,6.67,7,2025-02-06,0.0,Closed
L0000414,APP0000582,C000687,ACS,24.73,6.77,7,2025-07-01,6.58,Active
L0000415,APP0000583,C001758,Nano,159.54,14.14,30,2025-05-30,84.77,Defaulted
L0000416,APP0000584,C002908,BNPL,650.82,3.4,132,2025-05-01,20.62,Active
L0000417,APP0000587,C002359,Nano,194.14,15.14,30,2025-08-23,75.33,Active
L0000418,APP0000588,C002488,ACS,8.22,6.76,7,2025-03-14,0.0,Closed
L0000419,APP0000589,C000222,Nano,287.34,14.31,30,2025-03-23,0.0,Closed
L0000420,APP0000590,C003951,Nano,80.12,16.43,30,2025-06-06,44.96,Active
L0000421,APP0000592,C004206,Nano,274.54,17.8,30,2025-03-13,22.5,Active
L0000422,APP0000593,C003223,Nano,126.88,12.97,30,2025-02-27,94.94,Defaulted
L0000423,APP0000594,C004584,Nano,79.25,15.71,30,2025-02-26,0.0,Closed
L0000424,APP0000595,C004376,ACS,26.19,8.56,7,2025-06-05,15.61,Active
L0000425,APP0000596,C001891,ACS,7.89,7.63,7,2025-08-07,3.09,Active
L0000426,APP0000597,C001970,Nano,249.37,17.27,30,2025-04-24,0.0,Closed
L0000427,APP0000598,C004522,Nano,57.83,17.68,30,2025-05-10,27.46,Active
L0000428,APP0000599,C004417,Nano,27.64,15.82,30,2025-04-02,14.87,Active
L0000429,APP0000600,C003546,Nano,78.44,12.91,30,2025-06-09,49.81,Active
L0000430,APP0000601,C004618,BNPL,394.11,4.09,127,2025-07-26,102.92,Active
L0000431,APP0000602,C003125,ACS,15.13,7.2,7,2025-04-30,11.17,Active
L0000432,APP0000607,C002780,Nano,129.74,16.28,30,2025-01-25,85.68,Defaulted
L0000433,APP0000608,C002802,ACS,24.33,7.8,7,2025-01-21,6.96,Defaulted
L0000434,APP0000609,C003660,ACS,29.0,7.12,7,2025-04-17,6.41,Active
L0000435,APP0000610,C003895,ACS,12.48,9.79,7,2025-02-16,5.6,Active
L0000436,APP0000612,C004942,ACS,26.96,8.57,7,2025-05-25,1.57,Active
L0000437,APP0000613,C002209,BNPL,398.47,4.92,136,2025-02-20,72.96,Defaulted
L0000438,APP0000615,C000904,Nano,59.68,16.7,30,2025-02-13,0.0,Active
L0000439,APP0000616,C004951,ACS,16.36,9.11,7,2025-05-22,0.55,Active
L0000440,APP0000617,C001971,Nano,140.35,13.09,30,2025-06-02,30.02,Active
L0000441,APP0000618,C000856,BNPL,644.57,3.76,154,2025-06-20,96.16,Active
L0000442,APP0000619,C004233,ACS,20.43,9.18,7,2025-01-25,0.94,Active
L0000443,APP0000620,C004791,ACS,16.44,9.21,7,2025-04-14,9.42,Active
L0000444,APP0000621,C001071,BNPL,978.93,4.74,163,2025-08-31,421.55,Active
L0000445,APP0000623,C004526,BNPL,287.33,3.88,173,2025-05-24,83.47,Active
L0000446,APP0000624,C003313,ACS,16.17,6.23,7,2025-03-07,0.9,Active
L0000447,APP0000625,C002184,BNPL,505.75,4.75,93,2025-04-25,197.63,Defaulted
L0000448,APP0000630,C000222,ACS,5.28,6.54,7,2025-06-01,0.83,Active
L0000449,APP0000631,C001690,Nano,210.18,15.17,30,2025-03-15,0.0,Closed
L0000450,APP0000633,C004973,ACS,5.84,9.05,7,2025-01-27,0.0,Closed
L0000451,APP0000637,C000214,ACS,19.71,6.78,7,2025-01-18,0.0,Closed
L0000452,APP0000638,C002848,BNPL,559.02,4.09,166,2025-04-28,437.11,Defaulted
L0000453,APP0000639,C002228,Nano,200.66,16.95,30,2025-06-23,58.11,Active
L0000454,APP0000644,C004592,ACS,13.06,6.86,7,2025-07-11,3.57,Active
L0000455,APP0000646,C001295,ACS,12.17,9.66,7,2025-12-11,10.7,Active
L0000456,APP0000650,C002739,ACS,26.67,6.81,7,2025-02-08,0.0,Active
L0000457,APP0000651,C002555,Nano,164.06,15.65,30,2025-04-27,0.0,Closed
L0000458,APP0000652,C003314,ACS,28.0,9.28,7,2025-04-17,21.15,Defaulted
L0000459,APP0000653,C003182,ACS,5.92,7.95,7,2025-03-01,0.0,Closed
L0000460,APP0000656,C001364,Nano,120.19,14.94,30,2025-08-16,47.05,Active
L0000461,APP0000657,C000632,ACS,23.55,6.38,7,2025-06-25,13.83,Active
L0000462,APP0000658,C002750,ACS,23.57,6.15,7,2025-01-15,0.0,Active
L0000463,APP0000660,C000015,Nano,29.75,16.04,30,2025-05-19,10.95,Active
L0000464,APP0000661,C004124,BNPL,941.08,3.58,137,2025-08-12,390.57,Active
L0000465,APP0000662,C003583,Nano,22.33,17.28,30,2025-06-25,3.29,Active
L0000466,APP0000665,C000805,ACS,17.38,7.32,7,2025-03-14,2.43,Active
L0000467,APP0000666,C004657,ACS,6.96,8.47,7,2025-02-24,0.0,Closed
L0000468,APP0000667,C001181,ACS,5.57,6.12,7,2025-07-16,2.93,Active
L0000469,APP0000668,C004304,ACS,26.14,7.67,7,2025-03-23,22.4,Defaulted
L0000470,APP0000669,C003318,BNPL,296.09,4.77,110,2025-05-23,31.47,Active
L0000471,APP0000670,C003117,Nano,91.41,16.31,30,2025-07-21,24.75,Active
L0000472,APP0000674,C004937,Nano,246.76,17.29,30,2025-07-11,183.05,Defaulted
L0000473,APP0000676,C003875,ACS,21.02,7.08,7,2025-04-13,0.0,Closed
L0000474,APP0000677,C001931,Nano,167.75,17.68,30,2025-08-01,85.55,Active
L0000475,APP0000679,C004176,Nano,115.67,14.85,30,2025-03-29,0.0,Active
L0000476,APP0000680,C002247,ACS,7.9,6.91,7,2025-04-28,0.0,Active
L0000477,APP0000681,C000408,Nano,85.51,14.74,30,2025-07-28,22.78,Active
L0000478,APP0000682,C004068,Nano,175.92,12.3,30,2025-06-23,25.18,Active
L0000479,APP0000683,C000658,Nano,97.69,15.66,30,2025-07-02,26.36,Active
L0000480,APP0000684,C003523,ACS,9.16,9.71,7,2025-06-14,1.38,Active
L0000481,APP0000685,C002201,ACS,27.16,9.78,7,2025-06-15,4.06,Active
L0000482,APP0000687,C001312,ACS,5.88,9.56,7,2025-05-23,0.14,Closed
L0000483,APP0000688,C002501,ACS,19.38,8.01,7,2025-03-18,0.61,Active
L0000484,APP0000689,C000936,Nano,228.16,13.32,30,2025-09-29,178.23,Active
L0000485,APP0000690,C001145,Nano,67.83,12.69,30,2025-03-08,0.0,Closed
L0000486,APP0000691,C002367,Nano,159.5,12.26,30,2025-03-24,38.35,Active
L0000487,APP0000692,C003943,Nano,49.51,14.39,30,2025-07-25,13.15,Active
L0000488,APP0000695,C001372,Nano,242.77,17.59,30,2025-04-17,91.38,Active
L0000489,APP0000696,C000083,Nano,70.73,14.4,30,2025-05-30,50.94,Defaulted
L0000490,APP0000697,C001541,ACS,7.32,7.75,7,2025-08-29,3.29,Active
L0000491,APP0000698,C000560,ACS,14.26,8.24,7,2025-06-15,2.16,Active
L0000492,APP0000699,C002616,Nano,295.17,14.96,30,2025-08-06,115.04,Active
L0000493,APP0000705,C004353,Nano,38.62,14.86,30,2025-03-05,0.0,Active
L0000494,APP0000706,C002405,ACS,11.92,8.51,7,2025-02-10,0.0,Closed
L0000495,APP0000707,C002122,ACS,15.64,9.28,7,2025-04-18,0.0,Closed
L0000496,APP0000708,C002607,ACS,13.31,6.36,7,2025-07-07,10.76,Defaulted
L0000497,APP0000710,C000542,ACS,17.36,7.76,7,2025-01-07,10.5,Defaulted
L0000498,APP0000711,C003859,Nano,94.27,17.61,30,2025-07-25,24.84,Active
L0000499,APP0000712,C000690,BNPL,502.45,4.73,171,2025-12-07,439.82,Active
L0000500,APP0000713,C003446,Nano,261.84,17.03,30,2025-04-09,121.67,Active
L0000501,APP0000716,C001889,Nano,123.77,17.32,30,2025-07-01,45.45,Active
L0000502,APP0000718,C003988,ACS,14.84,6.31,7,2025-03-06,0.0,Closed
L0000503,APP0000723,C002134,BNPL,147.36,2.25,134,2025-03-01,0.0,Closed
L0000504,APP0000724,C002030,Nano,216.07,15.05,30,2025-05-10,4.9,Closed
L0000505,APP0000725,C002522,Nano,30.63,17.38,30,2025-10-04,19.39,Active
L0000506,APP0000726,C002411,BNPL,519.21,4.91,98,2025-03-03,119.4,Active
L0000507,APP0000727,C000631,BNPL,415.11,3.18,123,2025-08-09,194.54,Active
L0000508,APP0000728,C000784,Nano,80.81,16.25,30,2025-05-31,19.82,Active
L0000509,APP0000729,C003679,Nano,295.89,15.71,30,2025-05-15,37.15,Active
L0000510,APP0000730,C003479,Nano,166.55,13.93,30,2025-02-26,0.0,Closed
L0000511,APP0000731,C001965,ACS,27.85,7.76,7,2025-04-22,2.08,Active
L0000512,APP0000732,C002237,ACS,18.87,7.78,7,2025-04-05,6.57,Active
L0000513,APP0000733,C001917,ACS,29.06,7.63,7,2025-04-09,9.19,Active
L0000514,APP0000734,C004287,ACS,28.78,9.29,7,2025-04-05,13.73,Defaulted
L0000515,APP0000735,C000347,Nano,39.13,15.88,30,2025-05-13,2.05,Active
L0000516,APP0000736,C003261,Nano,96.72,12.44,30,2025-03-05,0.0,Closed
L0000517,APP0000737,C001541,ACS,27.72,9.79,7,2025-03-17,3.11,Active
L0000518,APP0000738,C000853,Nano,110.49,15.91,30,2025-06-06,74.69,Active
L0000519,APP0000739,C000786,ACS,17.13,7.69,7,2025-05-29,0.4,Closed
L0000520,APP0000740,C002055,ACS,10.49,8.37,7,2025-08-21,4.06,Active
L0000521,APP0000741,C000726,ACS,25.87,9.26,7,2025-01-12,0.0,Closed
L0000522,APP0000742,C003385,Nano,115.11,15.56,30,2025-06-05,54.89,Active
L0000523,APP0000743,C001640,Nano,184.5,14.48,30,2025-05-09,5.22,Closed
L0000524,APP0000744,C004290,ACS,17.22,6.57,7,2025-06-04,2.48,Active
L0000525,APP0000745,C000730,ACS,21.08,8.71,7,2025-01-11,0.0,Closed
L0000526,APP0000746,C001755,ACS,21.33,6.2,7,2025-09-14,10.91,Active
L0000527,APP0000747,C001913,Nano,73.63,16.86,30,2025-04-13,0.0,Closed
L0000528,APP0000748,C003348,Nano,87.44,13.96,30,2025-05-14,12.86,Active
L0000529,APP0000749,C001481,ACS,12.98,8.59,7,2025-01-30,0.0,Active
L0000530,APP0000751,C002029,Nano,135.81,17.67,30,2025-03-04,0.0,Active
L0000531,APP0000752,C004524,Nano,195.46,12.1,30,2025-07-20,79.72,Active
L0000532,APP0000753,C004072,Nano,122.98,16.29,30,2025-08-08,63.62,Active
L0000533,APP0000755,C004979,ACS,18.52,7.6,7,2025-04-05,0.0,Closed
L0000534,APP0000757,C003828,Nano,253.8,13.16,30,2025-04-15,0.0,Closed
L0000535,APP0000759,C002479,Nano,202.79,15.64,30,2025-02-03,0.0,Closed
L0000536,APP0000760,C004703,Nano,48.03,12.92,30,2025-07-26,32.68,Defaulted
L0000537,APP0000762,C003601,ACS,16.15,7.25,7,2025-07-18,4.28,Active
L0000538,APP0000764,C000769,ACS,17.91,8.53,7,2025-03-09,0.0,Closed
L0000539,APP0000765,C002285,BNPL,336.99,2.0,104,2025-05-28,30.89,Active
L0000540,APP0000766,C002751,ACS,20.04,8.63,7,2025-04-14,0.0,Closed
L0000541,APP0000768,C001359,Nano,121.59,15.01,30,2025-08-15,88.1,Active
L0000542,APP0000769,C003901,ACS,22.37,9.76,7,2025-02-07,0.0,Active
L0000543,APP0000770,C004167,Nano,159.96,12.8,30,2025-04-11,15.61,Active
L0000544,APP0000771,C001043,BNPL,507.34,2.31,90,2025-05-10,177.72,Active
L0000545,APP0000772,C003915,ACS,29.19,9.05,7,2025-06-09,4.31,Active
L0000546,APP0000774,C002473,Nano,158.75,13.94,30,2025-03-21,46.8,Active
L0000547,APP0000775,C004390,BNPL,831.72,4.79,138,2025-04-14,210.29,Active
L0000548,APP0000776,C001510,Nano,228.65,17.21,30,2025-04-02,184.46,Defaulted
L0000549,APP0000777,C003426,Nano,58.19,14.38,30,2025-07-25,42.36,Defaulted
L0000550,APP0000779,C002455,ACS,13.1,8.24,7,2025-07-16,5.79,Active
L0000551,APP0000780,C004253,ACS,21.08,6.02,7,2025-02-11,0.0,Active
L0000552,APP0000782,C002527,Nano,198.51,16.78,30,2025-02-25,0.0,Closed
L0000553,APP0000783,C000592,Nano,156.6,16.76,30,2025-06-18,49.68,Active
L0000554,APP0000784,C003587,ACS,17.12,6.4,7,2025-03-19,0.0,Active
L0000555,APP0000785,C001555,ACS,28.93,9.23,7,2025-02-11,0.0,Closed
L0000556,APP0000788,C001745,Nano,201.14,15.27,30,2025-05-15,26.24,Active
L0000557,APP0000789,C001799,Nano,219.46,16.27,30,2025-04-29,0.0,Closed
L0000558,APP0000790,C004721,BNPL,272.74,3.04,101,2025-06-24,200.04,Defaulted
L0000559,APP0000793,C002601,BNPL,408.98,2.14,95,2025-01-04,27.28,Active
L0000560,APP0000794,C000361,BNPL,173.55,2.24,110,2025-03-28,40.34,Active
L0000561,APP0000796,C002289,ACS,15.37,9.66,7,2025-04-07,0.0,Closed
L0000562,APP0000797,C003629,Nano,190.86,17.59,30,2025-03-01,0.0,Closed
L0000563,APP0000801,C002641,Nano,273.92,16.39,30,2025-06-25,97.9,Active
L0000564,APP0000805,C004112,ACS,28.4,6.5,7,2025-05-12,5.38,Active
L0000565,APP0000806,C001572,Nano,298.66,17.01,30,2025-08-02,243.33,Active
L0000566,APP0000808,C004244,Nano,38.86,12.29,30,2025-04-06,13.78,Active
L0000567,APP0000809,C000555,BNPL,809.24,3.27,125,2025-06-23,172.24,Active
L0000568,APP0000810,C000662,Nano,53.21,12.85,30,2025-01-27,32.61,Defaulted
L0000569,APP0000812,C001881,Nano,65.76,14.36,30,2025-06-24,9.22,Active
L0000570,APP0000813,C004289,ACS,23.37,9.6,7,2025-07-08,6.31,Active
L0000571,APP0000814,C003171,BNPL,867.03,4.62,115,2025-02-15,0.0,Closed
L0000572,APP0000816,C001685,ACS,5.61,7.59,7,2025-01-16,0.0,Closed
L0000573,APP0000817,C002063,ACS,24.06,6.86,7,2025-04-01,0.0,Closed
L0000574,APP0000818,C002045,ACS,19.29,8.09,7,2025-05-01,5.54,Active
L0000575,APP0000820,C002751,ACS,14.65,7.98,7,2025-06-22,2.27,Active
L0000576,APP0000821,C001662,ACS,7.26,7.52,7,2025-08-22,5.57,Active
L0000577,APP0000824,C004355,Nano,67.81,13.18,30,2025-01-05,25.04,Defaulted
L0000578,APP0000825,C000976,ACS,18.84,9.84,7,2025-01-31,0.0,Closed
L0000579,APP0000826,C000560,ACS,24.09,7.61,7,2025-05-07,1.06,Active
L0000580,APP0000827,C002184,Nano,109.05,13.51,30,2025-05-15,20.82,Active
L0000581,APP0000828,C002848,ACS,28.6,6.25,7,2025-02-10,6.33,Defaulted
L0000582,APP0000829,C002800,ACS,12.45,7.48,7,2025-04-20,8.38,Active
L0000583,APP0000831,C004162,Nano,49.94,15.58,30,2025-02-19,0.0,Closed
L0000584,APP0000832,C001629,BNPL,150.41,3.01,150,2025-08-11,59.07,Active
L0000585,APP0000834,C001321,BNPL,120.8,4.91,105,2025-01-30,0.0,Active
L0000586,APP0000835,C001816,ACS,24.82,6.07,7,2025-03-03,0.0,Closed
L0000587,APP0000836,C002989,BNPL,754.57,4.8,143,2025-08-16,347.85,Active
L0000588,APP0000837,C004015,ACS,5.24,9.0,7,2025-04-02,2.61,Active
L0000589,APP0000838,C002075,ACS,7.23,6.56,7,2025-08-21,2.89,Active
L0000590,APP0000840,C004526,ACS,29.29,7.94,7,2025-04-30,0.0,Closed
L0000591,APP0000841,C001716,ACS,25.66,8.95,7,2025-04-20,4.73,Active
L0000592,APP0000844,C000206,Nano,223.98,13.46,30,2025-05-28,89.35,Active
L0000593,APP0000847,C004051,ACS,6.05,9.26,7,2025-10-19,3.84,Active
L0000594,APP0000848,C004481,Nano,250.95,13.04,30,2025-05-25,5.18,Closed
L0000595,APP0000849,C001501,Nano,71.85,12.31,30,2025-05-18,33.43,Active
L0000596,APP0000850,C002084,Nano,121.76,12.82,30,2025-06-04,20.68,Active
L0000597,APP0000851,C004243,ACS,22.85,6.79,7,2025-03-15,0.0,Closed
L0000598,APP0000852,C003770,Nano,81.18,15.51,30,2025-03-31,0.0,Closed
L0000599,APP0000853,C000926,Nano,299.32,14.61,30,2025-05-04,7.93,Closed
L0000600,APP0000854,C004229,Nano,116.27,15.54,30,2025-03-15,0.0,Closed
L0000601,APP0000855,C000515,ACS,19.1,7.91,7,2025-03-07,0.0,Closed
L0000602,APP0000858,C003273,ACS,27.61,9.66,7,2025-05-25,0.82,Closed
L0000603,APP0000859,C003991,ACS,27.82,9.79,7,2025-05-30,0.68,Closed
L0000604,APP0000860,C003686,ACS,23.18,7.42,7,2025-04-28,7.23,Active
L0000605,APP0000861,C001422,ACS,7.53,7.73,7,2025-05-22,6.75,Defaulted
L0000606,APP0000864,C004730,ACS,21.34,9.95,7,2025-02-13,0.0,Active
L0000607,APP0000866,C004836,Nano,55.13,12.03,30,2025-06-15,24.33,Active
L0000608,APP0000867,C003377,Nano,92.79,14.11,30,2025-05-09,3.16,Active
L0000609,APP0000868,C002434,BNPL,663.17,3.28,122,2025-03-12,0.0,Closed
L0000610,APP0000869,C003834,BNPL,521.95,3.84,158,2025-07-07,159.61,Active
L0000611,APP0000871,C004682,ACS,11.23,8.39,7,2025-04-06,0.45,Active
L0000612,APP0000876,C000695,ACS,5.31,9.96,7,2025-06-07,0.83,Active
L0000613,APP0000877,C001029,ACS,15.07,8.13,7,2025-04-26,0.0,Closed
L0000614,APP0000878,C003661,Nano,108.36,16.68,30,2025-03-10,0.0,Active
L0000615,APP0000880,C003436,ACS,7.35,9.4,7,2025-10-18,4.62,Active
L0000616,APP0000881,C001526,ACS,16.27,7.27,7,2025-03-06,0.0,Active
L0000617,APP0000882,C000700,ACS,9.21,6.25,7,2025-04-29,0.0,Closed
L0000618,APP0000885,C002237,ACS,21.55,8.13,7,2025-01-05,11.09,Defaulted
L0000619,APP0000886,C004322,Nano,74.68,17.65,30,2025-07-26,20.39,Active
L0000620,APP0000887,C003490,ACS,5.85,7.75,7,2025-03-02,0.0,Closed
L0000621,APP0000888,C004848,ACS,29.51,7.24,7,2025-07-18,8.71,Active
L0000622,APP0000889,C001986,BNPL,725.52,4.85,179,2025-04-21,394.2,Active
L0000623,APP0000890,C002027,ACS,24.38,8.51,7,2025-06-30,3.63,Active
L0000624,APP0000891,C003436,BNPL,145.73,4.97,102,2025-08-13,57.24,Active
L0000625,APP0000892,C000673,BNPL,693.1,4.37,104,2025-02-24,0.0,Closed
L0000626,APP0000893,C004286,BNPL,577.93,2.5,176,2025-03-13,0.0,Closed
L0000627,APP0000894,C001760,Nano,277.57,14.36,30,2025-10-16,176.51,Active
L0000628,APP0000896,C002539,ACS,10.15,7.38,7,2025-05-28,1.94,Active
L0000629,APP0000898,C001503,Nano,83.48,15.49,30,2025-05-05,3.82,Active
L0000630,APP0000899,C000699,ACS,20.19,6.24,7,2025-08-02,7.81,Active
L0000631,APP0000902,C000040,ACS,23.79,9.89,7,2025-05-27,17.93,Defaulted
L0000632,APP0000904,C004083,Nano,286.15,15.85,30,2025-05-10,81.05,Active
L0000633,APP0000905,C001674,Nano,232.07,13.25,30,2025-03-27,84.27,Active
L0000634,APP0000906,C004224,Nano,27.79,15.98,30,2025-04-10,18.76,Defaulted
L0000635,APP0000907,C003292,Nano,272.71,12.05,30,2025-06-09,160.87,Defaulted
L0000636,APP0000908,C003918,ACS,21.41,8.55,7,2025-03-13,11.16,Defaulted
L0000637,APP0000909,C001922,ACS,14.21,9.4,7,2025-06-18,2.09,Active
L0000638,APP0000910,C001518,ACS,6.4,7.84,7,2025-04-29,0.04,Closed
L0000639,APP0000911,C003613,ACS,25.09,7.56,7,2025-03-27,0.0,Closed
L0000640,APP0000912,C003162,Nano,79.67,14.19,30,2025-02-19,13.9,Defaulted
L0000641,APP0000913,C002851,Nano,151.99,15.67,30,2025-04-04,0.0,Closed
L0000642,APP0000915,C003069,Nano,232.8,13.22,30,2025-01-25,20.99,Defaulted
L0000643,APP0000917,C004452,ACS,14.44,9.6,7,2025-06-03,2.23,Active
L0000644,APP0000918,C003546,BNPL,694.2,4.42,147,2025-05-06,49.36,Active
L0000645,APP0000920,C004218,ACS,11.13,8.76,7,2025-06-10,1.66,Active
L0000646,APP0000922,C004155,ACS,7.99,9.38,7,2025-05-09,0.14,Closed
L0000647,APP0000923,C002075,ACS,10.29,6.27,7,2025-03-19,0.0,Closed
L0000648,APP0000924,C001156,Nano,60.27,15.27,30,2025-06-02,25.29,Active
L0000649,APP0000925,C004152,Nano,190.27,14.18,30,2025-02-17,61.8,Active
L0000650,APP0000926,C003291,ACS,5.9,9.56,7,2025-08-29,2.48,Active
L0000651,APP0000927,C000371,Nano,287.96,13.73,30,2025-02-13,0.0,Active
L0000652,APP0000929,C002256,ACS,27.51,6.6,7,2025-04-16,4.59,Active
L0000653,APP0000930,C003143,BNPL,210.56,3.85,130,2025-04-20,0.0,Active
L0000654,APP0000932,C001837,BNPL,778.44,4.26,104,2025-05-03,96.75,Active
L0000655,APP0000933,C004044,ACS,26.1,7.85,7,2025-06-13,8.32,Active
L0000656,APP0000934,C003950,BNPL,342.1,2.99,91,2025-03-11,94.6,Defaulted
L0000657,APP0000937,C004721,Nano,104.36,13.74,30,2025-02-18,70.67,Defaulted
L0000658,APP0000938,C001450,ACS,13.74,7.76,7,2025-05-17,0.45,Active
L0000659,APP0000939,C002783,ACS,15.21,7.72,7,2025-07-28,8.2,Active
L0000660,APP0000940,C004345,ACS,24.01,8.05,7,2025-09-02,12.41,Active
L0000661,APP0000941,C002695,ACS,13.89,7.66,7,2025-08-08,5.37,Active
L0000662,APP0000942,C003701,ACS,7.67,9.05,7,2025-01-30,5.34,Defaulted
L0000663,APP0000943,C003997,Nano,176.81,13.91,30,2025-04-08,98.22,Active
L0000664,APP0000944,C002831,ACS,6.35,8.39,7,2025-02-20,5.37,Defaulted
L0000665,APP0000946,C002625,Nano,103.6,16.14,30,2025-03-27,73.03,Defaulted
L0000666,APP0000948,C001597,Nano,71.37,17.43,30,2025-06-19,39.02,Active
L0000667,APP0000951,C002311,ACS,23.58,9.39,7,2025-11-23,17.96,Active
L0000668,APP0000952,C000417,ACS,12.51,7.95,7,2025-05-25,7.61,Active
L0000669,APP0000953,C004271,Nano,172.27,14.8,30,2025-07-22,55.19,Active
L0000670,APP0000954,C003563,BNPL,854.93,2.56,122,2025-05-12,20.42,Closed
L0000671,APP0000955,C000592,ACS,24.7,9.85,7,2025-04-30,0.0,Closed
L0000672,APP0000956,C001113,ACS,6.38,7.31,7,2025-05-20,4.8,Defaulted
L0000673,APP0000957,C002639,ACS,6.54,9.06,7,2025-02-13,0.0,Active
L0000674,APP0000958,C002477,BNPL,199.67,3.25,177,2025-03-16,0.0,Closed
L0000675,APP0000959,C000563,Nano,148.5,12.68,30,2025-07-15,52.19,Active
L0000676,APP0000960,C004450,Nano,70.49,14.65,30,2025-09-29,37.29,Active
L0000677,APP0000961,C002305,Nano,216.25,12.15,30,2025-01-15,0.0,Closed
L0000678,APP0000962,C003356,Nano,271.35,16.74,30,2025-04-27,27.31,Active
L0000679,APP0000964,C000847,ACS,23.59,7.51,7,2025-01-18,0.0,Active
L0000680,APP0000965,C001668,Nano,30.51,17.87,30,2025-03-11,0.0,Closed
L0000681,APP0000966,C003673,BNPL,169.88,3.22,109,2025-02-08,41.62,Defaulted
L0000682,APP0000968,C001075,ACS,29.99,7.57,7,2025-03-22,0.0,Closed
L0000683,APP0000969,C001599,Nano,103.11,14.15,30,2025-08-06,40.2,Active
L0000684,APP0000970,C003900,ACS,17.8,8.34,7,2025-05-23,0.41,Closed
L0000685,APP0000971,C001720,ACS,29.44,6.76,7,2025-04-04,0.0,Closed
L0000686,APP0000972,C000389,ACS,20.74,9.81,7,2025-06-16,13.08,Defaulted
L0000687,APP0000973,C002490,BNPL,427.64,2.87,135,2025-03-17,181.63,Defaulted
L0000688,APP0000974,C000709,Nano,111.66,12.47,30,2025-05-03,24.3,Active
L0000689,APP0000977,C000505,Nano,49.09,16.88,30,2025-06-07,7.24,Active
L0000690,APP0000978,C001402,BNPL,757.59,4.59,137,2025-08-05,407.59,Active
L0000691,APP0000979,C002832,ACS,18.9,6.67,7,2025-10-19,12.04,Active
L0000692,APP0000980,C000754,Nano,56.18,15.7,30,2025-04-06,7.58,Active
L0000693,APP0000982,C001075,Nano,85.51,13.36,30,2025-02-28,0.0,Closed
L0000694,APP0000983,C003180,Nano,137.48,14.55,30,2025-07-28,36.71,Active
L0000695,APP0000984,C001806,Nano,194.64,15.47,30,2025-02-11,0.0,Closed
L0000696,APP0000985,C004628,ACS,8.09,7.57,7,2025-04-06,0.0,Closed
L0000697,APP0000986,C004189,BNPL,747.22,2.5,121,2025-03-15,0.0,Active
L0000698,APP0000988,C000763,BNPL,109.53,3.19,143,2025-03-23,30.85,Defaulted
L0000699,APP0000989,C004741,ACS,26.18,9.53,7,2025-09-10,15.59,Active
L0000700,APP0000990,C000079,ACS,22.82,7.4,7,2025-08-28,8.82,Active
L0000701,APP0000991,C001096,ACS,7.1,6.94,7,2025-06-15,1.49,Active
L0000702,APP0000992,C004325,ACS,6.52,9.73,7,2025-01-05,0.0,Closed
L0000703,APP0000993,C004312,ACS,25.7,6.78,7,2025-07-12,6.81,Active
L0000704,APP0000994,C001499,Nano,45.19,13.06,30,2025-06-25,9.31,Active
L0000705,APP0000996,C000385,Nano,194.78,12.37,30,2025-03-30,0.0,Closed
L0000706,APP0000997,C001681,ACS,26.02,9.36,7,2025-06-02,4.5,Active
L0000707,APP0000998,C000139,Nano,146.9,14.18,30,2025-05-30,25.34,Active
L0000708,APP0001000,C004498,Nano,58.54,14.92,30,2025-07-02,17.66,Active
L0000709,APP0001002,C002616,ACS,14.02,8.88,7,2025-01-27,0.0,Closed
L0000710,APP0001003,C000991,ACS,10.67,6.45,7,2025-09-15,5.48,Active
L0000711,APP0001005,C001622,ACS,16.33,6.54,7,2025-02-14,9.21,Defaulted
L0000712,APP0001006,C003081,ACS,5.04,7.2,7,2025-01-31,0.0,Closed
L0000713,APP0001007,C000653,BNPL,655.84,4.24,117,2025-05-19,38.08,Active
L0000714,APP0001009,C002488,Nano,51.34,13.34,30,2025-06-01,31.23,Defaulted
L0000715,APP0001010,C003847,Nano,150.47,16.35,30,2025-03-05,56.0,Defaulted
L0000716,APP0001011,C004546,ACS,16.51,6.81,7,2025-02-24,0.87,Active
L0000717,APP0001013,C001709,Nano,162.68,15.9,30,2025-05-02,125.98,Defaulted
L0000718,APP0001015,C003267,Nano,216.93,17.46,30,2025-06-11,51.57,Active
L0000719,APP0001017,C004036,ACS,23.21,9.12,7,2025-05-10,2.99,Active
L0000720,APP0001018,C000049,ACS,21.57,6.75,7,2025-04-06,0.0,Closed
L0000721,APP0001020,C002401,Nano,75.46,15.8,30,2025-07-21,21.39,Active
L0000722,APP0001021,C004753,Nano,110.41,17.35,30,2025-01-20,0.0,Closed
L0000723,APP0001022,C003021,Nano,225.62,16.18,30,2025-06-23,51.27,Active
L0000724,APP0001023,C001935,BNPL,395.14,2.04,128,2025-04-08,0.0,Closed
L0000725,APP0001024,C001007,Nano,231.8,17.63,30,2025-06-12,34.25,Active
L0000726,APP0001025,C004747,Nano,207.61,13.07,30,2025-06-25,138.67,Active
L0000727,APP0001027,C000451,ACS,6.85,8.29,7,2025-09-15,3.7,Active
L0000728,APP0001028,C000682,Nano,143.94,14.45,30,2025-05-18,3.34,Closed
L0000729,APP0001031,C002905,ACS,12.35,6.48,7,2025-04-17,2.87,Active
L0000730,APP0001034,C000139,Nano,273.72,16.97,30,2025-09-25,138.91,Active
L0000731,APP0001035,C001796,ACS,22.99,8.38,7,2025-04-14,0.0,Closed
L0000732,APP0001036,C003013,Nano,43.7,16.81,30,2025-01-31,0.0,Closed
L0000733,APP0001037,C003642,Nano,218.01,14.46,30,2025-06-01,56.05,Active
L0000734,APP0001038,C000341,BNPL,176.05,4.41,153,2025-05-10,4.77,Closed
L0000735,APP0001039,C004393,Nano,252.38,17.85,30,2025-02-08,84.2,Defaulted
L0000736,APP0001040,C002966,ACS,5.94,8.27,7,2025-01-19,0.0,Closed
L0000737,APP0001042,C001262,ACS,25.49,9.39,7,2025-04-26,2.96,Active
L0000738,APP0001043,C004794,ACS,14.09,6.6,7,2025-04-15,0.42,Closed
L0000739,APP0001044,C000787,Nano,136.58,13.83,30,2025-05-15,2.7,Closed
L0000740,APP0001045,C002245,Nano,204.32,16.44,30,2025-02-03,0.0,Closed
L0000741,APP0001046,C002330,Nano,110.19,14.98,30,2025-05-27,3.88,Active
L0000742,APP0001047,C002735,Nano,284.99,12.86,30,2025-05-31,20.74,Active
L0000743,APP0001048,C001156,BNPL,278.17,3.68,154,2025-05-08,164.67,Defaulted
L0000744,APP0001049,C004718,Nano,30.47,14.15,30,2025-03-25,0.0,Closed
L0000745,APP0001053,C001015,Nano,208.1,17.41,30,2025-04-16,0.0,Closed
L0000746,APP0001054,C004682,BNPL,804.34,3.97,164,2025-07-03,278.86,Active
L0000747,APP0001056,C003090,ACS,28.66,7.27,7,2025-05-20,3.73,Active
L0000748,APP0001057,C003230,BNPL,338.84,4.78,138,2025-07-26,90.39,Active
L0000749,APP0001058,C002536,Nano,194.7,15.24,30,2025-01-14,0.0,Closed
L0000750,APP0001059,C003191,Nano,168.15,12.73,30,2025-03-11,18.47,Active
L0000751,APP0001060,C002786,Nano,38.03,15.87,30,2025-07-11,10.47,Active
L0000752,APP0001063,C004063,Nano,235.53,14.93,30,2025-02-22,137.19,Defaulted
L0000753,APP0001065,C004993,BNPL,719.38,3.12,150,2025-02-16,0.0,Closed
L0000754,APP0001066,C002851,Nano,128.62,17.28,30,2025-05-19,79.8,Active
L0000755,APP0001067,C002951,Nano,206.21,15.02,30,2025-07-26,108.88,Active
L0000756,APP0001068,C002461,ACS,20.96,8.3,7,2025-10-14,13.36,Active
L0000757,APP0001070,C003942,BNPL,868.21,4.73,129,2025-04-24,0.0,Active
L0000758,APP0001071,C003173,ACS,28.63,8.16,7,2025-04-07,0.51,Closed
L0000759,APP0001072,C001954,BNPL,952.47,2.9,113,2025-01-27,0.0,Closed
L0000760,APP0001073,C004035,Nano,246.04,12.89,30,2025-06-10,36.89,Active
L0000761,APP0001075,C000312,BNPL,968.28,2.47,92,2025-08-05,426.45,Active
L0000762,APP0001076,C003216,ACS,19.4,9.57,7,2025-02-07,7.99,Defaulted
L0000763,APP0001077,C002291,Nano,80.26,14.03,30,2025-05-21,7.78,Active
L0000764,APP0001078,C003981,Nano,186.42,12.49,30,2025-04-11,0.0,Closed
L0000765,APP0001082,C001261,BNPL,698.69,4.26,136,2025-02-19,118.54,Defaulted
L0000766,APP0001086,C004993,BNPL,699.44,2.23,127,2025-02-25,0.0,Closed
L0000767,APP0001087,C001085,Nano,62.18,15.78,30,2025-04-11,0.0,Closed
L0000768,APP0001088,C000523,BNPL,609.44,3.07,159,2025-05-08,28.74,Active
L0000769,APP0001089,C004791,Nano,93.6,16.15,30,2025-02-13,0.0,Active
L0000770,APP0001090,C002614,ACS,23.04,6.17,7,2025-09-10,11.68,Active
L0000771,APP0001091,C001834,Nano,117.93,12.24,30,2025-04-25,0.0,Closed
L0000772,APP0001093,C004418,Nano,115.02,16.81,30,2025-06-13,69.44,Active
L0000773,APP0001095,C000875,ACS,6.2,8.92,7,2025-05-28,0.12,Closed
L0000774,APP0001096,C001624,ACS,23.29,7.36,7,2025-07-20,11.86,Active
L0000775,APP0001097,C004352,Nano,281.36,12.76,30,2025-05-31,41.41,Active
L0000776,APP0001098,C003668,ACS,11.42,7.77,7,2025-02-03,0.0,Closed
L0000777,APP0001099,C004076,ACS,9.06,7.04,7,2025-08-09,4.78,Active
L0000778,APP0001100,C000803,ACS,28.45,9.12,7,2025-04-01,0.0,Closed
L0000779,APP0001101,C002897,ACS,15.17,9.45,7,2025-08-11,5.98,Active
L0000780,APP0001103,C002253,ACS,12.89,9.42,7,2025-09-21,8.14,Active
L0000781,APP0001104,C000521,Nano,164.85,12.91,30,2025-05-25,4.64,Closed
L0000782,APP0001106,C001302,Nano,168.43,14.33,30,2025-02-10,27.12,Active
L0000783,APP0001107,C000943,Nano,128.56,17.39,30,2025-02-01,48.37,Active
L0000784,APP0001108,C004248,Nano,168.52,13.68,30,2025-08-31,125.52,Active
L0000785,APP0001109,C001856,Nano,272.8,12.64,30,2025-06-02,86.19,Active
L0000786,APP0001111,C004942,ACS,19.89,7.09,7,2025-03-07,0.0,Closed
L0000787,APP0001112,C000167,ACS,15.54,6.54,7,2025-09-19,7.97,Active
L0000788,APP0001113,C000742,Nano,257.48,16.68,30,2025-06-16,39.01,Active
L0000789,APP0001114,C004268,ACS,13.86,9.79,7,2025-07-08,3.76,Active
L0000790,APP0001115,C002257,ACS,27.01,6.67,7,2025-02-02,0.0,Closed
L0000791,APP0001116,C001875,Nano,72.74,16.28,30,2025-02-10,0.0,Closed
L0000792,APP0001117,C001526,Nano,95.61,12.66,30,2025-01-16,0.0,Active
L0000793,APP0001118,C002944,ACS,20.01,8.12,7,2025-07-16,5.5,Active
L0000794,APP0001119,C001795,ACS,22.47,7.15,7,2025-07-30,5.88,Active
L0000795,APP0001121,C004820,ACS,15.61,9.15,7,2025-03-18,0.0,Closed
L0000796,APP0001122,C004537,ACS,15.28,6.04,7,2025-07-24,4.14,Active
L0000797,APP0001124,C002523,BNPL,710.73,4.72,131,2025-03-27,0.0,Closed
L0000798,APP0001127,C001994,BNPL,676.95,4.08,129,2025-03-17,0.0,Active
L0000799,APP0001129,C000521,Nano,229.79,13.04,30,2025-05-18,4.66,Closed
L0000800,APP0001133,C003150,BNPL,983.13,3.87,119,2025-03-25,369.13,Defaulted
L0000801,APP0001134,C002042,Nano,221.74,17.91,30,2025-04-06,37.59,Active
L0000802,APP0001135,C003840,Nano,43.71,12.9,30,2025-04-29,10.66,Active
L0000803,APP0001136,C002541,Nano,171.88,15.73,30,2025-08-27,68.17,Active
L0000804,APP0001137,C003460,ACS,18.2,9.78,7,2025-05-27,7.38,Active
L0000805,APP0001140,C000733,Nano,25.93,14.96,30,2025-05-12,2.4,Active
L0000806,APP0001141,C004955,ACS,22.17,6.69,7,2025-01-21,19.03,Defaulted
L0000807,APP0001142,C003772,ACS,20.01,6.99,7,2025-04-22,13.08,Defaulted
L0000808,APP0001145,C000128,Nano,174.65,12.57,30,2025-06-20,42.36,Active
L0000809,APP0001146,C003496,Nano,139.49,12.65,30,2025-02-10,0.0,Active
L0000810,APP0001148,C000917,ACS,14.89,6.39,7,2025-04-17,0.94,Active
L0000811,APP0001150,C002235,ACS,14.36,9.45,7,2025-02-05,0.0,Closed
L0000812,APP0001151,C000207,ACS,16.01,8.56,7,2025-03-05,0.0,Closed
L0000813,APP0001152,C002808,Nano,198.79,15.63,30,2025-03-09,92.05,Active
L0000814,APP0001153,C000182,Nano,175.2,13.43,30,2025-01-01,0.0,Active
L0000815,APP0001155,C000306,Nano,263.95,14.12,30,2025-01-23,0.0,Closed
L0000816,APP0001156,C003956,ACS,13.57,6.37,7,2025-02-17,0.0,Closed
L0000817,APP0001159,C001930,ACS,20.62,8.79,7,2025-01-07,0.0,Closed
L0000818,APP0001160,C004401,ACS,5.21,7.61,7,2025-06-24,2.63,Active
L0000819,APP0001165,C001127,ACS,9.08,7.7,7,2025-03-24,7.16,Defaulted
L0000820,APP0001166,C001598,Nano,159.02,15.16,30,2025-04-18,19.31,Active
L0000821,APP0001167,C004048,Nano,122.14,17.31,30,2025-03-09,56.74,Defaulted
L0000822,APP0001169,C000895,ACS,21.73,8.97,7,2025-04-08,9.6,Active
L0000823,APP0001170,C003579,ACS,16.93,7.64,7,2025-07-25,4.4,Active
L0000824,APP0001171,C002000,ACS,29.21,8.93,7,2025-07-04,7.72,Active
L0000825,APP0001174,C003839,BNPL,518.15,2.55,114,2025-01-04,0.0,Active
L0000826,APP0001175,C002401,Nano,160.22,13.02,30,2025-05-18,45.86,Active
L0000827,APP0001177,C002583,ACS,18.91,6.25,7,2025-12-24,18.0,Active
L0000828,APP0001178,C003886,ACS,22.16,6.23,7,2025-03-26,0.0,Closed
L0000829,APP0001183,C000354,ACS,26.76,8.71,7,2025-06-25,3.73,Active
L0000830,APP0001187,C001302,BNPL,957.58,3.95,159,2025-05-13,116.86,Active
L0000831,APP0001188,C002540,Nano,55.67,16.51,30,2025-04-30,0.0,Closed
L0000832,APP0001190,C002527,ACS,7.3,6.73,7,2025-06-07,1.7,Active
L0000833,APP0001192,C004396,Nano,299.2,15.76,30,2025-02-09,0.0,Closed
L0000834,APP0001193,C002105,ACS,27.2,8.75,7,2025-06-29,4.03,Active
L0000835,APP0001194,C002662,BNPL,302.18,2.09,117,2025-05-04,227.46,Defaulted
L0000836,APP0001196,C002753,ACS,5.69,7.19,7,2025-05-11,0.15,Closed
L0000837,APP0001197,C001450,Nano,188.26,14.4,30,2025-04-18,116.5,Defaulted
L0000838,APP0001198,C001595,ACS,26.82,6.58,7,2025-03-05,1.1,Active
L0000839,APP0001199,C000695,Nano,119.14,14.27,30,2025-03-04,9.8,Active
L0000840,APP0001200,C003643,Nano,128.53,17.55,30,2025-09-14,75.57,Active
L0000841,APP0001201,C001569,ACS,21.32,6.2,7,2025-06-25,3.27,Active
L0000842,APP0001202,C000252,ACS,26.85,6.52,7,2025-09-02,14.1,Active
L0000843,APP0001203,C000233,Nano,171.88,17.54,30,2025-02-28,0.0,Closed
L0000844,APP0001204,C004840,Nano,283.01,17.55,30,2025-03-04,26.46,Active
L0000845,APP0001205,C002140,ACS,19.66,9.49,7,2025-04-09,0.0,Closed
L0000846,APP0001206,C003032,ACS,13.6,8.94,7,2025-03-15,0.0,Closed
L0000847,APP0001208,C004229,Nano,248.37,13.64,30,2025-09-02,127.24,Active
L0000848,APP0001209,C004440,ACS,21.14,8.71,7,2025-03-22,0.0,Active
L0000849,APP0001210,C003906,ACS,8.43,6.64,7,2025-04-08,0.0,Closed
L0000850,APP0001212,C001091,BNPL,146.74,4.18,153,2025-06-08,95.3,Active
L0000851,APP0001213,C002247,ACS,11.3,6.76,7,2025-09-10,6.25,Active
L0000852,APP0001214,C001446,Nano,86.64,12.48,30,2025-06-15,17.97,Active
L0000853,APP0001217,C003972,Nano,27.27,16.56,30,2025-03-07,0.0,Closed
L0000854,APP0001218,C001128,ACS,26.64,7.42,7,2025-05-04,21.02,Defaulted
L0000855,APP0001222,C004135,ACS,7.64,6.82,7,2025-02-03,0.0,Closed
L0000856,APP0001223,C002816,ACS,17.78,9.76,7,2025-04-28,2.92,Active
L0000857,APP0001224,C002690,Nano,297.42,13.13,30,2025-03-27,183.41,Defaulted
L0000858,APP0001225,C002297,ACS,18.04,9.23,7,2025-02-07,0.0,Closed
L0000859,APP0001226,C002956,Nano,24.17,14.83,30,2025-02-01,0.41,Active
L0000860,APP0001227,C002828,Nano,193.49,17.36,30,2025-03-20,132.67,Defaulted
L0000861,APP0001228,C002459,Nano,22.11,12.83,30,2025-03-23,8.16,Defaulted
L0000862,APP0001229,C002604,Nano,275.36,13.47,30,2025-07-21,84.5,Active
L0000863,APP0001230,C000622,ACS,17.9,6.56,7,2025-07-29,6.27,Active
L0000864,APP0001231,C002330,Nano,213.34,16.82,30,2025-06-23,97.72,Active
L0000865,APP0001232,C002181,Nano,264.92,17.39,30,2025-09-17,149.8,Active
L0000866,APP0001233,C004477,ACS,24.63,6.3,7,2025-03-15,0.0,Closed
L0000867,APP0001234,C001469,ACS,18.62,6.94,7,2025-04-28,4.04,Active
L0000868,APP0001236,C004461,Nano,278.72,14.45,30,2025-06-02,245.4,Defaulted
L0000869,APP0001237,C003916,Nano,26.47,17.14,30,2025-07-02,17.4,Active
L0000870,APP0001239,C001585,ACS,17.49,6.46,7,2025-06-06,2.48,Active
L0000871,APP0001240,C000814,Nano,263.92,12.93,30,2025-02-13,0.0,Active
L0000872,APP0001241,C003950,ACS,9.14,8.96,7,2025-02-07,0.0,Active
L0000873,APP0001242,C003510,Nano,215.84,12.78,30,2025-03-22,126.51,Active
L0000874,APP0001243,C004158,ACS,21.71,9.76,7,2025-06-03,3.32,Active
L0000875,APP0001245,C004492,ACS,26.72,6.47,7,2025-03-17,8.31,Active
L0000876,APP0001246,C000409,ACS,17.11,7.17,7,2025-06-09,9.81,Active
L0000877,APP0001247,C000549,Nano,45.74,14.04,30,2025-05-19,1.0,Closed
L0000878,APP0001248,C000348,BNPL,856.22,2.52,101,2025-06-30,327.4,Active
L0000879,APP0001249,C001608,Nano,89.33,12.93,30,2025-02-13,53.22,Defaulted
L0000880,APP0001250,C000738,ACS,23.86,9.13,7,2025-02-09,19.78,Defaulted
L0000881,APP0001251,C000204,Nano,177.35,13.26,30,2025-02-10,0.0,Active
L0000882,APP0001252,C004053,ACS,6.2,9.38,7,2025-02-08,0.0,Closed
L0000883,APP0001253,C000781,Nano,20.77,17.82,30,2025-03-25,0.0,Closed
L0000884,APP0001254,C004150,ACS,8.18,6.68,7,2025-02-02,0.0,Closed
L0000885,APP0001256,C003041,BNPL,346.79,3.43,149,2025-04-04,0.0,Active
L0000886,APP0001257,C000585,Nano,82.01,16.16,30,2025-08-14,31.72,Active
L0000887,APP0001258,C000079,ACS,26.75,8.98,7,2025-03-03,0.0,Closed
L0000888,APP0001260,C001586,ACS,7.92,8.02,7,2025-07-08,2.15,Active
L0000889,APP0001261,C004783,ACS,7.6,9.17,7,2025-02-04,0.32,Active
L0000890,APP0001266,C002906,Nano,197.5,14.91,30,2025-02-02,0.0,Closed
L0000891,APP0001267,C004032,Nano,238.99,16.75,30,2025-05-09,18.77,Active
L0000892,APP0001268,C000312,Nano,41.95,16.71,30,2025-06-16,13.39,Active
L0000893,APP0001269,C003874,ACS,21.28,9.49,7,2025-07-03,5.57,Active
L0000894,APP0001272,C002940,Nano,236.86,12.99,30,2025-02-12,47.05,Active
L0000895,APP0001273,C000525,ACS,29.93,8.13,7,2025-01-14,0.0,Closed
L0000896,APP0001274,C001323,Nano,109.58,14.54,30,2025-01-15,39.86,Defaulted
L0000897,APP0001276,C003433,Nano,216.44,15.53,30,2025-05-07,43.47,Active
L0000898,APP0001278,C003888,ACS,21.16,7.26,7,2025-03-10,0.0,Active
L0000899,APP0001281,C001064,ACS,14.28,9.26,7,2025-08-04,5.58,Active
L0000900,APP0001284,C003215,Nano,175.6,16.92,30,2025-09-05,96.98,Active
L0000901,APP0001286,C003864,Nano,32.19,12.69,30,2025-04-18,3.45,Active
L0000902,APP0001288,C003206,Nano,150.83,13.52,30,2025-02-11,0.0,Closed
L0000903,APP0001289,C003251,ACS,20.3,6.62,7,2025-02-28,0.0,Closed
L0000904,APP0001290,C004028,ACS,9.07,7.83,7,2025-03-07,1.67,Active
L0000905,APP0001291,C004181,Nano,163.54,13.34,30,2025-09-29,83.99,Active
L0000906,APP0001292,C001954,Nano,292.29,16.45,30,2025-02-19,0.0,Closed
L0000907,APP0001293,C000406,Nano,170.54,17.08,30,2025-10-22,114.53,Active
L0000908,APP0001294,C002172,Nano,37.38,12.18,30,2025-09-03,18.9,Active
L0000909,APP0001295,C002001,ACS,11.14,8.98,7,2025-07-24,2.93,Active
L0000910,APP0001297,C002444,Nano,184.48,15.29,30,2025-06-08,71.48,Active
L0000911,APP0001299,C003117,ACS,24.38,8.54,7,2025-01-15,17.72,Defaulted
L0000912,APP0001302,C004940,Nano,162.73,15.05,30,2025-08-26,61.96,Active
L0000913,APP0001307,C000259,ACS,13.61,6.72,7,2025-01-11,8.63,Defaulted
L0000914,APP0001308,C002541,ACS,9.93,9.25,7,2025-05-30,3.23,Active
L0000915,APP0001310,C003904,ACS,27.6,8.96,7,2025-02-02,0.0,Closed
L0000916,APP0001312,C004031,Nano,80.4,15.71,30,2025-01-31,46.94,Defaulted
L0000917,APP0001315,C002153,BNPL,383.87,4.2,151,2025-04-03,27.27,Active
L0000918,APP0001317,C003583,ACS,13.48,6.68,7,2025-01-10,0.0,Closed
L0000919,APP0001318,C004344,Nano,84.83,17.38,30,2025-02-02,13.15,Active
L0000920,APP0001319,C002309,ACS,9.48,7.44,7,2025-03-28,1.0,Active
L0000921,APP0001327,C002262,Nano,38.34,17.85,30,2025-03-05,34.07,Defaulted
L0000922,APP0001328,C004754,Nano,241.84,14.31,30,2025-08-04,93.87,Active
L0000923,APP0001330,C000340,Nano,161.67,14.55,30,2025-05-30,33.57,Active
L0000924,APP0001331,C002471,Nano,166.82,13.86,30,2025-05-02,4.22,Closed
L0000925,APP0001333,C002107,Nano,248.24,15.67,30,2025-03-24,43.42,Active
L0000926,APP0001334,C003140,Nano,291.8,14.43,30,2025-02-16,0.0,Closed
L0000927,APP0001335,C000335,Nano,141.71,16.98,30,2025-02-17,81.46,Defaulted
L0000928,APP0001336,C002310,Nano,296.78,15.25,30,2025-01-28,0.0,Active
L0000929,APP0001337,C002529,ACS,10.14,9.58,7,2025-06-13,1.41,Active
L0000930,APP0001339,C000340,BNPL,569.67,3.05,158,2025-08-16,456.28,Active
L0000931,APP0001340,C003166,ACS,18.6,8.8,7,2025-02-07,0.0,Closed
L0000932,APP0001341,C003109,ACS,27.72,8.03,7,2025-06-23,4.43,Active
L0000933,APP0001342,C000021,Nano,287.34,13.29,30,2025-06-25,184.2,Active
L0000934,APP0001344,C003215,ACS,10.94,6.53,7,2025-06-09,5.15,Active
L0000935,APP0001345,C004301,BNPL,364.33,4.73,133,2025-05-02,9.16,Closed
L0000936,APP0001346,C004292,ACS,16.77,8.7,7,2025-04-18,8.76,Defaulted
L0000937,APP0001351,C002658,ACS,12.87,8.7,7,2025-04-15,0.0,Closed
L0000938,APP0001353,C001276,ACS,22.62,7.23,7,2025-03-03,0.0,Closed
L0000939,APP0001355,C000100,ACS,21.19,6.69,7,2025-08-17,8.5,Active
L0000940,APP0001356,C003758,BNPL,849.29,2.99,124,2025-06-05,179.38,Active
L0000941,APP0001357,C000852,Nano,39.89,15.71,30,2025-04-09,24.91,Defaulted
L0000942,APP0001359,C001513,BNPL,114.75,2.08,164,2025-07-07,45.47,Active
L0000943,APP0001360,C002423,ACS,12.05,7.91,7,2025-01-30,4.05,Active
L0000944,APP0001361,C001988,ACS,6.3,6.98,7,2025-04-03,1.81,Active
L0000945,APP0001362,C001499,Nano,290.87,17.43,30,2025-03-17,0.0,Closed
L0000946,APP0001363,C002404,Nano,188.95,14.5,30,2025-03-24,46.92,Active
L0000947,APP0001364,C003936,ACS,29.84,8.28,7,2025-03-30,24.25,Defaulted
L0000948,APP0001365,C002521,ACS,27.08,7.65,7,2025-03-23,0.0,Closed
L0000949,APP0001367,C004554,Nano,165.22,17.79,30,2025-02-14,0.0,Closed
L0000950,APP0001368,C002456,ACS,22.86,8.12,7,2025-04-25,0.0,Closed
L0000951,APP0001369,C004014,Nano,81.54,14.2,30,2025-03-19,0.0,Closed
L0000952,APP0001370,C000623,ACS,6.54,9.07,7,2025-08-26,2.92,Active
L0000953,APP0001372,C002327,ACS,20.3,9.83,7,2025-05-26,0.66,Active
L0000954,APP0001373,C000029,BNPL,936.23,2.96,108,2025-09-04,474.85,Active
L0000955,APP0001374,C004481,Nano,217.99,14.59,30,2025-03-30,0.0,Closed
L0000956,APP0001376,C002921,ACS,11.66,8.39,7,2025-02-25,0.0,Closed
L0000957,APP0001377,C003479,ACS,13.37,9.09,7,2025-01-18,0.0,Active
L0000958,APP0001378,C003771,ACS,9.65,6.39,7,2025-02-26,0.0,Closed
L0000959,APP0001379,C003889,ACS,17.16,6.13,7,2025-06-01,3.96,Active
L0000960,APP0001381,C002090,ACS,26.53,9.12,7,2025-02-19,20.96,Defaulted
L0000961,APP0001382,C001716,Nano,238.4,16.24,30,2025-08-22,132.45,Active
L0000962,APP0001383,C004556,Nano,79.35,17.59,30,2025-01-28,29.78,Defaulted
L0000963,APP0001384,C000586,ACS,17.83,9.12,7,2025-04-05,0.0,Closed
L0000964,APP0001385,C004537,ACS,27.38,8.45,7,2025-07-17,9.49,Active
L0000965,APP0001386,C001715,Nano,54.58,16.5,30,2025-04-07,0.0,Closed
L0000966,APP0001387,C003893,BNPL,812.92,3.97,94,2025-04-21,0.0,Closed
L0000967,APP0001388,C000849,BNPL,319.32,2.47,128,2025-06-09,56.24,Active
L0000968,APP0001390,C002695,ACS,18.88,9.81,7,2025-02-09,9.43,Defaulted
L0000969,APP0001392,C001970,BNPL,274.93,4.48,169,2025-06-05,94.61,Active
L0000970,APP0001394,C004179,Nano,149.83,13.22,30,2025-04-09,102.88,Defaulted
L0000971,APP0001396,C001914,ACS,10.36,7.34,7,2025-08-29,4.2,Active
L0000972,APP0001397,C002029,Nano,108.87,13.41,30,2025-04-15,0.0,Closed
L0000973,APP0001398,C001062,Nano,108.14,13.41,30,2025-04-22,33.3,Active
L0000974,APP0001399,C004391,ACS,25.29,9.51,7,2025-04-25,0.0,Closed
L0000975,APP0001401,C001294,ACS,13.1,6.73,7,2025-03-30,0.0,Closed
L0000976,APP0001402,C001263,BNPL,237.72,4.21,180,2025-07-11,69.36,Active
L0000977,APP0001405,C000035,Nano,250.6,14.61,30,2025-02-22,2.46,Active
L0000978,APP0001406,C003132,Nano,61.37,14.79,30,2025-03-06,28.2,Defaulted
L0000979,APP0001407,C002025,BNPL,628.38,4.48,114,2025-05-27,27.37,Active
L0000980,APP0001408,C003100,Nano,37.27,14.89,30,2025-07-10,15.64,Active
L0000981,APP0001409,C000309,ACS,8.15,7.08,7,2025-06-02,1.15,Active
L0000982,APP0001411,C002887,ACS,22.46,6.7,7,2025-07-23,6.13,Active
L0000983,APP0001414,C002354,BNPL,111.91,4.57,125,2025-03-14,1.79,Active
L0000984,APP0001415,C001952,Nano,92.47,15.52,30,2025-02-28,0.0,Closed
L0000985,APP0001416,C000841,Nano,156.27,13.23,30,2025-06-13,23.16,Active
L0000986,APP0001417,C002453,ACS,6.88,7.04,7,2025-01-27,1.26,Active
L0000987,APP0001418,C001094,Nano,119.65,17.01,30,2025-05-14,55.81,Active
L0000988,APP0001419,C003669,ACS,11.49,6.71,7,2025-04-20,5.09,Active
L0000989,APP0001420,C001855,ACS,28.07,6.51,7,2025-05-14,1.8,Active
L0000990,APP0001421,C000593,BNPL,660.01,4.17,172,2025-04-07,0.0,Closed
L0000991,APP0001422,C003536,Nano,174.86,12.68,30,2025-03-05,157.66,Defaulted
L0000992,APP0001423,C004226,BNPL,539.01,3.41,95,2025-03-16,0.0,Closed
L0000993,APP0001424,C004169,ACS,8.79,8.21,7,2025-06-15,2.45,Active
L0000994,APP0001425,C002425,Nano,126.3,17.83,30,2025-02-27,0.0,Closed
L0000995,APP0001426,C001537,ACS,20.25,8.04,7,2025-07-26,12.76,Active
L0000996,APP0001427,C001108,ACS,26.05,6.5,7,2025-06-10,3.57,Active
L0000997,APP0001428,C001989,ACS,28.89,6.79,7,2025-03-11,0.0,Closed
L0000998,APP0001430,C004439,BNPL,777.71,2.44,169,2025-03-21,377.15,Defaulted
L0000999,APP0001431,C001246,Nano,163.97,14.95,30,2025-02-02,0.0,Closed
L0001000,APP0001433,C001926,ACS,22.11,6.05,7,2025-08-21,11.7,Active
L0001001,APP0001434,C003452,Nano,224.01,13.45,30,2025-08-19,191.98,Defaulted
L0001002,APP0001435,C004554,ACS,10.96,7.84,7,2025-01-06,0.0,Closed
L0001003,APP0001436,C002036,ACS,27.29,8.89,7,2025-01-14,13.09,Active
L0001004,APP0001437,C004825,BNPL,558.88,4.72,152,2025-05-31,10.59,Closed
L0001005,APP0001439,C001273,Nano,165.97,15.81,30,2025-04-01,0.0,Closed
L0001006,APP0001440,C003618,BNPL,619.93,2.9,118,2025-04-19,0.0,Active
L0001007,APP0001441,C000704,ACS,23.41,9.65,7,2025-01-24,0.14,Active
L0001008,APP0001443,C001841,Nano,240.22,16.27,30,2025-06-15,152.94,Active
L0001009,APP0001444,C002718,Nano,115.44,12.41,30,2025-11-06,87.6,Active
L0001010,APP0001446,C000305,Nano,189.87,13.1,30,2025-02-28,0.0,Closed
L0001011,APP0001447,C002742,BNPL,939.32,4.91,137,2025-03-09,60.61,Active
L0001012,APP0001450,C002843,Nano,49.66,13.63,30,2025-04-12,0.0,Closed
L0001013,APP0001451,C001775,ACS,15.7,6.53,7,2025-02-16,12.83,Defaulted
L0001014,APP0001452,C000299,ACS,23.18,8.81,7,2025-06-04,9.41,Active
L0001015,APP0001453,C003721,ACS,12.96,6.12,7,2025-03-06,0.0,Closed
L0001016,APP0001454,C002100,ACS,20.85,7.47,7,2025-05-02,0.41,Closed
L0001017,APP0001455,C004919,Nano,227.4,17.5,30,2025-04-06,10.75,Active
L0001018,APP0001456,C000963,ACS,18.73,7.36,7,2025-02-13,0.0,Closed
L0001019,APP0001457,C000038,ACS,25.91,6.73,7,2025-02-07,0.19,Active
L0001020,APP0001458,C003991,BNPL,157.12,3.69,159,2025-02-04,0.0,Closed
L0001021,APP0001459,C004312,BNPL,747.11,3.14,123,2025-01-30,466.92,Defaulted
L0001022,APP0001460,C004567,Nano,260.29,16.57,30,2025-02-12,0.0,Active
L0001023,APP0001462,C001574,Nano,134.44,15.9,30,2025-06-18,77.62,Active
L0001024,APP0001464,C000147,ACS,9.39,6.21,7,2025-07-14,7.14,Defaulted
L0001025,APP0001466,C004489,ACS,12.53,8.76,7,2025-03-02,0.0,Closed
L0001026,APP0001468,C004223,Nano,75.5,12.6,30,2025-02-23,0.0,Active
L0001027,APP0001469,C004731,Nano,21.5,16.53,30,2025-03-04,0.0,Closed
L0001028,APP0001470,C003985,ACS,24.27,8.37,7,2025-08-12,20.69,Active
L0001029,APP0001471,C003437,Nano,231.62,12.59,30,2025-05-11,44.43,Active
L0001030,APP0001472,C001782,BNPL,319.37,3.61,105,2025-05-03,8.65,Closed
L0001031,APP0001473,C002658,Nano,200.3,14.22,30,2025-05-28,9.19,Active
L0001032,APP0001474,C000399,ACS,24.92,8.72,7,2025-03-03,5.75,Active
L0001033,APP0001475,C002886,ACS,13.92,6.12,7,2025-04-26,0.0,Closed
L0001034,APP0001476,C004875,BNPL,578.58,4.2,164,2025-01-26,0.0,Closed
L0001035,APP0001477,C000740,ACS,11.99,6.23,7,2025-04-06,0.53,Active
L0001036,APP0001479,C004498,ACS,15.11,7.62,7,2025-07-03,5.38,Active
L0001037,APP0001480,C001784,Nano,179.91,15.52,30,2025-04-22,0.0,Closed
L0001038,APP0001481,C002946,ACS,23.6,9.05,7,2025-04-17,4.26,Active
L0001039,APP0001482,C003887,ACS,13.0,7.54,7,2025-07-01,3.49,Active
L0001040,APP0001483,C003941,ACS,16.13,7.82,7,2025-04-22,11.56,Defaulted
L0001041,APP0001485,C000314,Nano,277.45,16.64,30,2025-02-03,0.0,Closed
L0001042,APP0001487,C003774,ACS,23.64,9.25,7,2025-04-08,0.0,Closed
L0001043,APP0001488,C004792,Nano,193.51,14.38,30,2025-03-01,0.0,Active
L0001044,APP0001489,C001339,ACS,20.6,9.86,7,2025-06-28,2.88,Active
L0001045,APP0001490,C002781,Nano,197.2,13.33,30,2025-03-12,57.25,Defaulted
L0001046,APP0001492,C000942,Nano,250.24,17.51,30,2025-07-19,66.07,Active
L0001047,APP0001493,C002423,Nano,202.5,15.54,30,2025-05-16,95.3,Active
L0001048,APP0001494,C000080,BNPL,746.21,3.74,163,2025-02-03,0.0,Closed
L0001049,APP0001495,C002944,ACS,25.72,6.34,7,2025-02-08,0.39,Active
L0001050,APP0001496,C002762,Nano,141.0,15.39,30,2025-07-20,75.82,Active
L0001051,APP0001499,C002278,Nano,200.2,15.82,30,2025-06-23,152.3,Active
L0001052,APP0001501,C001094,Nano,246.07,14.36,30,2025-03-26,125.86,Active
L0001053,APP0001503,C004055,Nano,35.53,12.83,30,2025-07-14,9.73,Active
L0001054,APP0001504,C002159,ACS,24.2,7.7,7,2025-03-11,7.67,Defaulted
L0001055,APP0001507,C004308,BNPL,477.11,2.97,130,2025-08-05,189.28,Active
L0001056,APP0001509,C002113,ACS,5.91,9.63,7,2025-09-15,3.04,Active
L0001057,APP0001511,C002880,BNPL,256.0,3.2,140,2025-02-21,83.31,Defaulted
L0001058,APP0001512,C004421,Nano,99.59,16.13,30,2025-06-12,65.06,Active
L0001059,APP0001513,C002998,ACS,13.72,7.14,7,2025-03-31,10.59,Defaulted
L0001060,APP0001514,C001723,ACS,9.46,6.41,7,2025-04-27,5.44,Defaulted
L0001061,APP0001515,C003882,Nano,160.86,15.89,30,2025-05-11,2.82,Closed
L0001062,APP0001516,C000898,Nano,139.25,16.83,30,2025-02-24,0.0,Closed
L0001063,APP0001518,C000762,ACS,14.21,8.2,7,2025-01-18,0.0,Closed
L0001064,APP0001519,C004565,ACS,7.31,9.14,7,2025-06-07,1.1,Active
L0001065,APP0001521,C004793,ACS,25.18,9.44,7,2025-10-19,15.91,Active
L0001066,APP0001522,C000117,Nano,222.53,17.83,30,2025-03-04,0.0,Closed
L0001067,APP0001523,C004497,BNPL,692.5,4.53,171,2025-03-06,0.0,Active
L0001068,APP0001524,C001096,ACS,16.93,6.28,7,2025-01-28,9.68,Defaulted
L0001069,APP0001525,C004763,ACS,23.53,8.71,7,2025-03-26,0.0,Active
L0001070,APP0001526,C001703,ACS,26.72,8.42,7,2025-04-15,16.6,Defaulted
L0001071,APP0001527,C001531,ACS,23.93,8.39,7,2025-06-11,3.42,Active
L0001072,APP0001529,C003951,ACS,10.07,6.42,7,2025-04-08,0.45,Active
L0001073,APP0001530,C001880,ACS,19.15,8.42,7,2025-06-07,12.04,Defaulted
L0001074,APP0001532,C000103,ACS,13.67,8.82,7,2025-05-04,1.39,Active
L0001075,APP0001533,C004493,Nano,282.11,12.93,30,2025-01-03,0.0,Closed
L0001076,APP0001534,C002585,ACS,23.44,6.45,7,2025-06-10,14.04,Active
L0001077,APP0001535,C002684,ACS,17.53,7.92,7,2025-03-27,0.0,Closed
L0001078,APP0001538,C004433,ACS,29.92,9.37,7,2025-05-10,1.33,Active
L0001079,APP0001541,C003596,Nano,56.96,15.56,30,2025-07-02,19.73,Active
L0001080,APP0001543,C000332,ACS,17.3,7.26,7,2025-06-13,11.73,Active
L0001081,APP0001544,C000613,ACS,16.31,7.18,7,2025-06-17,2.45,Active
L0001082,APP0001545,C000610,BNPL,828.22,3.44,124,2025-08-26,384.17,Active
L0001083,APP0001546,C000348,ACS,6.36,7.06,7,2025-02-24,5.34,Defaulted
L0001084,APP0001547,C003080,ACS,5.22,9.87,7,2025-06-14,0.79,Active
L0001085,APP0001548,C004336,ACS,7.63,6.33,7,2025-07-05,4.17,Active
L0001086,APP0001549,C003999,ACS,6.16,7.7,7,2025-05-17,0.59,Active
L0001087,APP0001550,C003742,ACS,28.27,9.56,7,2025-04-25,0.0,Active
L0001088,APP0001554,C002484,ACS,5.03,6.88,7,2025-01-12,0.0,Active
L0001089,APP0001556,C002287,Nano,246.08,15.19,30,2025-03-02,178.93,Defaulted
L0001090,APP0001557,C001536,Nano,202.3,16.72,30,2025-05-06,5.32,Closed
L0001091,APP0001559,C003906,ACS,25.74,8.57,7,2025-03-15,0.0,Closed
L0001092,APP0001560,C001820,Nano,28.77,14.26,30,2025-02-21,0.0,Closed
L0001093,APP0001563,C002097,ACS,28.21,9.95,7,2025-01-13,0.0,Closed
L0001094,APP0001564,C001052,ACS,15.68,8.71,7,2025-02-12,0.0,Closed
L0001095,APP0001565,C001400,ACS,12.98,9.93,7,2025-03-20,0.0,Closed
L0001096,APP0001567,C003758,ACS,21.94,7.02,7,2025-02-15,0.0,Closed
L0001097,APP0001569,C004893,ACS,7.71,6.6,7,2025-04-24,0.72,Active
L0001098,APP0001570,C004855,BNPL,983.94,4.15,156,2025-03-20,0.0,Closed
L0001099,APP0001571,C003362,Nano,42.59,16.32,30,2025-04-04,13.66,Active
L0001100,APP0001572,C004954,ACS,24.6,9.77,7,2025-09-02,12.67,Active
L0001101,APP0001573,C004319,Nano,39.23,16.91,30,2025-08-25,15.12,Active
L0001102,APP0001574,C003758,Nano,78.28,12.13,30,2025-06-10,40.89,Active
L0001103,APP0001576,C004186,Nano,67.38,15.47,30,2025-04-06,0.0,Closed
L0001104,APP0001577,C001705,BNPL,871.81,2.44,116,2025-04-06,0.0,Closed
L0001105,APP0001578,C000518,ACS,21.58,7.78,7,2025-03-18,0.0,Active
L0001106,APP0001579,C002829,BNPL,974.64,3.78,124,2025-03-29,48.33,Active
L0001107,APP0001580,C000616,ACS,10.56,8.4,7,2025-04-17,0.0,Closed
L0001108,APP0001581,C000462,Nano,73.23,14.46,30,2025-07-06,49.58,Active
L0001109,APP0001583,C004558,ACS,25.86,8.44,7,2025-02-03,0.0,Active
L0001110,APP0001584,C000316,ACS,13.29,6.5,7,2025-09-06,6.77,Active
L0001111,APP0001585,C001973,BNPL,638.6,3.68,154,2025-02-06,0.0,Closed
L0001112,APP0001586,C003737,Nano,117.18,17.83,30,2025-03-10,0.0,Active
L0001113,APP0001587,C004011,BNPL,586.45,3.07,116,2025-04-18,380.61,Defaulted
L0001114,APP0001588,C000283,Nano,213.12,12.81,30,2025-03-28,0.0,Closed
L0001115,APP0001589,C004470,Nano,53.16,16.37,30,2025-04-04,0.0,Closed
L0001116,APP0001590,C004746,ACS,27.59,8.83,7,2025-02-11,0.0,Active
L0001117,APP0001592,C003271,Nano,66.08,12.59,30,2025-01-16,39.31,Defaulted
L0001118,APP0001593,C002562,Nano,240.52,15.37,30,2025-01-30,0.47,Active
L0001119,APP0001594,C000855,Nano,299.01,17.66,30,2025-02-16,141.37,Defaulted
L0001120,APP0001595,C000618,Nano,112.91,16.91,30,2025-03-25,76.32,Defaulted
L0001121,APP0001598,C004119,BNPL,121.1,3.78,97,2025-05-13,5.66,Active
L0001122,APP0001599,C003092,ACS,8.35,9.78,7,2025-01-31,0.0,Closed
L0001123,APP0001600,C002820,ACS,28.9,9.35,7,2025-04-20,0.0,Closed
L0001124,APP0001601,C000968,Nano,267.49,14.59,30,2025-04-15,66.53,Active
L0001125,APP0001602,C000455,ACS,24.95,7.17,7,2025-04-26,0.0,Closed
L0001126,APP0001603,C001005,Nano,283.35,16.0,30,2025-02-27,0.0,Closed
L0001127,APP0001604,C002004,Nano,196.99,15.43,30,2025-08-17,78.89,Active
L0001128,APP0001605,C001507,BNPL,454.46,4.19,90,2025-05-11,13.12,Closed
L0001129,APP0001606,C002743,Nano,93.08,12.88,30,2025-01-23,0.0,Closed
L0001130,APP0001607,C003909,Nano,232.25,14.7,30,2025-03-04,66.02,Active
L0001131,APP0001609,C004141,ACS,17.21,7.8,7,2025-06-26,2.9,Active
L0001132,APP0001612,C004366,Nano,143.63,16.89,30,2025-08-07,60.9,Active
L0001133,APP0001613,C001745,ACS,10.14,6.2,7,2025-01-29,3.72,Defaulted
L0001134,APP0001615,C004440,ACS,8.19,9.32,7,2025-08-30,3.22,Active
L0001135,APP0001616,C004991,Nano,56.53,15.84,30,2025-07-01,19.91,Active
L0001136,APP0001619,C003033,Nano,33.13,14.28,30,2025-03-02,13.05,Defaulted
L0001137,APP0001620,C004165,ACS,13.55,6.01,7,2025-06-17,4.45,Active
L0001138,APP0001621,C002345,Nano,56.67,14.37,30,2025-05-29,1.32,Closed
L0001139,APP0001622,C000662,Nano,217.21,15.8,30,2025-01-19,0.0,Closed
L0001140,APP0001623,C003678,ACS,17.61,9.17,7,2025-07-06,6.67,Active
L0001141,APP0001627,C002390,Nano,91.67,13.74,30,2025-05-22,1.77,Closed
L0001142,APP0001628,C001565,ACS,9.09,9.34,7,2025-08-07,3.59,Active
L0001143,APP0001629,C000828,Nano,48.73,14.55,30,2025-04-03,0.0,Closed
L0001144,APP0001630,C000507,ACS,10.01,6.16,7,2025-07-16,5.88,Active
L0001145,APP0001631,C004135,BNPL,718.62,4.29,137,2025-06-26,108.94,Active
L0001146,APP0001632,C005000,Nano,26.17,15.24,30,2025-05-11,0.83,Active
L0001147,APP0001633,C003217,Nano,69.22,15.95,30,2025-06-06,38.55,Active
L0001148,APP0001634,C004856,ACS,18.47,6.49,7,2025-04-28,0.0,Closed
L0001149,APP0001635,C001538,ACS,12.78,8.22,7,2025-03-01,0.0,Active
L0001150,APP0001636,C003785,ACS,16.78,7.11,7,2025-03-12,0.0,Active
L0001151,APP0001637,C001985,Nano,296.52,16.1,30,2025-06-14,108.1,Active
L0001152,APP0001639,C003201,ACS,26.63,9.62,7,2025-01-19,0.0,Closed
L0001153,APP0001641,C002062,Nano,121.99,17.68,30,2025-02-07,0.0,Closed
L0001154,APP0001642,C002091,ACS,12.02,9.63,7,2025-06-25,2.13,Active
L0001155,APP0001643,C002153,Nano,203.25,13.36,30,2025-01-07,0.0,Closed
L0001156,APP0001645,C001391,ACS,19.96,6.71,7,2025-05-11,14.14,Defaulted
L0001157,APP0001649,C004941,Nano,232.6,15.01,30,2025-04-14,0.0,Closed
L0001158,APP0001650,C004521,ACS,7.54,7.74,7,2025-02-23,0.0,Closed
L0001159,APP0001651,C001915,ACS,28.13,9.44,7,2025-01-05,23.64,Defaulted
L0001160,APP0001652,C003500,Nano,272.74,14.18,30,2025-01-29,0.0,Closed
L0001161,APP0001653,C002595,ACS,14.25,6.56,7,2025-02-21,0.0,Closed
L0001162,APP0001659,C004388,Nano,205.6,13.99,30,2025-05-14,6.47,Active
L0001163,APP0001660,C001591,Nano,98.82,12.3,30,2025-08-31,38.26,Active
L0001164,APP0001661,C003929,Nano,196.62,15.76,30,2025-03-02,0.0,Closed
L0001165,APP0001663,C003481,ACS,29.99,7.38,7,2025-02-10,0.0,Active
L0001166,APP0001664,C004930,Nano,291.19,15.1,30,2025-03-06,0.0,Closed
L0001167,APP0001665,C001071,ACS,17.74,9.02,7,2025-05-25,0.36,Closed
L0001168,APP0001666,C000103,BNPL,474.07,2.59,119,2025-08-10,219.42,Active
L0001169,APP0001667,C002634,ACS,5.53,6.63,7,2025-02-10,0.0,Active
L0001170,APP0001668,C001654,Nano,113.75,17.64,30,2025-08-06,44.63,Active
L0001171,APP0001669,C003197,Nano,223.72,15.19,30,2025-07-03,60.72,Active
L0001172,APP0001670,C001813,ACS,24.18,9.99,7,2025-03-03,0.0,Closed
L0001173,APP0001671,C004344,Nano,65.72,14.63,30,2025-06-02,9.24,Active
L0001174,APP0001673,C004819,BNPL,246.85,2.97,132,2025-08-10,97.74,Active
L0001175,APP0001674,C001108,ACS,26.73,9.21,7,2025-02-17,14.2,Defaulted
L0001176,APP0001679,C004648,ACS,29.09,8.84,7,2025-04-27,3.08,Active
L0001177,APP0001681,C002413,ACS,29.01,6.21,7,2025-03-13,3.69,Active
L0001178,APP0001682,C004439,BNPL,453.57,4.63,113,2025-03-18,341.02,Defaulted
L0001179,APP0001683,C000151,Nano,273.34,12.27,30,2025-04-16,0.0,Active
L0001180,APP0001684,C002920,ACS,16.8,6.67,7,2025-04-11,11.11,Defaulted
L0001181,APP0001686,C001781,Nano,290.34,15.48,30,2025-05-20,27.03,Active
L0001182,APP0001688,C004045,ACS,7.37,8.06,7,2025-03-20,1.64,Active
L0001183,APP0001689,C000029,Nano,106.96,12.93,30,2025-05-21,16.03,Active
L0001184,APP0001691,C001972,Nano,109.72,13.73,30,2025-07-01,43.43,Active
L0001185,APP0001692,C003766,ACS,19.97,8.26,7,2025-06-21,14.86,Defaulted
L0001186,APP0001693,C004208,Nano,187.47,17.35,30,2025-09-18,95.97,Active
L0001187,APP0001694,C004389,ACS,23.72,8.13,7,2025-02-22,0.0,Active
L0001188,APP0001695,C000512,ACS,29.24,6.01,7,2025-02-09,15.99,Defaulted
L0001189,APP0001696,C004039,Nano,195.32,16.24,30,2025-06-19,52.34,Active
L0001190,APP0001697,C004823,Nano,89.19,14.8,30,2025-01-20,0.0,Active
L0001191,APP0001698,C003896,Nano,27.5,16.41,30,2025-03-02,19.5,Defaulted
L0001192,APP0001699,C001885,ACS,20.57,9.25,7,2025-08-09,9.58,Active
L0001193,APP0001700,C003650,Nano,121.92,15.33,30,2025-05-30,4.49,Active
L0001194,APP0001701,C000339,Nano,121.61,12.21,30,2025-01-06,18.82,Active
L0001195,APP0001702,C001888,ACS,13.26,7.2,7,2025-03-11,2.1,Active
L0001196,APP0001704,C003260,Nano,156.19,17.32,30,2025-05-20,55.45,Active
L0001197,APP0001705,C001326,Nano,208.08,14.74,30,2025-05-25,94.15,Active
L0001198,APP0001706,C002829,BNPL,791.77,3.46,107,2025-07-12,208.18,Active
L0001199,APP0001708,C004818,Nano,43.99,15.1,30,2025-04-10,0.0,Closed
L0001200,APP0001711,C001667,ACS,27.66,7.7,7,2025-07-09,7.4,Active
L0001201,APP0001712,C001110,Nano,290.35,12.44,30,2025-05-22,8.63,Closed
L0001202,APP0001713,C001644,ACS,24.79,7.59,7,2025-02-13,17.24,Defaulted
L0001203,APP0001714,C002289,ACS,22.57,7.92,7,2025-04-17,0.0,Closed
L0001204,APP0001717,C002541,ACS,25.33,6.99,7,2025-04-06,0.0,Closed
L0001205,APP0001718,C002343,Nano,69.99,14.48,30,2025-08-15,38.82,Active
L0001206,APP0001719,C001550,Nano,226.34,14.53,30,2025-03-12,27.83,Active
L0001207,APP0001720,C002906,Nano,172.13,14.1,30,2025-07-05,46.87,Active
L0001208,APP0001721,C001232,BNPL,626.51,2.62,121,2025-05-31,15.73,Closed
L0001209,APP0001722,C004741,ACS,14.78,8.39,7,2025-01-19,1.95,Defaulted
L0001210,APP0001724,C001406,ACS,24.64,8.68,7,2025-04-20,17.59,Defaulted
L0001211,APP0001725,C003464,ACS,17.06,8.41,7,2025-05-15,1.5,Active
L0001212,APP0001728,C003898,BNPL,821.87,2.71,142,2025-02-27,0.0,Closed
L0001213,APP0001729,C001091,ACS,27.27,6.63,7,2025-07-26,10.12,Active
L0001214,APP0001730,C000915,ACS,28.21,9.94,7,2025-02-08,0.0,Closed
L0001215,APP0001731,C002808,Nano,149.09,17.22,30,2025-11-05,112.56,Active
L0001216,APP0001732,C001403,Nano,143.01,16.97,30,2025-06-03,31.61,Active
L0001217,APP0001733,C000602,Nano,124.79,12.42,30,2025-07-17,33.07,Active
L0001218,APP0001734,C004547,ACS,7.08,8.39,7,2025-05-22,0.2,Closed
L0001219,APP0001735,C001727,Nano,264.81,16.29,30,2025-07-09,109.73,Active
L0001220,APP0001736,C004007,Nano,90.86,15.96,30,2025-05-05,2.36,Closed
L0001221,APP0001739,C000939,BNPL,224.75,3.7,99,2025-05-27,32.99,Active
L0001222,APP0001740,C002923,ACS,24.11,9.34,7,2025-04-15,0.0,Closed
L0001223,APP0001742,C001385,Nano,92.21,12.91,30,2025-01-10,41.27,Defaulted
L0001224,APP0001744,C003149,BNPL,431.09,3.95,128,2025-05-21,14.46,Active
L0001225,APP0001745,C001181,Nano,57.53,15.96,30,2025-06-09,10.87,Active
L0001226,APP0001747,C001893,BNPL,909.87,2.29,118,2025-06-02,131.78,Active
L0001227,APP0001748,C001760,ACS,17.96,6.32,7,2025-08-12,15.75,Defaulted
L0001228,APP0001751,C002829,ACS,7.26,8.22,7,2025-09-02,6.62,Active
L0001229,APP0001752,C002689,ACS,12.66,7.12,7,2025-02-03,6.04,Defaulted
L0001230,APP0001753,C000187,BNPL,923.11,2.82,99,2025-06-08,726.24,Defaulted
L0001231,APP0001755,C002523,Nano,235.62,17.59,30,2025-02-28,0.0,Closed
L0001232,APP0001756,C003639,ACS,22.04,6.73,7,2025-04-26,0.0,Closed
L0001233,APP0001757,C000152,Nano,225.45,12.45,30,2025-09-02,114.94,Active
L0001234,APP0001758,C004047,Nano,198.66,14.23,30,2025-07-30,54.01,Active
L0001235,APP0001761,C001094,ACS,7.48,8.16,7,2025-04-22,0.0,Closed
L0001236,APP0001762,C004516,ACS,10.8,8.53,7,2025-07-31,3.0,Active
L0001237,APP0001764,C003953,Nano,81.63,14.91,30,2025-07-01,22.03,Active
L0001238,APP0001765,C004058,ACS,16.67,7.58,7,2025-04-13,11.35,Defaulted
L0001239,APP0001766,C000221,ACS,19.55,8.93,7,2025-04-15,0.0,Closed
L0001240,APP0001769,C002714,ACS,21.9,7.8,7,2025-05-07,1.82,Active
L0001241,APP0001771,C004500,Nano,278.33,17.38,30,2025-01-24,0.0,Closed
L0001242,APP0001772,C003610,Nano,233.9,13.09,30,2025-02-20,0.0,Closed
L0001243,APP0001773,C003560,ACS,16.14,9.45,7,2025-03-21,0.0,Closed
L0001244,APP0001775,C000082,Nano,218.71,14.09,30,2025-08-21,145.02,Active
L0001245,APP0001776,C000017,BNPL,501.73,3.71,180,2025-04-14,0.0,Closed
L0001246,APP0001777,C000952,ACS,10.62,7.25,7,2025-01-04,0.0,Closed
L0001247,APP0001780,C004159,ACS,24.43,8.15,7,2025-04-08,21.28,Defaulted
L0001248,APP0001781,C001964,Nano,99.09,12.58,30,2025-04-12,85.0,Defaulted
L0001249,APP0001783,C003205,ACS,13.84,6.38,7,2025-02-25,0.0,Closed
L0001250,APP0001784,C002323,Nano,257.64,13.19,30,2025-01-11,0.0,Closed
L0001251,APP0001785,C003966,Nano,139.08,13.34,30,2025-02-07,0.0,Closed
L0001252,APP0001786,C002419,ACS,10.88,7.5,7,2025-08-01,4.25,Active
L0001253,APP0001787,C000214,ACS,26.55,7.87,7,2025-09-07,13.63,Active
L0001254,APP0001788,C004269,BNPL,934.45,4.03,157,2025-03-14,0.0,Closed
L0001255,APP0001789,C000664,BNPL,432.35,3.86,100,2025-03-06,38.22,Active
L0001256,APP0001791,C000780,Nano,157.28,17.77,30,2025-02-16,0.0,Active
L0001257,APP0001792,C003938,ACS,23.31,6.28,7,2025-07-25,6.31,Active
L0001258,APP0001794,C004744,Nano,64.73,13.52,30,2025-06-27,9.07,Active
L0001259,APP0001795,C004333,BNPL,567.4,2.98,101,2025-05-20,116.91,Active
L0001260,APP0001797,C001263,ACS,5.01,9.95,7,2025-01-29,0.0,Closed
L0001261,APP0001798,C001372,Nano,32.76,15.25,30,2025-08-24,13.44,Active
L0001262,APP0001799,C000769,Nano,195.65,15.04,30,2025-03-19,140.55,Defaulted
L0001263,APP0001801,C000414,BNPL,129.64,3.28,118,2025-02-09,0.0,Closed
L0001264,APP0001802,C002122,ACS,15.75,7.04,7,2025-06-29,2.32,Active
L0001265,APP0001803,C001409,ACS,8.1,7.54,7,2025-01-25,0.0,Active
L0001266,APP0001804,C000079,Nano,62.17,15.64,30,2025-04-13,0.0,Closed
L0001267,APP0001807,C004389,ACS,16.51,6.18,7,2025-01-17,0.0,Closed
L0001268,APP0001808,C003084,ACS,13.18,6.66,7,2025-08-14,6.0,Active
L0001269,APP0001809,C002480,ACS,29.48,9.62,7,2025-02-25,0.0,Closed
L0001270,APP0001810,C001224,ACS,5.54,8.54,7,2025-05-19,0.14,Closed
L0001271,APP0001811,C002956,BNPL,509.57,4.92,167,2025-05-27,46.62,Active
L0001272,APP0001813,C000140,Nano,284.07,17.41,30,2025-05-19,74.38,Active
L0001273,APP0001814,C001165,ACS,12.88,9.18,7,2025-04-03,1.52,Active
L0001274,APP0001820,C002670,ACS,16.11,7.54,7,2025-03-28,0.0,Closed
L0001275,APP0001821,C004069,ACS,6.5,6.89,7,2025-03-19,0.31,Active
L0001276,APP0001822,C004279,ACS,9.88,8.06,7,2025-04-14,0.57,Active
L0001277,APP0001823,C001908,ACS,7.64,6.17,7,2025-01-19,0.0,Closed
L0001278,APP0001825,C000071,Nano,163.38,16.77,30,2025-03-19,75.98,Defaulted
L0001279,APP0001826,C004245,ACS,19.68,6.54,7,2025-04-16,11.4,Defaulted
L0001280,APP0001827,C001174,Nano,249.13,15.0,30,2025-02-02,40.84,Active
L0001281,APP0001828,C000321,Nano,116.09,13.82,30,2025-02-14,32.88,Active
L0001282,APP0001829,C003013,ACS,7.51,7.34,7,2025-04-07,0.0,Closed
L0001283,APP0001830,C001863,ACS,9.22,8.05,7,2025-01-09,0.0,Closed
L0001284,APP0001832,C002176,Nano,285.25,12.95,30,2025-08-03,210.57,Active
L0001285,APP0001833,C003141,ACS,16.25,6.92,7,2025-05-13,0.54,Active
L0001286,APP0001834,C004009,ACS,12.71,9.37,7,2025-07-01,3.42,Active
L0001287,APP0001836,C003054,Nano,131.22,13.77,30,2025-02-19,100.08,Defaulted
L0001288,APP0001837,C004044,Nano,56.17,12.95,30,2025-01-27,0.0,Closed
L0001289,APP0001838,C003926,Nano,92.33,15.9,30,2025-01-25,0.0,Closed
L0001290,APP0001839,C000863,ACS,24.52,6.64,7,2025-04-08,0.0,Closed
L0001291,APP0001844,C004069,ACS,17.28,9.59,7,2025-06-05,2.49,Active
L0001292,APP0001845,C003975,ACS,21.51,6.38,7,2025-03-13,0.0,Closed
L0001293,APP0001850,C000033,Nano,164.26,14.55,30,2025-05-08,101.37,Active
L0001294,APP0001851,C003419,ACS,7.41,8.61,7,2025-05-21,2.26,Active
L0001295,APP0001852,C003078,ACS,6.45,9.42,7,2025-01-16,0.0,Closed
L0001296,APP0001853,C000826,Nano,299.77,16.89,30,2025-09-05,197.63,Active
L0001297,APP0001854,C002463,ACS,28.55,7.07,7,2025-06-11,22.49,Defaulted
L0001298,APP0001855,C003581,Nano,196.96,14.67,30,2025-06-08,62.13,Active
L0001299,APP0001856,C003895,BNPL,729.89,3.34,167,2025-03-02,366.94,Defaulted
L0001300,APP0001857,C003880,ACS,19.6,9.64,7,2025-02-15,0.0,Closed
L0001301,APP0001858,C000488,Nano,242.72,16.4,30,2025-04-02,56.47,Active
L0001302,APP0001860,C002978,Nano,89.78,14.86,30,2025-03-24,0.0,Closed
L0001303,APP0001861,C000527,ACS,17.53,8.35,7,2025-05-25,4.06,Active
L0001304,APP0001862,C000995,Nano,77.09,17.5,30,2025-01-09,0.0,Closed
L0001305,APP0001864,C002573,Nano,287.56,14.1,30,2025-02-03,213.18,Defaulted
L0001306,APP0001865,C002892,Nano,106.0,14.97,30,2025-04-15,58.89,Active
L0001307,APP0001868,C004562,ACS,19.3,7.14,7,2025-02-04,8.49,Defaulted
L0001308,APP0001870,C000917,Nano,194.03,16.4,30,2025-02-19,45.07,Active
L0001309,APP0001871,C001110,ACS,20.04,9.46,7,2025-06-09,3.27,Active
L0001310,APP0001872,C002876,ACS,12.92,9.01,7,2025-05-17,11.34,Defaulted
L0001311,APP0001873,C004434,ACS,20.4,9.85,7,2025-04-15,0.0,Closed
L0001312,APP0001874,C000029,ACS,24.18,9.68,7,2025-08-22,10.79,Active
L0001313,APP0001875,C001126,Nano,247.1,17.78,30,2025-07-18,78.0,Active
L0001314,APP0001878,C002497,ACS,24.04,9.99,7,2025-03-15,0.0,Closed
L0001315,APP0001879,C003573,Nano,35.59,16.92,30,2025-04-02,0.93,Closed
L0001316,APP0001881,C000662,ACS,11.34,7.43,7,2025-09-21,7.13,Active
L0001317,APP0001882,C002714,Nano,44.04,17.5,30,2025-05-17,1.2,Closed
L0001318,APP0001883,C002100,Nano,153.07,15.27,30,2025-07-11,39.35,Active
L0001319,APP0001884,C000922,Nano,71.56,13.54,30,2025-03-03,0.0,Closed
L0001320,APP0001885,C001305,Nano,294.03,12.63,30,2025-01-11,0.0,Closed
L0001321,APP0001886,C003633,ACS,9.68,6.47,7,2025-08-18,3.73,Active
L0001322,APP0001888,C004342,Nano,255.03,14.54,30,2025-07-07,70.15,Active
L0001323,APP0001889,C000798,Nano,257.04,17.44,30,2025-05-05,162.69,Defaulted
L0001324,APP0001890,C003793,Nano,143.29,13.0,30,2025-08-01,78.32,Active
L0001325,APP0001891,C003149,ACS,11.63,8.69,7,2025-08-20,4.62,Active
L0001326,APP0001893,C003823,Nano,287.17,13.67,30,2025-02-26,104.26,Defaulted
L0001327,APP0001895,C001506,ACS,8.35,9.28,7,2025-02-21,0.0,Closed
L0001328,APP0001896,C000556,Nano,233.14,12.27,30,2025-01-25,89.55,Active
L0001329,APP0001898,C002046,BNPL,319.13,3.7,154,2025-04-08,0.0,Closed
L0001330,APP0001902,C000206,ACS,5.31,8.36,7,2025-11-06,4.02,Active
L0001331,APP0001904,C001259,ACS,26.25,6.17,7,2025-03-12,0.0,Active
L0001332,APP0001906,C004133,Nano,185.28,16.14,30,2025-02-15,22.29,Active
L0001333,APP0001908,C002030,ACS,15.58,6.99,7,2025-05-01,4.62,Active
L0001334,APP0001909,C000038,Nano,194.26,15.44,30,2025-04-29,0.0,Closed
L0001335,APP0001910,C001177,BNPL,370.27,3.33,176,2025-07-29,201.17,Active
L0001336,APP0001911,C002848,Nano,210.98,13.48,30,2025-05-03,16.46,Active
L0001337,APP0001912,C004748,BNPL,676.95,2.72,95,2025-04-03,58.46,Active
L0001338,APP0001913,C000180,ACS,27.52,6.38,7,2025-05-10,0.43,Closed
L0001339,APP0001914,C000779,Nano,45.46,16.55,30,2025-01-08,3.66,Defaulted
L0001340,APP0001915,C001792,BNPL,137.32,3.43,159,2025-03-05,49.48,Active
L0001341,APP0001917,C004751,Nano,294.38,13.96,30,2025-02-01,154.24,Defaulted
L0001342,APP0001921,C004993,ACS,10.76,9.42,7,2025-07-04,8.21,Active
L0001343,APP0001922,C003931,ACS,21.69,8.19,7,2025-02-19,0.0,Closed
L0001344,APP0001924,C001383,Nano,274.77,16.49,30,2025-05-10,57.37,Active
L0001345,APP0001925,C001548,Nano,119.45,15.72,30,2025-02-06,0.0,Active
L0001346,APP0001926,C004919,Nano,196.99,12.63,30,2025-04-14,72.74,Active
L0001347,APP0001929,C000346,Nano,235.07,12.45,30,2025-03-21,196.08,Defaulted
L0001348,APP0001930,C004298,ACS,16.64,8.89,7,2025-02-02,0.0,Closed
L0001349,APP0001931,C000649,ACS,15.13,7.89,7,2025-08-09,9.23,Active
L0001350,APP0001932,C003498,ACS,16.5,7.58,7,2025-05-14,0.34,Closed
L0001351,APP0001934,C000870,ACS,20.12,9.8,7,2025-05-14,1.96,Active
L0001352,APP0001935,C000571,Nano,82.71,12.51,30,2025-04-02,0.0,Closed
L0001353,APP0001937,C004019,ACS,7.53,7.21,7,2025-04-12,6.31,Defaulted
L0001354,APP0001938,C000060,BNPL,383.31,3.35,118,2025-09-19,195.1,Active
L0001355,APP0001939,C003520,ACS,13.59,7.67,7,2025-03-28,0.0,Active
L0001356,APP0001940,C002866,ACS,8.55,8.76,7,2025-04-18,0.77,Active
L0001357,APP0001941,C003972,ACS,26.83,7.51,7,2025-01-21,0.0,Active
L0001358,APP0001944,C002043,ACS,7.51,9.68,7,2025-02-04,0.0,Closed
L0001359,APP0001945,C004936,BNPL,978.18,2.25,141,2025-05-26,758.75,Active
L0001360,APP0001946,C004123,ACS,7.47,9.61,7,2025-01-10,0.0,Closed
L0001361,APP0001947,C001758,Nano,212.62,16.36,30,2025-06-11,167.42,Active
L0001362,APP0001948,C004654,BNPL,780.97,2.7,149,2025-02-21,507.2,Defaulted
L0001363,APP0001949,C000037,Nano,267.92,15.61,30,2025-11-11,201.32,Active
L0001364,APP0001950,C002669,BNPL,881.95,4.23,152,2025-02-02,0.0,Closed
L0001365,APP0001951,C003870,Nano,207.01,17.86,30,2025-02-10,0.0,Closed
L0001366,APP0001952,C003370,ACS,21.62,7.06,7,2025-05-29,1.76,Active
L0001367,APP0001953,C000895,ACS,17.03,9.2,7,2025-06-14,2.95,Active
L0001368,APP0001954,C000730,Nano,36.56,16.11,30,2025-04-11,5.29,Active
L0001369,APP0001956,C004991,BNPL,441.14,2.14,123,2025-05-31,11.73,Closed
L0001370,APP0001957,C003821,ACS,17.35,7.0,7,2025-02-19,0.0,Closed
L0001371,APP0001958,C004290,Nano,202.06,14.11,30,2025-04-24,0.0,Closed
L0001372,APP0001959,C004553,BNPL,661.22,4.01,127,2025-06-03,139.46,Active
L0001373,APP0001960,C004746,ACS,24.2,9.07,7,2025-03-16,1.61,Active
L0001374,APP0001961,C003950,Nano,211.62,15.77,30,2025-03-12,0.0,Closed
L0001375,APP0001962,C003891,Nano,257.3,17.41,30,2025-05-19,7.03,Closed
L0001376,APP0001963,C003949,Nano,295.13,14.89,30,2025-05-26,31.74,Active
L0001377,APP0001964,C001615,ACS,14.51,9.39,7,2025-11-01,11.98,Active
L0001378,APP0001965,C002703,ACS,17.71,9.74,7,2025-08-19,9.81,Active
L0001379,APP0001966,C001109,Nano,26.08,16.49,30,2025-05-05,0.45,Closed
L0001380,APP0001967,C002655,BNPL,329.15,2.83,170,2025-07-31,282.93,Defaulted
L0001381,APP0001968,C002556,ACS,17.96,8.41,7,2025-04-04,0.0,Closed
L0001382,APP0001970,C000413,ACS,15.92,9.82,7,2025-10-01,14.57,Active
L0001383,APP0001971,C004754,Nano,164.7,16.27,30,2025-03-12,79.9,Active
L0001384,APP0001973,C000164,Nano,32.29,13.16,30,2025-03-09,0.0,Closed
L0001385,APP0001976,C003640,Nano,120.16,14.66,30,2025-05-03,29.78,Active
L0001386,APP0001978,C003129,Nano,297.64,13.49,30,2025-04-24,230.53,Defaulted
L0001387,APP0001982,C003668,Nano,264.39,13.81,30,2025-07-07,160.6,Active
L0001388,APP0001984,C001556,ACS,24.54,9.05,7,2025-07-20,6.63,Active
L0001389,APP0001985,C003836,ACS,27.35,6.75,7,2025-04-10,0.0,Closed
L0001390,APP0001987,C003346,ACS,12.87,6.08,7,2025-02-20,0.0,Closed
L0001391,APP0001988,C002093,ACS,18.15,8.75,7,2025-03-14,15.16,Defaulted
L0001392,APP0001989,C001436,BNPL,879.5,4.62,117,2025-03-19,0.0,Closed
L0001393,APP0001991,C003609,BNPL,323.04,4.19,111,2025-11-18,243.15,Active
L0001394,APP0001992,C001626,ACS,10.29,7.93,7,2025-04-05,1.6,Active
L0001395,APP0001993,C002781,BNPL,672.09,2.36,129,2025-03-29,13.49,Active
L0001396,APP0001994,C001300,BNPL,197.14,4.58,90,2025-04-20,0.0,Closed
L0001397,APP0001995,C000737,ACS,11.73,7.09,7,2025-02-22,0.0,Active
L0001398,APP0001998,C001505,ACS,18.23,8.87,7,2025-03-05,0.0,Closed
L0001399,APP0002002,C004149,Nano,74.09,14.16,30,2025-08-31,29.39,Active
L0001400,APP0002004,C000903,ACS,15.78,8.53,7,2025-03-16,0.0,Active
L0001401,APP0002006,C001637,Nano,28.75,12.09,30,2025-03-20,5.94,Active
L0001402,APP0002009,C004026,Nano,123.82,14.94,30,2025-09-29,62.74,Active
L0001403,APP0002010,C000376,Nano,271.74,15.47,30,2025-07-16,72.71,Active
L0001404,APP0002011,C000352,Nano,290.98,14.39,30,2025-05-27,8.59,Closed
L0001405,APP0002013,C002840,ACS,21.84,8.9,7,2025-02-02,0.0,Closed
L0001406,APP0002019,C000214,Nano,99.85,17.26,30,2025-03-22,0.0,Active
L0001407,APP0002020,C004570,ACS,20.77,9.25,7,2025-09-12,10.5,Active
L0001408,APP0002021,C001530,Nano,22.25,16.82,30,2025-02-23,0.0,Closed
L0001409,APP0002022,C004539,ACS,9.09,8.1,7,2025-02-09,0.0,Closed
L0001410,APP0002023,C004997,Nano,48.36,15.53,30,2025-01-20,0.0,Closed
L0001411,APP0002027,C004843,ACS,26.58,6.87,7,2025-06-27,3.95,Active
L0001412,APP0002028,C002484,ACS,17.57,8.49,7,2025-03-27,9.12,Active
L0001413,APP0002029,C004188,BNPL,149.07,2.85,178,2025-03-06,0.0,Closed
L0001414,APP0002031,C004239,ACS,19.84,9.42,7,2025-04-30,10.43,Defaulted
L0001415,APP0002032,C002990,Nano,199.68,13.95,30,2025-04-25,10.66,Active
L0001416,APP0002033,C000243,Nano,176.48,17.4,30,2025-05-24,157.93,Defaulted
L0001417,APP0002035,C003275,ACS,29.83,6.02,7,2025-05-18,2.36,Active
L0001418,APP0002036,C004906,Nano,213.79,13.79,30,2025-03-22,0.0,Closed
L0001419,APP0002038,C002545,Nano,174.16,13.46,30,2025-03-02,0.0,Active
L0001420,APP0002039,C004030,ACS,6.48,7.7,7,2025-05-08,0.17,Closed
L0001421,APP0002040,C004677,BNPL,628.7,2.79,148,2025-06-11,173.15,Active
L0001422,APP0002041,C004380,ACS,16.91,9.22,7,2025-06-29,3.71,Active
L0001423,APP0002042,C004941,ACS,15.4,6.1,7,2025-11-10,11.61,Active
L0001424,APP0002043,C001797,ACS,16.64,7.7,7,2025-05-09,1.33,Active
L0001425,APP0002044,C002221,ACS,26.31,7.61,7,2025-02-11,0.0,Closed
L0001426,APP0002046,C000669,Nano,262.58,13.18,30,2025-06-13,119.9,Active
L0001427,APP0002047,C004083,ACS,19.21,9.75,7,2025-01-17,0.0,Closed
L0001428,APP0002050,C001793,Nano,63.35,16.87,30,2025-03-29,0.0,Closed
L0001429,APP0002051,C004634,Nano,196.54,16.26,30,2025-01-18,0.0,Closed
L0001430,APP0002053,C003698,Nano,209.05,13.07,30,2025-02-27,0.0,Closed
L0001431,APP0002055,C002734,ACS,15.99,7.59,7,2025-07-10,4.38,Active
L0001432,APP0002056,C000849,BNPL,474.66,3.48,113,2025-06-10,102.96,Active
L0001433,APP0002057,C003174,Nano,266.27,12.89,30,2025-06-11,164.99,Active
L0001434,APP0002058,C000101,BNPL,613.28,4.84,154,2025-09-29,318.7,Active
L0001435,APP0002059,C002099,BNPL,313.8,2.3,146,2025-02-15,0.0,Closed
L0001436,APP0002061,C000902,Nano,92.48,13.79,30,2025-03-21,42.19,Active
L0001437,APP0002063,C003887,Nano,296.46,17.4,30,2025-03-02,0.0,Closed
L0001438,APP0002064,C003756,ACS,8.95,9.36,7,2025-03-29,2.76,Active
L0001439,APP0002065,C002960,Nano,65.02,16.88,30,2025-03-21,0.0,Closed
L0001440,APP0002067,C001211,Nano,284.81,15.0,30,2025-06-05,39.69,Active
L0001441,APP0002068,C000793,Nano,66.69,12.05,30,2025-03-23,0.0,Closed
L0001442,APP0002069,C003684,ACS,10.5,6.87,7,2025-05-28,0.85,Active
L0001443,APP0002070,C001324,ACS,13.69,8.42,7,2025-05-08,1.94,Active
L0001444,APP0002073,C001459,ACS,6.08,6.7,7,2025-05-11,0.1,Closed
L0001445,APP0002074,C001930,ACS,5.07,6.16,7,2025-03-19,0.0,Closed
L0001446,APP0002076,C000497,ACS,21.29,8.08,7,2025-04-04,0.0,Closed
L0001447,APP0002077,C002352,ACS,27.52,9.52,7,2025-06-06,24.25,Defaulted
L0001448,APP0002078,C002319,Nano,235.36,17.68,30,2025-02-12,0.0,Closed
L0001449,APP0002079,C001608,Nano,273.74,17.8,30,2025-06-06,39.51,Active
L0001450,APP0002080,C003997,Nano,131.97,13.09,30,2025-06-22,19.32,Active
L0001451,APP0002081,C004902,Nano,246.13,12.39,30,2025-07-17,206.6,Defaulted
L0001452,APP0002082,C000239,Nano,292.89,17.47,30,2025-06-11,45.24,Active
L0001453,APP0002083,C004662,Nano,164.1,12.1,30,2025-01-26,0.0,Closed
L0001454,APP0002086,C000616,ACS,23.37,7.18,7,2025-03-05,0.05,Active
L0001455,APP0002087,C001940,Nano,23.0,12.61,30,2025-03-08,0.0,Active
L0001456,APP0002088,C003280,Nano,243.86,13.46,30,2025-08-02,144.56,Active
L0001457,APP0002089,C001021,Nano,50.22,14.93,30,2025-05-10,4.32,Active
L0001458,APP0002090,C001203,Nano,284.41,16.03,30,2025-05-18,212.62,Defaulted
L0001459,APP0002091,C002816,Nano,265.03,17.94,30,2025-01-20,67.49,Defaulted
L0001460,APP0002092,C004225,BNPL,390.31,2.08,100,2025-04-08,0.0,Closed
L0001461,APP0002093,C000814,ACS,20.86,6.82,7,2025-02-13,0.0,Closed
L0001462,APP0002095,C004980,ACS,13.19,8.29,7,2025-02-09,0.0,Closed
L0001463,APP0002096,C002107,BNPL,776.98,2.1,122,2025-03-17,357.6,Active
L0001464,APP0002097,C000381,ACS,13.17,7.15,7,2025-01-20,0.0,Closed
L0001465,APP0002099,C001367,ACS,28.47,9.98,7,2025-02-15,0.0,Active
L0001466,APP0002100,C000565,BNPL,515.57,4.57,144,2025-04-20,71.98,Active
L0001467,APP0002102,C003804,ACS,17.67,9.34,7,2025-04-24,11.9,Defaulted
L0001468,APP0002103,C000633,BNPL,389.34,3.42,155,2025-02-21,39.83,Active
L0001469,APP0002105,C001890,Nano,245.39,17.63,30,2025-02-02,108.6,Defaulted
L0001470,APP0002107,C003335,ACS,22.44,7.66,7,2025-01-31,0.0,Closed
L0001471,APP0002108,C000303,BNPL,988.03,2.41,169,2025-04-09,233.14,Active
L0001472,APP0002109,C000841,Nano,100.04,16.82,30,2025-05-03,44.13,Active
L0001473,APP0002110,C004166,BNPL,176.54,4.38,172,2025-02-15,0.0,Active
L0001474,APP0002112,C004525,Nano,198.05,17.36,30,2025-05-21,7.24,Active
L0001475,APP0002114,C000640,BNPL,117.35,2.65,122,2025-04-17,0.0,Closed
L0001476,APP0002115,C001545,ACS,14.25,6.24,7,2025-05-11,2.4,Active
L0001477,APP0002117,C003566,ACS,8.78,8.75,7,2025-03-28,0.0,Closed
L0001478,APP0002118,C004167,Nano,266.75,14.85,30,2025-07-25,82.11,Active
L0001479,APP0002120,C002886,ACS,17.85,9.57,7,2025-06-01,4.68,Active
L0001480,APP0002121,C003685,ACS,8.59,6.85,7,2025-06-21,1.53,Active
L0001481,APP0002122,C003918,Nano,281.76,12.9,30,2025-06-16,129.86,Active
L0001482,APP0002123,C003629,ACS,14.28,9.84,7,2025-05-07,0.46,Active
L0001483,APP0002124,C000198,Nano,184.51,12.47,30,2025-08-29,72.19,Active
L0001484,APP0002125,C001013,Nano,42.04,15.23,30,2025-04-10,3.64,Active
L0001485,APP0002126,C002481,ACS,18.42,8.66,7,2025-06-10,3.53,Active
L0001486,APP0002127,C003496,ACS,7.05,6.7,7,2025-05-09,5.84,Defaulted
L0001487,APP0002128,C004835,ACS,16.07,9.62,7,2025-04-15,0.0,Closed
L0001488,APP0002129,C001505,ACS,26.71,8.13,7,2025-02-15,0.0,Closed
L0001489,APP0002130,C003877,ACS,6.17,7.21,7,2025-04-30,0.24,Active
L0001490,APP0002132,C001341,Nano,90.96,14.66,30,2025-05-15,81.74,Defaulted
L0001491,APP0002135,C001641,ACS,28.05,8.87,7,2025-05-12,2.02,Active
L0001492,APP0002136,C001063,Nano,149.95,16.66,30,2025-05-05,22.96,Active
L0001493,APP0002137,C001094,ACS,20.42,7.5,7,2025-01-13,8.55,Defaulted
L0001494,APP0002138,C001111,Nano,254.41,13.71,30,2025-07-14,91.32,Active
L0001495,APP0002139,C000457,Nano,52.85,16.27,30,2025-01-17,0.0,Closed
L0001496,APP0002140,C000947,ACS,13.54,9.26,7,2025-03-03,0.0,Closed
L0001497,APP0002142,C000950,BNPL,184.64,3.56,127,2025-03-17,0.0,Closed
L0001498,APP0002144,C002497,ACS,20.21,9.44,7,2025-02-01,0.0,Closed
L0001499,APP0002145,C003511,Nano,142.73,12.65,30,2025-05-02,9.05,Active
L0001500,APP0002146,C001549,ACS,9.81,7.38,7,2025-10-08,6.22,Active
L0001501,APP0002147,C004135,Nano,34.28,14.24,30,2025-04-14,0.0,Closed
L0001502,APP0002148,C003890,Nano,156.18,17.54,30,2025-06-21,105.72,Defaulted
L0001503,APP0002150,C004471,ACS,9.65,7.27,7,2025-07-04,6.53,Active
L0001504,APP0002151,C001742,ACS,6.46,7.37,7,2025-01-27,2.4,Defaulted
L0001505,APP0002154,C000957,Nano,124.57,12.89,30,2025-02-24,0.0,Closed
L0001506,APP0002155,C000410,BNPL,298.74,4.91,107,2025-03-21,49.53,Active
L0001507,APP0002156,C004990,ACS,27.46,8.88,7,2025-03-15,0.0,Active
L0001508,APP0002158,C000236,ACS,15.49,6.21,7,2025-03-31,1.16,Active
L0001509,APP0002161,C001342,ACS,22.8,7.03,7,2025-02-02,8.84,Defaulted
L0001510,APP0002163,C004302,Nano,165.54,12.32,30,2025-06-05,24.04,Active
L0001511,APP0002164,C004689,Nano,246.43,16.67,30,2025-03-29,87.4,Defaulted
L0001512,APP0002165,C004380,ACS,8.69,9.16,7,2025-05-07,0.21,Closed
L0001513,APP0002166,C001625,ACS,18.96,8.45,7,2025-01-09,11.75,Defaulted
L0001514,APP0002167,C000427,Nano,278.41,12.83,30,2025-06-02,56.98,Active
L0001515,APP0002168,C004791,Nano,251.55,14.54,30,2025-01-10,170.22,Defaulted
L0001516,APP0002169,C002729,Nano,142.7,14.28,30,2025-03-26,0.0,Closed
L0001517,APP0002170,C004865,BNPL,795.52,3.08,166,2025-03-23,0.0,Active
L0001518,APP0002171,C000837,ACS,8.74,6.65,7,2025-06-08,6.28,Defaulted
L0001519,APP0002174,C003964,ACS,24.84,8.7,7,2025-03-28,7.35,Active
L0001520,APP0002175,C000551,ACS,18.2,6.77,7,2025-11-08,13.72,Active
L0001521,APP0002177,C002368,Nano,128.95,15.77,30,2025-02-04,0.0,Closed
L0001522,APP0002179,C000739,ACS,18.0,9.23,7,2025-04-14,8.33,Defaulted
L0001523,APP0002180,C001119,Nano,296.2,13.46,30,2025-07-24,79.66,Active
L0001524,APP0002181,C003182,Nano,28.43,15.66,30,2025-02-20,15.4,Defaulted
L0001525,APP0002183,C004442,BNPL,187.45,4.5,128,2025-07-18,54.33,Active
L0001526,APP0002184,C000568,Nano,212.61,13.59,30,2025-07-22,57.81,Active
L0001527,APP0002185,C000035,ACS,13.2,8.74,7,2025-06-21,1.9,Active
L0001528,APP0002186,C001810,Nano,294.9,15.57,30,2025-04-10,0.0,Closed
L0001529,APP0002188,C002010,BNPL,519.31,3.63,114,2025-06-02,466.24,Defaulted
L0001530,APP0002189,C002384,Nano,296.12,17.09,30,2025-02-13,44.97,Active
L0001531,APP0002191,C000167,Nano,52.51,15.7,30,2025-03-20,0.0,Closed
L0001532,APP0002193,C001693,Nano,41.52,12.4,30,2025-04-09,0.0,Closed
L0001533,APP0002195,C001602,BNPL,356.83,4.44,143,2025-05-24,53.12,Active
L0001534,APP0002196,C003168,Nano,156.52,15.95,30,2025-03-31,0.0,Active
L0001535,APP0002197,C004246,ACS,7.3,6.83,7,2025-07-31,2.12,Active
L0001536,APP0002198,C003390,ACS,27.16,7.39,7,2025-08-25,10.75,Active
L0001537,APP0002199,C003303,BNPL,170.93,3.49,143,2025-03-12,0.0,Closed
L0001538,APP0002200,C000601,ACS,28.01,7.41,7,2025-02-14,0.56,Active
L0001539,APP0002201,C004436,ACS,24.97,9.69,7,2025-04-18,0.0,Closed
L0001540,APP0002202,C002796,BNPL,858.69,4.88,113,2025-03-01,0.0,Active
L0001541,APP0002203,C000825,ACS,22.97,6.65,7,2025-03-08,12.22,Defaulted
L0001542,APP0002204,C003174,ACS,29.39,8.06,7,2025-05-20,7.81,Active
L0001543,APP0002205,C002435,Nano,244.26,14.13,30,2025-04-09,0.0,Closed
L0001544,APP0002208,C004787,Nano,283.67,13.43,30,2025-01-21,0.0,Closed
L0001545,APP0002211,C001461,ACS,27.94,9.06,7,2025-05-17,0.66,Closed
L0001546,APP0002212,C001053,Nano,175.8,14.94,30,2025-03-13,0.0,Closed
L0001547,APP0002213,C001154,ACS,10.36,6.89,7,2025-05-23,0.72,Active
L0001548,APP0002215,C004746,ACS,22.47,9.29,7,2025-08-19,8.93,Active
L0001549,APP0002216,C002448,Nano,118.32,12.37,30,2025-08-26,60.6,Active
L0001550,APP0002217,C004043,ACS,7.29,6.82,7,2025-01-10,4.62,Defaulted
L0001551,APP0002219,C001305,Nano,55.71,13.28,30,2025-02-18,0.0,Closed
L0001552,APP0002220,C004243,BNPL,795.86,2.96,111,2025-04-30,0.0,Closed
L0001553,APP0002222,C000054,BNPL,794.36,2.42,118,2025-02-26,0.0,Closed
L0001554,APP0002223,C003578,ACS,5.1,6.38,7,2025-04-19,0.0,Closed
L0001555,APP0002224,C004394,ACS,6.9,9.93,7,2025-07-18,1.8,Active
L0001556,APP0002225,C001227,Nano,264.21,17.08,30,2025-04-16,194.89,Defaulted
L0001557,APP0002227,C003662,ACS,19.61,8.78,7,2025-03-30,11.69,Defaulted
L0001558,APP0002228,C004847,ACS,10.64,8.08,7,2025-04-23,3.45,Active
L0001559,APP0002229,C001301,Nano,33.28,16.28,30,2025-04-14,8.23,Active
L0001560,APP0002230,C002152,ACS,14.66,9.61,7,2025-06-06,7.86,Active
L0001561,APP0002231,C003396,Nano,239.66,13.68,30,2025-05-12,28.0,Active
L0001562,APP0002232,C004263,BNPL,589.34,2.39,146,2025-02-21,0.0,Closed
L0001563,APP0002233,C000169,Nano,248.54,16.25,30,2025-04-07,152.85,Defaulted
L0001564,APP0002235,C004471,ACS,27.47,7.15,7,2025-03-05,0.0,Closed
L0001565,APP0002236,C002626,ACS,24.02,9.35,7,2025-05-21,3.6,Active
L0001566,APP0002237,C003791,ACS,9.39,8.28,7,2025-03-20,2.59,Active
L0001567,APP0002238,C000317,ACS,10.51,8.89,7,2025-02-25,1.05,Active
L0001568,APP0002239,C000455,Nano,103.07,12.39,30,2025-02-11,68.85,Defaulted
L0001569,APP0002241,C001880,ACS,8.35,6.42,7,2025-05-26,0.84,Active
L0001570,APP0002242,C004711,ACS,24.84,6.22,7,2025-08-24,17.42,Active
L0001571,APP0002243,C002155,ACS,12.46,7.58,7,2025-09-02,6.38,Active
L0001572,APP0002244,C004216,ACS,17.65,8.51,7,2025-02-14,0.0,Active
L0001573,APP0002245,C002718,ACS,28.64,6.14,7,2025-01-26,0.0,Closed
L0001574,APP0002246,C003402,Nano,102.76,15.53,30,2025-06-11,76.98,Defaulted
L0001575,APP0002248,C000595,ACS,17.77,7.63,7,2025-03-19,13.76,Defaulted
L0001576,APP0002250,C004920,Nano,285.63,14.45,30,2025-05-21,176.95,Active
L0001577,APP0002251,C001935,ACS,29.61,7.74,7,2025-01-26,0.0,Closed
L0001578,APP0002252,C001720,Nano,86.13,17.69,30,2025-05-15,2.17,Closed
L0001579,APP0002255,C001917,ACS,17.7,6.13,7,2025-06-14,3.06,Active
L0001580,APP0002256,C001365,Nano,187.41,17.93,30,2025-03-14,12.79,Active
L0001581,APP0002257,C004857,ACS,5.26,6.64,7,2025-05-26,0.51,Active
L0001582,APP0002258,C004137,Nano,264.7,17.28,30,2025-05-14,161.9,Active
L0001583,APP0002259,C002860,Nano,86.06,13.89,30,2025-05-28,1.56,Closed
L0001584,APP0002260,C001893,Nano,162.56,15.15,30,2025-08-05,62.62,Active
L0001585,APP0002261,C001761,Nano,209.35,12.03,30,2025-05-16,5.97,Closed
L0001586,APP0002262,C001954,Nano,245.24,15.22,30,2025-03-23,0.0,Closed
L0001587,APP0002264,C000023,Nano,198.82,15.02,30,2025-06-11,39.99,Active
L0001588,APP0002265,C003286,ACS,12.74,6.8,7,2025-04-29,0.0,Closed
L0001589,APP0002266,C002877,Nano,255.74,12.76,30,2025-05-08,5.2,Closed
L0001590,APP0002270,C004610,ACS,15.16,7.03,7,2025-03-27,3.04,Active
L0001591,APP0002271,C004674,ACS,14.52,9.88,7,2025-08-25,6.06,Active
L0001592,APP0002274,C004761,ACS,10.85,6.09,7,2025-06-04,8.84,Active
L0001593,APP0002276,C001949,Nano,226.38,17.57,30,2025-02-12,188.02,Defaulted
L0001594,APP0002277,C001793,Nano,40.96,14.54,30,2025-08-09,16.03,Active
L0001595,APP0002280,C002260,ACS,5.45,7.39,7,2025-07-03,1.5,Active
L0001596,APP0002281,C004862,Nano,234.9,14.31,30,2025-06-20,190.32,Defaulted
L0001597,APP0002282,C004547,Nano,21.02,13.5,30,2025-09-27,13.33,Active
L0001598,APP0002284,C001622,Nano,94.54,13.53,30,2025-03-12,8.26,Active
L0001599,APP0002286,C001643,ACS,8.56,9.5,7,2025-04-17,0.0,Closed
L0001600,APP0002287,C002096,BNPL,366.54,2.11,170,2025-07-16,111.95,Active
L0001601,APP0002289,C002226,Nano,28.57,14.19,30,2025-07-29,12.5,Active
L0001602,APP0002290,C002489,Nano,97.71,16.47,30,2025-02-11,0.0,Active
L0001603,APP0002291,C003214,Nano,299.86,17.56,30,2025-05-11,120.27,Active
L0001604,APP0002292,C004439,Nano,259.69,13.24,30,2025-02-23,142.79,Defaulted
L0001605,APP0002293,C002644,ACS,21.35,9.0,7,2025-03-18,10.83,Defaulted
L0001606,APP0002294,C001038,ACS,15.78,8.56,7,2025-03-26,0.0,Closed
L0001607,APP0002295,C000927,Nano,227.39,13.04,30,2025-08-20,108.74,Active
L0001608,APP0002297,C004991,ACS,6.82,8.44,7,2025-04-06,0.0,Closed
L0001609,APP0002299,C000442,ACS,21.27,9.17,7,2025-03-02,0.0,Closed
L0001610,APP0002300,C000414,Nano,181.84,15.06,30,2025-03-30,130.45,Defaulted
L0001611,APP0002301,C001371,ACS,17.97,9.78,7,2025-02-25,0.0,Active
L0001612,APP0002302,C004769,ACS,29.56,9.38,7,2025-02-28,17.89,Active
L0001613,APP0002303,C003904,BNPL,103.67,4.68,169,2025-01-31,17.51,Defaulted
L0001614,APP0002304,C003929,Nano,130.06,13.39,30,2025-02-10,0.0,Closed
L0001615,APP0002305,C001665,ACS,8.8,6.32,7,2025-03-28,0.0,Closed
L0001616,APP0002307,C002039,Nano,119.03,16.72,30,2025-06-15,16.76,Active
L0001617,APP0002308,C002002,ACS,6.15,9.96,7,2025-07-26,1.62,Active
L0001618,APP0002309,C004690,BNPL,228.11,4.12,126,2025-06-20,32.07,Active
L0001619,APP0002310,C003785,Nano,234.78,14.49,30,2025-04-06,22.83,Active
L0001620,APP0002314,C003096,BNPL,895.05,3.68,174,2025-04-04,0.0,Closed
L0001621,APP0002315,C000686,BNPL,683.62,3.78,133,2025-02-22,249.22,Defaulted
L0001622,APP0002316,C000202,Nano,176.33,13.87,30,2025-05-19,3.25,Closed
L0001623,APP0002317,C004819,Nano,226.26,17.54,30,2025-04-22,110.15,Defaulted
L0001624,APP0002318,C000359,ACS,5.2,9.46,7,2025-02-27,0.68,Active
L0001625,APP0002320,C000977,Nano,31.76,12.69,30,2025-10-08,22.42,Active
L0001626,APP0002321,C000075,BNPL,830.52,2.44,149,2025-04-19,0.0,Closed
L0001627,APP0002323,C001416,Nano,277.28,13.26,30,2025-02-11,0.0,Closed
L0001628,APP0002325,C002749,Nano,298.94,15.39,30,2025-06-02,42.97,Active
L0001629,APP0002328,C000961,BNPL,538.76,2.56,146,2025-03-03,0.0,Closed
L0001630,APP0002331,C001172,ACS,19.94,8.72,7,2025-05-02,0.43,Closed
L0001631,APP0002332,C000568,Nano,120.14,14.96,30,2025-07-15,32.95,Active
L0001632,APP0002334,C004471,Nano,146.33,12.04,30,2025-08-16,58.34,Active
L0001633,APP0002336,C001924,ACS,5.13,8.44,7,2025-05-06,0.19,Active
L0001634,APP0002338,C003636,ACS,13.81,9.76,7,2025-03-15,11.47,Defaulted
L0001635,APP0002342,C001572,BNPL,599.31,3.6,98,2025-04-28,0.0,Closed
L0001636,APP0002343,C001018,ACS,12.17,9.93,7,2025-07-06,4.43,Active
L0001637,APP0002345,C002133,ACS,20.75,7.05,7,2025-01-09,0.0,Active
L0001638,APP0002346,C002482,ACS,14.59,6.68,7,2025-05-13,11.67,Defaulted
L0001639,APP0002347,C001835,Nano,189.44,13.32,30,2025-07-25,74.43,Active
L0001640,APP0002349,C003887,Nano,118.13,17.08,30,2025-03-09,0.0,Closed
L0001641,APP0002350,C002742,ACS,25.82,9.74,7,2025-10-17,16.4,Active
L0001642,APP0002351,C000922,Nano,175.31,14.96,30,2025-03-27,0.0,Closed
L0001643,APP0002352,C000376,BNPL,453.86,2.96,145,2025-06-09,65.65,Active
L0001644,APP0002354,C004619,BNPL,644.78,4.5,166,2025-03-14,0.0,Closed
L0001645,APP0002355,C000944,Nano,133.11,17.7,30,2025-05-28,12.24,Active
L0001646,APP0002356,C002109,ACS,13.05,8.27,7,2025-08-10,7.07,Active
L0001647,APP0002357,C002912,ACS,21.01,8.82,7,2025-04-09,0.0,Closed
L0001648,APP0002359,C004182,Nano,79.67,12.97,30,2025-03-07,0.0,Closed
L0001649,APP0002364,C000348,BNPL,362.88,3.43,148,2025-02-24,0.0,Active
L0001650,APP0002368,C004553,Nano,261.02,15.69,30,2025-03-07,0.0,Active
L0001651,APP0002371,C000358,Nano,152.89,14.02,30,2025-05-12,15.58,Active
L0001652,APP0002372,C000067,ACS,13.73,8.42,7,2025-03-20,0.0,Closed
L0001653,APP0002373,C004587,BNPL,962.14,3.5,170,2025-01-22,597.1,Defaulted
L0001654,APP0002375,C000304,Nano,23.98,14.75,30,2025-07-21,6.6,Active
L0001655,APP0002377,C002039,BNPL,715.74,2.38,169,2025-07-02,186.9,Active
L0001656,APP0002381,C003386,Nano,178.07,15.24,30,2025-08-07,75.77,Active
L0001657,APP0002382,C004680,BNPL,466.25,3.05,123,2025-04-07,166.83,Active
L0001658,APP0002383,C001956,ACS,18.75,8.43,7,2025-01-27,0.0,Closed
L0001659,APP0002385,C001716,Nano,135.53,12.97,30,2025-07-28,36.61,Active
L0001660,APP0002386,C002302,ACS,9.31,8.1,7,2025-11-11,7.45,Active
L0001661,APP0002387,C001070,ACS,20.38,6.75,7,2025-03-02,0.22,Closed
L0001662,APP0002388,C000027,Nano,174.4,16.15,30,2025-01-16,0.0,Closed
L0001663,APP0002390,C002919,ACS,29.02,9.0,7,2025-02-15,10.57,Defaulted
L0001664,APP0002391,C000497,ACS,15.04,6.68,7,2025-06-02,2.76,Active
L0001665,APP0002392,C004084,Nano,82.22,15.77,30,2025-04-20,42.75,Active
L0001666,APP0002393,C004587,Nano,158.89,14.37,30,2025-01-25,0.0,Closed
L0001667,APP0002394,C001431,ACS,20.28,9.17,7,2025-03-25,1.05,Active
L0001668,APP0002396,C000864,ACS,28.69,6.43,7,2025-04-09,0.15,Closed
L0001669,APP0002397,C002050,Nano,221.95,12.72,30,2025-03-23,0.0,Closed
L0001670,APP0002398,C004524,ACS,23.79,8.61,7,2025-05-08,2.26,Active
L0001671,APP0002402,C002241,Nano,126.54,12.35,30,2025-07-28,66.72,Active
L0001672,APP0002404,C004526,ACS,17.97,7.29,7,2025-01-25,0.0,Active
L0001673,APP0002405,C002494,ACS,13.84,6.84,7,2025-09-23,7.04,Active
L0001674,APP0002406,C003041,Nano,234.74,15.34,30,2025-04-08,12.8,Active
L0001675,APP0002407,C004272,Nano,294.6,14.86,30,2025-02-07,151.16,Defaulted
L0001676,APP0002408,C004721,ACS,18.53,8.68,7,2025-02-15,0.0,Closed
L0001677,APP0002409,C004475,BNPL,417.0,2.43,170,2025-02-07,0.97,Closed
L0001678,APP0002410,C000516,BNPL,778.03,3.05,177,2025-05-02,145.47,Active
L0001679,APP0002411,C000561,ACS,9.71,6.07,7,2025-04-01,0.0,Closed
L0001680,APP0002412,C002183,ACS,19.96,6.32,7,2025-07-19,8.3,Active
L0001681,APP0002413,C001757,BNPL,354.28,2.11,101,2025-07-21,95.68,Active
L0001682,APP0002414,C003397,Nano,72.95,15.9,30,2025-06-01,58.79,Active
L0001683,APP0002416,C002040,BNPL,206.63,3.21,160,2025-06-17,32.72,Active
L0001684,APP0002417,C000452,Nano,171.37,17.6,30,2025-04-14,0.0,Closed
L0001685,APP0002418,C001749,Nano,261.86,14.95,30,2025-02-22,0.0,Closed
L0001686,APP0002420,C003478,ACS,20.88,9.77,7,2025-05-24,3.82,Active
L0001687,APP0002423,C002865,ACS,25.56,6.8,7,2025-03-18,1.51,Active
L0001688,APP0002425,C004449,ACS,8.6,6.94,7,2025-05-15,0.7,Active
L0001689,APP0002426,C002221,ACS,17.0,7.51,7,2025-03-27,0.0,Closed
L0001690,APP0002428,C003535,BNPL,822.13,3.13,168,2025-04-24,0.0,Closed
L0001691,APP0002429,C000944,Nano,144.71,15.44,30,2025-06-13,21.41,Active
L0001692,APP0002431,C003411,Nano,154.43,15.63,30,2025-09-25,79.43,Active
L0001693,APP0002432,C002266,Nano,28.92,12.66,30,2025-07-23,11.62,Active
L0001694,APP0002433,C001020,BNPL,679.19,4.42,166,2025-03-05,0.0,Closed
L0001695,APP0002435,C001109,Nano,50.97,17.98,30,2025-07-21,28.77,Active
L0001696,APP0002436,C000573,ACS,5.33,6.53,7,2025-07-25,2.28,Active
L0001697,APP0002437,C004990,ACS,20.34,9.08,7,2025-04-24,0.0,Closed
L0001698,APP0002438,C004201,ACS,19.86,8.63,7,2025-05-08,2.79,Active
L0001699,APP0002439,C002610,ACS,24.24,9.47,7,2025-05-24,0.55,Closed
L0001700,APP0002441,C003287,ACS,6.58,9.42,7,2025-12-19,5.78,Active
L0001701,APP0002442,C003067,Nano,254.81,13.48,30,2025-02-15,0.0,Closed
L0001702,APP0002443,C003587,ACS,7.89,7.59,7,2025-04-24,1.53,Active
L0001703,APP0002445,C002802,ACS,28.49,6.72,7,2025-04-29,5.52,Active
L0001704,APP0002446,C000682,BNPL,210.82,3.5,167,2025-03-20,0.0,Closed
L0001705,APP0002447,C003052,ACS,16.49,7.6,7,2025-06-05,2.51,Active
L0001706,APP0002451,C004167,ACS,29.46,7.47,7,2025-08-21,11.45,Active
L0001707,APP0002452,C002308,BNPL,364.63,4.32,132,2025-02-12,210.24,Defaulted
L0001708,APP0002453,C002383,Nano,234.38,14.43,30,2025-03-16,162.48,Defaulted
L0001709,APP0002454,C001211,Nano,198.05,15.22,30,2025-04-18,1.87,Closed
L0001710,APP0002455,C004030,Nano,221.98,17.2,30,2025-10-14,140.91,Active
L0001711,APP0002456,C000620,Nano,124.91,13.93,30,2025-05-19,1.98,Closed
L0001712,APP0002457,C004187,ACS,22.91,8.62,7,2025-09-23,17.94,Active
L0001713,APP0002458,C004657,BNPL,618.66,2.05,138,2025-06-27,96.6,Active
L0001714,APP0002459,C000887,Nano,263.91,14.46,30,2025-05-10,169.89,Active
L0001715,APP0002460,C002782,Nano,99.26,13.06,30,2025-03-05,0.0,Closed
L0001716,APP0002461,C002930,Nano,43.12,15.42,30,2025-04-03,0.0,Active
L0001717,APP0002462,C004313,Nano,111.25,13.42,30,2025-05-22,63.85,Active
L0001718,APP0002465,C000497,BNPL,580.38,4.2,173,2025-07-09,423.45,Defaulted
L0001719,APP0002466,C004102,ACS,8.76,9.16,7,2025-04-27,0.0,Closed
L0001720,APP0002467,C003790,Nano,63.52,16.57,30,2025-02-20,0.0,Closed
L0001721,APP0002468,C001080,Nano,62.56,12.21,30,2025-03-10,0.0,Closed
L0001722,APP0002469,C000626,Nano,145.97,15.31,30,2025-05-19,2.67,Closed
L0001723,APP0002470,C000531,Nano,169.94,13.4,30,2025-01-18,0.0,Active
L0001724,APP0002471,C004147,Nano,284.31,12.08,30,2025-07-04,78.46,Active
L0001725,APP0002472,C003070,Nano,107.4,15.65,30,2025-01-16,0.0,Closed
L0001726,APP0002473,C001856,ACS,7.54,9.31,7,2025-06-23,6.0,Defaulted
L0001727,APP0002474,C002747,Nano,148.34,14.85,30,2025-02-13,0.0,Closed
L0001728,APP0002476,C000483,Nano,186.63,15.52,30,2025-06-24,28.14,Active
L0001729,APP0002479,C003037,Nano,33.52,16.86,30,2025-07-30,13.92,Active
L0001730,APP0002480,C000910,ACS,27.3,8.39,7,2025-11-11,20.72,Active
L0001731,APP0002482,C000541,Nano,26.29,16.91,30,2025-04-10,18.77,Defaulted
L0001732,APP0002484,C004927,Nano,147.51,13.0,30,2025-03-31,3.72,Active
L0001733,APP0002486,C002779,Nano,32.33,13.3,30,2025-03-17,0.0,Closed
L0001734,APP0002487,C000964,BNPL,886.15,4.25,101,2025-03-18,0.0,Closed
L0001735,APP0002488,C001649,Nano,45.36,13.41,30,2025-06-17,6.42,Active
L0001736,APP0002489,C002745,Nano,203.34,12.35,30,2025-04-14,0.0,Closed
L0001737,APP0002493,C003713,ACS,19.89,8.41,7,2025-02-08,4.19,Active
L0001738,APP0002494,C004713,ACS,25.97,6.7,7,2025-05-01,8.05,Active
L0001739,APP0002495,C002372,Nano,90.68,16.42,30,2025-05-17,31.98,Active
L0001740,APP0002496,C001285,Nano,154.39,15.65,30,2025-05-19,3.52,Closed
L0001741,APP0002497,C000084,ACS,10.13,9.42,7,2025-03-21,0.0,Closed
L0001742,APP0002498,C002176,ACS,26.3,7.59,7,2025-07-27,17.78,Active
L0001743,APP0002499,C000577,Nano,175.11,17.19,30,2025-02-26,0.0,Closed
L0001744,APP0002500,C003228,ACS,18.24,8.56,7,2025-04-06,0.0,Active
L0001745,APP0002501,C004012,Nano,99.87,17.22,30,2025-06-09,16.65,Active
L0001746,APP0002503,C002583,Nano,167.53,15.56,30,2025-04-07,19.1,Active
L0001747,APP0002505,C001556,Nano,40.43,14.19,30,2025-02-01,0.0,Active
L0001748,APP0002506,C001094,ACS,22.86,9.18,7,2025-03-13,3.97,Active
L0001749,APP0002507,C003569,Nano,219.23,15.6,30,2025-05-24,5.58,Closed
L0001750,APP0002508,C001127,Nano,31.19,15.54,30,2025-03-23,21.8,Defaulted
L0001751,APP0002509,C000160,ACS,25.48,8.65,7,2025-06-24,6.58,Active
L0001752,APP0002510,C003016,Nano,275.85,15.88,30,2025-03-05,109.33,Defaulted
L0001753,APP0002511,C000338,ACS,26.79,7.39,7,2025-07-13,10.22,Active
L0001754,APP0002512,C001551,ACS,10.36,7.2,7,2025-11-04,8.5,Active
L0001755,APP0002514,C002752,Nano,211.06,17.2,30,2025-03-29,0.0,Active
L0001756,APP0002515,C001089,Nano,207.22,13.56,30,2025-03-20,8.03,Active
L0001757,APP0002516,C001312,ACS,7.25,8.05,7,2025-09-08,3.67,Active
L0001758,APP0002517,C001998,BNPL,483.66,3.63,99,2025-02-08,214.75,Defaulted
L0001759,APP0002519,C003596,BNPL,982.35,4.67,105,2025-08-02,454.93,Active
L0001760,APP0002520,C004662,ACS,11.01,6.88,7,2025-06-03,1.53,Active
L0001761,APP0002524,C002507,ACS,15.71,8.85,7,2025-04-03,0.0,Closed
L0001762,APP0002525,C000028,Nano,187.26,12.76,30,2025-05-03,32.85,Active
L0001763,APP0002526,C002465,ACS,6.06,6.09,7,2025-05-26,0.36,Active
L0001764,APP0002528,C004283,Nano,117.75,14.15,30,2025-06-07,17.73,Active
L0001765,APP0002529,C000460,Nano,42.97,15.05,30,2025-07-13,11.81,Active
L0001766,APP0002531,C000552,ACS,19.16,8.49,7,2025-10-18,13.54,Active
L0001767,APP0002533,C000230,ACS,27.54,9.63,7,2025-05-02,0.83,Active
L0001768,APP0002534,C000590,ACS,9.89,6.93,7,2025-09-21,5.07,Active
L0001769,APP0002536,C002890,Nano,109.51,17.94,30,2025-04-09,20.81,Active
L0001770,APP0002537,C004603,Nano,177.03,17.54,30,2025-05-04,4.69,Closed
L0001771,APP0002538,C003801,ACS,8.83,8.08,7,2025-08-22,4.16,Active
L0001772,APP0002540,C000586,Nano,247.29,13.63,30,2025-03-22,0.0,Active
L0001773,APP0002542,C002514,Nano,128.87,16.71,30,2025-05-01,5.99,Active
L0001774,APP0002543,C000157,ACS,26.37,8.56,7,2025-05-10,0.68,Closed
L0001775,APP0002546,C002005,Nano,69.46,17.75,30,2025-08-23,57.25,Active
L0001776,APP0002547,C003577,ACS,10.02,8.34,7,2025-02-06,5.1,Defaulted
L0001777,APP0002548,C003468,ACS,10.92,9.37,7,2025-02-18,0.0,Closed
L0001778,APP0002550,C001714,ACS,7.72,7.15,7,2025-01-24,0.0,Closed
L0001779,APP0002551,C004994,Nano,183.81,12.78,30,2025-07-18,56.68,Active
L0001780,APP0002552,C003116,ACS,16.0,8.96,7,2025-03-01,0.0,Active
L0001781,APP0002553,C002311,ACS,5.48,9.5,7,2025-03-15,0.0,Closed
L0001782,APP0002554,C003829,Nano,29.65,14.72,30,2025-02-11,0.0,Active
L0001783,APP0002558,C003195,ACS,6.38,7.46,7,2025-01-08,2.78,Active
L0001784,APP0002559,C001332,Nano,158.23,12.07,30,2025-08-28,87.67,Active
L0001785,APP0002560,C001758,Nano,44.83,12.02,30,2025-05-01,1.06,Closed
L0001786,APP0002561,C004748,ACS,19.02,8.9,7,2025-03-02,12.22,Defaulted
L0001787,APP0002563,C000556,BNPL,581.02,2.34,90,2025-07-01,165.47,Active
L0001788,APP0002564,C004023,ACS,10.69,7.91,7,2025-04-01,0.0,Closed
L0001789,APP0002565,C000594,Nano,145.51,16.31,30,2025-07-14,107.12,Active
L0001790,APP0002567,C002086,Nano,277.68,14.38,30,2025-05-30,199.69,Active
L0001791,APP0002568,C001813,Nano,89.29,16.71,30,2025-04-14,54.12,Defaulted
L0001792,APP0002569,C002477,BNPL,550.39,4.82,102,2025-03-08,279.62,Defaulted
L0001793,APP0002570,C000763,ACS,26.9,6.44,7,2025-03-17,20.33,Defaulted
L0001794,APP0002571,C003307,BNPL,443.1,2.64,152,2025-05-28,21.0,Active
L0001795,APP0002572,C003385,Nano,135.9,14.94,30,2025-10-26,86.16,Active
L0001796,APP0002573,C004259,BNPL,312.51,4.84,137,2025-06-30,45.08,Active
L0001797,APP0002575,C002654,Nano,130.22,14.15,30,2025-07-08,92.08,Defaulted
L0001798,APP0002577,C001737,Nano,192.99,13.38,30,2025-02-08,0.0,Closed
L0001799,APP0002578,C002808,ACS,19.6,8.99,7,2025-02-28,7.07,Active
L0001800,APP0002579,C002083,ACS,22.5,6.86,7,2025-01-09,15.33,Defaulted
L0001801,APP0002580,C004950,ACS,6.15,8.83,7,2025-07-22,2.93,Active
L0001802,APP0002582,C000257,BNPL,428.75,2.8,135,2025-04-14,0.0,Closed
L0001803,APP0002583,C004338,Nano,244.8,16.15,30,2025-03-16,0.0,Closed
L0001804,APP0002584,C002578,ACS,6.68,9.44,7,2025-04-07,1.8,Active
L0001805,APP0002585,C000356,ACS,13.11,7.89,7,2025-05-11,6.45,Active
L0001806,APP0002586,C004680,ACS,22.45,8.12,7,2025-05-07,1.36,Active
L0001807,APP0002587,C001038,BNPL,653.43,4.55,117,2025-04-07,0.0,Closed
L0001808,APP0002589,C001722,Nano,135.05,12.61,30,2025-02-19,108.07,Defaulted
L0001809,APP0002590,C001709,Nano,88.2,12.65,30,2025-01-13,0.0,Closed
L0001810,APP0002591,C001059,ACS,16.58,6.25,7,2025-04-17,0.0,Closed
L0001811,APP0002593,C004002,ACS,13.87,7.76,7,2025-03-01,0.0,Closed
L0001812,APP0002594,C002104,ACS,18.32,9.21,7,2025-03-03,9.97,Defaulted
L0001813,APP0002595,C002782,ACS,13.77,7.93,7,2025-02-21,0.0,Closed
L0001814,APP0002596,C001593,Nano,57.0,12.25,30,2025-05-02,1.68,Closed
L0001815,APP0002597,C002119,BNPL,134.19,3.37,126,2025-06-17,31.17,Active
L0001816,APP0002598,C002413,ACS,18.25,8.95,7,2025-07-29,4.91,Active
L0001817,APP0002599,C001552,Nano,101.03,15.52,30,2025-07-02,29.96,Active
L0001818,APP0002600,C002980,ACS,24.18,6.09,7,2025-04-08,0.0,Closed
L0001819,APP0002601,C002327,ACS,20.3,6.96,7,2025-03-13,0.0,Active
L0001820,APP0002602,C003842,Nano,244.58,16.22,30,2025-02-09,0.0,Active
L0001821,APP0002603,C003888,ACS,12.85,7.2,7,2025-04-19,0.0,Closed
L0001822,APP0002604,C003171,Nano,187.86,16.25,30,2025-05-09,118.18,Defaulted
L0001823,APP0002606,C004461,ACS,10.97,7.6,7,2025-03-31,0.84,Active
L0001824,APP0002607,C003478,Nano,285.52,15.12,30,2025-07-23,100.36,Active
L0001825,APP0002609,C003247,Nano,62.49,15.2,30,2025-06-24,9.37,Active
L0001826,APP0002610,C002594,Nano,225.8,17.88,30,2025-03-27,166.94,Defaulted
L0001827,APP0002611,C002819,Nano,294.59,15.09,30,2025-06-04,44.22,Active
L0001828,APP0002613,C004595,ACS,6.53,7.76,7,2025-08-10,2.5,Active
L0001829,APP0002616,C003571,Nano,261.81,13.13,30,2025-06-19,55.55,Active
L0001830,APP0002618,C001681,Nano,204.95,14.27,30,2025-07-21,68.15,Active
L0001831,APP0002620,C001160,Nano,153.44,16.67,30,2025-02-27,0.0,Closed
L0001832,APP0002622,C003291,ACS,25.16,7.6,7,2025-06-16,7.47,Active
L0001833,APP0002623,C000916,ACS,19.71,7.37,7,2025-08-08,8.53,Active
L0001834,APP0002625,C000169,ACS,16.2,9.55,7,2025-02-01,0.0,Closed
L0001835,APP0002626,C003937,BNPL,728.41,3.2,104,2025-03-26,113.97,Active
L0001836,APP0002627,C001455,BNPL,137.54,3.76,177,2025-05-06,16.49,Active
L0001837,APP0002628,C001135,Nano,190.57,16.54,30,2025-02-11,0.0,Active
L0001838,APP0002629,C004546,ACS,20.53,8.3,7,2025-07-16,6.22,Active
L0001839,APP0002632,C001518,ACS,16.09,8.63,7,2025-10-22,11.09,Active
L0001840,APP0002635,C003919,ACS,27.57,9.3,7,2025-02-19,0.0,Closed
L0001841,APP0002636,C004004,ACS,6.05,6.2,7,2025-04-23,3.98,Active
L0001842,APP0002637,C000159,ACS,27.53,7.96,7,2025-04-08,4.78,Active
L0001843,APP0002638,C001436,Nano,270.98,17.84,30,2025-10-12,211.78,Active
L0001844,APP0002639,C003003,ACS,22.17,9.63,7,2025-06-02,3.23,Active
L0001845,APP0002640,C000166,Nano,248.11,14.66,30,2025-03-31,29.02,Active
L0001846,APP0002642,C000387,Nano,88.05,15.31,30,2025-07-24,30.21,Active
L0001847,APP0002643,C002866,BNPL,490.47,2.18,136,2025-03-29,0.0,Active
L0001848,APP0002646,C002296,Nano,261.16,15.04,30,2025-04-07,0.0,Closed
L0001849,APP0002647,C004757,ACS,24.5,7.94,7,2025-05-27,1.38,Active
L0001850,APP0002648,C000417,ACS,9.78,9.03,7,2025-06-27,2.53,Active
L0001851,APP0002649,C004349,BNPL,837.01,3.96,141,2025-01-24,0.0,Closed
L0001852,APP0002650,C002064,ACS,5.2,7.76,7,2025-01-26,0.0,Active
L0001853,APP0002652,C003490,ACS,11.56,8.48,7,2025-05-07,1.02,Active
L0001854,APP0002653,C003111,ACS,12.37,8.64,7,2025-03-20,0.0,Active
L0001855,APP0002654,C004400,ACS,13.19,7.68,7,2025-01-22,0.0,Active
L0001856,APP0002655,C004158,Nano,284.07,14.83,30,2025-06-10,40.92,Active
L0001857,APP0002656,C001108,BNPL,694.27,2.59,127,2025-05-07,23.37,Active
L0001858,APP0002657,C001374,ACS,12.2,7.4,7,2025-06-29,2.09,Active
L0001859,APP0002660,C004891,Nano,42.55,13.15,30,2025-03-27,0.0,Closed
L0001860,APP0002662,C003129,BNPL,773.0,3.64,112,2025-04-29,383.28,Active
L0001861,APP0002663,C004813,ACS,13.68,7.6,7,2025-06-09,2.02,Active
L0001862,APP0002664,C003687,Nano,192.84,14.32,30,2025-07-12,140.28,Active
L0001863,APP0002665,C004438,BNPL,821.25,4.04,115,2025-03-06,675.89,Defaulted
L0001864,APP0002666,C002416,ACS,8.37,9.92,7,2025-04-11,0.0,Closed
L0001865,APP0002667,C004827,Nano,285.96,13.15,30,2025-05-14,9.3,Active
L0001866,APP0002668,C000375,ACS,10.79,6.03,7,2025-06-03,3.88,Active
L0001867,APP0002669,C004539,ACS,21.35,8.02,7,2025-08-28,13.5,Active
L0001868,APP0002671,C003946,BNPL,286.24,2.79,129,2025-04-15,0.0,Closed
L0001869,APP0002672,C004727,ACS,7.81,9.56,7,2025-02-27,0.0,Closed
L0001870,APP0002673,C002104,ACS,24.14,8.97,7,2025-05-15,2.61,Active
L0001871,APP0002674,C001614,ACS,15.28,9.85,7,2025-07-10,5.72,Active
L0001872,APP0002679,C001001,Nano,143.6,17.34,30,2025-05-24,69.12,Active
L0001873,APP0002682,C004624,BNPL,353.17,3.34,140,2025-07-29,95.29,Active
L0001874,APP0002683,C000149,ACS,14.95,8.04,7,2025-04-20,0.0,Closed
L0001875,APP0002684,C000205,BNPL,317.69,2.99,146,2025-07-15,86.73,Active
L0001876,APP0002685,C001361,ACS,5.84,9.51,7,2025-01-17,2.37,Active
L0001877,APP0002686,C003058,Nano,52.46,13.48,30,2025-09-13,46.21,Active
L0001878,APP0002687,C001780,Nano,195.98,13.19,30,2025-05-03,4.49,Closed
L0001879,APP0002688,C004178,Nano,96.4,13.24,30,2025-10-12,60.89,Active
L0001880,APP0002690,C001899,ACS,10.01,7.25,7,2025-03-23,0.0,Closed
L0001881,APP0002691,C003246,ACS,8.87,7.53,7,2025-04-21,0.0,Active
L0001882,APP0002692,C003060,BNPL,449.49,2.99,104,2025-03-29,0.0,Closed
L0001883,APP0002693,C002589,ACS,20.77,9.02,7,2025-05-27,0.6,Closed
L0001884,APP0002694,C002220,Nano,260.56,13.05,30,2025-02-08,0.0,Closed
L0001885,APP0002695,C000471,ACS,23.59,8.0,7,2025-01-18,5.12,Active
L0001886,APP0002696,C000327,ACS,20.69,8.74,7,2025-06-14,15.36,Defaulted
L0001887,APP0002697,C000274,ACS,13.74,8.05,7,2025-02-26,0.0,Closed
L0001888,APP0002698,C002523,BNPL,991.77,2.65,178,2025-02-04,0.0,Closed
L0001889,APP0002699,C004425,Nano,92.41,16.21,30,2025-01-26,0.0,Active
L0001890,APP0002701,C000327,Nano,187.67,17.1,30,2025-04-15,124.31,Defaulted
L0001891,APP0002702,C003425,ACS,24.89,7.89,7,2025-02-23,12.22,Defaulted
L0001892,APP0002705,C000090,Nano,129.56,17.74,30,2025-03-04,0.0,Closed
L0001893,APP0002706,C004013,Nano,248.95,12.65,30,2025-02-01,0.0,Closed
L0001894,APP0002707,C003297,Nano,273.37,17.38,30,2025-05-14,170.59,Active
L0001895,APP0002711,C000315,Nano,131.07,17.55,30,2025-04-16,68.85,Defaulted
L0001896,APP0002713,C003639,ACS,9.56,7.42,7,2025-03-30,1.52,Active
L0001897,APP0002717,C002279,ACS,11.75,6.81,7,2025-09-01,6.48,Active
L0001898,APP0002718,C002210,ACS,15.79,9.21,7,2025-06-30,2.33,Active
L0001899,APP0002719,C004332,ACS,20.8,9.81,7,2025-02-18,0.0,Closed
L0001900,APP0002720,C003728,Nano,232.47,14.07,30,2025-08-24,108.41,Active
L0001901,APP0002721,C002382,ACS,26.88,9.97,7,2025-07-23,8.8,Active
L0001902,APP0002722,C003611,ACS,16.34,9.43,7,2025-03-11,0.0,Closed
L0001903,APP0002723,C004848,Nano,280.74,15.03,30,2025-02-01,0.0,Closed
L0001904,APP0002726,C000040,Nano,267.52,12.54,30,2025-04-29,111.05,Active
L0001905,APP0002728,C000087,Nano,20.06,12.65,30,2025-01-16,0.0,Active
L0001906,APP0002729,C002546,ACS,17.42,9.02,7,2025-05-15,0.39,Closed
L0001907,APP0002730,C000338,ACS,17.35,7.79,7,2025-03-10,0.0,Closed
L0001908,APP0002731,C004398,Nano,40.37,13.74,30,2025-05-05,29.47,Defaulted
L0001909,APP0002732,C000158,ACS,12.88,7.4,7,2025-02-12,0.0,Closed
L0001910,APP0002733,C003418,ACS,14.87,9.43,7,2025-10-01,9.53,Active
L0001911,APP0002735,C003663,ACS,17.82,7.38,7,2025-02-03,0.0,Closed
L0001912,APP0002737,C002955,ACS,29.49,8.24,7,2025-03-15,13.99,Active
L0001913,APP0002738,C002525,Nano,112.66,17.98,30,2025-10-03,78.62,Active
L0001914,APP0002739,C003786,ACS,15.37,9.33,7,2025-05-23,0.98,Active
L0001915,APP0002740,C000428,ACS,20.01,7.2,7,2025-09-08,10.37,Active
L0001916,APP0002741,C004451,BNPL,965.77,4.69,130,2025-04-13,0.0,Closed
L0001917,APP0002742,C003874,Nano,119.91,14.9,30,2025-04-25,0.0,Closed
L0001918,APP0002743,C004844,Nano,127.58,14.16,30,2025-03-23,0.0,Closed
L0001919,APP0002745,C001046,ACS,10.46,9.14,7,2025-05-13,0.21,Closed
L0001920,APP0002746,C001110,Nano,53.83,12.88,30,2025-02-18,0.91,Active
L0001921,APP0002747,C002063,ACS,17.82,9.31,7,2025-05-30,0.92,Active
L0001922,APP0002750,C003463,ACS,14.67,8.52,7,2025-08-05,6.36,Active
L0001923,APP0002751,C001981,Nano,44.44,15.57,30,2025-03-19,25.29,Defaulted
L0001924,APP0002752,C000464,ACS,19.09,8.52,7,2025-06-21,2.69,Active
L0001925,APP0002754,C000370,BNPL,469.67,4.64,143,2025-02-27,0.0,Closed
L0001926,APP0002755,C001021,ACS,23.83,8.32,7,2025-06-02,11.05,Active
L0001927,APP0002756,C002033,ACS,10.73,9.55,7,2025-09-17,5.51,Active
L0001928,APP0002757,C003883,ACS,25.37,6.5,7,2025-08-01,15.53,Active
L0001929,APP0002758,C003017,ACS,24.77,7.4,7,2025-07-07,7.87,Active
L0001930,APP0002761,C004247,BNPL,299.45,4.24,114,2025-08-29,125.74,Active
L0001931,APP0002763,C003288,Nano,121.02,14.09,30,2025-03-27,0.0,Closed
L0001932,APP0002764,C001798,BNPL,634.41,3.29,143,2025-07-27,215.2,Active
L0001933,APP0002765,C004076,ACS,18.52,6.67,7,2025-04-10,0.0,Closed
L0001934,APP0002766,C002944,Nano,297.3,15.36,30,2025-04-07,211.35,Defaulted
L0001935,APP0002767,C000406,Nano,277.62,12.97,30,2025-06-17,184.12,Active
L0001936,APP0002769,C001443,ACS,13.73,9.96,7,2025-02-20,3.19,Defaulted
L0001937,APP0002770,C004216,ACS,27.06,7.26,7,2025-05-02,0.62,Closed
L0001938,APP0002771,C003192,ACS,20.76,6.92,7,2025-04-07,0.0,Closed
L0001939,APP0002772,C000980,ACS,24.53,9.1,7,2025-03-21,0.0,Closed
L0001940,APP0002774,C000426,Nano,285.95,14.78,30,2025-06-05,98.98,Active
L0001941,APP0002775,C001232,Nano,166.07,14.59,30,2025-03-11,0.0,Closed
L0001942,APP0002776,C000592,BNPL,569.14,3.02,175,2025-03-05,0.0,Closed
L0001943,APP0002777,C003293,BNPL,261.25,2.23,143,2025-01-16,0.0,Closed
L0001944,APP0002778,C000827,ACS,11.66,9.5,7,2025-09-16,6.69,Active
L0001945,APP0002780,C001622,Nano,197.42,17.41,30,2025-05-23,39.92,Active
L0001946,APP0002782,C000144,Nano,243.39,15.62,30,2025-05-17,42.24,Active
L0001947,APP0002784,C004163,Nano,178.18,17.96,30,2025-06-09,25.15,Active
L0001948,APP0002785,C001232,ACS,25.12,6.55,7,2025-04-23,0.3,Closed
L0001949,APP0002786,C004246,Nano,85.36,16.45,30,2025-03-10,2.24,Active
L0001950,APP0002787,C000860,ACS,10.4,7.38,7,2025-07-27,2.84,Active
L0001951,APP0002788,C003566,ACS,5.51,7.97,7,2025-02-23,0.0,Closed
L0001952,APP0002792,C003534,BNPL,811.68,4.13,109,2025-08-17,317.81,Active
L0001953,APP0002793,C002634,BNPL,551.61,2.91,145,2025-07-22,435.11,Active
L0001954,APP0002794,C002874,ACS,13.97,6.06,7,2025-04-26,1.64,Active
L0001955,APP0002795,C001447,BNPL,202.25,4.47,164,2025-02-04,0.0,Closed
L0001956,APP0002796,C003312,ACS,14.78,7.64,7,2025-09-30,8.1,Active
L0001957,APP0002797,C000355,ACS,26.89,7.41,7,2025-03-03,0.0,Active
L0001958,APP0002798,C000440,Nano,133.25,16.53,30,2025-04-11,7.38,Active
L0001959,APP0002799,C000798,ACS,19.12,7.8,7,2025-03-29,4.99,Active
L0001960,APP0002803,C003127,ACS,28.3,9.87,7,2025-08-19,11.1,Active
L0001961,APP0002804,C001347,ACS,12.97,7.87,7,2025-05-14,2.34,Active
L0001962,APP0002806,C001955,BNPL,878.28,2.75,140,2025-05-30,24.77,Closed
L0001963,APP0002807,C003094,ACS,19.04,6.25,7,2025-06-02,6.36,Active
L0001964,APP0002808,C001237,ACS,14.84,7.79,7,2025-08-13,8.11,Active
L0001965,APP0002810,C004971,Nano,129.5,12.97,30,2025-02-10,0.0,Closed
L0001966,APP0002811,C003267,ACS,14.45,9.29,7,2025-01-06,0.0,Closed
L0001967,APP0002812,C003232,ACS,11.6,6.54,7,2025-01-25,0.0,Closed
L0001968,APP0002813,C003017,Nano,155.52,13.05,30,2025-07-04,61.06,Active
L0001969,APP0002814,C004483,Nano,293.49,12.74,30,2025-02-22,0.0,Closed
L0001970,APP0002815,C000094,ACS,14.41,8.75,7,2025-02-22,0.0,Closed
L0001971,APP0002816,C004756,Nano,107.92,15.97,30,2025-03-26,11.17,Active
L0001972,APP0002817,C002296,Nano,98.34,12.32,30,2025-07-09,25.75,Active
L0001973,APP0002818,C002907,Nano,28.74,14.36,30,2025-04-17,0.0,Closed
L0001974,APP0002819,C004690,Nano,61.63,15.62,30,2025-04-16,0.0,Closed
L0001975,APP0002821,C001751,ACS,26.41,6.54,7,2025-08-05,10.4,Active
L0001976,APP0002822,C004527,Nano,235.51,17.66,30,2025-06-12,35.9,Active
L0001977,APP0002823,C000417,ACS,23.23,8.43,7,2025-02-09,0.0,Active
L0001978,APP0002824,C000751,Nano,67.4,13.33,30,2025-07-06,27.38,Active
L0001979,APP0002825,C001137,ACS,29.48,8.85,7,2025-06-04,4.45,Active
L0001980,APP0002826,C001346,ACS,28.94,8.84,7,2025-08-18,16.63,Active
L0001981,APP0002827,C003367,ACS,21.41,7.1,7,2025-04-11,0.0,Closed
L0001982,APP0002828,C002009,Nano,285.6,12.3,30,2025-03-09,46.05,Active
L0001983,APP0002829,C004252,ACS,24.53,7.2,7,2025-06-20,9.63,Active
L0001984,APP0002831,C003027,Nano,179.69,16.91,30,2025-04-11,0.0,Closed
L0001985,APP0002836,C004214,Nano,176.51,15.31,30,2025-06-06,93.47,Active
L0001986,APP0002837,C001165,ACS,29.85,8.42,7,2025-03-16,0.0,Active
L0001987,APP0002838,C003272,ACS,11.54,8.9,7,2025-05-03,5.18,Defaulted
L0001988,APP0002839,C003953,ACS,26.85,8.12,7,2025-08-18,10.49,Active
L0001989,APP0002840,C001861,ACS,22.24,6.39,7,2025-02-06,0.0,Closed
L0001990,APP0002842,C003404,ACS,16.79,7.2,7,2025-01-17,0.0,Defaulted
L0001991,APP0002844,C004261,Nano,53.34,13.87,30,2025-03-03,0.0,Closed
L0001992,APP0002845,C002228,ACS,22.33,8.42,7,2025-05-17,1.7,Active
L0001993,APP0002847,C003636,ACS,21.99,9.63,7,2025-02-22,0.0,Closed
L0001994,APP0002848,C001935,Nano,115.52,12.54,30,2025-04-22,0.0,Closed
L0001995,APP0002849,C003985,BNPL,140.42,2.14,131,2025-04-08,0.0,Closed
L0001996,APP0002850,C003460,ACS,16.72,7.92,7,2025-07-18,5.65,Active
L0001997,APP0002851,C004423,ACS,9.87,8.14,7,2025-08-04,5.19,Active
L0001998,APP0002852,C002150,Nano,251.11,12.06,30,2025-03-26,174.48,Defaulted
L0001999,APP0002857,C001217,ACS,5.09,7.16,7,2025-04-23,0.47,Active
L0002000,APP0002858,C001008,Nano,294.27,14.09,30,2025-04-29,4.58,Active
L0002001,APP0002860,C001232,Nano,222.55,17.77,30,2025-08-21,85.75,Active
L0002002,APP0002861,C004896,Nano,49.2,15.36,30,2025-07-15,13.23,Active
L0002003,APP0002862,C004340,Nano,49.69,15.67,30,2025-07-05,13.15,Active
L0002004,APP0002865,C001935,ACS,6.11,8.7,7,2025-06-02,1.16,Active
L0002005,APP0002866,C002159,BNPL,159.21,4.93,146,2025-06-17,101.38,Active
L0002006,APP0002867,C002403,Nano,139.35,12.1,30,2025-08-06,65.42,Active
L0002007,APP0002868,C001910,ACS,15.72,6.2,7,2025-04-11,0.0,Closed
L0002008,APP0002869,C002183,ACS,17.44,7.59,7,2025-01-16,0.0,Active
L0002009,APP0002870,C000917,BNPL,655.36,2.49,100,2025-05-18,15.37,Closed
L0002010,APP0002872,C000340,Nano,167.98,12.79,30,2025-06-20,30.36,Active
L0002011,APP0002873,C004547,Nano,296.48,12.12,30,2025-03-23,0.0,Closed
L0002012,APP0002876,C000224,BNPL,892.3,2.76,123,2025-03-06,565.82,Active
L0002013,APP0002877,C002398,ACS,10.54,7.9,7,2025-02-26,6.75,Defaulted
L0002014,APP0002879,C002017,Nano,79.66,17.26,30,2025-03-04,0.0,Closed
L0002015,APP0002880,C003761,BNPL,461.28,4.96,144,2025-04-01,230.96,Defaulted
L0002016,APP0002881,C001548,BNPL,938.52,3.3,137,2025-04-18,0.0,Closed
L0002017,APP0002882,C004469,BNPL,879.51,2.03,146,2025-05-12,23.44,Closed
L0002018,APP0002884,C003549,Nano,151.23,13.03,30,2025-04-23,0.0,Closed
L0002019,APP0002886,C001211,ACS,18.89,9.74,7,2025-09-13,9.58,Active
L0002020,APP0002888,C001354,ACS,6.4,6.38,7,2025-05-10,3.9,Defaulted
L0002021,APP0002890,C004807,ACS,9.81,6.5,7,2025-02-26,3.15,Active
L0002022,APP0002892,C003501,ACS,6.58,6.7,7,2025-06-10,5.45,Defaulted
L0002023,APP0002894,C004140,BNPL,482.96,4.31,98,2025-04-12,0.0,Closed
L0002024,APP0002896,C002232,ACS,20.65,8.53,7,2025-03-29,0.0,Active
L0002025,APP0002898,C003883,Nano,155.23,17.9,30,2025-08-22,71.94,Active
L0002026,APP0002901,C003650,Nano,289.97,15.44,30,2025-04-25,261.97,Defaulted
L0002027,APP0002902,C001784,BNPL,492.8,4.78,158,2025-04-23,0.0,Closed
L0002028,APP0002905,C004495,Nano,79.33,12.89,30,2025-01-29,0.0,Active
L0002029,APP0002906,C000215,ACS,11.84,7.86,7,2025-04-26,3.12,Active
L0002030,APP0002907,C004492,ACS,8.66,8.77,7,2025-03-20,0.0,Closed
L0002031,APP0002909,C004447,BNPL,726.09,3.24,114,2025-06-02,104.35,Active
L0002032,APP0002910,C001204,ACS,14.18,9.09,7,2025-05-14,8.17,Defaulted
L0002033,APP0002911,C002541,Nano,22.36,16.72,30,2025-03-01,0.0,Closed
L0002034,APP0002912,C001270,Nano,189.16,14.43,30,2025-07-13,50.44,Active
L0002035,APP0002913,C003554,Nano,85.85,14.3,30,2025-06-01,13.12,Active
L0002036,APP0002915,C003458,ACS,17.35,7.45,7,2025-05-15,1.43,Active
L0002037,APP0002916,C003695,Nano,111.88,15.17,30,2025-06-21,86.12,Active
L0002038,APP0002918,C002038,BNPL,792.19,4.31,172,2025-06-21,276.03,Active
L0002039,APP0002920,C004723,BNPL,854.64,3.1,100,2025-02-22,0.0,Closed
L0002040,APP0002921,C002648,ACS,19.59,8.42,7,2025-06-16,4.71,Active
L0002041,APP0002925,C001625,Nano,174.16,14.54,30,2025-01-22,18.08,Active
L0002042,APP0002926,C003087,BNPL,235.06,2.01,174,2025-01-18,0.0,Closed
L0002043,APP0002928,C003087,ACS,25.99,6.82,7,2025-01-08,15.69,Defaulted
L0002044,APP0002930,C003285,ACS,10.72,6.88,7,2025-02-20,0.0,Closed
L0002045,APP0002931,C001439,ACS,23.84,7.81,7,2025-06-25,3.4,Active
L0002046,APP0002932,C003170,ACS,11.81,7.8,7,2025-08-15,4.88,Active
L0002047,APP0002933,C000257,ACS,8.58,6.55,7,2025-05-24,0.26,Active
L0002048,APP0002934,C003959,Nano,60.27,14.37,30,2025-06-10,8.87,Active
L0002049,APP0002936,C004071,ACS,16.49,8.08,7,2025-09-13,12.71,Active
L0002050,APP0002938,C004888,BNPL,897.82,3.25,91,2025-08-01,353.14,Active
L0002051,APP0002939,C002602,BNPL,637.05,2.71,162,2025-05-27,461.84,Defaulted
L0002052,APP0002940,C004699,ACS,5.05,8.91,7,2025-07-24,2.43,Active
L0002053,APP0002942,C002600,Nano,39.07,12.48,30,2025-02-25,4.53,Active
L0002054,APP0002943,C003570,BNPL,508.97,2.19,154,2025-08-12,246.08,Active
L0002055,APP0002944,C003530,Nano,236.6,13.47,30,2025-02-12,0.0,Closed
L0002056,APP0002946,C002013,Nano,137.37,16.71,30,2025-04-30,0.0,Closed
L0002057,APP0002952,C001838,ACS,10.41,8.38,7,2025-04-11,0.0,Closed
L0002058,APP0002955,C004918,BNPL,185.13,4.87,91,2025-02-19,142.24,Defaulted
L0002059,APP0002956,C003376,Nano,232.37,15.21,30,2025-10-29,153.83,Active
L0002060,APP0002957,C004523,ACS,12.93,8.64,7,2025-04-11,10.98,Defaulted
L0002061,APP0002958,C000087,Nano,246.06,12.01,30,2025-07-14,65.92,Active
L0002062,APP0002959,C004302,Nano,52.57,12.96,30,2025-04-02,0.0,Closed
L0002063,APP0002960,C002614,ACS,22.15,9.81,7,2025-03-01,8.48,Defaulted
L0002064,APP0002961,C001864,ACS,28.53,9.17,7,2025-06-23,6.97,Active
L0002065,APP0002963,C001747,ACS,27.54,9.17,7,2025-09-23,16.66,Active
L0002066,APP0002964,C004044,ACS,10.94,6.8,7,2025-08-20,4.35,Active
L0002067,APP0002965,C002295,Nano,162.5,14.91,30,2025-06-14,51.08,Active
L0002068,APP0002966,C000575,ACS,29.28,6.0,7,2025-05-20,0.82,Closed
L0002069,APP0002968,C003021,Nano,258.85,14.93,30,2025-03-03,0.0,Closed
L0002070,APP0002969,C001955,Nano,201.25,17.87,30,2025-02-26,0.0,Closed
L0002071,APP0002971,C001755,Nano,85.84,13.64,30,2025-03-14,0.0,Closed
L0002072,APP0002973,C000040,Nano,33.01,13.64,30,2025-05-30,1.89,Active
L0002073,APP0002974,C001373,Nano,189.57,15.37,30,2025-02-08,97.58,Defaulted
L0002074,APP0002975,C001711,BNPL,394.09,2.87,147,2025-04-23,0.0,Closed
L0002075,APP0002976,C003966,ACS,23.17,6.8,7,2025-06-19,3.4,Active
L0002076,APP0002977,C003773,ACS,26.59,8.16,7,2025-07-11,7.31,Active
L0002077,APP0002981,C002642,Nano,242.57,12.37,30,2025-07-22,178.52,Active
L0002078,APP0002982,C001334,ACS,19.83,7.96,7,2025-07-13,5.73,Active
L0002079,APP0002983,C002644,ACS,10.76,6.11,7,2025-02-04,8.45,Defaulted
L0002080,APP0002985,C004847,Nano,69.1,16.42,30,2025-11-15,54.88,Active
L0002081,APP0002986,C001840,ACS,21.82,8.26,7,2025-06-07,6.45,Active
L0002082,APP0002988,C001727,Nano,49.04,17.62,30,2025-03-13,0.0,Closed
L0002083,APP0002989,C004133,ACS,17.74,8.65,7,2025-01-28,8.44,Defaulted
L0002084,APP0002990,C002253,Nano,113.31,16.91,30,2025-03-23,0.0,Closed
L0002085,APP0002991,C002083,BNPL,927.16,4.88,132,2025-05-27,552.14,Defaulted
L0002086,APP0002992,C002291,Nano,251.42,12.82,30,2025-05-18,6.69,Closed
L0002087,APP0002994,C004149,BNPL,906.69,3.78,175,2025-04-24,0.0,Closed
L0002088,APP0002998,C003568,ACS,29.61,7.73,7,2025-05-14,3.69,Active
L0002089,APP0003000,C000442,Nano,215.69,16.5,30,2025-03-22,49.23,Active
L0002090,APP0003001,C004228,Nano,237.8,14.75,30,2025-04-13,0.0,Closed
L0002091,APP0003002,C001689,Nano,141.3,14.88,30,2025-05-11,15.72,Active
L0002092,APP0003003,C001580,Nano,231.97,17.65,30,2025-01-08,0.0,Active
L0002093,APP0003004,C000949,ACS,17.69,7.61,7,2025-06-06,3.84,Active
L0002094,APP0003005,C000543,Nano,271.89,14.65,30,2025-05-06,24.08,Active
L0002095,APP0003008,C002991,ACS,16.03,7.41,7,2025-02-15,9.68,Defaulted
L0002096,APP0003011,C000040,ACS,13.23,6.04,7,2025-06-18,3.65,Active
L0002097,APP0003012,C002239,BNPL,419.57,4.71,149,2025-07-09,110.66,Active
L0002098,APP0003014,C000528,Nano,43.98,13.74,30,2025-09-14,31.98,Active
L0002099,APP0003015,C002894,ACS,26.23,6.97,7,2025-04-23,22.03,Defaulted
L0002100,APP0003016,C002992,ACS,15.27,7.77,7,2025-02-28,1.6,Active
L0002101,APP0003023,C001937,Nano,261.73,13.26,30,2025-02-23,0.0,Closed
L0002102,APP0003024,C001191,ACS,19.66,8.83,7,2025-09-18,11.73,Active
L0002103,APP0003025,C003374,ACS,19.8,6.86,7,2025-03-15,16.27,Defaulted
L0002104,APP0003027,C001864,ACS,20.65,9.46,7,2025-03-06,2.38,Active
L0002105,APP0003029,C000049,Nano,206.96,12.64,30,2025-03-02,0.0,Closed
L0002106,APP0003030,C004051,ACS,28.64,8.32,7,2025-03-25,2.1,Active
L0002107,APP0003032,C004429,BNPL,238.55,2.11,150,2025-02-22,37.72,Defaulted
L0002108,APP0003033,C003243,BNPL,996.73,4.79,120,2025-03-10,790.59,Defaulted
L0002109,APP0003034,C001302,Nano,151.4,17.42,30,2025-04-03,0.0,Closed
L0002110,APP0003035,C003311,Nano,115.04,14.33,30,2025-01-22,0.0,Closed
L0002111,APP0003036,C002243,Nano,271.29,14.48,30,2025-04-22,116.82,Defaulted
L0002112,APP0003038,C004215,Nano,144.16,13.36,30,2025-01-19,99.75,Defaulted
L0002113,APP0003039,C003206,Nano,124.09,16.89,30,2025-02-20,0.0,Closed
L0002114,APP0003040,C004944,ACS,27.29,9.56,7,2025-03-15,6.79,Active
L0002115,APP0003041,C004641,ACS,12.91,7.54,7,2025-01-22,0.0,Active
L0002116,APP0003042,C004250,ACS,16.18,9.78,7,2025-04-22,14.56,Defaulted
L0002117,APP0003045,C004411,Nano,265.85,14.27,30,2025-01-15,131.65,Defaulted
L0002118,APP0003048,C003534,ACS,17.5,6.4,7,2025-01-12,6.68,Active
L0002119,APP0003049,C002997,ACS,7.62,7.9,7,2025-04-19,0.0,Closed
L0002120,APP0003051,C000617,ACS,29.42,9.52,7,2025-08-28,18.21,Active
L0002121,APP0003054,C004682,BNPL,452.01,2.65,154,2025-02-09,0.0,Closed
L0002122,APP0003055,C001586,ACS,25.29,7.0,7,2025-03-18,0.0,Closed
L0002123,APP0003056,C004623,Nano,253.88,15.37,30,2025-03-20,27.42,Active
L0002124,APP0003057,C002203,Nano,105.6,12.2,30,2025-03-13,32.21,Active
L0002125,APP0003058,C002292,ACS,22.01,6.14,7,2025-02-07,0.0,Closed
L0002126,APP0003059,C001280,ACS,28.59,8.55,7,2025-05-04,10.16,Active
L0002127,APP0003063,C003925,ACS,24.18,8.76,7,2025-03-20,0.0,Closed
L0002128,APP0003065,C003556,ACS,26.82,9.59,7,2025-05-29,3.12,Active
L0002129,APP0003068,C001743,Nano,298.07,13.6,30,2025-07-24,79.47,Active
L0002130,APP0003069,C004997,ACS,6.28,8.88,7,2025-04-07,1.44,Active
L0002131,APP0003071,C001371,Nano,83.56,13.4,30,2025-04-10,0.0,Closed
L0002132,APP0003072,C002278,Nano,150.37,12.01,30,2025-01-13,100.52,Defaulted
L0002133,APP0003073,C004707,Nano,43.12,15.28,30,2025-04-18,4.57,Active
L0002134,APP0003074,C004714,ACS,10.81,8.22,7,2025-02-05,6.41,Defaulted
L0002135,APP0003075,C001779,Nano,88.48,13.46,30,2025-05-02,21.37,Active
L0002136,APP0003076,C004425,Nano,72.1,16.81,30,2025-04-16,6.04,Active
L0002137,APP0003077,C001529,ACS,26.15,8.22,7,2025-04-07,2.47,Active
L0002138,APP0003078,C000973,BNPL,978.67,2.34,180,2025-05-26,573.79,Defaulted
L0002139,APP0003079,C001109,Nano,105.4,12.09,30,2025-08-03,53.58,Active
L0002140,APP0003080,C001393,BNPL,765.12,2.74,101,2025-08-07,467.67,Active
L0002141,APP0003083,C001917,ACS,22.43,8.0,7,2025-05-31,3.59,Active
L0002142,APP0003084,C000058,ACS,22.49,8.69,7,2025-06-09,13.02,Active
L0002143,APP0003085,C001887,ACS,11.17,7.48,7,2025-05-02,3.14,Active
L0002144,APP0003087,C002004,ACS,15.18,9.55,7,2025-02-01,0.0,Closed
L0002145,APP0003089,C001126,BNPL,690.7,3.31,146,2025-01-29,0.0,Active
L0002146,APP0003090,C000624,BNPL,351.77,4.08,96,2025-11-21,273.14,Active
L0002147,APP0003091,C004502,Nano,49.08,17.63,30,2025-03-16,12.6,Active
L0002148,APP0003093,C002039,ACS,6.64,6.67,7,2025-05-31,0.92,Active
L0002149,APP0003095,C000703,Nano,201.53,12.19,30,2025-06-30,28.94,Active
L0002150,APP0003096,C000916,Nano,188.25,16.99,30,2025-03-29,43.29,Active
L0002151,APP0003097,C002599,BNPL,207.56,4.78,102,2025-02-14,108.22,Defaulted
L0002152,APP0003098,C003527,ACS,21.19,7.13,7,2025-03-11,0.0,Closed
L0002153,APP0003099,C003508,BNPL,316.21,3.27,107,2025-04-01,72.3,Active
L0002154,APP0003100,C001704,Nano,175.9,13.03,30,2025-02-26,0.0,Closed
L0002155,APP0003103,C001584,ACS,23.65,8.12,7,2025-01-05,0.0,Defaulted
L0002156,APP0003104,C002353,BNPL,328.21,2.47,120,2025-01-12,0.0,Closed
L0002157,APP0003106,C000695,ACS,16.34,6.05,7,2025-01-08,0.0,Closed
L0002158,APP0003107,C000029,BNPL,993.12,4.47,162,2025-10-02,633.33,Active
L0002159,APP0003109,C000032,BNPL,243.9,3.27,126,2025-02-11,0.0,Active
L0002160,APP0003110,C004809,BNPL,774.0,4.81,156,2025-05-08,52.68,Active
L0002161,APP0003112,C003741,BNPL,206.56,4.78,110,2025-02-07,4.1,Closed
L0002162,APP0003113,C003752,Nano,39.15,14.52,30,2025-06-29,6.22,Active
L0002163,APP0003115,C003663,Nano,156.48,12.7,30,2025-02-18,0.0,Closed
L0002164,APP0003116,C004218,Nano,214.24,13.54,30,2025-07-21,136.81,Active
L0002165,APP0003118,C004144,Nano,251.75,15.67,30,2025-04-13,0.0,Closed
L0002166,APP0003119,C001187,ACS,9.03,7.22,7,2025-03-30,0.0,Closed
L0002167,APP0003120,C004442,BNPL,199.93,2.12,156,2025-05-14,4.74,Closed
L0002168,APP0003122,C000545,ACS,17.99,9.69,7,2025-06-02,9.39,Active
L0002169,APP0003123,C000910,BNPL,657.7,2.77,158,2025-05-24,442.95,Active
L0002170,APP0003124,C000648,BNPL,312.48,2.89,94,2025-07-21,85.05,Active
L0002171,APP0003125,C001213,Nano,232.18,17.92,30,2025-06-18,134.12,Active
L0002172,APP0003126,C003995,ACS,23.38,7.92,7,2025-02-22,0.0,Active
L0002173,APP0003127,C004133,BNPL,541.71,4.64,166,2025-03-05,0.0,Closed
L0002174,APP0003128,C004977,BNPL,524.92,4.98,114,2025-03-11,115.92,Active
L0002175,APP0003129,C000645,ACS,22.95,7.15,7,2025-03-11,4.29,Defaulted
L0002176,APP0003130,C002813,Nano,299.27,14.38,30,2025-02-11,0.0,Active
L0002177,APP0003131,C004109,BNPL,440.63,2.62,92,2025-08-27,339.1,Active
L0002178,APP0003132,C004822,Nano,96.79,13.54,30,2025-02-22,0.0,Active
L0002179,APP0003133,C000491,BNPL,532.42,3.63,113,2025-04-24,258.64,Active
L0002180,APP0003137,C004174,ACS,13.8,8.93,7,2025-09-05,8.26,Active
L0002181,APP0003139,C000927,Nano,48.86,14.95,30,2025-05-10,4.6,Active
L0002182,APP0003141,C004559,Nano,154.61,14.4,30,2025-04-10,0.0,Closed
L0002183,APP0003142,C002680,ACS,9.44,6.3,7,2025-03-27,5.61,Defaulted
L0002184,APP0003144,C003720,Nano,192.46,13.58,30,2025-03-10,156.46,Defaulted
L0002185,APP0003145,C002743,BNPL,876.0,3.62,104,2025-05-13,246.65,Active
L0002186,APP0003146,C001758,BNPL,197.31,3.71,112,2025-04-17,138.51,Defaulted
L0002187,APP0003147,C004327,BNPL,269.6,4.83,106,2025-05-25,9.9,Active
L0002188,APP0003148,C003079,ACS,26.58,8.96,7,2025-10-24,16.91,Active
L0002189,APP0003150,C002067,Nano,279.55,15.09,30,2025-03-16,218.71,Defaulted
L0002190,APP0003152,C002636,ACS,21.39,9.6,7,2025-07-17,5.81,Active
L0002191,APP0003154,C003183,BNPL,372.28,3.82,107,2025-03-05,7.09,Active
L0002192,APP0003155,C002241,ACS,18.47,8.15,7,2025-05-03,5.16,Active
L0002193,APP0003157,C000029,ACS,19.19,8.04,7,2025-03-22,0.0,Active
L0002194,APP0003158,C000481,ACS,14.59,7.08,7,2025-06-19,2.05,Active
L0002195,APP0003160,C000413,Nano,86.07,14.39,30,2025-03-03,78.42,Defaulted
L0002196,APP0003164,C002065,ACS,25.58,9.83,7,2025-06-06,3.69,Active
L0002197,APP0003165,C001469,Nano,145.25,15.42,30,2025-02-25,102.69,Defaulted
L0002198,APP0003169,C001994,Nano,29.71,12.4,30,2025-08-28,18.64,Active
L0002199,APP0003170,C000203,ACS,21.75,9.14,7,2025-04-13,0.0,Closed
L0002200,APP0003171,C003963,Nano,216.93,13.11,30,2025-06-26,33.08,Active
L0002201,APP0003175,C001637,Nano,260.36,15.19,30,2025-06-19,37.46,Active
L0002202,APP0003177,C004508,ACS,20.99,8.26,7,2025-03-11,7.32,Active
L0002203,APP0003178,C000172,Nano,79.78,14.01,30,2025-03-28,0.0,Closed
L0002204,APP0003179,C002536,BNPL,468.82,4.8,146,2025-06-03,239.2,Active
L0002205,APP0003181,C004926,Nano,203.72,17.07,30,2025-06-30,58.65,Active
L0002206,APP0003183,C004398,Nano,187.18,17.45,30,2025-02-02,0.0,Closed
L0002207,APP0003185,C003950,ACS,19.84,7.96,7,2025-09-05,10.68,Active
L0002208,APP0003187,C002521,ACS,18.28,9.82,7,2025-04-22,0.0,Closed
L0002209,APP0003188,C003734,Nano,143.12,15.47,30,2025-09-26,72.98,Active
L0002210,APP0003191,C003422,ACS,15.53,6.87,7,2025-02-14,1.45,Active
L0002211,APP0003192,C004255,ACS,25.73,6.46,7,2025-01-09,8.44,Defaulted
L0002212,APP0003193,C003165,ACS,28.54,7.48,7,2025-05-30,2.53,Active
L0002213,APP0003194,C004471,ACS,9.49,6.55,7,2025-05-20,3.05,Active
L0002214,APP0003197,C004687,ACS,28.52,8.77,7,2025-05-12,17.84,Defaulted
L0002215,APP0003198,C002649,ACS,16.36,9.47,7,2025-06-05,5.09,Active
L0002216,APP0003200,C001234,ACS,6.13,6.22,7,2025-01-24,0.0,Closed
L0002217,APP0003203,C002664,BNPL,933.78,4.25,98,2025-01-24,0.0,Closed
L0002218,APP0003205,C003396,Nano,295.12,16.38,30,2025-03-29,0.0,Active
L0002219,APP0003206,C003735,ACS,9.61,9.04,7,2025-06-20,2.91,Active
L0002220,APP0003209,C004393,ACS,6.02,9.48,7,2025-08-07,2.36,Active
L0002221,APP0003210,C004789,Nano,194.73,16.81,30,2025-07-16,137.44,Active
L0002222,APP0003213,C004824,ACS,18.31,6.27,7,2025-07-20,5.03,Active
L0002223,APP0003215,C001484,ACS,19.1,6.64,7,2025-02-19,0.0,Active
L0002224,APP0003216,C004421,ACS,29.0,6.86,7,2025-01-06,0.0,Closed
L0002225,APP0003217,C002611,ACS,25.44,8.66,7,2025-05-03,9.67,Active
L0002226,APP0003218,C003618,Nano,229.12,14.11,30,2025-07-25,69.21,Active
L0002227,APP0003219,C001711,ACS,27.58,7.59,7,2025-06-10,4.19,Active
L0002228,APP0003220,C001289,ACS,22.58,9.33,7,2025-06-28,11.97,Active
L0002229,APP0003221,C002011,ACS,9.12,6.32,7,2025-08-10,3.52,Active
L0002230,APP0003222,C000942,Nano,125.53,13.45,30,2025-06-12,41.2,Active
L0002231,APP0003223,C000707,BNPL,186.13,3.79,146,2025-02-27,119.59,Defaulted
L0002232,APP0003224,C002179,ACS,17.34,8.51,7,2025-08-22,12.34,Active
L0002233,APP0003225,C004739,Nano,90.81,12.62,30,2025-09-07,49.19,Active
L0002234,APP0003226,C000196,ACS,22.8,9.04,7,2025-08-05,9.95,Active
L0002235,APP0003228,C001420,ACS,6.91,8.68,7,2025-05-08,0.22,Active
L0002236,APP0003229,C001039,Nano,286.34,15.36,30,2025-08-07,193.02,Active
L0002237,APP0003230,C000367,ACS,26.25,9.64,7,2025-02-19,0.0,Active
L0002238,APP0003232,C002623,BNPL,105.56,2.81,152,2025-02-26,94.64,Defaulted
L0002239,APP0003233,C002135,ACS,12.13,9.88,7,2025-06-08,2.23,Active
L0002240,APP0003234,C003083,Nano,90.44,17.65,30,2025-10-09,69.83,Active
L0002241,APP0003235,C004282,ACS,23.6,9.93,7,2025-05-14,11.2,Defaulted
L0002242,APP0003236,C000557,Nano,152.25,13.12,30,2025-08-06,59.58,Active
L0002243,APP0003237,C001652,Nano,179.48,13.08,30,2025-05-13,2.61,Closed
L0002244,APP0003238,C004370,ACS,27.26,8.67,7,2025-05-03,0.71,Closed
L0002245,APP0003239,C001180,ACS,15.41,6.8,7,2025-06-11,2.76,Active
L0002246,APP0003240,C000484,ACS,5.18,8.22,7,2025-08-17,2.31,Active
L0002247,APP0003243,C001280,ACS,7.8,6.5,7,2025-02-23,4.77,Defaulted
L0002248,APP0003244,C002505,ACS,25.93,6.09,7,2025-04-25,3.75,Active
L0002249,APP0003245,C001021,Nano,73.84,12.04,30,2025-06-16,58.22,Defaulted
L0002250,APP0003246,C002911,Nano,217.43,13.49,30,2025-01-19,0.0,Active
L0002251,APP0003247,C004329,Nano,114.48,15.33,30,2025-09-25,71.31,Active
L0002252,APP0003249,C002712,ACS,19.29,8.4,7,2025-01-16,0.0,Closed
L0002253,APP0003250,C003566,BNPL,352.16,3.65,98,2025-06-03,247.29,Defaulted
L0002254,APP0003251,C000332,Nano,121.45,12.01,30,2025-07-13,32.83,Active
L0002255,APP0003253,C003172,Nano,270.28,12.56,30,2025-11-21,225.85,Active
L0002256,APP0003255,C002060,BNPL,625.07,4.21,143,2025-04-25,304.15,Defaulted
L0002257,APP0003256,C002266,Nano,71.38,16.86,30,2025-04-05,9.17,Active
L0002258,APP0003257,C004683,Nano,73.32,12.43,30,2025-03-12,0.0,Closed
L0002259,APP0003258,C000568,ACS,8.1,7.52,7,2025-01-30,0.0,Closed
L0002260,APP0003259,C003171,ACS,9.51,9.83,7,2025-01-03,0.0,Closed
L0002261,APP0003260,C004831,Nano,115.27,16.15,30,2025-03-01,0.0,Closed
L0002262,APP0003261,C004527,ACS,12.99,7.43,7,2025-07-07,3.56,Active
L0002263,APP0003262,C002751,ACS,23.64,7.82,7,2025-08-18,9.04,Active
L0002264,APP0003263,C001941,ACS,20.98,8.6,7,2025-01-19,12.83,Defaulted
L0002265,APP0003264,C000721,Nano,92.84,13.8,30,2025-01-09,0.0,Closed
L0002266,APP0003266,C003981,ACS,12.06,8.53,7,2025-03-17,0.0,Active
L0002267,APP0003267,C000135,BNPL,450.24,2.31,129,2025-06-02,134.48,Active
L0002268,APP0003269,C004648,ACS,22.17,6.12,7,2025-06-23,5.76,Active
L0002269,APP0003270,C002153,ACS,19.39,8.37,7,2025-05-17,2.32,Active
L0002270,APP0003271,C004046,BNPL,381.64,4.1,126,2025-03-08,0.0,Active
L0002271,APP0003272,C004919,ACS,17.7,8.21,7,2025-08-11,7.01,Active
L0002272,APP0003273,C003809,ACS,26.8,8.58,7,2025-07-23,7.06,Active
L0002273,APP0003274,C002504,ACS,19.25,9.83,7,2025-03-11,0.0,Active
L0002274,APP0003276,C001064,Nano,163.03,12.95,30,2025-04-12,83.85,Defaulted
L0002275,APP0003279,C002598,ACS,8.33,9.33,7,2025-05-13,2.12,Active
L0002276,APP0003280,C004644,BNPL,836.83,2.11,178,2025-03-02,0.0,Closed
L0002277,APP0003281,C003715,Nano,100.72,14.11,30,2025-06-02,22.66,Active
L0002278,APP0003282,C001312,Nano,124.71,12.59,30,2025-03-31,0.0,Closed
L0002279,APP0003284,C000034,BNPL,279.95,2.34,102,2025-06-17,193.19,Defaulted
L0002280,APP0003286,C003047,ACS,29.03,9.39,7,2025-07-11,20.7,Active
L0002281,APP0003287,C003022,BNPL,907.77,4.84,173,2025-05-06,409.1,Active
L0002282,APP0003288,C003664,ACS,5.39,6.21,7,2025-03-19,3.17,Defaulted
L0002283,APP0003289,C003236,ACS,24.4,7.19,7,2025-01-04,13.99,Defaulted
L0002284,APP0003290,C001305,ACS,7.69,7.07,7,2025-01-08,2.03,Defaulted
L0002285,APP0003292,C004819,ACS,22.7,9.51,7,2025-02-11,4.2,Active
L0002286,APP0003293,C001692,Nano,158.46,15.66,30,2025-05-24,4.26,Closed
L0002287,APP0003295,C000346,BNPL,550.56,4.58,140,2025-09-16,286.34,Active
L0002288,APP0003296,C004006,ACS,8.36,8.61,7,2025-09-13,4.29,Active
L0002289,APP0003297,C004224,ACS,5.91,8.82,7,2025-08-06,2.42,Active
L0002290,APP0003298,C004382,Nano,207.6,17.72,30,2025-02-28,0.0,Closed
L0002291,APP0003300,C000855,ACS,21.89,9.68,7,2025-02-28,0.0,Closed
L0002292,APP0003301,C000072,BNPL,681.29,4.06,105,2025-01-18,0.0,Closed
L0002293,APP0003302,C002507,ACS,14.64,6.53,7,2025-01-08,11.25,Defaulted
L0002294,APP0003303,C002539,ACS,14.39,6.12,7,2025-08-09,6.66,Active
L0002295,APP0003305,C004383,Nano,147.84,15.62,30,2025-02-02,0.0,Active
L0002296,APP0003306,C003210,ACS,10.41,7.76,7,2025-08-05,4.06,Active
L0002297,APP0003307,C003409,Nano,24.14,13.86,30,2025-04-02,12.46,Defaulted
L0002298,APP0003311,C002892,ACS,14.78,7.51,7,2025-03-13,12.06,Defaulted
L0002299,APP0003312,C002507,Nano,164.69,15.88,30,2025-04-15,29.87,Active
L0002300,APP0003313,C004174,BNPL,136.31,3.65,180,2025-06-17,50.23,Active
L0002301,APP0003316,C000684,Nano,210.01,13.28,30,2025-06-19,45.42,Active
L0002302,APP0003317,C000181,Nano,145.54,14.52,30,2025-05-02,3.65,Closed
L0002303,APP0003318,C000256,ACS,6.86,7.14,7,2025-12-01,6.02,Active
L0002304,APP0003319,C001833,ACS,22.29,9.26,7,2025-03-27,0.0,Closed
L0002305,APP0003321,C004482,ACS,20.74,8.44,7,2025-02-13,0.0,Closed
L0002306,APP0003323,C000157,ACS,13.89,7.71,7,2025-07-13,11.88,Defaulted
L0002307,APP0003324,C003831,Nano,261.37,14.93,30,2025-09-07,193.04,Active
L0002308,APP0003325,C001007,BNPL,430.19,3.33,99,2025-03-11,0.0,Closed
L0002309,APP0003326,C001966,Nano,123.65,16.11,30,2025-08-18,47.34,Active
L0002310,APP0003327,C004292,Nano,271.7,14.52,30,2025-03-08,0.0,Closed
L0002311,APP0003328,C004919,ACS,22.81,6.68,7,2025-05-19,18.03,Defaulted
L0002312,APP0003331,C000190,Nano,32.89,16.75,30,2025-05-04,17.76,Defaulted
L0002313,APP0003332,C004989,Nano,220.03,13.49,30,2025-12-15,193.48,Active
L0002314,APP0003333,C001178,ACS,15.42,7.83,7,2025-04-26,7.63,Active
L0002315,APP0003334,C001151,Nano,39.12,17.62,30,2025-02-01,2.87,Active
L0002316,APP0003335,C002609,Nano,41.17,17.06,30,2025-05-02,0.75,Closed
L0002317,APP0003336,C000842,Nano,25.48,17.81,30,2025-02-15,0.0,Closed
L0002318,APP0003337,C003330,BNPL,558.43,2.05,96,2025-05-15,51.77,Active
L0002319,APP0003338,C004292,ACS,24.66,8.44,7,2025-02-02,0.0,Closed
L0002320,APP0003340,C002345,ACS,11.52,7.09,7,2025-06-22,2.17,Active
L0002321,APP0003341,C004500,ACS,22.01,7.53,7,2025-03-09,0.0,Closed
L0002322,APP0003342,C004460,ACS,28.81,9.77,7,2025-03-11,3.31,Active
L0002323,APP0003344,C003741,ACS,15.61,9.93,7,2025-05-12,5.01,Active
L0002324,APP0003345,C000100,BNPL,755.84,3.22,95,2025-03-20,92.16,Active
L0002325,APP0003348,C000610,Nano,79.77,13.75,30,2025-01-27,11.68,Active
L0002326,APP0003349,C000921,BNPL,440.34,2.94,157,2025-07-17,295.39,Active
L0002327,APP0003352,C002808,Nano,177.74,13.18,30,2025-02-10,23.59,Active
L0002328,APP0003353,C004603,Nano,239.39,15.98,30,2025-10-15,152.5,Active
L0002329,APP0003354,C002117,ACS,10.68,8.41,7,2025-01-12,0.0,Closed
L0002330,APP0003359,C000021,BNPL,782.57,2.94,162,2025-03-15,0.0,Closed
L0002331,APP0003361,C003659,ACS,16.21,6.68,7,2025-02-12,7.03,Active
L0002332,APP0003365,C003883,ACS,21.17,9.92,7,2025-06-26,3.03,Active
L0002333,APP0003366,C000167,ACS,20.23,9.04,7,2025-02-01,0.0,Closed
L0002334,APP0003367,C004486,Nano,252.02,17.06,30,2025-06-24,158.03,Active
L0002335,APP0003368,C004366,ACS,19.41,9.23,7,2025-02-01,0.0,Active
L0002336,APP0003369,C003433,ACS,21.06,9.26,7,2025-03-06,0.0,Active
L0002337,APP0003371,C003521,Nano,177.93,13.08,30,2025-04-28,78.88,Defaulted
L0002338,APP0003372,C000801,Nano,225.71,13.85,30,2025-02-11,140.16,Defaulted
L0002339,APP0003373,C004485,Nano,164.27,16.27,30,2025-05-13,108.76,Active
L0002340,APP0003374,C003843,ACS,15.16,7.02,7,2025-08-26,5.91,Active
L0002341,APP0003375,C003777,Nano,78.98,12.86,30,2025-05-16,4.93,Active
L0002342,APP0003378,C002554,ACS,8.25,8.18,7,2025-03-03,0.0,Closed
L0002343,APP0003381,C004621,Nano,75.96,14.68,30,2025-04-29,3.37,Active
L0002344,APP0003384,C004391,Nano,173.36,16.18,30,2025-02-06,0.0,Closed
L0002345,APP0003387,C001964,ACS,13.87,8.26,7,2025-03-19,0.0,Active
L0002346,APP0003388,C003119,Nano,31.38,13.93,30,2025-03-22,0.0,Closed
L0002347,APP0003389,C000568,Nano,27.83,17.66,30,2025-05-18,0.88,Active
L0002348,APP0003390,C001085,BNPL,106.04,3.36,178,2025-03-21,39.65,Defaulted
L0002349,APP0003393,C002780,ACS,19.27,6.51,7,2025-07-02,6.37,Active
L0002350,APP0003394,C002666,ACS,6.07,9.58,7,2025-10-23,3.83,Active
L0002351,APP0003396,C000609,Nano,265.78,14.63,30,2025-04-17,0.0,Closed
L0002352,APP0003402,C002047,BNPL,842.93,4.72,147,2025-02-27,87.65,Defaulted
L0002353,APP0003403,C003586,ACS,22.94,7.09,7,2025-01-11,0.0,Closed
L0002354,APP0003404,C004605,ACS,12.92,6.86,7,2025-05-01,2.44,Active
L0002355,APP0003405,C000031,BNPL,267.26,2.69,174,2025-04-03,111.78,Active
L0002356,APP0003406,C003490,Nano,139.84,15.81,30,2025-03-18,0.0,Closed
L0002357,APP0003407,C004493,Nano,85.49,12.35,30,2025-05-02,12.39,Active
L0002358,APP0003408,C004485,ACS,13.39,7.52,7,2025-05-31,3.66,Active
L0002359,APP0003410,C004642,ACS,9.29,7.77,7,2025-05-06,0.27,Closed
L0002360,APP0003412,C000096,BNPL,329.74,3.78,142,2025-06-07,162.39,Active
L0002361,APP0003413,C004911,Nano,275.91,15.65,30,2025-04-10,0.0,Closed
L0002362,APP0003414,C004400,BNPL,192.28,4.44,106,2025-04-05,0.0,Active
L0002363,APP0003415,C000951,Nano,148.61,17.74,30,2025-07-25,87.75,Active
L0002364,APP0003416,C004793,ACS,28.27,6.95,7,2025-05-15,0.69,Closed
L0002365,APP0003417,C003259,Nano,261.0,16.04,30,2025-02-22,145.89,Defaulted
L0002366,APP0003419,C004093,BNPL,726.84,3.22,96,2025-06-09,362.47,Active
L0002367,APP0003420,C003180,ACS,22.5,8.12,7,2025-02-22,0.0,Closed
L0002368,APP0003422,C001730,ACS,6.53,6.97,7,2025-04-08,0.0,Active
L0002369,APP0003424,C000494,Nano,156.84,13.03,30,2025-09-30,80.99,Active
L0002370,APP0003425,C004447,ACS,22.53,9.8,7,2025-08-23,8.7,Active
L0002371,APP0003426,C001314,Nano,153.68,17.21,30,2025-05-03,137.96,Defaulted
L0002372,APP0003427,C000688,Nano,22.39,13.93,30,2025-06-19,3.08,Active
L0002373,APP0003428,C000403,BNPL,732.45,4.49,157,2025-04-18,0.0,Closed
L0002374,APP0003429,C001931,BNPL,455.55,3.72,92,2025-04-28,0.0,Closed
L0002375,APP0003430,C002434,ACS,25.09,6.09,7,2025-04-15,0.0,Closed
L0002376,APP0003431,C004173,ACS,28.39,7.2,7,2025-09-20,14.86,Active
L0002377,APP0003432,C003268,ACS,16.5,9.76,7,2025-04-02,4.88,Active
L0002378,APP0003433,C004031,ACS,16.66,6.95,7,2025-04-25,0.0,Closed
L0002379,APP0003434,C000027,Nano,131.53,17.59,30,2025-04-12,0.0,Closed
L0002380,APP0003437,C001929,ACS,23.45,7.77,7,2025-01-15,0.0,Closed
L0002381,APP0003438,C000369,Nano,131.69,15.1,30,2025-05-11,30.73,Active
L0002382,APP0003439,C004339,Nano,87.52,14.46,30,2025-04-28,17.61,Active
L0002383,APP0003442,C004016,Nano,135.96,12.4,30,2025-05-20,4.74,Active
L0002384,APP0003443,C000954,BNPL,740.35,2.98,146,2025-08-05,377.75,Active
L0002385,APP0003444,C000155,BNPL,423.74,2.07,117,2025-04-05,281.41,Defaulted
L0002386,APP0003445,C004494,BNPL,689.03,3.55,146,2025-03-12,0.0,Closed
L0002387,APP0003446,C004070,BNPL,488.86,2.21,93,2025-04-22,323.36,Defaulted
L0002388,APP0003447,C003789,Nano,282.35,17.56,30,2025-04-23,0.0,Closed
L0002389,APP0003448,C004137,BNPL,529.22,2.92,178,2025-07-03,248.58,Active
L0002390,APP0003449,C003552,BNPL,705.42,2.02,150,2025-02-06,189.17,Defaulted
L0002391,APP0003451,C004836,ACS,25.76,9.9,7,2025-04-16,4.28,Active
L0002392,APP0003452,C004393,ACS,22.85,7.94,7,2025-02-14,0.0,Closed
L0002393,APP0003453,C004451,Nano,134.48,13.64,30,2025-09-22,68.8,Active
L0002394,APP0003454,C002343,Nano,63.97,12.31,30,2025-05-31,1.17,Closed
L0002395,APP0003455,C004093,ACS,15.63,7.88,7,2025-06-17,4.02,Active
L0002396,APP0003457,C001571,ACS,23.79,8.13,7,2025-05-25,0.89,Active
L0002397,APP0003458,C004353,BNPL,471.97,4.16,114,2025-03-31,0.0,Closed
L0002398,APP0003461,C002478,Nano,104.89,13.45,30,2025-08-19,51.92,Active
L0002399,APP0003462,C001374,ACS,21.21,7.24,7,2025-04-05,0.0,Closed
L0002400,APP0003464,C002904,Nano,207.2,17.6,30,2025-04-16,0.0,Closed
L0002401,APP0003465,C000317,Nano,29.28,13.95,30,2025-06-25,4.15,Active
L0002402,APP0003466,C002785,BNPL,393.19,4.1,142,2025-05-01,334.69,Defaulted
L0002403,APP0003467,C000526,BNPL,800.71,3.81,105,2025-03-05,31.48,Active
L0002404,APP0003469,C001617,Nano,46.18,16.45,30,2025-02-12,0.0,Closed
L0002405,APP0003470,C003044,ACS,11.61,6.65,7,2025-07-10,3.17,Active
L0002406,APP0003471,C004196,Nano,110.5,14.86,30,2025-01-19,0.0,Active
L0002407,APP0003472,C000420,Nano,269.79,13.23,30,2025-02-13,126.52,Defaulted
L0002408,APP0003475,C003770,ACS,19.46,7.72,7,2025-05-12,0.6,Active
L0002409,APP0003476,C001400,Nano,223.41,14.0,30,2025-03-31,0.0,Closed
L0002410,APP0003477,C003913,Nano,121.18,16.89,30,2025-02-03,0.0,Closed
L0002411,APP0003478,C000012,Nano,283.53,13.54,30,2025-09-08,221.94,Active
L0002412,APP0003480,C002596,ACS,20.6,6.0,7,2025-01-19,0.0,Closed
L0002413,APP0003482,C001824,ACS,5.28,8.78,7,2025-07-04,1.93,Active
L0002414,APP0003483,C004411,BNPL,164.5,2.22,163,2025-03-26,0.0,Closed
L0002415,APP0003484,C002157,BNPL,824.78,4.16,152,2025-03-23,0.0,Closed
L0002416,APP0003488,C002529,ACS,22.19,8.75,7,2025-01-23,17.34,Defaulted
L0002417,APP0003492,C000003,Nano,88.42,16.9,30,2025-01-23,57.55,Defaulted
L0002418,APP0003493,C002260,Nano,75.92,17.91,30,2025-06-28,10.95,Active
L0002419,APP0003494,C003901,ACS,10.69,7.09,7,2025-06-28,2.11,Active
L0002420,APP0003495,C003889,ACS,13.28,6.02,7,2025-02-11,0.0,Active
L0002421,APP0003496,C003140,ACS,17.78,6.89,7,2025-02-21,0.0,Closed
L0002422,APP0003497,C001873,Nano,293.97,17.31,30,2025-07-25,77.32,Active
L0002423,APP0003498,C002640,Nano,28.04,15.07,30,2025-05-22,1.72,Active
L0002424,APP0003499,C000845,BNPL,786.76,3.66,121,2025-02-28,24.94,Active
L0002425,APP0003500,C003111,Nano,49.43,14.4,30,2025-01-17,25.13,Defaulted
L0002426,APP0003501,C001082,Nano,174.07,14.18,30,2025-06-01,151.2,Defaulted
L0002427,APP0003502,C001619,ACS,9.74,7.38,7,2025-06-16,1.93,Active
L0002428,APP0003503,C003671,ACS,5.32,6.37,7,2025-04-24,3.2,Active
L0002429,APP0003504,C000616,ACS,8.16,8.55,7,2025-06-08,3.06,Active
L0002430,APP0003505,C001651,ACS,10.62,9.18,7,2025-07-05,2.8,Active
L0002431,APP0003509,C001863,BNPL,367.96,4.82,115,2025-02-03,0.0,Closed
L0002432,APP0003510,C003042,ACS,27.71,6.02,7,2025-07-06,10.82,Active
L0002433,APP0003513,C001724,Nano,201.12,16.25,30,2025-03-07,0.0,Closed
L0002434,APP0003514,C004512,ACS,15.26,8.65,7,2025-08-08,6.02,Active
L0002435,APP0003515,C004455,ACS,16.56,8.6,7,2025-09-16,8.87,Active
L0002436,APP0003517,C002047,ACS,21.41,7.95,7,2025-02-27,0.0,Active
L0002437,APP0003519,C000481,Nano,125.36,12.33,30,2025-04-23,0.0,Closed
L0002438,APP0003521,C002582,Nano,298.31,17.14,30,2025-01-27,0.0,Closed
L0002439,APP0003523,C002862,Nano,113.61,12.96,30,2025-02-12,19.19,Active
L0002440,APP0003524,C002517,ACS,14.68,7.15,7,2025-04-26,1.2,Active
L0002441,APP0003525,C001715,Nano,173.13,16.34,30,2025-07-13,54.18,Active
L0002442,APP0003527,C004892,ACS,25.73,6.93,7,2025-03-31,0.0,Closed
L0002443,APP0003528,C000370,ACS,20.99,6.51,7,2025-03-09,0.0,Closed
L0002444,APP0003529,C000803,Nano,248.48,17.36,30,2025-08-20,97.83,Active
L0002445,APP0003531,C003128,BNPL,950.9,3.65,91,2025-06-22,535.3,Defaulted
L0002446,APP0003533,C000225,ACS,7.49,8.18,7,2025-07-08,2.47,Active
L0002447,APP0003534,C001018,ACS,22.24,8.76,7,2025-05-31,8.42,Active
L0002448,APP0003535,C001301,ACS,5.82,8.72,7,2025-01-22,0.0,Active
L0002449,APP0003537,C003835,ACS,28.41,8.19,7,2025-07-04,7.57,Active
L0002450,APP0003538,C000123,ACS,28.89,9.19,7,2025-01-17,16.92,Defaulted
L0002451,APP0003539,C004414,Nano,50.29,12.26,30,2025-08-10,19.4,Active
L0002452,APP0003540,C004892,Nano,131.16,13.2,30,2025-04-23,0.0,Closed
L0002453,APP0003541,C004586,ACS,29.71,8.23,7,2025-04-11,0.61,Closed
L0002454,APP0003542,C001061,ACS,6.84,8.0,7,2025-07-02,2.95,Active
L0002455,APP0003545,C003115,ACS,27.06,7.21,7,2025-06-08,4.41,Active
L0002456,APP0003547,C004325,Nano,179.95,16.45,30,2025-02-14,0.0,Active
L0002457,APP0003548,C000960,Nano,275.38,17.64,30,2025-04-07,0.0,Closed
L0002458,APP0003549,C002031,Nano,48.28,13.34,30,2025-05-12,1.49,Active
L0002459,APP0003550,C000727,ACS,7.83,8.72,7,2025-07-21,2.14,Active
L0002460,APP0003551,C003995,Nano,213.6,17.63,30,2025-01-26,0.0,Active
L0002461,APP0003552,C001005,Nano,22.46,15.13,30,2025-01-20,0.0,Active
L0002462,APP0003553,C000659,ACS,20.99,7.69,7,2025-09-07,12.92,Active
L0002463,APP0003557,C004501,ACS,27.88,6.82,7,2025-05-10,0.88,Active
L0002464,APP0003558,C004141,ACS,23.35,9.06,7,2025-03-09,2.04,Active
L0002465,APP0003559,C004600,ACS,12.03,9.4,7,2025-03-31,0.0,Active
L0002466,APP0003560,C001836,BNPL,638.67,2.49,129,2025-01-18,0.0,Closed
L0002467,APP0003561,C001943,Nano,131.22,16.78,30,2025-02-03,0.0,Active
L0002468,APP0003564,C002507,ACS,12.24,7.4,7,2025-04-26,1.36,Active
L0002469,APP0003566,C003298,BNPL,458.1,3.43,136,2025-05-14,238.64,Defaulted
L0002470,APP0003567,C000664,Nano,298.82,14.84,30,2025-05-29,6.82,Closed
L0002471,APP0003568,C004988,ACS,14.8,7.68,7,2025-02-02,0.0,Active
L0002472,APP0003569,C003444,BNPL,612.95,3.53,105,2025-06-12,354.48,Active
L0002473,APP0003570,C002218,ACS,15.0,8.84,7,2025-04-10,0.0,Active
L0002474,APP0003571,C000452,ACS,18.37,7.69,7,2025-03-05,2.75,Active
L0002475,APP0003572,C001614,Nano,297.49,15.31,30,2025-04-09,0.0,Closed
L0002476,APP0003573,C002866,Nano,51.34,14.54,30,2025-08-03,20.14,Active
L0002477,APP0003575,C002436,Nano,268.73,17.9,30,2025-02-25,0.0,Closed
L0002478,APP0003576,C004989,BNPL,703.87,3.39,151,2025-02-04,469.66,Defaulted
L0002479,APP0003577,C002590,Nano,157.69,15.04,30,2025-04-29,0.0,Closed
L0002480,APP0003579,C000491,ACS,22.13,9.19,7,2025-06-10,12.85,Active
L0002481,APP0003580,C003989,BNPL,957.6,2.3,179,2025-04-04,0.0,Closed
L0002482,APP0003581,C001211,Nano,116.73,15.43,30,2025-03-09,74.84,Defaulted
L0002483,APP0003582,C002037,BNPL,923.71,3.52,107,2025-04-26,208.92,Active
L0002484,APP0003583,C001617,ACS,12.0,7.12,7,2025-03-27,0.0,Closed
L0002485,APP0003584,C002695,ACS,16.21,9.25,7,2025-04-08,0.0,Closed
L0002486,APP0003586,C001760,ACS,9.35,9.05,7,2025-01-23,0.0,Active
L0002487,APP0003587,C000287,BNPL,270.53,2.97,127,2025-04-14,90.95,Active
L0002488,APP0003588,C003095,ACS,26.53,8.39,7,2025-03-13,0.0,Closed
L0002489,APP0003589,C002101,Nano,297.31,13.52,30,2025-04-03,7.23,Closed
L0002490,APP0003590,C004129,Nano,285.13,12.76,30,2025-03-03,0.0,Closed
L0002491,APP0003591,C003477,Nano,79.35,15.46,30,2025-01-17,0.0,Closed
L0002492,APP0003592,C001871,Nano,100.65,16.48,30,2025-04-27,71.33,Defaulted
L0002493,APP0003593,C000260,Nano,55.24,12.72,30,2025-05-06,8.07,Active
L0002494,APP0003595,C003976,Nano,21.18,15.93,30,2025-02-27,0.0,Active
L0002495,APP0003596,C003875,ACS,21.98,9.34,7,2025-04-26,4.39,Active
L0002496,APP0003599,C000368,ACS,9.62,7.66,7,2025-02-17,2.38,Active
L0002497,APP0003601,C001313,Nano,51.12,12.72,30,2025-04-16,0.0,Closed
L0002498,APP0003602,C003879,Nano,30.15,16.71,30,2025-05-08,0.84,Closed
L0002499,APP0003603,C002986,Nano,52.69,13.69,30,2025-07-13,14.28,Active
L0002500,APP0003604,C000261,Nano,88.1,14.4,30,2025-09-21,45.43,Active
L0002501,APP0003605,C003456,Nano,210.53,17.56,30,2025-04-16,149.86,Defaulted
L0002502,APP0003606,C001269,ACS,15.99,6.87,7,2025-04-14,10.35,Defaulted
L0002503,APP0003610,C000033,BNPL,746.73,2.21,150,2025-02-19,0.0,Closed
L0002504,APP0003611,C003166,Nano,138.38,14.57,30,2025-08-01,53.74,Active
L0002505,APP0003612,C002389,Nano,55.3,15.58,30,2025-04-27,20.44,Active
L0002506,APP0003613,C002666,ACS,7.36,7.7,7,2025-08-27,3.32,Active
L0002507,APP0003615,C004480,ACS,9.28,6.31,7,2025-01-27,0.2,Active
L0002508,APP0003616,C001916,Nano,128.05,12.43,30,2025-03-31,0.0,Closed
L0002509,APP0003617,C002852,ACS,29.8,9.96,7,2025-09-16,15.4,Active
L0002510,APP0003618,C003106,ACS,12.53,8.36,7,2025-07-29,3.37,Active
L0002511,APP0003619,C004407,ACS,28.59,8.16,7,2025-10-03,18.03,Active
L0002512,APP0003620,C000958,BNPL,680.9,2.86,162,2025-02-24,0.0,Active
L0002513,APP0003623,C001408,BNPL,745.07,2.17,124,2025-03-16,161.5,Active
L0002514,APP0003624,C001813,ACS,22.59,8.39,7,2025-07-10,6.08,Active
L0002515,APP0003625,C002246,ACS,8.45,9.65,7,2025-09-16,5.13,Active
L0002516,APP0003626,C003537,Nano,25.81,12.84,30,2025-03-05,0.0,Closed
L0002517,APP0003627,C003353,Nano,251.14,17.27,30,2025-03-28,0.0,Closed
L0002518,APP0003629,C001030,Nano,183.23,13.93,30,2025-05-05,86.16,Active
L0002519,APP0003630,C004091,ACS,24.04,9.47,7,2025-04-06,21.03,Defaulted
L0002520,APP0003632,C002591,Nano,185.94,12.24,30,2025-07-05,136.22,Active
L0002521,APP0003633,C002102,ACS,29.05,7.32,7,2025-02-28,0.0,Active
L0002522,APP0003634,C004852,ACS,8.63,6.29,7,2025-07-24,2.38,Active
L0002523,APP0003635,C004413,Nano,103.71,13.88,30,2025-07-12,33.82,Active
L0002524,APP0003636,C002027,Nano,51.47,12.86,30,2025-02-08,0.0,Closed
L0002525,APP0003637,C001758,ACS,10.82,8.24,7,2025-08-27,4.65,Active
L0002526,APP0003638,C004365,Nano,256.48,16.08,30,2025-07-16,151.05,Active
L0002527,APP0003639,C001730,BNPL,746.46,4.54,179,2025-10-02,474.49,Active
L0002528,APP0003641,C004585,Nano,79.2,12.87,30,2025-01-18,0.0,Closed
L0002529,APP0003642,C000540,Nano,154.6,12.33,30,2025-07-10,42.84,Active
L0002530,APP0003643,C003518,ACS,18.97,8.16,7,2025-07-07,7.79,Active
L0002531,APP0003644,C003439,Nano,56.0,16.74,30,2025-07-12,37.82,Active
L0002532,APP0003645,C001896,ACS,6.85,8.79,7,2025-09-09,4.0,Active
L0002533,APP0003646,C000915,Nano,71.02,13.02,30,2025-02-03,0.0,Closed
L0002534,APP0003647,C004306,ACS,24.81,8.2,7,2025-02-21,15.8,Defaulted
L0002535,APP0003648,C004000,BNPL,610.56,2.39,166,2025-01-22,377.49,Defaulted
L0002536,APP0003649,C004292,Nano,202.15,17.9,30,2025-06-12,30.18,Active
L0002537,APP0003652,C003783,ACS,10.94,6.32,7,2025-06-18,3.18,Active
L0002538,APP0003653,C001200,Nano,240.13,17.57,30,2025-05-26,5.89,Closed
L0002539,APP0003656,C002686,Nano,214.62,12.71,30,2025-08-25,126.69,Active
L0002540,APP0003657,C000942,ACS,21.37,6.47,7,2025-03-12,0.58,Closed
L0002541,APP0003660,C003326,ACS,25.99,6.58,7,2025-02-01,0.0,Closed
L0002542,APP0003661,C003209,ACS,23.84,7.33,7,2025-04-21,0.0,Closed
L0002543,APP0003662,C003322,Nano,62.08,13.87,30,2025-02-10,0.0,Active
L0002544,APP0003663,C003800,ACS,18.61,6.77,7,2025-02-16,1.03,Active
L0002545,APP0003665,C002579,Nano,159.7,16.16,30,2025-03-06,0.0,Closed
L0002546,APP0003666,C002927,BNPL,805.28,3.66,133,2025-07-27,262.41,Active
L0002547,APP0003667,C003156,Nano,163.0,14.41,30,2025-03-11,0.0,Closed
L0002548,APP0003669,C002379,BNPL,999.19,3.83,109,2025-06-07,137.53,Active
L0002549,APP0003670,C001501,Nano,106.54,17.39,30,2025-06-06,42.4,Active
L0002550,APP0003671,C001263,ACS,9.59,6.73,7,2025-02-06,0.0,Closed
L0002551,APP0003674,C003676,Nano,115.71,14.44,30,2025-09-29,58.69,Active
L0002552,APP0003675,C001586,ACS,11.8,8.86,7,2025-05-12,0.29,Closed
L0002553,APP0003676,C002700,Nano,298.46,15.32,30,2025-01-18,0.0,Closed
L0002554,APP0003677,C001861,ACS,14.13,8.18,7,2025-01-28,0.0,Closed
L0002555,APP0003678,C004504,Nano,175.06,15.45,30,2025-04-21,0.0,Closed
L0002556,APP0003680,C004826,Nano,150.22,12.64,30,2025-05-18,62.8,Active
L0002557,APP0003681,C004306,Nano,160.8,14.94,30,2025-04-09,0.0,Closed
L0002558,APP0003684,C002738,ACS,18.21,6.38,7,2025-04-25,2.44,Active
L0002559,APP0003685,C001509,ACS,6.08,6.48,7,2025-06-18,1.17,Active
L0002560,APP0003686,C003771,Nano,81.95,13.01,30,2025-04-15,0.0,Closed
L0002561,APP0003687,C001601,ACS,28.48,7.31,7,2025-03-03,0.0,Closed
L0002562,APP0003688,C001672,BNPL,410.22,4.61,173,2025-08-22,159.27,Active
L0002563,APP0003689,C004729,ACS,15.51,8.87,7,2025-02-01,0.0,Closed
L0002564,APP0003690,C000074,ACS,18.14,9.32,7,2025-08-05,8.51,Active
L0002565,APP0003693,C003426,Nano,287.07,16.97,30,2025-03-26,0.0,Closed
L0002566,APP0003694,C003908,BNPL,770.73,2.82,106,2025-02-12,0.0,Active
L0002567,APP0003697,C001488,ACS,23.13,9.56,7,2025-02-05,0.0,Active
L0002568,APP0003698,C004318,ACS,20.59,6.93,7,2025-05-30,17.47,Defaulted
L0002569,APP0003700,C004408,ACS,24.84,7.4,7,2025-02-05,0.0,Closed
L0002570,APP0003701,C000047,Nano,260.74,15.91,30,2025-03-21,0.0,Closed
L0002571,APP0003702,C001604,Nano,39.69,16.1,30,2025-07-20,10.84,Active
L0002572,APP0003703,C003436,Nano,124.14,13.25,30,2025-10-11,87.68,Active
L0002573,APP0003706,C004381,BNPL,543.74,2.6,141,2025-02-07,0.0,Closed
L0002574,APP0003707,C000809,ACS,13.1,9.69,7,2025-06-13,8.63,Active
L0002575,APP0003708,C000353,Nano,47.14,15.14,30,2025-04-24,0.71,Active
L0002576,APP0003709,C003185,ACS,20.23,8.73,7,2025-01-05,0.0,Active
L0002577,APP0003710,C001162,Nano,245.21,14.86,30,2025-02-03,0.0,Closed
L0002578,APP0003711,C000920,ACS,29.76,9.09,7,2025-10-07,18.87,Active
L0002579,APP0003712,C002713,Nano,199.56,16.46,30,2025-07-09,66.08,Active
L0002580,APP0003714,C004083,Nano,178.44,13.67,30,2025-03-26,5.87,Active
L0002581,APP0003715,C000520,BNPL,784.36,4.16,118,2025-04-09,0.0,Closed
L0002582,APP0003716,C003910,ACS,17.66,9.4,7,2025-08-25,14.28,Active
L0002583,APP0003717,C003351,Nano,97.47,14.36,30,2025-03-28,0.0,Active
L0002584,APP0003718,C003406,ACS,13.92,7.37,7,2025-03-12,0.0,Closed
L0002585,APP0003719,C001194,Nano,217.04,17.1,30,2025-05-12,24.41,Active
L0002586,APP0003720,C004144,ACS,25.62,6.15,7,2025-02-25,0.0,Closed
L0002587,APP0003721,C000617,Nano,193.12,15.21,30,2025-07-13,92.93,Active
L0002588,APP0003722,C003428,BNPL,755.84,3.25,142,2025-02-01,0.0,Closed
L0002589,APP0003723,C000673,Nano,20.33,12.89,30,2025-09-05,10.78,Active
L0002590,APP0003727,C000973,Nano,92.53,16.57,30,2025-03-21,0.0,Closed
L0002591,APP0003728,C002200,ACS,12.0,6.82,7,2025-10-15,7.63,Active
L0002592,APP0003729,C001831,Nano,71.77,17.22,30,2025-04-13,0.21,Active
L0002593,APP0003730,C002257,BNPL,119.75,2.54,126,2025-02-09,0.0,Closed
L0002594,APP0003731,C002167,Nano,285.43,12.97,30,2025-02-11,0.0,Closed
L0002595,APP0003732,C000093,ACS,15.33,6.29,7,2025-04-07,11.57,Defaulted
L0002596,APP0003733,C002147,ACS,8.72,9.56,7,2025-08-05,6.8,Active
L0002597,APP0003734,C002028,ACS,16.17,8.24,7,2025-04-10,0.0,Closed
L0002598,APP0003736,C001136,Nano,230.36,15.53,30,2025-02-09,0.0,Closed
L0002599,APP0003738,C000449,Nano,202.53,17.36,30,2025-07-12,172.63,Defaulted
L0002600,APP0003739,C003125,Nano,74.77,17.14,30,2025-01-17,0.0,Active
L0002601,APP0003741,C004060,Nano,259.96,12.46,30,2025-03-02,0.0,Active
L0002602,APP0003742,C001186,ACS,7.02,6.35,7,2025-11-13,5.28,Active
L0002603,APP0003743,C002040,Nano,123.99,15.62,30,2025-04-18,33.38,Active
L0002604,APP0003744,C000952,ACS,25.82,9.68,7,2025-08-27,13.29,Active
L0002605,APP0003745,C004702,Nano,98.12,16.21,30,2025-04-19,0.0,Closed
L0002606,APP0003746,C003934,Nano,47.29,14.7,30,2025-08-21,18.65,Active
L0002607,APP0003747,C000744,ACS,6.32,7.72,7,2025-05-15,1.05,Active
L0002608,APP0003748,C004051,ACS,9.91,6.23,7,2025-03-23,7.52,Defaulted
L0002609,APP0003749,C004618,ACS,10.53,8.62,7,2025-08-29,4.13,Active
L0002610,APP0003750,C003305,ACS,23.65,7.97,7,2025-02-13,0.0,Active
L0002611,APP0003755,C002692,Nano,188.52,15.92,30,2025-05-10,24.01,Active
L0002612,APP0003756,C003567,BNPL,458.79,4.82,159,2025-02-02,0.0,Closed
L0002613,APP0003759,C004363,BNPL,860.3,2.9,167,2025-06-22,166.92,Active
L0002614,APP0003762,C002168,ACS,9.56,8.92,7,2025-05-06,0.6,Active
L0002615,APP0003763,C004032,ACS,17.43,7.36,7,2025-07-10,4.83,Active
L0002616,APP0003764,C002122,ACS,13.74,8.2,7,2025-03-27,5.63,Active
L0002617,APP0003765,C004152,Nano,280.72,17.5,30,2025-07-16,96.39,Active
L0002618,APP0003767,C004967,ACS,21.69,9.91,7,2025-06-23,3.04,Active
L0002619,APP0003768,C000959,Nano,255.68,13.14,30,2025-02-26,0.0,Active
L0002620,APP0003769,C002959,ACS,25.6,7.96,7,2025-02-06,0.0,Closed
L0002621,APP0003771,C000453,ACS,23.14,8.0,7,2025-04-27,0.0,Closed
L0002622,APP0003772,C002638,ACS,20.7,7.39,7,2025-01-06,0.0,Active
L0002623,APP0003773,C004368,Nano,147.98,12.55,30,2025-02-17,0.0,Closed
L0002624,APP0003775,C003515,BNPL,428.11,3.45,146,2025-07-08,145.21,Active
L0002625,APP0003778,C000199,Nano,198.15,12.01,30,2025-06-19,162.2,Active
L0002626,APP0003779,C003446,Nano,149.57,14.17,30,2025-07-08,66.61,Active
L0002627,APP0003780,C003932,ACS,24.17,7.04,7,2025-03-12,18.33,Defaulted
L0002628,APP0003781,C000714,ACS,27.4,7.52,7,2025-03-11,0.0,Closed
L0002629,APP0003782,C001760,Nano,196.19,15.06,30,2025-01-17,0.0,Closed
L0002630,APP0003784,C003765,ACS,9.56,8.73,7,2025-03-10,2.94,Active
L0002631,APP0003785,C004380,BNPL,607.8,4.14,136,2025-05-01,526.24,Defaulted
L0002632,APP0003786,C003678,Nano,162.31,14.1,30,2025-08-13,114.59,Active
L0002633,APP0003787,C001484,ACS,20.19,7.58,7,2025-01-21,9.97,Defaulted
L0002634,APP0003788,C003100,Nano,157.1,12.7,30,2025-04-11,0.0,Closed
L0002635,APP0003790,C003156,Nano,231.22,17.97,30,2025-06-18,48.36,Active
L0002636,APP0003791,C004826,ACS,27.29,9.17,7,2025-05-05,2.01,Active
L0002637,APP0003792,C003318,ACS,17.98,8.5,7,2025-08-22,6.93,Active
L0002638,APP0003793,C003926,ACS,26.48,6.88,7,2025-08-20,14.41,Active
L0002639,APP0003794,C003739,BNPL,638.99,4.6,155,2025-05-01,111.84,Active
L0002640,APP0003796,C000659,Nano,122.78,12.88,30,2025-02-25,0.0,Closed
L0002641,APP0003797,C004879,ACS,24.09,9.92,7,2025-02-15,0.0,Closed
L0002642,APP0003799,C004433,ACS,24.46,9.01,7,2025-05-04,2.42,Active
L0002643,APP0003800,C004211,Nano,180.11,12.29,30,2025-04-23,0.0,Closed
L0002644,APP0003801,C003420,ACS,6.09,6.52,7,2025-08-04,3.43,Active
L0002645,APP0003802,C002740,BNPL,536.02,4.07,119,2025-05-31,16.79,Active
L0002646,APP0003803,C001370,Nano,158.49,12.78,30,2025-06-27,82.99,Active
L0002647,APP0003804,C000685,BNPL,738.58,3.63,163,2025-05-27,159.08,Active
L0002648,APP0003806,C004809,ACS,7.98,7.55,7,2025-02-18,0.0,Active
L0002649,APP0003807,C003365,Nano,193.15,15.5,30,2025-03-01,151.85,Defaulted
L0002650,APP0003809,C001083,Nano,254.77,13.18,30,2025-06-15,35.55,Active
L0002651,APP0003810,C002564,ACS,17.43,8.71,7,2025-03-18,4.23,Active
L0002652,APP0003811,C000873,Nano,31.36,14.32,30,2025-06-21,8.03,Active
L0002653,APP0003812,C002666,Nano,41.76,17.28,30,2025-08-12,20.28,Active
L0002654,APP0003815,C002105,ACS,28.68,9.54,7,2025-07-16,16.5,Active
L0002655,APP0003817,C002320,Nano,199.15,14.19,30,2025-06-29,28.98,Active
L0002656,APP0003818,C004844,Nano,221.0,12.7,30,2025-02-10,0.0,Active
L0002657,APP0003819,C002133,BNPL,165.39,3.57,178,2025-04-27,116.67,Defaulted
L0002658,APP0003820,C001273,ACS,18.04,7.28,7,2025-09-03,9.23,Active
L0002659,APP0003821,C001638,Nano,41.94,17.57,30,2025-03-03,0.0,Active
L0002660,APP0003822,C001524,BNPL,521.54,4.03,179,2025-03-11,283.15,Defaulted
L0002661,APP0003824,C004488,ACS,24.97,9.94,7,2025-06-05,3.64,Active
L0002662,APP0003825,C002564,ACS,22.16,6.11,7,2025-08-17,17.42,Active
L0002663,APP0003826,C001922,ACS,27.65,8.25,7,2025-06-26,4.2,Active
L0002664,APP0003827,C000707,ACS,12.52,8.53,7,2025-07-10,3.45,Active
L0002665,APP0003828,C004863,Nano,147.23,12.14,30,2025-07-11,39.23,Active
L0002666,APP0003829,C000767,Nano,99.47,16.27,30,2025-04-07,5.11,Active
L0002667,APP0003832,C000024,ACS,21.92,9.71,7,2025-08-21,8.79,Active
L0002668,APP0003833,C001582,Nano,54.61,13.02,30,2025-03-27,2.13,Active
L0002669,APP0003834,C004769,ACS,26.37,8.18,7,2025-04-28,18.4,Defaulted
L0002670,APP0003838,C003471,Nano,127.49,16.3,30,2025-06-06,101.21,Defaulted
L0002671,APP0003839,C000059,ACS,21.39,6.32,7,2025-05-03,2.14,Active
L0002672,APP0003840,C000237,ACS,22.25,8.37,7,2025-04-15,16.3,Defaulted
L0002673,APP0003844,C001101,Nano,88.52,13.02,30,2025-01-21,0.0,Closed
L0002674,APP0003845,C002860,Nano,285.74,16.05,30,2025-01-10,171.14,Defaulted
L0002675,APP0003846,C004002,Nano,68.27,14.87,30,2025-03-20,0.0,Closed
L0002676,APP0003847,C003648,BNPL,508.15,2.22,119,2025-10-29,338.71,Active
L0002677,APP0003848,C004833,ACS,25.39,9.02,7,2025-04-14,15.5,Active
L0002678,APP0003849,C000379,Nano,166.23,12.49,30,2025-08-25,65.66,Active
L0002679,APP0003850,C000227,Nano,288.08,14.31,30,2025-04-24,56.75,Active
L0002680,APP0003852,C001840,BNPL,857.01,2.84,106,2025-04-10,0.0,Closed
L0002681,APP0003854,C003579,Nano,259.23,16.93,30,2025-05-31,8.02,Active
L0002682,APP0003855,C002213,ACS,22.3,9.04,7,2025-02-04,0.0,Closed
L0002683,APP0003856,C004983,BNPL,897.33,2.92,155,2025-04-17,0.0,Closed
L0002684,APP0003857,C004409,ACS,11.37,6.92,7,2025-03-05,0.51,Active
L0002685,APP0003858,C001816,Nano,47.21,14.61,30,2025-04-07,0.0,Closed
L0002686,APP0003859,C000027,ACS,18.79,7.26,7,2025-01-25,0.0,Closed
L0002687,APP0003862,C004496,Nano,264.52,12.15,30,2025-06-21,36.46,Active
L0002688,APP0003863,C000280,ACS,25.9,9.65,7,2025-05-26,0.56,Closed
L0002689,APP0003864,C003597,Nano,41.42,15.59,30,2025-05-22,35.22,Defaulted
L0002690,APP0003866,C001910,Nano,212.24,13.91,30,2025-04-06,0.0,Closed
L0002691,APP0003869,C002317,Nano,26.26,13.32,30,2025-12-15,23.04,Active
L0002692,APP0003871,C002902,Nano,90.87,13.18,30,2025-05-26,1.76,Closed
L0002693,APP0003873,C001119,ACS,29.67,9.71,7,2025-06-10,14.08,Active
L0002694,APP0003876,C002787,ACS,21.94,8.91,7,2025-08-26,8.69,Active
L0002695,APP0003877,C001916,ACS,24.39,6.35,7,2025-05-11,3.2,Active
L0002696,APP0003878,C004176,Nano,161.89,17.02,30,2025-02-07,18.51,Active
L0002697,APP0003881,C001581,ACS,22.75,9.22,7,2025-01-24,0.0,Active
L0002698,APP0003883,C002812,BNPL,584.85,3.58,138,2025-01-18,297.15,Defaulted
L0002699,APP0003884,C001638,ACS,15.14,8.39,7,2025-03-26,1.83,Active
L0002700,APP0003886,C000801,BNPL,860.89,4.52,134,2025-02-08,547.97,Defaulted
L0002701,APP0003887,C003851,Nano,181.01,12.1,30,2025-01-18,0.0,Closed
L0002702,APP0003888,C000330,Nano,102.5,12.01,30,2025-01-13,0.0,Active
L0002703,APP0003891,C002118,Nano,177.58,16.16,30,2025-04-07,0.0,Closed
L0002704,APP0003892,C003159,ACS,16.87,6.1,7,2025-08-17,6.49,Active
L0002705,APP0003893,C004693,Nano,62.44,16.86,30,2025-04-25,0.0,Active
L0002706,APP0003896,C000421,ACS,17.48,7.71,7,2025-05-17,1.88,Active
L0002707,APP0003898,C001593,Nano,196.63,12.16,30,2025-06-20,120.53,Active
L0002708,APP0003900,C004040,BNPL,378.69,4.78,138,2025-09-20,192.18,Active
L0002709,APP0003901,C003498,Nano,124.17,17.55,30,2025-09-18,87.47,Active
L0002710,APP0003902,C000562,Nano,125.64,16.07,30,2025-03-02,0.0,Closed
L0002711,APP0003904,C004967,ACS,8.37,6.81,7,2025-03-15,0.0,Closed
L0002712,APP0003905,C003840,ACS,26.67,6.75,7,2025-04-01,0.0,Closed
L0002713,APP0003906,C003164,Nano,280.38,13.27,30,2025-02-01,224.83,Defaulted
L0002714,APP0003908,C004701,ACS,6.89,6.11,7,2025-08-29,2.68,Active
L0002715,APP0003909,C003635,ACS,11.92,8.01,7,2025-05-24,0.24,Closed
L0002716,APP0003911,C004582,ACS,22.75,7.13,7,2025-08-09,8.96,Active
L0002717,APP0003912,C004820,ACS,29.6,7.02,7,2025-09-30,15.23,Active
L0002718,APP0003913,C004298,Nano,297.95,14.05,30,2025-04-30,20.76,Active
L0002719,APP0003914,C003327,Nano,107.78,13.48,30,2025-02-14,0.0,Closed
L0002720,APP0003915,C001144,BNPL,324.25,3.64,126,2025-07-10,277.58,Defaulted
L0002721,APP0003916,C001341,ACS,7.95,6.55,7,2025-03-15,0.0,Closed
L0002722,APP0003918,C004002,Nano,250.44,12.49,30,2025-03-29,19.91,Active
L0002723,APP0003921,C003630,ACS,15.08,7.28,7,2025-04-20,1.99,Active
L0002724,APP0003922,C002826,ACS,24.88,7.63,7,2025-05-18,0.43,Closed
L0002725,APP0003923,C001230,ACS,13.65,8.37,7,2025-09-30,10.15,Active
L0002726,APP0003925,C002406,ACS,24.41,9.81,7,2025-04-15,9.33,Active
L0002727,APP0003926,C003996,BNPL,487.8,3.46,169,2025-06-26,73.6,Active
L0002728,APP0003929,C000395,ACS,27.73,6.53,7,2025-03-23,2.37,Active
L0002729,APP0003932,C001235,Nano,239.53,14.57,30,2025-03-19,4.13,Closed
L0002730,APP0003933,C001846,BNPL,764.25,2.4,131,2025-02-26,576.9,Defaulted
L0002731,APP0003934,C004988,ACS,16.26,9.74,7,2025-02-20,0.0,Closed
L0002732,APP0003936,C004027,ACS,28.8,6.71,7,2025-02-03,20.63,Defaulted
L0002733,APP0003937,C001283,ACS,15.99,8.52,7,2025-06-28,6.62,Active
L0002734,APP0003938,C001934,Nano,58.45,16.02,30,2025-05-01,1.38,Closed
L0002735,APP0003939,C002586,Nano,56.32,12.47,30,2025-03-31,0.0,Closed
L0002736,APP0003940,C000639,BNPL,442.55,3.53,165,2025-04-13,0.0,Closed
L0002737,APP0003944,C000531,ACS,10.42,6.09,7,2025-07-01,3.21,Active
L0002738,APP0003945,C004092,Nano,275.1,14.69,30,2025-06-24,172.55,Defaulted
L0002739,APP0003946,C003077,ACS,20.65,7.96,7,2025-01-23,0.0,Active
L0002740,APP0003947,C001371,ACS,15.52,6.87,7,2025-04-19,0.0,Closed
L0002741,APP0003948,C000565,ACS,22.62,8.34,7,2025-08-19,17.63,Active
L0002742,APP0003950,C002153,Nano,31.16,14.61,30,2025-04-01,0.0,Closed
L0002743,APP0003951,C000544,ACS,22.19,9.43,7,2025-03-30,0.0,Closed
L0002744,APP0003952,C003338,ACS,13.86,6.72,7,2025-07-12,3.77,Active
L0002745,APP0003956,C004409,Nano,206.72,17.31,30,2025-05-04,6.28,Active
L0002746,APP0003957,C001937,Nano,70.41,12.09,30,2025-04-19,0.0,Closed
L0002747,APP0003958,C001205,ACS,25.28,9.09,7,2025-03-05,20.49,Defaulted
L0002748,APP0003960,C002620,Nano,119.46,17.07,30,2025-02-16,0.0,Closed
L0002749,APP0003962,C004566,ACS,11.16,9.93,7,2025-07-02,5.99,Active
L0002750,APP0003963,C004055,Nano,190.21,17.94,30,2025-03-22,133.64,Defaulted
L0002751,APP0003966,C002364,Nano,274.67,16.23,30,2025-06-25,64.14,Active
L0002752,APP0003967,C003822,Nano,34.44,13.14,30,2025-01-14,0.0,Active
L0002753,APP0003969,C003663,ACS,26.0,8.85,7,2025-01-18,0.0,Closed
L0002754,APP0003970,C002497,Nano,180.05,13.95,30,2025-04-19,10.57,Active
L0002755,APP0003971,C004964,Nano,94.98,14.49,30,2025-04-18,0.0,Closed
L0002756,APP0003972,C004322,ACS,11.06,8.04,7,2025-03-09,0.0,Active
L0002757,APP0003974,C004703,ACS,13.05,7.09,7,2025-03-27,0.0,Closed
L0002758,APP0003979,C001927,BNPL,853.05,4.92,156,2025-03-09,0.0,Closed
L0002759,APP0003983,C000683,BNPL,422.03,2.4,174,2025-05-16,61.96,Active
L0002760,APP0003985,C001779,ACS,17.65,6.51,7,2025-03-07,0.0,Closed
L0002761,APP0003987,C004715,ACS,12.55,6.76,7,2025-08-23,5.96,Active
L0002762,APP0003988,C001729,ACS,7.71,6.3,7,2025-03-05,0.0,Closed
L0002763,APP0003989,C004539,Nano,51.23,16.1,30,2025-03-14,0.0,Closed
L0002764,APP0003990,C003032,ACS,13.04,7.22,7,2025-10-12,8.25,Active
L0002765,APP0003991,C000276,ACS,19.27,7.75,7,2025-07-03,9.62,Active
L0002766,APP0003992,C003893,Nano,56.53,13.48,30,2025-05-19,3.79,Active
L0002767,APP0003993,C002758,ACS,23.85,6.25,7,2025-03-02,0.0,Closed
L0002768,APP0003994,C004835,BNPL,945.65,3.81,108,2025-03-13,0.0,Active
L0002769,APP0003995,C002295,BNPL,992.75,4.72,96,2025-04-14,71.93,Active
L0002770,APP0003997,C000865,ACS,7.49,7.59,7,2025-03-01,0.0,Closed
L0002771,APP0003998,C000395,ACS,25.84,7.26,7,2025-06-21,16.64,Active
L0002772,APP0003999,C003528,Nano,263.56,15.3,30,2025-03-31,0.0,Active
L0002773,APP0004000,C004882,ACS,12.2,9.8,7,2025-11-16,9.22,Active
L0002774,APP0004003,C000142,Nano,212.2,12.06,30,2025-05-14,29.97,Active
L0002775,APP0004004,C000087,BNPL,784.44,2.44,138,2025-03-23,568.73,Defaulted
L0002776,APP0004006,C002600,ACS,5.51,7.37,7,2025-01-05,0.0,Closed
L0002777,APP0004008,C004681,Nano,81.16,17.34,30,2025-04-05,0.0,Closed
L0002778,APP0004009,C001651,ACS,15.48,9.28,7,2025-01-19,10.95,Defaulted
L0002779,APP0004010,C004923,Nano,295.08,17.96,30,2025-06-16,44.44,Active
L0002780,APP0004012,C001629,ACS,13.3,6.78,7,2025-06-29,1.94,Active
L0002781,APP0004014,C003910,ACS,16.98,8.34,7,2025-04-18,13.05,Defaulted
L0002782,APP0004015,C001656,ACS,10.23,9.98,7,2025-01-23,0.0,Closed
L0002783,APP0004016,C002294,ACS,24.31,9.8,7,2025-02-13,0.0,Closed
L0002784,APP0004018,C001991,Nano,67.32,16.91,30,2025-09-18,34.48,Active
L0002785,APP0004019,C001000,Nano,259.78,17.29,30,2025-01-18,197.9,Defaulted
L0002786,APP0004020,C003791,ACS,25.03,9.45,7,2025-03-01,6.2,Active
L0002787,APP0004021,C004065,ACS,19.17,8.53,7,2025-07-24,5.15,Active
L0002788,APP0004023,C004941,Nano,284.95,15.92,30,2025-07-29,77.76,Active
L0002789,APP0004024,C002132,ACS,11.99,7.11,7,2025-08-12,4.83,Active
L0002790,APP0004028,C000714,ACS,17.01,7.44,7,2025-02-27,0.22,Closed
L0002791,APP0004029,C001809,ACS,16.32,9.37,7,2025-08-26,6.41,Active
L0002792,APP0004030,C001897,Nano,101.59,16.6,30,2025-03-31,61.3,Defaulted
L0002793,APP0004031,C000932,Nano,241.96,13.52,30,2025-04-13,0.0,Closed
L0002794,APP0004032,C004797,Nano,285.05,13.13,30,2025-07-15,75.41,Active
L0002795,APP0004033,C001469,ACS,26.56,6.52,7,2025-02-14,0.0,Closed
L0002796,APP0004034,C002095,Nano,146.28,15.5,30,2025-07-18,39.35,Active
L0002797,APP0004035,C000084,Nano,290.01,15.76,30,2025-02-07,0.0,Closed
L0002798,APP0004036,C003417,Nano,23.73,13.74,30,2025-08-06,9.11,Active
L0002799,APP0004037,C000898,Nano,109.19,14.63,30,2025-07-28,36.58,Active
L0002800,APP0004038,C001426,ACS,24.84,6.83,7,2025-02-07,0.0,Closed
L0002801,APP0004039,C004586,ACS,28.97,9.93,7,2025-03-01,0.0,Closed
L0002802,APP0004040,C004327,Nano,290.91,16.01,30,2025-04-15,0.0,Closed
L0002803,APP0004041,C000574,ACS,17.74,7.18,7,2025-08-14,6.86,Active
L0002804,APP0004042,C003125,BNPL,956.15,4.38,111,2025-09-19,507.27,Active
L0002805,APP0004044,C004753,ACS,23.47,6.3,7,2025-05-21,0.84,Active
L0002806,APP0004050,C000956,BNPL,653.68,3.76,128,2025-08-13,257.7,Active
L0002807,APP0004052,C000680,Nano,140.04,15.82,30,2025-05-11,20.86,Active
L0002808,APP0004054,C002927,BNPL,934.57,3.05,155,2025-04-13,52.69,Active
L0002809,APP0004057,C003212,Nano,60.29,16.61,30,2025-08-09,23.43,Active
L0002810,APP0004058,C000999,ACS,19.42,9.08,7,2025-04-11,0.0,Closed
L0002811,APP0004063,C003302,Nano,32.05,14.66,30,2025-02-10,0.0,Closed
L0002812,APP0004064,C002413,Nano,292.73,13.6,30,2025-05-03,9.33,Active
L0002813,APP0004066,C003835,ACS,29.49,6.82,7,2025-05-25,14.31,Defaulted
L0002814,APP0004067,C004932,ACS,15.1,9.33,7,2025-04-25,0.0,Closed
L0002815,APP0004071,C003053,ACS,20.36,6.03,7,2025-01-18,14.8,Defaulted
L0002816,APP0004073,C000945,ACS,27.62,6.39,7,2025-08-02,10.96,Active
L0002817,APP0004075,C004895,ACS,25.13,6.35,7,2025-02-03,0.0,Active
L0002818,APP0004076,C001807,ACS,29.95,6.13,7,2025-05-23,13.82,Active
L0002819,APP0004077,C004438,Nano,232.71,16.55,30,2025-05-21,28.25,Active
L0002820,APP0004078,C004055,ACS,14.56,6.35,7,2025-05-11,3.7,Active
L0002821,APP0004079,C001165,ACS,13.19,8.03,7,2025-05-04,0.33,Closed
L0002822,APP0004080,C004961,BNPL,551.28,2.44,177,2025-04-25,33.53,Active
L0002823,APP0004081,C002924,Nano,282.31,14.45,30,2025-07-06,95.55,Active
L0002824,APP0004082,C000818,Nano,24.43,14.72,30,2025-07-09,6.53,Active
L0002825,APP0004083,C000541,ACS,28.07,7.34,7,2025-10-22,17.82,Active
L0002826,APP0004084,C002556,BNPL,935.45,2.9,176,2025-03-09,170.91,Active
L0002827,APP0004087,C002553,ACS,20.33,8.2,7,2025-03-22,0.0,Active
L0002828,APP0004089,C001584,ACS,23.31,7.33,7,2025-04-04,18.07,Defaulted
L0002829,APP0004090,C002542,ACS,14.01,9.2,7,2025-02-25,3.75,Active
L0002830,APP0004092,C003739,ACS,11.41,6.31,7,2025-10-31,7.17,Active
L0002831,APP0004094,C004124,ACS,28.47,6.94,7,2025-05-06,0.72,Closed
L0002832,APP0004096,C000998,ACS,8.2,9.93,7,2025-04-08,0.0,Active
L0002833,APP0004097,C004871,Nano,223.9,15.7,30,2025-10-04,141.95,Active
L0002834,APP0004098,C001956,Nano,276.47,17.31,30,2025-06-14,203.36,Active
L0002835,APP0004100,C001973,ACS,26.89,7.54,7,2025-05-08,0.63,Closed
L0002836,APP0004102,C000765,BNPL,112.63,4.15,91,2025-12-13,99.17,Active
L0002837,APP0004103,C002329,BNPL,106.4,2.9,131,2025-07-29,28.73,Active
L0002838,APP0004106,C003724,Nano,101.28,16.82,30,2025-06-15,15.11,Active
L0002839,APP0004107,C002343,Nano,293.64,15.79,30,2025-02-28,0.0,Closed
L0002840,APP0004108,C004260,ACS,21.11,9.51,7,2025-06-16,3.8,Active
L0002841,APP0004109,C003843,ACS,25.59,6.6,7,2025-03-18,0.0,Closed
L0002842,APP0004110,C004760,ACS,27.58,6.67,7,2025-09-14,14.13,Active
L0002843,APP0004111,C004979,Nano,125.45,14.79,30,2025-08-05,80.31,Active
L0002844,APP0004114,C004974,ACS,25.2,7.63,7,2025-04-23,0.0,Closed
L0002845,APP0004116,C000415,BNPL,610.28,3.22,176,2025-01-09,0.0,Closed
L0002846,APP0004118,C001984,ACS,17.45,8.54,7,2025-05-25,1.22,Active
L0002847,APP0004120,C000411,ACS,7.48,9.35,7,2025-09-28,3.83,Active
L0002848,APP0004121,C002884,ACS,20.29,9.1,7,2025-08-09,8.02,Active
L0002849,APP0004122,C003390,ACS,9.51,7.93,7,2025-04-23,0.0,Closed
L0002850,APP0004124,C004862,Nano,193.34,17.52,30,2025-04-16,0.0,Active
L0002851,APP0004125,C001821,Nano,140.01,13.72,30,2025-01-12,10.69,Active
L0002852,APP0004127,C004789,Nano,185.09,12.36,30,2025-02-21,111.15,Defaulted
L0002853,APP0004128,C002632,ACS,29.36,8.65,7,2025-07-08,7.9,Active
L0002854,APP0004129,C003153,Nano,23.06,12.67,30,2025-02-23,0.0,Closed
L0002855,APP0004131,C002435,Nano,212.17,14.99,30,2025-03-08,0.0,Closed
L0002856,APP0004132,C000817,BNPL,846.13,3.78,148,2025-01-23,386.52,Defaulted
L0002857,APP0004133,C002821,Nano,177.85,17.86,30,2025-03-27,77.82,Active
L0002858,APP0004135,C000567,BNPL,240.71,2.54,122,2025-02-01,34.31,Active
L0002859,APP0004138,C002103,ACS,5.15,7.55,7,2025-06-17,1.64,Active
L0002860,APP0004139,C000809,ACS,21.54,7.45,7,2025-06-22,5.76,Active
L0002861,APP0004142,C001237,ACS,8.28,7.15,7,2025-07-10,6.1,Active
L0002862,APP0004144,C001928,Nano,191.72,17.94,30,2025-05-31,15.23,Active
L0002863,APP0004145,C002082,ACS,25.78,8.75,7,2025-04-26,0.0,Closed
L0002864,APP0004146,C003851,ACS,29.98,7.32,7,2025-09-12,15.29,Active
L0002865,APP0004147,C002784,ACS,21.96,9.24,7,2025-07-28,16.54,Active
L0002866,APP0004148,C002400,ACS,21.08,6.6,7,2025-02-05,0.0,Active
L0002867,APP0004149,C003517,ACS,9.64,9.99,7,2025-03-23,7.14,Defaulted
L0002868,APP0004150,C003018,Nano,152.72,14.01,30,2025-01-09,0.0,Closed
L0002869,APP0004151,C003144,BNPL,780.2,4.52,93,2025-05-09,425.2,Defaulted
L0002870,APP0004152,C002390,ACS,28.87,9.35,7,2025-07-08,18.88,Active
L0002871,APP0004153,C002773,BNPL,285.16,2.18,172,2025-02-13,106.63,Defaulted
L0002872,APP0004154,C001417,ACS,6.35,6.42,7,2025-04-17,0.0,Closed
L0002873,APP0004156,C000814,Nano,63.7,13.58,30,2025-10-02,40.54,Active
L0002874,APP0004157,C000411,Nano,203.3,17.93,30,2025-04-21,49.81,Active
L0002875,APP0004158,C004251,ACS,11.07,9.53,7,2025-01-18,0.0,Closed
L0002876,APP0004159,C004036,ACS,28.72,9.28,7,2025-01-23,0.0,Active
L0002877,APP0004160,C001377,ACS,25.52,9.27,7,2025-04-24,0.0,Closed
L0002878,APP0004161,C002305,ACS,19.83,9.41,7,2025-04-08,1.63,Active
L0002879,APP0004162,C004987,Nano,50.57,15.49,30,2025-05-14,1.31,Closed
L0002880,APP0004163,C002656,Nano,185.56,16.54,30,2025-05-14,107.06,Defaulted
L0002881,APP0004165,C002887,BNPL,173.66,2.73,128,2025-05-16,59.26,Active
L0002882,APP0004167,C001154,ACS,8.78,8.21,7,2025-05-02,1.49,Active
L0002883,APP0004168,C004737,ACS,7.1,6.29,7,2025-06-05,1.03,Active
L0002884,APP0004169,C003816,Nano,145.48,15.39,30,2025-03-27,19.0,Active
L0002885,APP0004170,C000294,ACS,29.62,7.83,7,2025-12-01,26.03,Active
L0002886,APP0004171,C004939,ACS,23.75,9.4,7,2025-03-28,0.0,Closed
L0002887,APP0004174,C003914,BNPL,315.76,3.85,122,2025-07-23,85.52,Active
L0002888,APP0004175,C004107,BNPL,826.45,2.89,118,2025-09-03,421.41,Active
L0002889,APP0004176,C003077,Nano,37.07,15.73,30,2025-08-22,15.81,Active
L0002890,APP0004178,C004401,Nano,273.69,15.08,30,2025-05-18,7.76,Closed
L0002891,APP0004179,C001559,ACS,16.32,8.76,7,2025-04-19,1.56,Active
L0002892,APP0004180,C000663,Nano,281.2,12.12,30,2025-08-01,111.38,Active
L0002893,APP0004181,C004038,ACS,23.42,6.06,7,2025-05-14,20.01,Defaulted
L0002894,APP0004183,C001472,ACS,15.48,8.48,7,2025-07-13,4.24,Active
L0002895,APP0004184,C002753,Nano,68.23,17.57,30,2025-06-07,47.03,Defaulted
L0002896,APP0004186,C001722,ACS,8.93,9.87,7,2025-07-15,2.35,Active
L0002897,APP0004188,C002626,ACS,19.74,8.18,7,2025-04-05,8.4,Active
L0002898,APP0004189,C004927,BNPL,635.67,3.99,143,2025-07-30,219.49,Active
L0002899,APP0004190,C001697,ACS,13.12,6.37,7,2025-03-29,0.0,Closed
L0002900,APP0004191,C000745,Nano,87.92,16.35,30,2025-08-13,34.52,Active
L0002901,APP0004193,C000709,Nano,85.29,14.57,30,2025-02-27,0.0,Closed
L0002902,APP0004195,C003176,BNPL,529.29,4.15,166,2025-03-28,0.0,Closed
L0002903,APP0004196,C004224,Nano,221.89,12.08,30,2025-04-30,48.67,Active
L0002904,APP0004197,C000579,Nano,24.8,17.88,30,2025-02-28,18.8,Defaulted
L0002905,APP0004199,C000917,Nano,207.0,17.81,30,2025-05-09,12.87,Active
L0002906,APP0004200,C002336,BNPL,467.83,3.99,122,2025-04-12,0.0,Closed
L0002907,APP0004201,C002954,ACS,5.07,6.63,7,2025-03-31,0.0,Closed
L0002908,APP0004203,C004472,Nano,77.56,16.18,30,2025-03-29,4.03,Active
L0002909,APP0004204,C004536,Nano,96.54,13.52,30,2025-04-09,0.0,Closed
L0002910,APP0004206,C003941,ACS,27.77,9.53,7,2025-04-09,8.95,Active
L0002911,APP0004208,C000151,ACS,6.75,8.35,7,2025-08-06,2.58,Active
L0002912,APP0004209,C004650,BNPL,497.81,4.63,158,2025-05-20,232.17,Active
L0002913,APP0004212,C000944,Nano,62.98,13.42,30,2025-03-20,36.4,Active
L0002914,APP0004215,C003950,Nano,267.7,13.93,30,2025-02-12,113.63,Defaulted
L0002915,APP0004217,C002728,Nano,88.3,17.93,30,2025-04-24,75.27,Defaulted
L0002916,APP0004219,C003001,ACS,8.58,6.15,7,2025-07-30,4.52,Active
L0002917,APP0004220,C000666,BNPL,488.49,2.05,109,2025-05-01,9.05,Closed
L0002918,APP0004221,C003440,BNPL,761.22,3.47,177,2025-07-18,416.99,Active
L0002919,APP0004224,C002339,Nano,225.92,13.6,30,2025-07-27,59.09,Active
L0002920,APP0004225,C004811,BNPL,699.44,3.44,169,2025-05-28,20.5,Closed
L0002921,APP0004227,C004245,Nano,96.66,16.19,30,2025-05-09,4.66,Active
L0002922,APP0004228,C004049,ACS,28.6,9.46,7,2025-03-11,9.21,Active
L0002923,APP0004231,C003107,BNPL,839.61,2.64,122,2025-06-12,111.0,Active
L0002924,APP0004232,C004958,ACS,26.46,7.24,7,2025-03-02,11.65,Active
L0002925,APP0004233,C003503,ACS,22.91,9.55,7,2025-05-02,1.14,Active
L0002926,APP0004234,C000615,Nano,129.8,15.86,30,2025-09-22,73.54,Active
L0002927,APP0004236,C003382,ACS,24.62,7.8,7,2025-07-08,14.74,Active
L0002928,APP0004239,C002691,ACS,17.88,7.34,7,2025-10-23,11.33,Active
L0002929,APP0004240,C001203,Nano,267.02,16.48,30,2025-02-13,200.75,Defaulted
L0002930,APP0004242,C002401,ACS,6.07,8.93,7,2025-02-01,2.12,Defaulted
L0002931,APP0004244,C000036,ACS,17.42,7.18,7,2025-06-26,2.47,Active
L0002932,APP0004245,C000092,BNPL,228.39,2.35,90,2025-08-18,89.21,Active
L0002933,APP0004246,C000674,ACS,5.23,7.24,7,2025-02-24,0.0,Active
L0002934,APP0004250,C003538,ACS,20.47,8.5,7,2025-04-26,10.23,Defaulted
L0002935,APP0004251,C004400,Nano,159.9,13.44,30,2025-08-26,111.5,Active
L0002936,APP0004252,C003112,Nano,78.83,15.18,30,2025-01-28,0.0,Closed
L0002937,APP0004253,C000105,BNPL,907.42,3.93,164,2025-03-17,0.0,Active
L0002938,APP0004254,C000194,ACS,17.57,8.0,7,2025-03-24,0.0,Closed
L0002939,APP0004257,C002152,Nano,291.76,13.59,30,2025-04-15,188.82,Defaulted
L0002940,APP0004258,C000341,ACS,16.91,7.19,7,2025-03-19,10.5,Defaulted
L0002941,APP0004259,C000105,Nano,227.3,17.81,30,2025-02-16,7.04,Active
L0002942,APP0004260,C001011,ACS,29.94,8.64,7,2025-04-25,0.0,Active
L0002943,APP0004261,C002399,ACS,13.23,7.52,7,2025-05-02,1.76,Active
L0002944,APP0004262,C004507,ACS,5.75,6.22,7,2025-06-26,3.23,Active
L0002945,APP0004263,C004137,Nano,186.94,12.57,30,2025-06-19,56.0,Active
L0002946,APP0004265,C001434,BNPL,453.49,2.23,110,2025-01-20,0.0,Closed
L0002947,APP0004266,C003907,ACS,9.87,8.57,7,2025-07-11,2.75,Active
L0002948,APP0004267,C004686,ACS,26.64,7.11,7,2025-03-12,4.48,Active
L0002949,APP0004269,C002490,BNPL,887.6,2.84,126,2025-03-04,397.54,Defaulted
L0002950,APP0004271,C000649,Nano,152.11,16.8,30,2025-02-11,53.12,Defaulted
L0002951,APP0004274,C000820,ACS,22.57,6.02,7,2025-04-27,0.69,Active
L0002952,APP0004275,C001595,ACS,21.53,7.75,7,2025-04-11,15.37,Defaulted
L0002953,APP0004276,C001749,ACS,9.38,8.21,7,2025-03-07,0.0,Active
L0002954,APP0004280,C002960,Nano,232.29,13.1,30,2025-05-18,70.24,Active
L0002955,APP0004281,C004928,BNPL,776.22,2.01,140,2025-05-13,85.22,Active
L0002956,APP0004282,C004640,Nano,282.28,14.18,30,2025-07-02,73.9,Active
L0002957,APP0004283,C001412,Nano,179.57,14.58,30,2025-01-15,144.73,Defaulted
L0002958,APP0004284,C004939,Nano,110.24,13.69,30,2025-03-26,0.0,Closed
L0002959,APP0004285,C003393,Nano,38.38,17.94,30,2025-07-16,18.23,Active
L0002960,APP0004286,C000734,ACS,26.5,6.61,7,2025-07-09,7.18,Active
L0002961,APP0004290,C003196,Nano,217.57,16.86,30,2025-04-19,0.0,Closed
L0002962,APP0004291,C003896,Nano,44.94,15.39,30,2025-04-18,0.0,Closed
L0002963,APP0004292,C000734,ACS,21.18,6.28,7,2025-09-19,11.42,Active
L0002964,APP0004294,C002712,Nano,91.34,14.32,30,2025-07-10,24.99,Active
L0002965,APP0004296,C001865,Nano,285.81,13.37,30,2025-02-26,0.0,Closed
L0002966,APP0004297,C000315,Nano,219.5,17.42,30,2025-02-05,0.0,Closed
L0002967,APP0004300,C004591,ACS,27.99,7.68,7,2025-03-28,14.99,Active
L0002968,APP0004304,C000479,BNPL,122.22,3.44,153,2025-01-23,36.93,Active
L0002969,APP0004306,C004956,ACS,29.5,6.51,7,2025-09-10,15.03,Active
L0002970,APP0004307,C001282,BNPL,453.1,4.93,115,2025-04-22,346.73,Defaulted
L0002971,APP0004309,C000685,Nano,38.55,16.31,30,2025-04-17,0.0,Closed
L0002972,APP0004313,C003571,Nano,175.72,15.64,30,2025-07-23,113.25,Active
L0002973,APP0004315,C001816,ACS,19.28,7.25,7,2025-04-03,15.17,Defaulted
L0002974,APP0004316,C000739,ACS,8.12,9.71,7,2025-07-21,2.14,Active
L0002975,APP0004318,C001612,BNPL,724.98,3.66,147,2025-03-17,360.7,Active
L0002976,APP0004319,C003529,ACS,22.89,6.8,7,2025-10-04,16.8,Active
L0002977,APP0004320,C000111,BNPL,104.4,2.61,97,2025-05-25,11.3,Active
L0002978,APP0004321,C003214,ACS,7.17,8.63,7,2025-02-26,3.26,Defaulted
L0002979,APP0004323,C003560,ACS,19.72,9.28,7,2025-09-11,10.2,Active
L0002980,APP0004326,C004089,BNPL,352.75,3.46,147,2025-05-14,9.63,Closed
L0002981,APP0004328,C003235,Nano,179.63,17.08,30,2025-04-22,0.0,Active
L0002982,APP0004329,C004080,BNPL,588.81,3.47,110,2025-01-07,0.0,Closed
L0002983,APP0004330,C002403,ACS,24.89,7.07,7,2025-06-04,11.57,Active
L0002984,APP0004332,C004862,Nano,99.72,12.61,30,2025-06-29,20.2,Active
L0002985,APP0004335,C003065,Nano,56.11,16.4,30,2025-05-16,1.31,Closed
L0002986,APP0004337,C001733,ACS,15.59,6.99,7,2025-03-14,0.0,Closed
L0002987,APP0004338,C002888,BNPL,824.88,4.6,172,2025-06-26,242.29,Active
L0002988,APP0004339,C003668,ACS,28.24,9.49,7,2025-05-10,0.64,Closed
L0002989,APP0004340,C000701,ACS,10.38,9.76,7,2025-01-19,0.0,Closed
L0002990,APP0004341,C004141,Nano,222.57,14.98,30,2025-01-10,0.0,Closed
L0002991,APP0004342,C001385,Nano,170.85,14.77,30,2025-03-27,114.82,Defaulted
L0002992,APP0004344,C004539,Nano,40.95,14.63,30,2025-05-31,0.94,Closed
L0002993,APP0004345,C003557,ACS,22.72,9.56,7,2025-03-14,0.0,Closed
L0002994,APP0004347,C000800,ACS,19.41,6.96,7,2025-02-21,11.74,Defaulted
L0002995,APP0004351,C002912,ACS,18.84,9.33,7,2025-05-20,15.63,Defaulted
L0002996,APP0004352,C002834,BNPL,450.92,3.76,167,2025-06-21,128.58,Active
L0002997,APP0004353,C000380,ACS,7.87,9.92,7,2025-05-29,1.72,Active
L0002998,APP0004355,C004991,ACS,16.91,8.59,7,2025-02-25,0.0,Closed
L0002999,APP0004357,C002473,Nano,92.25,16.79,30,2025-05-15,37.55,Active
L0003000,APP0004358,C002900,BNPL,381.68,4.84,156,2025-04-13,0.0,Closed
L0003001,APP0004361,C003008,Nano,125.26,16.43,30,2025-06-22,17.81,Active
L0003002,APP0004362,C001067,Nano,230.04,13.81,30,2025-04-07,9.81,Active
L0003003,APP0004363,C003963,Nano,35.91,13.91,30,2025-05-26,0.67,Closed
L0003004,APP0004364,C003237,ACS,24.21,9.39,7,2025-05-26,13.91,Defaulted
L0003005,APP0004365,C004945,ACS,8.77,9.4,7,2025-03-15,0.0,Active
L0003006,APP0004367,C004002,ACS,29.85,7.09,7,2025-07-26,11.75,Active
L0003007,APP0004368,C001636,ACS,10.04,8.24,7,2025-08-17,4.71,Active
L0003008,APP0004372,C003889,ACS,18.03,6.9,7,2025-08-01,9.06,Active
L0003009,APP0004373,C002253,ACS,9.85,6.69,7,2025-04-10,0.0,Closed
L0003010,APP0004374,C002981,Nano,41.05,14.22,30,2025-01-14,33.68,Defaulted
L0003011,APP0004375,C002964,ACS,12.66,7.97,7,2025-02-15,0.0,Closed
L0003012,APP0004376,C001048,Nano,155.64,14.64,30,2025-04-25,46.01,Active
L0003013,APP0004377,C001315,ACS,21.64,8.26,7,2025-08-26,11.04,Active
L0003014,APP0004378,C003241,Nano,115.34,17.01,30,2025-08-10,45.28,Active
L0003015,APP0004379,C003184,ACS,12.33,6.16,7,2025-08-20,6.7,Active
L0003016,APP0004381,C003019,Nano,145.22,16.25,30,2025-04-20,0.0,Closed
L0003017,APP0004382,C002907,BNPL,844.67,4.03,134,2025-01-28,0.0,Closed
L0003018,APP0004383,C002600,ACS,7.61,8.69,7,2025-05-06,0.86,Active
L0003019,APP0004384,C003190,Nano,45.02,17.73,30,2025-02-07,0.0,Closed
L0003020,APP0004385,C001812,ACS,17.95,6.46,7,2025-10-20,11.46,Active
L0003021,APP0004386,C000812,ACS,19.65,9.47,7,2025-11-08,18.39,Active
L0003022,APP0004387,C003385,BNPL,365.35,2.28,100,2025-05-22,7.3,Closed
L0003023,APP0004388,C001675,ACS,10.36,6.86,7,2025-03-26,3.0,Defaulted
L0003024,APP0004389,C003790,Nano,260.77,13.4,30,2025-05-01,7.91,Active
L0003025,APP0004391,C001957,ACS,21.19,9.2,7,2025-05-11,0.54,Closed
L0003026,APP0004392,C000686,ACS,22.65,6.46,7,2025-03-14,0.0,Closed
L0003027,APP0004393,C000005,BNPL,624.53,4.75,173,2025-05-14,92.25,Active
L0003028,APP0004396,C004489,Nano,142.12,13.12,30,2025-04-28,89.8,Defaulted
L0003029,APP0004397,C004494,ACS,7.22,6.48,7,2025-04-01,4.1,Active
L0003030,APP0004398,C000071,ACS,5.2,8.03,7,2025-04-16,1.23,Active
L0003031,APP0004399,C000272,ACS,28.03,6.69,7,2025-04-16,0.0,Closed
L0003032,APP0004400,C004836,BNPL,844.28,4.54,102,2025-09-14,484.22,Active
L0003033,APP0004401,C003372,ACS,27.02,6.39,7,2025-09-10,13.9,Active
L0003034,APP0004402,C004417,ACS,11.37,6.58,7,2025-05-02,5.49,Defaulted
L0003035,APP0004403,C004901,BNPL,340.08,3.94,164,2025-06-10,49.68,Active
L0003036,APP0004404,C003576,ACS,19.83,9.1,7,2025-07-18,7.44,Active
L0003037,APP0004405,C002007,Nano,271.02,13.22,30,2025-02-12,180.94,Defaulted
L0003038,APP0004406,C003546,Nano,269.43,15.98,30,2025-05-11,126.0,Active
L0003039,APP0004407,C003134,ACS,13.12,7.64,7,2025-08-30,10.84,Active
L0003040,APP0004408,C004339,ACS,26.67,8.67,7,2025-01-12,0.0,Active
L0003041,APP0004410,C000855,ACS,9.5,8.57,7,2025-02-27,0.0,Closed
L0003042,APP0004411,C004404,Nano,63.09,13.31,30,2025-04-05,6.0,Active
L0003043,APP0004412,C003500,Nano,183.31,13.09,30,2025-05-28,5.27,Closed
L0003044,APP0004413,C003675,ACS,6.87,7.69,7,2025-02-21,5.43,Defaulted
L0003045,APP0004414,C001718,Nano,177.09,14.56,30,2025-04-22,76.87,Active
L0003046,APP0004416,C004379,ACS,10.69,8.91,7,2025-03-27,0.0,Closed
L0003047,APP0004417,C000694,Nano,268.19,12.12,30,2025-02-21,0.0,Closed
L0003048,APP0004419,C004836,Nano,213.1,13.22,30,2025-06-24,43.98,Active
L0003049,APP0004421,C000745,ACS,27.75,8.19,7,2025-01-13,21.6,Defaulted
L0003050,APP0004424,C001211,ACS,13.72,7.61,7,2025-07-15,8.4,Active
L0003051,APP0004425,C004408,ACS,9.04,8.17,7,2025-10-21,5.72,Active
L0003052,APP0004426,C004191,Nano,217.63,14.45,30,2025-03-05,0.0,Closed
L0003053,APP0004427,C004770,ACS,13.13,8.4,7,2025-02-07,0.0,Closed
L0003054,APP0004429,C001428,Nano,290.37,13.76,30,2025-04-13,39.17,Active
L0003055,APP0004430,C002640,BNPL,497.94,4.02,163,2025-01-10,0.0,Closed
L0003056,APP0004431,C000576,Nano,107.89,14.53,30,2025-03-25,20.77,Active
L0003057,APP0004433,C004349,ACS,20.29,8.29,7,2025-04-16,0.0,Active
L0003058,APP0004434,C000849,BNPL,607.99,4.38,178,2025-05-30,223.63,Active
L0003059,APP0004438,C001629,Nano,73.86,13.14,30,2025-05-03,31.74,Active
L0003060,APP0004440,C004584,Nano,181.05,14.18,30,2025-01-06,43.68,Defaulted
L0003061,APP0004441,C002192,Nano,63.1,17.67,30,2025-01-19,56.2,Defaulted
L0003062,APP0004445,C002996,BNPL,835.39,4.61,143,2025-05-31,307.58,Active
L0003063,APP0004447,C004487,Nano,212.21,13.84,30,2025-08-08,128.91,Active
L0003064,APP0004448,C004175,Nano,139.96,17.09,30,2025-02-13,75.79,Defaulted
L0003065,APP0004449,C001768,ACS,10.91,8.39,7,2025-03-05,0.0,Closed
L0003066,APP0004450,C003353,Nano,172.53,12.33,30,2025-02-25,103.23,Defaulted
L0003067,APP0004451,C001671,BNPL,941.61,4.96,151,2025-09-12,486.95,Active
L0003068,APP0004452,C002745,Nano,22.45,17.63,30,2025-08-15,10.65,Active
L0003069,APP0004453,C001687,ACS,28.07,9.55,7,2025-07-31,20.28,Active
L0003070,APP0004454,C004194,Nano,91.06,13.8,30,2025-06-29,23.81,Active
L0003071,APP0004455,C003756,ACS,7.13,6.85,7,2025-03-30,0.0,Closed
L0003072,APP0004457,C001332,BNPL,198.18,4.5,106,2025-02-04,43.92,Active
L0003073,APP0004458,C004621,ACS,29.21,6.34,7,2025-01-19,0.0,Closed
L0003074,APP0004459,C001238,Nano,188.53,13.47,30,2025-04-29,0.0,Closed
L0003075,APP0004460,C003196,ACS,26.38,6.57,7,2025-05-25,0.92,Active
L0003076,APP0004462,C003640,ACS,5.85,6.07,7,2025-01-19,3.79,Defaulted
L0003077,APP0004466,C004047,Nano,44.98,16.47,30,2025-04-28,0.0,Closed
L0003078,APP0004468,C003666,Nano,26.76,12.68,30,2025-02-18,0.0,Active
L0003079,APP0004469,C002351,Nano,20.76,12.52,30,2025-06-03,5.72,Active
L0003080,APP0004471,C004872,Nano,248.89,13.7,30,2025-04-23,0.0,Closed
L0003081,APP0004473,C000732,ACS,16.31,7.55,7,2025-03-03,2.55,Active
L0003082,APP0004477,C002366,ACS,13.3,7.69,7,2025-04-19,0.0,Closed
L0003083,APP0004479,C000113,ACS,6.98,7.81,7,2025-05-19,0.74,Active
L0003084,APP0004481,C003557,Nano,294.44,17.15,30,2025-04-21,3.23,Closed
L0003085,APP0004482,C002539,Nano,277.63,16.79,30,2025-03-08,0.0,Closed
L0003086,APP0004483,C001545,ACS,9.72,8.49,7,2025-03-01,0.0,Closed
L0003087,APP0004484,C001235,Nano,149.98,14.12,30,2025-07-22,38.92,Active
L0003088,APP0004486,C003330,BNPL,430.68,4.87,137,2025-02-17,0.0,Active
L0003089,APP0004487,C004317,Nano,88.76,14.93,30,2025-03-05,19.14,Active
L0003090,APP0004488,C004822,BNPL,769.21,2.58,158,2025-08-16,300.79,Active
L0003091,APP0004489,C003164,Nano,125.49,16.39,30,2025-04-17,13.46,Active
L0003092,APP0004490,C000221,Nano,239.48,17.88,30,2025-07-22,101.96,Active
L0003093,APP0004491,C004690,BNPL,167.17,4.5,136,2025-03-28,139.92,Defaulted
L0003094,APP0004493,C003546,ACS,23.94,7.29,7,2025-03-25,0.0,Closed
L0003095,APP0004494,C001237,ACS,13.27,6.43,7,2025-05-21,0.35,Closed
L0003096,APP0004495,C003834,ACS,23.09,9.65,7,2025-05-08,0.6,Closed
L0003097,APP0004496,C004022,ACS,19.51,9.91,7,2025-08-27,17.01,Active
L0003098,APP0004497,C003966,BNPL,345.1,2.66,129,2025-08-31,134.08,Active
L0003099,APP0004498,C001357,Nano,118.87,14.68,30,2025-04-19,0.0,Closed
L0003100,APP0004499,C003209,Nano,179.27,15.39,30,2025-02-10,34.94,Defaulted
L0003101,APP0004500,C000958,ACS,17.57,9.51,7,2025-10-02,11.1,Active
L0003102,APP0004501,C004436,BNPL,299.27,4.46,164,2025-01-18,0.0,Active
L0003103,APP0004502,C000765,ACS,26.28,9.57,7,2025-05-24,4.08,Active
L0003104,APP0004503,C004208,Nano,283.72,16.78,30,2025-03-30,0.0,Closed
L0003105,APP0004504,C000750,BNPL,708.66,3.18,172,2025-04-26,113.67,Active
L0003106,APP0004507,C004793,Nano,82.28,13.33,30,2025-05-24,1.57,Closed
L0003107,APP0004508,C003541,Nano,97.0,12.45,30,2025-06-16,29.13,Active
L0003108,APP0004509,C001715,ACS,5.5,6.59,7,2025-07-25,1.44,Active
L0003109,APP0004510,C001556,Nano,36.52,15.07,30,2025-03-09,0.0,Active
L0003110,APP0004511,C003153,BNPL,351.62,3.69,122,2025-10-31,272.22,Active
L0003111,APP0004512,C002248,ACS,8.16,9.45,7,2025-06-26,1.17,Active
L0003112,APP0004513,C001036,ACS,14.7,6.01,7,2025-03-14,0.0,Closed
L0003113,APP0004514,C003141,ACS,12.42,8.69,7,2025-06-23,1.77,Active
L0003114,APP0004515,C002173,BNPL,863.63,2.22,105,2025-01-12,108.76,Defaulted
L0003115,APP0004516,C004876,Nano,297.4,15.79,30,2025-05-09,7.43,Closed
L0003116,APP0004519,C003991,ACS,11.16,9.07,7,2025-04-13,0.0,Closed
L0003117,APP0004520,C004016,Nano,40.91,12.65,30,2025-07-10,10.99,Active
L0003118,APP0004521,C003501,ACS,18.35,7.81,7,2025-02-09,0.0,Closed
L0003119,APP0004522,C004889,Nano,255.74,14.61,30,2025-02-27,0.0,Active
L0003120,APP0004523,C001547,ACS,12.97,7.4,7,2025-03-21,0.0,Closed
L0003121,APP0004524,C001906,Nano,232.47,16.07,30,2025-01-25,46.57,Defaulted
L0003122,APP0004526,C000346,BNPL,115.58,4.77,108,2025-02-28,27.24,Active
L0003123,APP0004527,C004134,BNPL,626.56,4.9,137,2025-05-02,60.7,Active
L0003124,APP0004528,C003735,ACS,11.8,7.19,7,2025-01-17,0.0,Closed
L0003125,APP0004529,C002945,Nano,190.62,17.67,30,2025-05-19,38.81,Active
L0003126,APP0004533,C000439,Nano,236.52,16.05,30,2025-07-03,169.9,Defaulted
L0003127,APP0004534,C003692,Nano,123.6,12.6,30,2025-03-26,89.91,Defaulted
L0003128,APP0004535,C004063,ACS,26.52,9.21,7,2025-06-29,7.22,Active
L0003129,APP0004536,C002792,Nano,87.05,12.06,30,2025-07-04,23.79,Active
L0003130,APP0004538,C001836,ACS,8.75,6.71,7,2025-02-20,0.0,Active
L0003131,APP0004540,C002572,ACS,23.95,6.59,7,2025-03-13,11.77,Defaulted
L0003132,APP0004542,C001227,BNPL,802.06,2.93,134,2025-05-14,181.58,Active
L0003133,APP0004543,C003982,ACS,24.8,7.68,7,2025-07-02,6.49,Active
L0003134,APP0004544,C000371,ACS,7.03,6.46,7,2025-09-04,3.56,Active
L0003135,APP0004545,C004933,BNPL,202.02,4.21,134,2025-04-25,146.79,Defaulted
L0003136,APP0004546,C002063,Nano,207.45,16.05,30,2025-06-17,35.62,Active
L0003137,APP0004547,C004146,ACS,10.11,9.84,7,2025-03-13,0.47,Active
L0003138,APP0004548,C000292,Nano,26.51,14.18,30,2025-06-11,4.16,Active
L0003139,APP0004549,C003347,ACS,22.96,7.9,7,2025-06-14,3.43,Active
L0003140,APP0004551,C004803,ACS,7.09,9.65,7,2025-05-27,2.5,Active
L0003141,APP0004552,C002239,Nano,66.89,16.47,30,2025-04-10,2.9,Active
L0003142,APP0004556,C004759,BNPL,361.37,4.76,143,2025-05-08,140.23,Active
L0003143,APP0004557,C001172,Nano,152.5,15.39,30,2025-04-03,0.0,Closed
L0003144,APP0004558,C002247,ACS,12.1,6.58,7,2025-08-17,4.69,Active
L0003145,APP0004560,C002102,ACS,5.87,8.98,7,2025-10-07,4.14,Active
L0003146,APP0004561,C004365,Nano,186.25,12.07,30,2025-07-13,49.23,Active
L0003147,APP0004562,C004468,ACS,8.69,6.97,7,2025-03-01,3.86,Defaulted
L0003148,APP0004563,C002977,ACS,5.68,6.52,7,2025-02-08,0.0,Closed
L0003149,APP0004567,C003569,Nano,71.72,13.25,30,2025-02-19,51.43,Defaulted
L0003150,APP0004572,C004184,Nano,182.07,16.83,30,2025-03-23,123.88,Defaulted
L0003151,APP0004573,C001263,ACS,8.71,7.83,7,2025-09-18,4.44,Active
L0003152,APP0004574,C003101,ACS,17.73,6.61,7,2025-02-05,0.7,Active
L0003153,APP0004575,C002279,Nano,79.79,17.06,30,2025-04-19,12.95,Active
L0003154,APP0004577,C002122,BNPL,217.67,4.42,139,2025-04-07,0.0,Closed
L0003155,APP0004578,C002775,Nano,179.21,14.93,30,2025-08-13,100.63,Active
L0003156,APP0004579,C002566,ACS,24.5,7.06,7,2025-02-09,0.0,Active
L0003157,APP0004580,C002871,ACS,27.54,9.63,7,2025-05-20,0.57,Closed
L0003158,APP0004583,C002735,ACS,16.27,8.11,7,2025-04-01,11.35,Defaulted
L0003159,APP0004587,C000583,ACS,23.37,7.13,7,2025-02-04,12.59,Defaulted
L0003160,APP0004588,C001008,ACS,11.91,9.79,7,2025-05-24,1.49,Active
L0003161,APP0004589,C000391,ACS,15.18,8.71,7,2025-01-03,12.17,Defaulted
L0003162,APP0004591,C003279,Nano,203.78,12.76,30,2025-04-03,0.0,Closed
L0003163,APP0004593,C003239,Nano,159.13,16.88,30,2025-03-31,0.0,Closed
L0003164,APP0004594,C004525,ACS,17.81,9.66,7,2025-01-26,0.0,Closed
L0003165,APP0004595,C004288,ACS,12.53,7.39,7,2025-02-07,0.0,Active
L0003166,APP0004598,C002104,ACS,26.85,6.29,7,2025-11-24,20.35,Active
L0003167,APP0004599,C004638,Nano,299.25,13.02,30,2025-08-01,117.08,Active
L0003168,APP0004602,C000727,Nano,217.32,14.97,30,2025-06-17,32.85,Active
L0003169,APP0004603,C003688,Nano,175.83,12.72,30,2025-03-04,76.67,Defaulted
L0003170,APP0004605,C004752,ACS,14.0,6.4,7,2025-03-21,0.0,Active
L0003171,APP0004608,C003998,ACS,21.68,6.77,7,2025-03-29,0.0,Closed
L0003172,APP0004610,C001683,Nano,236.92,12.39,30,2025-04-30,0.0,Closed
L0003173,APP0004611,C000080,ACS,8.66,9.49,7,2025-08-07,3.46,Active
L0003174,APP0004612,C003268,Nano,49.71,13.07,30,2025-07-29,21.19,Active
L0003175,APP0004613,C001808,ACS,13.49,8.21,7,2025-05-27,8.65,Active
L0003176,APP0004614,C001458,ACS,17.28,6.8,7,2025-01-22,7.01,Defaulted
L0003177,APP0004615,C000048,Nano,212.29,14.58,30,2025-08-20,83.83,Active
L0003178,APP0004616,C000605,Nano,240.87,15.55,30,2025-05-16,19.69,Active
L0003179,APP0004617,C000951,Nano,199.62,15.41,30,2025-02-25,0.0,Closed
L0003180,APP0004618,C000537,ACS,23.73,9.48,7,2025-05-29,0.69,Closed
L0003181,APP0004619,C004750,Nano,299.59,17.55,30,2025-04-16,155.5,Active
L0003182,APP0004620,C000047,ACS,5.68,8.45,7,2025-03-04,0.0,Closed
L0003183,APP0004621,C001944,Nano,261.11,13.37,30,2025-04-28,44.86,Active
L0003184,APP0004622,C004892,ACS,18.9,7.74,7,2025-05-01,4.59,Active
L0003185,APP0004623,C000588,Nano,129.19,13.54,30,2025-02-10,0.0,Active
L0003186,APP0004624,C003276,Nano,67.91,15.5,30,2025-07-02,18.41,Active
L0003187,APP0004625,C001251,BNPL,991.93,3.36,158,2025-09-02,563.83,Active
L0003188,APP0004626,C001607,BNPL,649.24,2.32,111,2025-02-15,333.77,Defaulted
L0003189,APP0004627,C002221,ACS,20.53,6.32,7,2025-07-16,8.14,Active
L0003190,APP0004629,C003805,ACS,25.55,6.99,7,2025-04-13,0.0,Closed
L0003191,APP0004631,C000103,Nano,51.72,13.95,30,2025-02-24,15.07,Active
L0003192,APP0004632,C000915,Nano,39.3,15.13,30,2025-06-06,8.47,Active
L0003193,APP0004633,C003138,Nano,295.0,16.38,30,2025-10-18,197.46,Active
L0003194,APP0004635,C000300,Nano,263.69,15.53,30,2025-03-13,0.0,Closed
L0003195,APP0004636,C002737,Nano,55.16,15.43,30,2025-05-10,7.74,Active
L0003196,APP0004637,C001586,ACS,22.34,9.48,7,2025-04-02,0.0,Closed
L0003197,APP0004638,C004199,Nano,80.4,16.45,30,2025-03-21,0.0,Closed
L0003198,APP0004639,C004448,Nano,170.47,13.11,30,2025-04-23,16.92,Active
L0003199,APP0004640,C000648,ACS,5.78,8.18,7,2025-07-09,1.57,Active
L0003200,APP0004641,C003886,Nano,256.46,16.87,30,2025-03-07,0.0,Closed
L0003201,APP0004642,C004292,BNPL,329.93,3.11,144,2025-03-20,104.48,Active
L0003202,APP0004643,C003203,Nano,238.25,12.16,30,2025-06-23,31.87,Active
L0003203,APP0004644,C003045,ACS,26.88,6.88,7,2025-01-11,0.0,Closed
L0003204,APP0004645,C002320,ACS,16.81,9.04,7,2025-02-23,0.0,Active
L0003205,APP0004646,C002449,ACS,29.05,9.55,7,2025-02-03,7.62,Defaulted
L0003206,APP0004648,C000720,ACS,10.02,8.31,7,2025-07-25,6.38,Active
L0003207,APP0004649,C003421,ACS,15.9,9.38,7,2025-06-18,5.66,Active
L0003208,APP0004651,C000870,BNPL,765.77,3.43,157,2025-06-18,115.47,Active
L0003209,APP0004654,C000945,Nano,79.01,15.52,30,2025-08-15,30.28,Active
L0003210,APP0004655,C001054,BNPL,136.65,3.95,93,2025-03-07,20.29,Active
L0003211,APP0004656,C004400,ACS,22.36,8.63,7,2025-08-06,10.17,Active
L0003212,APP0004658,C002303,Nano,85.74,14.46,30,2025-06-26,12.17,Active
L0003213,APP0004659,C000367,ACS,21.01,7.88,7,2025-04-09,13.56,Defaulted
L0003214,APP0004660,C000399,Nano,142.46,14.83,30,2025-08-11,55.78,Active
L0003215,APP0004665,C003768,Nano,186.47,16.51,30,2025-01-24,0.0,Active
L0003216,APP0004667,C001303,ACS,13.98,6.79,7,2025-04-21,0.0,Closed
L0003217,APP0004668,C001216,ACS,29.19,6.42,7,2025-04-01,0.0,Closed
L0003218,APP0004669,C003899,Nano,33.71,17.48,30,2025-03-31,0.0,Closed
L0003219,APP0004670,C002532,BNPL,695.67,4.76,152,2025-06-20,109.7,Active
L0003220,APP0004673,C003978,Nano,219.64,16.11,30,2025-03-17,0.0,Closed
L0003221,APP0004674,C000793,ACS,15.04,9.39,7,2025-02-26,6.88,Active
L0003222,APP0004676,C002188,ACS,21.49,9.15,7,2025-08-18,8.38,Active
L0003223,APP0004678,C003267,ACS,12.78,9.39,7,2025-02-20,4.05,Defaulted
L0003224,APP0004679,C003726,Nano,147.41,13.67,30,2025-02-18,0.0,Closed
L0003225,APP0004680,C004410,ACS,9.0,6.13,7,2025-07-27,2.92,Active
L0003226,APP0004681,C003453,ACS,9.5,8.76,7,2025-04-17,2.94,Defaulted
L0003227,APP0004683,C002650,BNPL,328.34,2.59,140,2025-05-13,23.7,Active
L0003228,APP0004684,C000401,Nano,193.62,14.53,30,2025-07-09,52.19,Active
L0003229,APP0004686,C001608,Nano,155.61,12.03,30,2025-02-12,0.0,Active
L0003230,APP0004687,C000617,Nano,187.75,16.05,30,2025-03-29,0.0,Active
L0003231,APP0004688,C001755,BNPL,807.71,2.01,156,2025-05-16,85.23,Active
L0003232,APP0004689,C001736,BNPL,379.07,3.56,170,2025-03-09,0.0,Closed
L0003233,APP0004691,C001401,ACS,14.95,8.55,7,2025-05-05,0.37,Closed
L0003234,APP0004692,C004709,Nano,228.87,16.53,30,2025-06-03,35.21,Active
L0003235,APP0004693,C004418,ACS,8.81,8.94,7,2025-09-21,4.54,Active
L0003236,APP0004694,C000179,Nano,30.81,12.97,30,2025-04-14,1.1,Active
L0003237,APP0004695,C002484,ACS,9.84,9.42,7,2025-02-02,0.0,Closed
L0003238,APP0004697,C004245,Nano,92.6,16.05,30,2025-02-04,0.0,Closed
L0003239,APP0004700,C000432,BNPL,480.81,3.42,97,2025-06-19,85.38,Active
L0003240,APP0004701,C003566,Nano,104.14,14.97,30,2025-10-16,65.8,Active
L0003241,APP0004703,C004377,Nano,274.1,13.47,30,2025-03-21,201.94,Defaulted
L0003242,APP0004706,C004189,BNPL,456.67,4.77,162,2025-05-15,11.45,Closed
L0003243,APP0004709,C001512,ACS,19.01,6.43,7,2025-03-28,0.0,Closed
L0003244,APP0004710,C002616,ACS,6.61,7.87,7,2025-02-09,2.16,Active
L0003245,APP0004711,C000274,ACS,21.28,9.01,7,2025-09-26,18.34,Active
L0003246,APP0004712,C003092,ACS,27.11,8.63,7,2025-07-13,12.98,Active
L0003247,APP0004713,C004049,BNPL,356.82,3.14,114,2025-01-14,0.0,Active
L0003248,APP0004714,C001529,ACS,16.57,7.46,7,2025-04-15,4.91,Active
L0003249,APP0004715,C000857,ACS,15.15,9.24,7,2025-03-14,0.0,Closed
L0003250,APP0004716,C001757,BNPL,754.43,3.53,113,2025-02-16,241.93,Defaulted
L0003251,APP0004717,C003228,ACS,25.47,7.78,7,2025-03-04,22.0,Defaulted
L0003252,APP0004718,C002553,Nano,122.8,15.68,30,2025-01-12,0.0,Closed
L0003253,APP0004719,C003019,BNPL,714.78,3.62,90,2025-03-08,0.0,Closed
L0003254,APP0004720,C004028,BNPL,157.56,3.06,154,2025-02-07,22.16,Active
L0003255,APP0004721,C004740,BNPL,622.0,5.0,108,2025-03-23,0.0,Closed
L0003256,APP0004722,C002264,BNPL,546.99,3.53,130,2025-03-12,242.87,Defaulted
L0003257,APP0004724,C002455,BNPL,875.87,4.44,111,2025-08-13,350.22,Active
L0003258,APP0004729,C002702,ACS,16.49,6.61,7,2025-06-12,2.34,Active
L0003259,APP0004731,C004150,ACS,8.68,8.14,7,2025-05-28,0.23,Closed
L0003260,APP0004732,C000025,ACS,18.97,7.44,7,2025-02-05,0.0,Closed
L0003261,APP0004733,C000286,ACS,6.18,6.62,7,2025-10-06,4.12,Active
L0003262,APP0004734,C002416,Nano,24.22,16.37,30,2025-06-20,7.72,Active
L0003263,APP0004735,C000560,BNPL,535.89,3.27,138,2025-05-18,40.14,Active
L0003264,APP0004737,C003523,Nano,269.26,15.99,30,2025-05-11,16.51,Active
L0003265,APP0004738,C003080,BNPL,347.64,4.73,110,2025-03-13,0.0,Closed
L0003266,APP0004740,C002432,ACS,28.0,9.78,7,2025-03-22,0.0,Closed
L0003267,APP0004742,C003861,ACS,12.94,8.94,7,2025-06-16,1.89,Active
L0003268,APP0004743,C002391,ACS,9.35,8.41,7,2025-07-16,2.46,Active
L0003269,APP0004745,C002184,ACS,29.64,9.82,7,2025-02-22,0.0,Closed
L0003270,APP0004747,C004709,ACS,27.12,9.0,7,2025-07-13,24.18,Defaulted
L0003271,APP0004751,C003104,Nano,220.62,17.58,30,2025-06-22,55.07,Active
L0003272,APP0004752,C000128,ACS,7.64,9.17,7,2025-03-30,0.0,Closed
L0003273,APP0004754,C003658,BNPL,713.33,2.99,166,2025-05-15,141.22,Active
L0003274,APP0004756,C002341,Nano,219.28,17.7,30,2025-06-02,85.17,Active
L0003275,APP0004757,C002052,ACS,10.59,9.54,7,2025-02-22,0.0,Closed
L0003276,APP0004758,C004697,BNPL,855.58,3.44,132,2025-02-14,193.1,Defaulted
L0003277,APP0004760,C000885,Nano,67.12,15.73,30,2025-08-09,27.85,Active
L0003278,APP0004761,C001294,Nano,194.55,13.9,30,2025-07-21,67.33,Active
L0003279,APP0004762,C001220,Nano,53.82,14.7,30,2025-02-01,7.38,Active
L0003280,APP0004763,C002365,Nano,85.71,12.42,30,2025-07-01,22.92,Active
L0003281,APP0004764,C003194,Nano,225.85,15.73,30,2025-07-21,195.75,Defaulted
L0003282,APP0004767,C001926,Nano,74.76,12.41,30,2025-09-20,46.82,Active
L0003283,APP0004769,C003362,Nano,178.24,16.84,30,2025-01-26,70.87,Defaulted
L0003284,APP0004770,C000618,ACS,5.29,6.87,7,2025-02-22,0.0,Active
L0003285,APP0004771,C003447,ACS,23.1,6.81,7,2025-09-28,11.82,Active
L0003286,APP0004772,C000807,ACS,20.03,6.18,7,2025-05-17,4.27,Active
L0003287,APP0004773,C001467,Nano,213.03,17.42,30,2025-02-07,0.0,Active
L0003288,APP0004775,C000526,ACS,7.65,7.76,7,2025-03-23,0.0,Active
L0003289,APP0004776,C002846,ACS,29.14,7.22,7,2025-03-03,0.0,Closed
L0003290,APP0004777,C000194,ACS,25.86,9.58,7,2025-04-01,8.98,Defaulted
L0003291,APP0004778,C001061,ACS,18.58,6.71,7,2025-07-20,4.85,Active
L0003292,APP0004781,C002164,ACS,12.87,6.71,7,2025-08-10,5.73,Active
L0003293,APP0004782,C001421,Nano,268.54,12.98,30,2025-05-11,7.62,Closed
L0003294,APP0004784,C000710,ACS,12.17,6.61,7,2025-01-19,4.43,Defaulted
L0003295,APP0004785,C000779,Nano,113.98,17.32,30,2025-01-22,0.0,Closed
L0003296,APP0004786,C004829,Nano,134.58,14.47,30,2025-01-10,0.0,Closed
L0003297,APP0004787,C001661,Nano,273.76,15.8,30,2025-10-21,173.59,Active
L0003298,APP0004789,C000043,ACS,6.93,8.82,7,2025-04-27,0.0,Closed
L0003299,APP0004790,C000555,BNPL,856.54,4.04,97,2025-05-25,317.38,Active
L0003300,APP0004791,C003939,BNPL,453.3,3.3,103,2025-03-29,320.55,Defaulted
L0003301,APP0004793,C001502,ACS,8.92,7.57,7,2025-07-08,4.7,Active
L0003302,APP0004794,C000864,Nano,52.61,15.62,30,2025-01-27,42.46,Defaulted
L0003303,APP0004795,C001333,ACS,16.83,9.54,7,2025-01-19,0.0,Closed
L0003304,APP0004796,C001172,Nano,214.77,15.53,30,2025-05-18,12.39,Active
L0003305,APP0004798,C004698,Nano,296.19,17.79,30,2025-01-24,0.0,Active
L0003306,APP0004800,C000684,Nano,249.96,14.4,30,2025-10-11,157.2,Active
L0003307,APP0004802,C004400,BNPL,482.84,3.66,98,2025-06-12,255.86,Active
L0003308,APP0004803,C001585,ACS,22.74,6.26,7,2025-10-25,14.53,Active
L0003309,APP0004805,C000023,BNPL,300.91,2.82,140,2025-01-03,0.0,Closed
L0003310,APP0004807,C004716,BNPL,589.68,2.55,172,2025-02-24,482.59,Defaulted
L0003311,APP0004808,C002484,Nano,264.2,13.13,30,2025-10-07,168.3,Active
L0003312,APP0004809,C002922,Nano,97.81,13.6,30,2025-08-14,38.09,Active
L0003313,APP0004810,C001292,ACS,11.85,6.34,7,2025-11-08,10.53,Active
L0003314,APP0004811,C003927,ACS,28.72,8.26,7,2025-07-26,22.47,Active
L0003315,APP0004813,C004166,Nano,44.91,14.64,30,2025-05-08,1.25,Closed
L0003316,APP0004814,C004171,ACS,15.1,6.86,7,2025-04-03,3.46,Active
L0003317,APP0004815,C000387,Nano,220.33,13.04,30,2025-09-08,113.28,Active
L0003318,APP0004816,C002627,ACS,29.8,7.68,7,2025-02-06,0.0,Closed
L0003319,APP0004817,C002547,ACS,13.95,7.81,7,2025-07-01,5.03,Active
L0003320,APP0004818,C000239,ACS,5.32,8.99,7,2025-08-20,2.56,Active
L0003321,APP0004819,C004006,ACS,14.3,9.07,7,2025-08-01,5.54,Active
L0003322,APP0004820,C000965,ACS,18.83,8.5,7,2025-06-06,15.69,Defaulted
L0003323,APP0004821,C002125,Nano,83.43,14.71,30,2025-03-07,0.0,Closed
L0003324,APP0004822,C000281,BNPL,666.99,4.14,155,2025-06-30,98.79,Active
L0003325,APP0004823,C003947,BNPL,266.14,2.84,142,2025-02-02,0.0,Closed
L0003326,APP0004825,C002583,BNPL,240.6,3.03,177,2025-03-09,0.0,Active
L0003327,APP0004827,C000480,Nano,229.89,15.95,30,2025-02-09,194.12,Defaulted
L0003328,APP0004828,C004271,Nano,173.82,13.59,30,2025-02-05,0.0,Closed
L0003329,APP0004829,C000033,ACS,11.61,9.78,7,2025-02-26,0.0,Closed
L0003330,APP0004831,C000861,ACS,23.79,7.05,7,2025-05-18,5.33,Active
L0003331,APP0004832,C003005,ACS,14.97,7.68,7,2025-06-26,3.19,Active
L0003332,APP0004835,C002820,ACS,20.84,8.62,7,2025-05-01,0.61,Closed
L0003333,APP0004836,C003200,Nano,247.34,14.27,30,2025-03-22,183.22,Defaulted
L0003334,APP0004838,C002218,ACS,5.69,7.74,7,2025-07-30,1.56,Active
L0003335,APP0004839,C003795,Nano,240.86,17.09,30,2025-06-25,36.09,Active
L0003336,APP0004841,C001623,ACS,28.63,6.35,7,2025-03-07,11.68,Defaulted
L0003337,APP0004844,C004641,BNPL,200.01,2.11,117,2025-04-23,0.0,Closed
L0003338,APP0004846,C000581,ACS,15.57,6.42,7,2025-02-21,0.0,Closed
L0003339,APP0004847,C000845,ACS,6.48,8.71,7,2025-03-03,0.0,Active
L0003340,APP0004849,C002103,Nano,105.83,13.97,30,2025-07-30,34.51,Active
L0003341,APP0004851,C001586,Nano,171.31,17.26,30,2025-03-22,0.0,Closed
L0003342,APP0004853,C003874,ACS,15.78,7.41,7,2025-06-13,2.34,Active
L0003343,APP0004855,C001965,ACS,9.95,6.93,7,2025-01-30,0.0,Closed
L0003344,APP0004858,C003758,ACS,16.85,8.16,7,2025-02-22,0.0,Closed
L0003345,APP0004859,C000686,Nano,146.84,15.12,30,2025-04-04,61.83,Active
L0003346,APP0004860,C001762,BNPL,330.76,2.25,176,2025-03-11,16.0,Active
L0003347,APP0004861,C001427,ACS,9.73,9.42,7,2025-05-03,0.21,Closed
L0003348,APP0004862,C002384,Nano,195.64,13.16,30,2025-03-02,0.0,Closed
L0003349,APP0004863,C004107,ACS,20.88,6.2,7,2025-01-12,0.0,Active
L0003350,APP0004864,C004238,ACS,10.59,8.08,7,2025-03-24,0.0,Closed
L0003351,APP0004865,C001919,Nano,52.05,12.85,30,2025-05-19,13.47,Active
L0003352,APP0004866,C002886,Nano,235.69,14.56,30,2025-04-11,0.0,Closed
L0003353,APP0004867,C004089,BNPL,800.86,4.28,152,2025-09-17,409.17,Active
L0003354,APP0004868,C004258,Nano,171.66,15.32,30,2025-05-02,12.7,Active
L0003355,APP0004869,C003013,BNPL,587.29,4.87,127,2025-03-21,0.0,Closed
L0003356,APP0004871,C001884,Nano,256.84,15.81,30,2025-05-20,6.1,Closed
L0003357,APP0004874,C001140,ACS,15.68,6.49,7,2025-03-13,0.0,Closed
L0003358,APP0004875,C000172,ACS,8.6,6.41,7,2025-05-22,0.13,Closed
L0003359,APP0004876,C004432,Nano,93.98,17.25,30,2025-08-03,42.48,Active
L0003360,APP0004877,C000553,Nano,134.16,14.67,30,2025-07-04,36.21,Active
L0003361,APP0004879,C004775,ACS,11.43,6.69,7,2025-11-04,8.62,Active
L0003362,APP0004880,C004171,Nano,158.51,13.99,30,2025-05-06,17.49,Active
L0003363,APP0004882,C002844,BNPL,523.37,3.42,176,2025-03-30,426.68,Defaulted
L0003364,APP0004883,C003590,ACS,29.79,6.55,7,2025-07-03,9.09,Active
L0003365,APP0004884,C001104,ACS,7.23,6.12,7,2025-08-31,2.84,Active
L0003366,APP0004885,C002115,ACS,17.79,6.05,7,2025-03-31,0.0,Closed
L0003367,APP0004886,C001885,ACS,15.07,8.43,7,2025-04-16,3.25,Active
L0003368,APP0004887,C001366,ACS,9.87,7.42,7,2025-04-09,5.37,Active
L0003369,APP0004890,C000095,Nano,216.36,15.31,30,2025-08-03,83.82,Active
L0003370,APP0004891,C000456,ACS,19.86,6.85,7,2025-07-21,5.34,Active
L0003371,APP0004894,C004275,ACS,19.87,8.43,7,2025-08-15,7.89,Active
L0003372,APP0004897,C001938,ACS,5.71,8.13,7,2025-03-06,0.0,Closed
L0003373,APP0004898,C003399,Nano,291.8,12.33,30,2025-08-11,154.58,Active
L0003374,APP0004899,C002184,ACS,29.5,9.45,7,2025-02-28,0.0,Active
L0003375,APP0004901,C004603,ACS,26.48,8.92,7,2025-01-02,0.0,Active
L0003376,APP0004902,C000020,Nano,119.71,16.64,30,2025-04-23,0.0,Closed
L0003377,APP0004903,C004466,ACS,27.17,8.53,7,2025-08-30,10.5,Active
L0003378,APP0004904,C001420,ACS,11.19,6.47,7,2025-02-25,3.3,Defaulted
L0003379,APP0004905,C000202,ACS,13.55,8.38,7,2025-05-25,0.66,Active
L0003380,APP0004906,C002640,Nano,298.39,16.4,30,2025-06-03,41.15,Active
L0003381,APP0004907,C001061,Nano,86.72,13.19,30,2025-01-30,0.0,Active
L0003382,APP0004909,C003798,Nano,235.92,17.18,30,2025-02-06,174.14,Defaulted
L0003383,APP0004910,C002011,ACS,24.98,7.63,7,2025-09-04,13.19,Active
L0003384,APP0004911,C003903,ACS,13.61,8.52,7,2025-02-15,2.38,Defaulted
L0003385,APP0004914,C000306,BNPL,680.43,4.87,175,2025-02-19,7.4,Closed
L0003386,APP0004915,C003209,Nano,265.65,14.05,30,2025-09-26,136.8,Active
L0003387,APP0004918,C001826,BNPL,876.47,3.44,125,2025-04-24,764.75,Defaulted
L0003388,APP0004919,C004190,ACS,19.34,6.88,7,2025-04-18,0.0,Active
L0003389,APP0004921,C002877,BNPL,642.42,2.2,131,2025-04-22,0.0,Closed
L0003390,APP0004922,C001109,Nano,47.83,16.61,30,2025-03-09,0.0,Closed
L0003391,APP0004924,C003774,BNPL,807.78,4.65,91,2025-02-25,0.0,Closed
L0003392,APP0004925,C004379,ACS,12.26,7.78,7,2025-09-15,6.34,Active
L0003393,APP0004926,C001722,ACS,25.81,6.08,7,2025-11-03,23.25,Active
L0003394,APP0004928,C000262,ACS,16.03,8.55,7,2025-05-26,1.72,Active
L0003395,APP0004929,C002995,Nano,249.26,15.46,30,2025-06-01,194.79,Defaulted
L0003396,APP0004932,C003658,Nano,232.48,16.28,30,2025-05-22,6.45,Closed
L0003397,APP0004933,C004953,BNPL,261.27,2.48,138,2025-01-28,95.84,Defaulted
L0003398,APP0004934,C004663,Nano,114.01,14.17,30,2025-05-04,10.54,Active
L0003399,APP0004935,C000840,ACS,12.89,6.84,7,2025-06-15,1.96,Active
L0003400,APP0004936,C004855,ACS,28.87,9.45,7,2025-02-21,0.0,Closed
L0003401,APP0004938,C002283,Nano,108.91,15.56,30,2025-06-07,15.89,Active
L0003402,APP0004939,C004664,ACS,12.88,8.43,7,2025-02-23,5.54,Defaulted
L0003403,APP0004940,C003060,BNPL,440.54,3.14,97,2025-04-07,0.0,Closed
L0003404,APP0004942,C002787,Nano,104.31,13.04,30,2025-04-07,75.67,Defaulted
L0003405,APP0004944,C002668,ACS,22.22,7.31,7,2025-06-04,3.22,Active
L0003406,APP0004945,C004636,Nano,87.4,12.76,30,2025-05-19,18.73,Active
L0003407,APP0004946,C000573,ACS,19.51,8.24,7,2025-04-19,15.79,Defaulted
L0003408,APP0004948,C003355,ACS,9.93,8.02,7,2025-05-04,5.4,Defaulted
L0003409,APP0004949,C002466,BNPL,738.96,3.39,98,2025-01-24,0.0,Active
L0003410,APP0004950,C004827,BNPL,664.36,4.66,127,2025-01-20,0.0,Closed
L0003411,APP0004951,C002912,ACS,12.76,7.31,7,2025-08-20,4.94,Active
L0003412,APP0004952,C000635,ACS,19.82,6.17,7,2025-04-03,1.69,Active
L0003413,APP0004953,C003068,Nano,299.09,16.58,30,2025-05-22,53.22,Active
L0003414,APP0004954,C001560,Nano,164.02,17.24,30,2025-08-11,109.32,Active
L0003415,APP0004955,C002350,ACS,25.68,9.85,7,2025-01-15,0.0,Active
L0003416,APP0004960,C002409,ACS,9.19,9.16,7,2025-09-18,5.19,Active
L0003417,APP0004961,C004743,ACS,12.81,7.67,7,2025-01-30,0.0,Closed
L0003418,APP0004962,C001791,Nano,211.05,14.36,30,2025-04-24,0.0,Closed
L0003419,APP0004963,C000533,BNPL,400.82,3.56,159,2025-06-04,161.95,Active
L0003420,APP0004964,C002383,Nano,146.2,16.93,30,2025-07-25,40.34,Active
L0003421,APP0004965,C000172,Nano,128.96,13.62,30,2025-07-20,34.7,Active
L0003422,APP0004966,C004015,Nano,272.9,13.16,30,2025-05-23,7.12,Closed
L0003423,APP0004967,C004595,ACS,13.01,9.79,7,2025-06-25,4.78,Active
L0003424,APP0004969,C000265,BNPL,222.88,2.2,146,2025-02-28,51.81,Active
L0003425,APP0004971,C003445,ACS,27.82,8.19,7,2025-03-09,0.0,Closed
L0003426,APP0004972,C003967,Nano,227.78,13.6,30,2025-01-29,0.0,Closed
L0003427,APP0004973,C002847,ACS,20.17,9.68,7,2025-03-06,0.0,Closed
L0003428,APP0004974,C002906,BNPL,795.62,3.39,104,2025-05-18,70.15,Active
L0003429,APP0004975,C001357,ACS,19.73,8.55,7,2025-06-21,6.86,Active
L0003430,APP0004977,C003156,ACS,11.48,8.16,7,2025-08-16,6.85,Active
L0003431,APP0004978,C004683,BNPL,671.44,3.98,119,2025-04-03,0.0,Closed
L0003432,APP0004979,C001547,ACS,25.39,6.72,7,2025-02-24,0.0,Closed
L0003433,APP0004980,C001820,BNPL,143.51,2.7,109,2025-03-29,0.0,Closed
L0003434,APP0004982,C000250,ACS,25.13,9.44,7,2025-02-15,0.0,Closed
L0003435,APP0004984,C000681,ACS,25.32,8.64,7,2025-03-02,0.0,Closed
L0003436,APP0004985,C003417,Nano,182.68,12.2,30,2025-04-14,0.0,Closed
L0003437,APP0004988,C000750,Nano,237.7,15.18,30,2025-03-05,0.0,Closed
L0003438,APP0004989,C002987,Nano,214.27,14.59,30,2025-03-04,0.0,Active
L0003439,APP0004990,C002237,Nano,87.87,15.92,30,2025-03-09,13.2,Active
L0003440,APP0004991,C002452,ACS,24.49,8.84,7,2025-01-10,0.0,Active
L0003441,APP0004992,C003460,Nano,214.27,13.7,30,2025-02-23,0.0,Closed
L0003442,APP0004994,C002869,ACS,25.96,9.3,7,2025-04-03,0.0,Active
L0003443,APP0004995,C002772,ACS,13.25,6.74,7,2025-04-22,0.0,Closed
L0003444,APP0004996,C003267,Nano,176.6,15.84,30,2025-01-31,117.66,Defaulted
L0003445,APP0004999,C004117,Nano,295.18,15.84,30,2025-06-14,175.95,Active
L0003446,APP0005000,C003312,ACS,20.23,8.1,7,2025-10-26,13.37,Active
L0003447,APP0005001,C002827,ACS,26.86,8.81,7,2025-03-12,19.64,Defaulted
L0003448,APP0005002,C000046,ACS,21.15,6.67,7,2025-07-04,8.75,Active
L0003449,APP0005003,C001377,Nano,36.9,17.93,30,2025-02-23,0.0,Closed
L0003450,APP0005004,C001317,ACS,23.91,6.13,7,2025-06-14,5.06,Active
L0003451,APP0005005,C003249,Nano,86.28,12.24,30,2025-06-08,14.77,Active
L0003452,APP0005006,C000618,BNPL,802.7,2.94,159,2025-04-25,571.46,Defaulted
L0003453,APP0005007,C001910,ACS,11.15,9.41,7,2025-07-23,3.03,Active
L0003454,APP0005008,C002277,BNPL,202.55,4.28,145,2025-07-29,53.18,Active
L0003455,APP0005010,C000730,Nano,133.15,12.12,30,2025-04-28,0.0,Closed
L0003456,APP0005011,C003030,BNPL,115.7,4.72,177,2025-01-11,0.01,Active
L0003457,APP0005012,C002737,Nano,273.95,16.26,30,2025-03-09,0.0,Closed
L0003458,APP0005013,C003696,Nano,176.22,15.45,30,2025-07-18,46.86,Active
L0003459,APP0005014,C000904,Nano,186.84,14.48,30,2025-07-16,64.65,Active
L0003460,APP0005015,C002999,ACS,14.48,8.63,7,2025-04-18,0.0,Closed
L0003461,APP0005017,C001297,ACS,8.82,9.92,7,2025-03-26,2.92,Active
L0003462,APP0005020,C002200,Nano,205.07,12.49,30,2025-05-10,26.97,Active
L0003463,APP0005021,C000255,Nano,178.66,13.61,30,2025-05-18,8.22,Active
L0003464,APP0005022,C004040,Nano,295.44,16.52,30,2025-03-12,0.0,Closed
L0003465,APP0005023,C003456,Nano,223.49,13.67,30,2025-07-20,79.5,Active
L0003466,APP0005027,C000120,ACS,7.92,9.37,7,2025-08-11,3.12,Active
L0003467,APP0005028,C002130,ACS,21.39,7.38,7,2025-10-03,13.63,Active
L0003468,APP0005029,C001036,ACS,27.78,6.8,7,2025-03-09,0.74,Active
L0003469,APP0005030,C001172,Nano,76.59,15.16,30,2025-03-29,0.0,Closed
L0003470,APP0005031,C003776,ACS,26.73,8.55,7,2025-08-04,10.53,Active
L0003471,APP0005032,C001518,ACS,10.3,6.93,7,2025-03-09,0.0,Closed
L0003472,APP0005033,C001229,Nano,209.46,13.83,30,2025-06-01,30.87,Active
L0003473,APP0005034,C001513,ACS,6.3,8.92,7,2025-01-08,0.0,Active
L0003474,APP0005035,C000745,Nano,111.95,16.43,30,2025-03-07,0.0,Closed
L0003475,APP0005036,C003712,ACS,17.91,9.45,7,2025-02-18,0.0,Closed
L0003476,APP0005037,C002478,ACS,19.53,8.74,7,2025-01-29,0.0,Active
L0003477,APP0005038,C001005,ACS,13.09,8.83,7,2025-05-07,0.93,Active
L0003478,APP0005039,C001541,BNPL,507.04,4.21,156,2025-02-21,0.0,Closed
L0003479,APP0005041,C002892,ACS,14.67,7.63,7,2025-07-23,4.74,Active
L0003480,APP0005043,C004283,Nano,28.94,15.41,30,2025-06-21,4.13,Active
L0003481,APP0005045,C001742,Nano,289.92,12.08,30,2025-06-07,60.39,Active
L0003482,APP0005046,C004991,Nano,169.87,14.38,30,2025-04-03,0.0,Active
L0003483,APP0005049,C004292,ACS,24.47,9.38,7,2025-03-06,9.52,Defaulted
L0003484,APP0005051,C002004,ACS,20.79,6.74,7,2025-08-23,8.21,Active
L0003485,APP0005052,C001355,Nano,254.11,12.91,30,2025-03-27,0.0,Closed
L0003486,APP0005053,C003285,BNPL,231.6,2.79,177,2025-06-23,158.69,Defaulted
L0003487,APP0005054,C002718,Nano,297.6,15.21,30,2025-07-09,79.87,Active
L0003488,APP0005055,C001184,Nano,197.24,17.44,30,2025-04-04,108.56,Defaulted
L0003489,APP0005056,C000273,ACS,29.53,8.06,7,2025-03-08,0.0,Closed
L0003490,APP0005057,C004096,ACS,19.22,7.14,7,2025-01-10,0.0,Closed
L0003491,APP0005058,C004233,Nano,250.77,13.74,30,2025-07-17,66.68,Active
L0003492,APP0005059,C004533,BNPL,592.64,4.28,102,2025-04-23,481.84,Defaulted
L0003493,APP0005060,C001831,ACS,10.96,7.31,7,2025-02-21,5.3,Defaulted
L0003494,APP0005061,C003521,BNPL,920.8,3.55,132,2025-02-20,0.0,Active
L0003495,APP0005063,C001332,ACS,12.74,8.27,7,2025-04-04,0.0,Closed
L0003496,APP0005064,C004637,Nano,263.03,13.44,30,2025-07-04,70.05,Active
L0003497,APP0005065,C001681,BNPL,494.84,2.93,114,2025-05-16,14.73,Closed
L0003498,APP0005066,C000152,ACS,12.84,6.8,7,2025-04-28,0.0,Closed
L0003499,APP0005067,C000829,BNPL,791.23,3.6,173,2025-01-11,0.0,Closed
L0003500,APP0005069,C000344,Nano,122.01,14.78,30,2025-04-20,84.39,Defaulted
L0003501,APP0005070,C002626,Nano,263.17,13.29,30,2025-08-08,101.57,Active
L0003502,APP0005071,C002427,Nano,227.22,15.92,30,2025-06-30,31.68,Active
L0003503,APP0005072,C003904,Nano,82.44,16.03,30,2025-02-14,0.0,Active
L0003504,APP0005073,C004106,BNPL,185.57,2.75,158,2025-08-07,150.86,Defaulted
L0003505,APP0005074,C002366,Nano,140.11,12.05,30,2025-04-13,0.0,Closed
L0003506,APP0005075,C003159,BNPL,544.64,2.85,101,2025-02-09,0.0,Closed
L0003507,APP0005076,C004080,ACS,10.44,8.49,7,2025-03-17,3.12,Defaulted
L0003508,APP0005077,C004049,ACS,29.94,6.75,7,2025-06-04,6.67,Active
L0003509,APP0005078,C004403,ACS,12.16,8.97,7,2025-05-17,1.33,Active
L0003510,APP0005079,C003537,ACS,8.64,7.92,7,2025-07-02,2.33,Active
L0003511,APP0005081,C002796,Nano,52.1,16.53,30,2025-07-12,13.69,Active
L0003512,APP0005082,C003614,Nano,107.25,16.15,30,2025-05-16,2.69,Closed
L0003513,APP0005085,C002219,BNPL,681.28,2.28,172,2025-03-10,0.0,Active
L0003514,APP0005086,C003786,ACS,7.75,7.83,7,2025-01-22,0.0,Active
L0003515,APP0005087,C002531,Nano,251.99,13.71,30,2025-09-09,128.13,Active
L0003516,APP0005088,C004785,ACS,23.98,8.35,7,2025-04-10,0.0,Closed
L0003517,APP0005089,C003339,Nano,133.94,16.08,30,2025-03-18,0.0,Closed
L0003518,APP0005091,C003873,Nano,73.83,16.26,30,2025-03-01,0.0,Closed
L0003519,APP0005092,C001650,ACS,16.08,9.99,7,2025-06-06,2.29,Active
L0003520,APP0005093,C001746,Nano,148.74,15.99,30,2025-10-13,94.53,Active
L0003521,APP0005094,C004136,Nano,132.03,13.87,30,2025-03-15,69.62,Defaulted
L0003522,APP0005095,C002311,ACS,8.82,7.73,7,2025-01-15,0.0,Closed
L0003523,APP0005096,C003332,ACS,8.05,9.78,7,2025-02-19,3.95,Active
L0003524,APP0005097,C002590,Nano,257.58,12.48,30,2025-01-19,0.0,Closed
L0003525,APP0005098,C000166,ACS,8.74,9.92,7,2025-07-10,2.37,Active
L0003526,APP0005099,C002356,ACS,26.58,7.26,7,2025-02-14,5.36,Active
L0003527,APP0005100,C000863,ACS,20.88,7.39,7,2025-05-23,6.51,Active
L0003528,APP0005101,C000435,ACS,21.91,7.57,7,2025-01-21,6.34,Defaulted
L0003529,APP0005104,C003718,BNPL,486.45,4.74,160,2025-01-19,0.0,Active
L0003530,APP0005105,C001261,ACS,20.42,9.98,7,2025-01-07,11.2,Defaulted
L0003531,APP0005106,C003986,Nano,159.18,15.62,30,2025-04-14,0.0,Active
L0003532,APP0005107,C001052,BNPL,896.37,2.73,122,2025-02-11,0.0,Closed
L0003533,APP0005108,C004135,ACS,7.99,7.83,7,2025-06-24,1.6,Active
L0003534,APP0005109,C002631,Nano,224.21,13.54,30,2025-04-02,0.0,Closed
L0003535,APP0005110,C000337,ACS,18.39,8.82,7,2025-03-07,6.79,Active
L0003536,APP0005111,C000553,BNPL,639.24,3.1,140,2025-05-13,13.18,Closed
L0003537,APP0005112,C000361,Nano,69.83,14.89,30,2025-04-07,0.0,Closed
L0003538,APP0005113,C002053,Nano,202.1,17.66,30,2025-02-27,6.77,Active
L0003539,APP0005114,C001498,Nano,166.48,14.75,30,2025-04-14,0.0,Closed
L0003540,APP0005115,C000232,BNPL,975.71,4.27,126,2025-03-05,0.0,Closed
L0003541,APP0005116,C003407,ACS,20.45,7.97,7,2025-08-06,9.83,Active
L0003542,APP0005117,C004266,ACS,18.13,6.48,7,2025-03-09,4.27,Active
L0003543,APP0005118,C004211,Nano,75.43,14.99,30,2025-01-15,0.0,Closed
L0003544,APP0005119,C000754,BNPL,242.61,4.56,172,2025-05-13,35.54,Active
L0003545,APP0005122,C001038,ACS,8.02,6.05,7,2025-04-07,0.0,Closed
L0003546,APP0005124,C003838,Nano,258.27,14.0,30,2025-04-22,25.75,Active
L0003547,APP0005125,C001282,Nano,23.95,17.06,30,2025-03-05,16.18,Defaulted
L0003548,APP0005126,C003204,Nano,240.48,14.93,30,2025-01-27,59.77,Defaulted
L0003549,APP0005128,C004634,ACS,20.42,6.57,7,2025-07-01,6.75,Active
L0003550,APP0005129,C003580,Nano,210.75,17.5,30,2025-10-26,133.64,Active
L0003551,APP0005130,C003865,Nano,71.29,13.44,30,2025-03-14,0.0,Closed
L0003552,APP0005131,C002463,Nano,168.16,13.32,30,2025-04-10,25.64,Active
L0003553,APP0005133,C000747,Nano,105.95,14.33,30,2025-02-24,0.0,Closed
L0003554,APP0005134,C003916,Nano,155.35,12.43,30,2025-06-05,105.3,Active
L0003555,APP0005137,C000700,Nano,115.19,16.57,30,2025-03-21,37.22,Active
L0003556,APP0005140,C003906,ACS,18.61,9.45,7,2025-02-18,10.39,Active
L0003557,APP0005141,C000150,Nano,285.34,12.99,30,2025-04-28,229.83,Defaulted
L0003558,APP0005142,C004277,BNPL,583.85,3.36,168,2025-01-20,473.52,Defaulted
L0003559,APP0005143,C001800,ACS,23.68,7.17,7,2025-03-10,18.96,Defaulted
L0003560,APP0005144,C001212,ACS,13.64,9.9,7,2025-02-07,2.74,Active
L0003561,APP0005145,C002632,BNPL,979.7,2.18,177,2025-01-13,233.8,Active
L0003562,APP0005147,C004075,ACS,28.51,7.91,7,2025-07-12,7.57,Active
L0003563,APP0005148,C000846,Nano,262.64,12.18,30,2025-04-09,222.59,Defaulted
L0003564,APP0005150,C003860,ACS,28.93,8.99,7,2025-04-13,0.0,Closed
L0003565,APP0005154,C000179,ACS,10.77,6.28,7,2025-03-16,0.0,Active
L0003566,APP0005155,C000362,ACS,21.47,9.56,7,2025-01-20,0.0,Closed
L0003567,APP0005156,C003131,BNPL,513.39,3.61,146,2025-01-08,237.86,Defaulted
L0003568,APP0005157,C000456,ACS,7.15,8.29,7,2025-03-21,0.0,Closed
L0003569,APP0005162,C000515,Nano,126.88,16.26,30,2025-03-14,0.0,Closed
L0003570,APP0005163,C001701,ACS,7.54,8.52,7,2025-08-04,5.25,Active
L0003571,APP0005165,C002760,ACS,22.19,9.18,7,2025-02-25,3.76,Active
L0003572,APP0005166,C004969,BNPL,120.35,2.4,165,2025-02-19,0.0,Active
L0003573,APP0005167,C001292,BNPL,240.73,3.82,122,2025-01-26,101.41,Defaulted
L0003574,APP0005168,C003361,Nano,59.48,15.0,30,2025-03-01,0.0,Closed
L0003575,APP0005169,C000934,ACS,24.77,6.05,7,2025-05-05,0.76,Active
L0003576,APP0005170,C002150,ACS,19.83,6.82,7,2025-10-10,12.68,Active
L0003577,APP0005171,C001884,BNPL,543.97,2.21,127,2025-11-08,452.66,Active
L0003578,APP0005173,C003367,Nano,92.65,13.13,30,2025-03-30,71.04,Defaulted
L0003579,APP0005175,C003478,ACS,24.9,9.28,7,2025-01-25,4.66,Defaulted
L0003580,APP0005176,C003766,ACS,6.01,9.29,7,2025-09-11,3.47,Active
L0003581,APP0005177,C001909,Nano,215.69,12.68,30,2025-03-17,194.27,Defaulted
L0003582,APP0005178,C000350,Nano,172.61,13.46,30,2025-04-24,83.31,Defaulted
L0003583,APP0005179,C002112,ACS,16.64,8.76,7,2025-08-06,6.54,Active
L0003584,APP0005181,C003963,ACS,9.32,8.65,7,2025-06-23,1.4,Active
L0003585,APP0005182,C000697,Nano,114.96,12.03,30,2025-03-12,0.0,Closed
L0003586,APP0005183,C001485,ACS,20.98,9.65,7,2025-02-20,7.26,Active
L0003587,APP0005185,C004703,ACS,29.99,8.88,7,2025-04-28,0.0,Closed
L0003588,APP0005186,C002973,ACS,28.25,6.87,7,2025-05-21,8.87,Active
L0003589,APP0005187,C000012,Nano,235.17,17.52,30,2025-03-20,0.0,Active
L0003590,APP0005189,C000157,Nano,235.01,15.49,30,2025-10-31,207.0,Active
L0003591,APP0005191,C003339,BNPL,526.49,2.38,170,2025-03-24,0.0,Closed
L0003592,APP0005193,C000136,ACS,9.33,6.91,7,2025-01-28,0.0,Closed
L0003593,APP0005195,C001897,BNPL,921.15,4.28,111,2025-02-11,650.27,Defaulted
L0003594,APP0005196,C003012,ACS,16.13,8.53,7,2025-01-31,0.0,Closed
L0003595,APP0005197,C004720,ACS,22.86,6.27,7,2025-03-15,0.0,Active
L0003596,APP0005198,C000512,Nano,236.68,13.65,30,2025-04-21,74.03,Active
L0003597,APP0005200,C003237,ACS,7.14,6.55,7,2025-01-31,4.09,Defaulted
L0003598,APP0005201,C004885,ACS,5.86,6.29,7,2025-05-16,0.29,Active
L0003599,APP0005202,C001974,BNPL,288.05,4.1,96,2025-11-28,219.12,Active
L0003600,APP0005203,C000810,ACS,11.87,7.33,7,2025-02-13,0.0,Closed
L0003601,APP0005204,C004530,Nano,70.86,16.96,30,2025-04-04,0.0,Closed
L0003602,APP0005205,C000251,Nano,145.23,13.01,30,2025-03-07,8.9,Active
L0003603,APP0005206,C002250,ACS,19.42,8.34,7,2025-06-02,4.56,Active
L0003604,APP0005207,C003268,Nano,64.38,16.99,30,2025-03-19,26.83,Defaulted
L0003605,APP0005208,C000511,Nano,205.24,14.77,30,2025-04-05,5.25,Active
L0003606,APP0005209,C001484,Nano,240.66,16.89,30,2025-04-28,194.13,Defaulted
L0003607,APP0005210,C000518,ACS,29.31,7.15,7,2025-02-17,0.0,Active
L0003608,APP0005211,C004228,BNPL,806.59,2.67,177,2025-03-18,0.0,Active
L0003609,APP0005212,C001272,BNPL,744.45,4.38,140,2025-05-13,157.38,Active
L0003610,APP0005213,C003017,ACS,7.75,8.23,7,2025-06-18,1.15,Active
L0003611,APP0005214,C001200,ACS,23.2,6.06,7,2025-02-15,17.48,Defaulted
L0003612,APP0005216,C003984,BNPL,473.97,2.81,170,2025-07-19,125.31,Active
L0003613,APP0005217,C000202,BNPL,977.65,2.57,157,2025-08-28,373.44,Active
L0003614,APP0005218,C003612,ACS,11.03,8.66,7,2025-04-26,6.06,Defaulted
L0003615,APP0005219,C003305,Nano,245.75,16.59,30,2025-05-23,26.28,Active
L0003616,APP0005220,C000384,ACS,20.7,6.75,7,2025-06-15,3.98,Active
L0003617,APP0005221,C001322,ACS,13.07,7.17,7,2025-06-19,5.65,Active
L0003618,APP0005223,C002218,ACS,12.05,8.22,7,2025-02-02,6.37,Active
L0003619,APP0005224,C000481,ACS,8.0,9.65,7,2025-02-13,5.14,Defaulted
L0003620,APP0005225,C003210,Nano,279.91,17.8,30,2025-03-28,0.0,Closed
L0003621,APP0005226,C003929,Nano,124.39,17.7,30,2025-04-12,0.0,Closed
L0003622,APP0005227,C002167,BNPL,323.79,2.01,118,2025-05-07,7.09,Closed
L0003623,APP0005228,C000559,Nano,96.99,13.14,30,2025-04-03,8.99,Active
L0003624,APP0005229,C000653,ACS,8.4,9.43,7,2025-02-02,0.0,Active
L0003625,APP0005232,C003755,ACS,5.33,6.31,7,2025-03-05,3.98,Defaulted
L0003626,APP0005233,C003407,BNPL,997.46,4.7,153,2025-06-03,785.66,Defaulted
L0003627,APP0005236,C000567,BNPL,969.47,3.69,123,2025-03-25,0.0,Closed
L0003628,APP0005238,C003936,Nano,182.53,14.46,30,2025-04-29,0.0,Active
L0003629,APP0005239,C004505,ACS,18.25,8.6,7,2025-06-09,9.53,Active
L0003630,APP0005240,C003455,ACS,15.64,9.44,7,2025-02-10,13.05,Defaulted
L0003631,APP0005241,C002282,BNPL,684.17,3.09,154,2025-02-03,0.0,Active
L0003632,APP0005243,C001768,BNPL,929.86,2.24,147,2025-03-25,0.0,Active
L0003633,APP0005244,C003208,Nano,24.36,13.87,30,2025-04-13,0.0,Closed
L0003634,APP0005245,C003428,Nano,34.61,14.01,30,2025-01-14,0.0,Closed
L0003635,APP0005246,C000370,ACS,26.24,7.38,7,2025-07-23,9.11,Active
L0003636,APP0005247,C004796,BNPL,706.97,2.79,122,2025-04-06,330.01,Defaulted
L0003637,APP0005248,C003194,ACS,15.9,6.46,7,2025-04-06,0.0,Closed
L0003638,APP0005249,C001204,Nano,82.52,15.26,30,2025-05-30,42.95,Active
L0003639,APP0005251,C001906,Nano,214.97,17.51,30,2025-09-08,127.11,Active
L0003640,APP0005253,C003379,ACS,25.83,7.02,7,2025-12-10,22.68,Active
L0003641,APP0005255,C002985,Nano,248.42,17.18,30,2025-04-02,0.0,Closed
L0003642,APP0005256,C003388,BNPL,673.94,4.05,130,2025-07-07,265.2,Active
L0003643,APP0005257,C000785,ACS,10.76,7.21,7,2025-02-17,7.64,Defaulted
L0003644,APP0005258,C003957,Nano,125.92,12.85,30,2025-03-16,0.0,Closed
L0003645,APP0005259,C002286,ACS,20.11,6.78,7,2025-08-06,10.13,Active
L0003646,APP0005262,C003677,Nano,230.97,12.64,30,2025-09-29,173.9,Active
L0003647,APP0005264,C000837,Nano,211.92,12.35,30,2025-05-28,60.81,Active
L0003648,APP0005266,C002221,ACS,11.27,6.69,7,2025-01-30,0.0,Closed
L0003649,APP0005267,C004396,Nano,102.5,16.17,30,2025-02-24,0.0,Closed
L0003650,APP0005268,C003740,Nano,270.46,12.51,30,2025-04-07,4.46,Closed
L0003651,APP0005270,C000995,Nano,161.61,17.63,30,2025-02-12,0.0,Closed
L0003652,APP0005271,C003241,Nano,84.06,14.1,30,2025-11-06,69.64,Active
L0003653,APP0005273,C002370,Nano,87.7,13.35,30,2025-01-28,37.83,Defaulted
L0003654,APP0005274,C003146,Nano,155.89,14.72,30,2025-05-15,101.83,Defaulted
L0003655,APP0005278,C004371,Nano,211.91,14.63,30,2025-04-28,58.65,Active
L0003656,APP0005279,C004836,BNPL,778.44,2.4,179,2025-01-21,695.97,Defaulted
L0003657,APP0005280,C004784,Nano,105.43,15.08,30,2025-07-16,28.6,Active
L0003658,APP0005281,C002639,Nano,254.66,17.7,30,2025-04-24,134.06,Defaulted
L0003659,APP0005282,C003212,ACS,20.04,6.88,7,2025-05-29,10.41,Active
L0003660,APP0005283,C003582,ACS,29.51,6.58,7,2025-04-20,23.7,Defaulted
L0003661,APP0005284,C003913,BNPL,600.2,4.0,177,2025-07-10,160.84,Active
L0003662,APP0005287,C001916,Nano,31.06,12.8,30,2025-02-13,0.0,Closed
L0003663,APP0005288,C003510,Nano,73.34,16.8,30,2025-04-20,0.0,Closed
L0003664,APP0005289,C003054,ACS,11.14,7.6,7,2025-03-19,0.0,Closed
L0003665,APP0005290,C003867,ACS,26.22,7.01,7,2025-04-13,2.94,Active
L0003666,APP0005291,C004648,BNPL,337.12,2.56,105,2025-08-12,131.86,Active
L0003667,APP0005294,C004119,ACS,7.67,6.04,7,2025-03-18,0.0,Active
L0003668,APP0005296,C001373,Nano,123.96,12.98,30,2025-05-22,12.45,Active
L0003669,APP0005297,C002895,ACS,9.71,9.14,7,2025-02-13,0.0,Closed
L0003670,APP0005298,C000355,Nano,29.84,13.17,30,2025-03-21,25.78,Defaulted
L0003671,APP0005299,C000305,ACS,28.66,8.71,7,2025-04-03,1.81,Active
L0003672,APP0005300,C002948,ACS,8.51,6.88,7,2025-08-12,3.71,Active
L0003673,APP0005301,C004855,ACS,18.54,6.51,7,2025-03-09,0.0,Closed
L0003674,APP0005302,C001134,Nano,169.59,15.2,30,2025-06-07,24.23,Active
L0003675,APP0005303,C003952,ACS,15.22,6.47,7,2025-08-08,6.55,Active
L0003676,APP0005304,C000400,Nano,194.57,17.04,30,2025-06-22,72.36,Active
L0003677,APP0005305,C000324,ACS,13.61,7.43,7,2025-06-28,3.87,Active
L0003678,APP0005306,C003048,ACS,8.07,7.49,7,2025-03-04,3.57,Defaulted
L0003679,APP0005307,C001395,Nano,103.94,17.41,30,2025-07-28,28.0,Active
L0003680,APP0005308,C000493,BNPL,980.25,3.55,155,2025-03-14,0.0,Closed
L0003681,APP0005309,C004575,ACS,22.15,7.29,7,2025-03-07,0.0,Closed
L0003682,APP0005311,C000072,Nano,64.32,15.41,30,2025-07-22,21.96,Active
L0003683,APP0005315,C003920,ACS,15.99,8.47,7,2025-03-24,0.0,Closed
L0003684,APP0005316,C001439,Nano,95.95,12.31,30,2025-03-05,0.0,Closed
L0003685,APP0005317,C000680,ACS,12.7,6.04,7,2025-08-02,4.86,Active
L0003686,APP0005318,C002813,BNPL,335.54,3.35,157,2025-04-21,219.81,Defaulted
L0003687,APP0005319,C004430,ACS,20.67,6.83,7,2025-04-24,3.33,Active
L0003688,APP0005320,C000157,BNPL,857.6,4.29,152,2025-08-20,333.89,Active
L0003689,APP0005321,C004256,ACS,19.05,9.82,7,2025-05-01,0.49,Closed
L0003690,APP0005325,C003224,ACS,29.07,9.29,7,2025-07-14,23.67,Defaulted
L0003691,APP0005326,C002276,Nano,238.45,17.17,30,2025-03-18,142.57,Defaulted
L0003692,APP0005327,C003173,Nano,72.99,15.82,30,2025-08-20,28.76,Active
L0003693,APP0005328,C000895,BNPL,631.9,4.77,153,2025-07-05,244.28,Active
L0003694,APP0005330,C004933,Nano,20.66,17.46,30,2025-08-13,8.09,Active
L0003695,APP0005331,C004221,ACS,15.55,9.42,7,2025-01-30,0.0,Closed
L0003696,APP0005332,C001038,Nano,94.92,15.28,30,2025-01-21,79.49,Defaulted
L0003697,APP0005334,C002085,ACS,27.1,8.79,7,2025-07-26,7.35,Active
L0003698,APP0005336,C001274,ACS,5.73,7.44,7,2025-01-11,3.55,Defaulted
L0003699,APP0005339,C000469,ACS,21.23,6.18,7,2025-06-15,10.3,Active
L0003700,APP0005340,C004527,ACS,18.64,9.01,7,2025-04-07,0.0,Closed
L0003701,APP0005342,C000817,ACS,23.08,8.72,7,2025-06-13,5.87,Active
L0003702,APP0005345,C002520,BNPL,951.02,4.28,98,2025-03-28,0.0,Active
L0003703,APP0005346,C000371,Nano,124.87,17.29,30,2025-06-04,29.89,Active
L0003704,APP0005347,C004350,Nano,251.88,13.59,30,2025-09-16,129.38,Active
L0003705,APP0005349,C001519,ACS,7.47,9.82,7,2025-06-29,1.63,Active
L0003706,APP0005350,C003011,Nano,45.99,13.09,30,2025-03-08,0.0,Active
L0003707,APP0005351,C002705,Nano,159.99,15.05,30,2025-08-23,91.09,Active
L0003708,APP0005352,C004107,ACS,29.26,7.15,7,2025-08-02,12.84,Active
L0003709,APP0005353,C003633,Nano,205.4,13.88,30,2025-10-30,131.35,Active
L0003710,APP0005355,C004319,BNPL,387.77,4.67,148,2025-02-28,158.11,Active
L0003711,APP0005356,C000510,BNPL,139.94,4.59,109,2025-04-28,41.04,Active
L0003712,APP0005358,C004553,ACS,24.6,9.9,7,2025-06-25,3.64,Active
L0003713,APP0005359,C000992,ACS,29.64,8.12,7,2025-11-25,22.4,Active
L0003714,APP0005360,C004147,Nano,278.31,17.19,30,2025-04-23,0.0,Closed
L0003715,APP0005361,C003052,BNPL,353.17,2.88,137,2025-04-23,214.95,Defaulted
L0003716,APP0005363,C003566,ACS,10.24,7.99,7,2025-04-29,2.29,Active
L0003717,APP0005364,C001736,Nano,82.47,15.95,30,2025-04-30,32.08,Defaulted
L0003718,APP0005365,C004490,ACS,8.22,6.01,7,2025-02-02,3.55,Defaulted
L0003719,APP0005366,C003728,ACS,22.75,8.99,7,2025-06-10,12.04,Active
L0003720,APP0005368,C003104,ACS,16.88,9.99,7,2025-07-26,9.34,Active
L0003721,APP0005370,C001766,ACS,8.07,6.84,7,2025-07-08,2.83,Active
L0003722,APP0005373,C003969,ACS,10.62,7.52,7,2025-02-21,8.36,Defaulted
L0003723,APP0005374,C002963,ACS,13.61,7.72,7,2025-05-10,6.29,Active
L0003724,APP0005378,C000773,ACS,11.49,8.93,7,2025-03-06,0.0,Closed
L0003725,APP0005380,C004532,ACS,27.32,8.04,7,2025-04-21,7.33,Active
L0003726,APP0005383,C000644,ACS,16.93,9.34,7,2025-04-25,0.0,Closed
L0003727,APP0005385,C003659,Nano,252.89,16.21,30,2025-09-16,128.61,Active
L0003728,APP0005386,C001860,ACS,10.68,8.3,7,2025-07-25,6.44,Active
L0003729,APP0005387,C002152,Nano,22.91,13.87,30,2025-03-17,0.0,Active
L0003730,APP0005389,C003027,Nano,125.23,12.08,30,2025-01-21,81.32,Defaulted
L0003731,APP0005391,C001957,Nano,175.8,15.04,30,2025-06-01,88.58,Active
L0003732,APP0005392,C003512,Nano,276.48,17.79,30,2025-09-02,164.1,Active
L0003733,APP0005395,C001073,Nano,54.73,15.33,30,2025-02-11,0.0,Closed
L0003734,APP0005396,C000915,Nano,257.51,15.94,30,2025-04-12,0.0,Closed
L0003735,APP0005397,C000451,Nano,233.59,15.22,30,2025-05-20,183.77,Defaulted
L0003736,APP0005398,C000561,ACS,20.16,7.66,7,2025-08-01,16.51,Defaulted
L0003737,APP0005399,C004850,Nano,263.09,12.35,30,2025-06-02,144.45,Active
L0003738,APP0005400,C002062,ACS,22.83,6.67,7,2025-02-24,0.0,Closed
L0003739,APP0005403,C002588,Nano,72.97,15.93,30,2025-02-16,0.0,Closed
L0003740,APP0005404,C000687,Nano,155.9,12.88,30,2025-07-18,42.2,Active
L0003741,APP0005405,C004522,ACS,11.44,7.11,7,2025-02-13,0.0,Active
L0003742,APP0005406,C002413,Nano,279.38,14.35,30,2025-07-25,75.33,Active
L0003743,APP0005410,C004906,ACS,7.23,9.38,7,2025-04-05,0.0,Closed
L0003744,APP0005411,C000630,ACS,10.55,9.03,7,2025-01-14,0.0,Active
L0003745,APP0005412,C003567,Nano,64.66,16.92,30,2025-04-09,1.08,Closed
L0003746,APP0005414,C000061,Nano,152.71,16.05,30,2025-04-13,0.0,Closed
L0003747,APP0005415,C002761,ACS,11.78,6.19,7,2025-01-29,0.0,Closed
L0003748,APP0005416,C002385,Nano,268.9,14.34,30,2025-01-13,0.0,Closed
L0003749,APP0005417,C002461,Nano,44.22,13.73,30,2025-05-02,0.98,Closed
L0003750,APP0005418,C000108,ACS,15.8,8.37,7,2025-04-29,0.0,Closed
L0003751,APP0005421,C000291,ACS,13.79,6.08,7,2025-02-11,0.0,Active
L0003752,APP0005422,C001690,Nano,256.61,14.2,30,2025-04-07,0.0,Closed
L0003753,APP0005425,C003712,BNPL,956.87,3.84,113,2025-02-03,0.0,Closed
L0003754,APP0005427,C000436,Nano,117.75,13.36,30,2025-06-14,17.2,Active
L0003755,APP0005430,C002920,BNPL,500.08,2.68,176,2025-01-27,0.0,Closed
L0003756,APP0005431,C003601,BNPL,683.26,4.44,154,2025-05-06,13.81,Closed
L0003757,APP0005432,C001983,Nano,94.76,13.34,30,2025-06-11,36.67,Active
L0003758,APP0005435,C001717,BNPL,391.7,2.35,114,2025-03-21,0.0,Closed
L0003759,APP0005436,C000916,Nano,256.14,13.11,30,2025-07-08,70.81,Active
L0003760,APP0005437,C001718,Nano,259.59,12.2,30,2025-07-08,68.67,Active
L0003761,APP0005439,C002358,ACS,7.1,9.72,7,2025-04-18,1.21,Active
L0003762,APP0005442,C001621,ACS,27.84,6.42,7,2025-08-06,11.02,Active
L0003763,APP0005443,C003976,Nano,233.32,17.91,30,2025-06-05,34.18,Active
L0003764,APP0005445,C002118,BNPL,606.51,3.6,110,2025-04-06,95.08,Active
L0003765,APP0005448,C002277,ACS,29.86,8.01,7,2025-04-26,8.92,Active
L0003766,APP0005449,C003342,ACS,20.96,8.15,7,2025-08-20,8.22,Active
L0003767,APP0005450,C004348,Nano,69.08,15.19,30,2025-03-24,0.0,Closed
L0003768,APP0005452,C000690,Nano,178.11,13.64,30,2025-04-09,0.0,Closed
L0003769,APP0005453,C002344,Nano,207.18,17.34,30,2025-01-26,0.0,Closed
L0003770,APP0005456,C003477,ACS,10.79,6.63,7,2025-03-22,0.0,Active
L0003771,APP0005457,C004528,ACS,20.92,9.8,7,2025-03-31,0.0,Closed
L0003772,APP0005460,C000406,Nano,217.08,13.42,30,2025-01-19,0.0,Active
L0003773,APP0005461,C000676,Nano,171.41,17.29,30,2025-06-25,24.43,Active
L0003774,APP0005462,C001873,Nano,29.9,15.9,30,2025-09-08,15.21,Active
L0003775,APP0005464,C003382,Nano,268.61,12.13,30,2025-01-30,67.68,Defaulted
L0003776,APP0005467,C003902,Nano,157.6,14.33,30,2025-07-08,50.72,Active
L0003777,APP0005469,C001534,Nano,245.87,12.5,30,2025-04-13,152.56,Defaulted
L0003778,APP0005471,C002589,ACS,8.45,6.29,7,2025-10-05,5.92,Active
L0003779,APP0005472,C003887,Nano,57.47,15.67,30,2025-03-16,0.0,Closed
L0003780,APP0005474,C002857,ACS,10.09,8.73,7,2025-01-25,0.0,Closed
L0003781,APP0005475,C004873,BNPL,833.69,2.02,179,2025-07-20,226.14,Active
L0003782,APP0005478,C000854,ACS,17.47,8.29,7,2025-05-18,0.93,Active
L0003783,APP0005479,C001887,Nano,264.8,13.89,30,2025-08-15,173.11,Active
L0003784,APP0005482,C002261,Nano,75.05,12.52,30,2025-03-31,0.06,Active
L0003785,APP0005483,C001308,ACS,21.76,9.77,7,2025-01-16,0.0,Closed
L0003786,APP0005484,C004929,Nano,109.91,13.37,30,2025-05-27,40.2,Active
L0003787,APP0005487,C003762,ACS,17.22,7.03,7,2025-08-30,6.78,Active
L0003788,APP0005489,C003435,ACS,21.77,9.67,7,2025-03-05,0.0,Closed
L0003789,APP0005490,C001294,ACS,5.73,7.59,7,2025-05-16,0.82,Active
L0003790,APP0005492,C000345,Nano,205.96,17.37,30,2025-03-19,0.0,Closed
L0003791,APP0005494,C004892,Nano,142.18,14.36,30,2025-07-13,55.25,Active
L0003792,APP0005495,C000025,Nano,234.71,13.08,30,2025-08-27,165.35,Active
L0003793,APP0005496,C001649,BNPL,339.91,4.53,98,2025-10-24,215.2,Active
L0003794,APP0005501,C000644,BNPL,633.38,3.48,146,2025-08-26,337.37,Active
L0003795,APP0005502,C004302,Nano,258.1,16.28,30,2025-05-02,5.25,Closed
L0003796,APP0005503,C001395,Nano,219.29,15.15,30,2025-04-10,0.0,Closed
L0003797,APP0005504,C000004,Nano,251.84,14.47,30,2025-04-18,197.8,Defaulted
L0003798,APP0005507,C004617,BNPL,973.37,2.99,171,2025-03-06,0.0,Closed
L0003799,APP0005508,C000827,Nano,224.81,15.92,30,2025-06-07,88.77,Active
L0003800,APP0005509,C001402,BNPL,877.54,2.77,117,2025-07-25,514.71,Active
L0003801,APP0005510,C000918,Nano,200.04,15.59,30,2025-07-02,64.91,Active
L0003802,APP0005512,C004129,Nano,155.33,15.42,30,2025-06-30,88.54,Active
L0003803,APP0005514,C001932,ACS,20.53,9.0,7,2025-01-23,0.0,Active
L0003804,APP0005515,C003477,Nano,27.0,14.74,30,2025-03-18,0.0,Closed
L0003805,APP0005516,C001281,Nano,204.03,17.57,30,2025-05-15,2.23,Closed
L0003806,APP0005517,C004546,Nano,140.29,12.41,30,2025-04-30,0.0,Closed
L0003807,APP0005518,C002983,ACS,25.04,6.86,7,2025-03-04,13.3,Defaulted
L0003808,APP0005520,C001273,Nano,207.8,13.54,30,2025-02-11,0.0,Closed
L0003809,APP0005521,C004751,Nano,131.43,13.5,30,2025-03-02,75.86,Defaulted
L0003810,APP0005522,C001433,ACS,24.45,8.9,7,2025-05-19,0.91,Active
L0003811,APP0005523,C003422,Nano,285.07,12.79,30,2025-02-18,238.62,Defaulted
L0003812,APP0005525,C001153,ACS,25.56,6.52,7,2025-03-26,18.79,Defaulted
L0003813,APP0005526,C002698,BNPL,138.58,2.3,173,2025-04-25,0.0,Active
L0003814,APP0005527,C002523,ACS,11.07,9.9,7,2025-02-14,0.0,Closed
L0003815,APP0005528,C000648,ACS,27.39,6.68,7,2025-03-26,0.99,Active
L0003816,APP0005529,C000050,Nano,37.53,15.09,30,2025-03-19,0.0,Closed
L0003817,APP0005532,C003756,ACS,18.76,6.22,7,2025-01-18,0.0,Active
L0003818,APP0005534,C001428,BNPL,510.36,2.66,106,2025-06-04,224.24,Active
L0003819,APP0005535,C000084,ACS,28.59,8.32,7,2025-04-03,0.0,Closed
L0003820,APP0005536,C002669,ACS,6.75,9.16,7,2025-04-28,0.07,Active
L0003821,APP0005538,C002887,ACS,5.57,6.36,7,2025-02-16,0.0,Active
L0003822,APP0005539,C003743,Nano,36.75,15.11,30,2025-06-21,7.48,Active
L0003823,APP0005540,C003333,BNPL,175.19,3.94,180,2025-02-02,0.0,Closed
L0003824,APP0005541,C001013,Nano,249.1,14.8,30,2025-03-19,0.0,Closed
L0003825,APP0005542,C002095,ACS,18.54,9.19,7,2025-02-12,0.0,Closed
L0003826,APP0005543,C000382,Nano,177.16,16.1,30,2025-04-14,0.0,Closed
L0003827,APP0005544,C003263,ACS,16.95,9.55,7,2025-10-16,10.7,Active
L0003828,APP0005545,C001982,BNPL,578.96,4.33,177,2025-03-15,0.0,Active
L0003829,APP0005546,C000847,Nano,48.29,12.16,30,2025-03-07,0.0,Closed
L0003830,APP0005548,C002356,BNPL,623.15,2.59,91,2025-08-02,249.72,Active
L0003831,APP0005554,C002008,ACS,26.81,6.28,7,2025-11-07,20.35,Active
L0003832,APP0005555,C001988,BNPL,942.61,3.8,137,2025-02-07,0.0,Closed
L0003833,APP0005557,C002996,Nano,272.45,12.57,30,2025-05-12,31.35,Active
L0003834,APP0005558,C002450,ACS,27.33,8.83,7,2025-03-02,9.84,Defaulted
L0003835,APP0005560,C000135,ACS,19.49,7.42,7,2025-08-04,12.1,Active
L0003836,APP0005561,C001967,ACS,8.32,8.45,7,2025-05-24,0.76,Active
L0003837,APP0005562,C000314,Nano,208.82,13.16,30,2025-03-11,0.0,Closed
L0003838,APP0005563,C001505,ACS,23.74,6.76,7,2025-01-07,0.0,Closed
L0003839,APP0005564,C001323,BNPL,142.46,4.23,160,2025-06-26,23.12,Active
L0003840,APP0005565,C004419,Nano,253.89,14.84,30,2025-04-30,0.0,Closed
L0003841,APP0005566,C003375,Nano,226.54,16.03,30,2025-01-12,0.0,Closed
L0003842,APP0005567,C001199,ACS,8.47,8.03,7,2025-05-07,0.92,Active
L0003843,APP0005568,C003208,ACS,12.85,8.23,7,2025-01-25,0.0,Closed
L0003844,APP0005569,C004162,ACS,21.84,6.86,7,2025-01-23,0.0,Closed
L0003845,APP0005570,C000940,Nano,21.43,17.26,30,2025-07-13,5.77,Active
L0003846,APP0005573,C004571,BNPL,745.14,4.17,142,2025-04-08,0.0,Closed
L0003847,APP0005574,C001836,ACS,28.23,9.96,7,2025-02-16,0.0,Closed
L0003848,APP0005576,C002843,ACS,20.68,9.69,7,2025-02-15,0.0,Closed
L0003849,APP0005577,C001615,ACS,29.62,8.75,7,2025-04-15,0.0,Closed
L0003850,APP0005579,C004310,Nano,282.57,13.34,30,2025-02-12,28.87,Active
L0003851,APP0005580,C004481,ACS,16.35,6.62,7,2025-04-03,1.33,Active
L0003852,APP0005581,C001302,ACS,27.03,6.88,7,2025-09-16,13.98,Active
L0003853,APP0005583,C000714,Nano,236.21,12.28,30,2025-01-22,0.0,Active
L0003854,APP0005584,C002133,Nano,199.91,15.85,30,2025-03-28,0.0,Closed
L0003855,APP0005585,C004338,Nano,270.32,15.2,30,2025-07-03,73.24,Active
L0003856,APP0005587,C002429,Nano,67.27,17.18,30,2025-02-20,0.0,Closed
L0003857,APP0005588,C003904,BNPL,575.3,3.97,108,2025-02-02,0.0,Closed
L0003858,APP0005589,C002764,ACS,16.85,7.2,7,2025-03-27,0.0,Closed
L0003859,APP0005590,C002188,BNPL,294.86,2.04,155,2025-09-03,151.11,Active
L0003860,APP0005595,C000058,Nano,77.23,12.35,30,2025-05-26,7.74,Active
L0003861,APP0005596,C001635,Nano,115.15,17.74,30,2025-04-15,0.0,Closed
L0003862,APP0005597,C002781,Nano,110.01,17.5,30,2025-02-08,32.73,Active
L0003863,APP0005598,C003663,BNPL,865.43,3.48,147,2025-05-24,250.05,Active
L0003864,APP0005599,C004829,Nano,109.71,14.9,30,2025-04-18,0.0,Closed
L0003865,APP0005600,C003269,BNPL,631.63,3.97,140,2025-06-23,554.87,Defaulted
L0003866,APP0005601,C004876,ACS,27.3,6.9,7,2025-01-28,18.63,Defaulted
L0003867,APP0005602,C001439,Nano,193.83,15.83,30,2025-05-11,98.3,Defaulted
L0003868,APP0005604,C000022,ACS,5.84,7.3,7,2025-06-03,2.25,Active
L0003869,APP0005605,C000680,BNPL,961.06,2.94,148,2025-02-03,0.0,Closed
L0003870,APP0005606,C003214,Nano,286.13,14.14,30,2025-01-23,0.0,Active
L0003871,APP0005607,C001580,ACS,17.74,7.9,7,2025-02-04,0.0,Closed
L0003872,APP0005608,C002823,Nano,264.72,15.86,30,2025-05-22,33.82,Active
L0003873,APP0005611,C001760,ACS,21.98,6.06,7,2025-02-03,0.0,Closed
L0003874,APP0005612,C003431,ACS,27.7,6.79,7,2025-06-03,4.21,Active
L0003875,APP0005613,C004618,Nano,73.0,17.98,30,2025-08-02,28.39,Active
L0003876,APP0005614,C001235,ACS,18.78,9.13,7,2025-08-02,7.3,Active
L0003877,APP0005615,C002775,Nano,274.6,17.72,30,2025-07-25,78.76,Active
L0003878,APP0005616,C003665,ACS,29.99,9.16,7,2025-06-28,15.53,Active
L0003879,APP0005617,C003296,Nano,262.31,15.06,30,2025-02-15,154.37,Defaulted
L0003880,APP0005618,C002432,ACS,5.92,9.64,7,2025-03-05,0.0,Closed
L0003881,APP0005620,C002874,BNPL,809.5,4.11,165,2025-05-23,461.46,Active
L0003882,APP0005623,C004373,Nano,55.72,12.5,30,2025-02-06,40.56,Defaulted
L0003883,APP0005624,C003953,ACS,25.52,8.25,7,2025-07-14,17.21,Active
L0003884,APP0005625,C003206,Nano,164.13,16.3,30,2025-08-28,77.59,Active
L0003885,APP0005626,C000981,Nano,108.9,13.25,30,2025-03-21,1.05,Closed
L0003886,APP0005627,C002572,BNPL,141.4,2.43,122,2025-08-03,70.02,Active
L0003887,APP0005628,C001023,ACS,9.97,6.08,7,2025-05-14,0.17,Closed
L0003888,APP0005629,C000814,BNPL,255.24,4.49,178,2025-04-15,58.34,Active
L0003889,APP0005630,C001188,Nano,23.48,13.05,30,2025-06-26,4.52,Active
L0003890,APP0005637,C000976,ACS,12.83,8.8,7,2025-09-10,8.0,Active
L0003891,APP0005638,C000720,ACS,20.44,8.68,7,2025-04-21,4.83,Active
L0003892,APP0005641,C002976,Nano,67.8,15.9,30,2025-04-29,41.96,Active
L0003893,APP0005643,C001463,ACS,21.75,8.22,7,2025-09-29,11.23,Active
L0003894,APP0005645,C001035,BNPL,100.88,3.44,118,2025-11-02,76.08,Active
L0003895,APP0005646,C003512,ACS,18.37,9.29,7,2025-04-12,1.24,Active
L0003896,APP0005647,C003555,Nano,265.05,16.85,30,2025-01-31,158.08,Defaulted
L0003897,APP0005648,C003542,BNPL,179.78,4.7,116,2025-01-31,0.0,Closed
L0003898,APP0005649,C002560,BNPL,411.4,3.15,127,2025-03-05,104.04,Active
L0003899,APP0005650,C004224,Nano,114.52,15.9,30,2025-03-14,0.0,Closed
L0003900,APP0005652,C002080,ACS,11.59,9.79,7,2025-05-25,9.14,Defaulted
L0003901,APP0005653,C000317,Nano,237.44,14.15,30,2025-04-26,67.62,Active
L0003902,APP0005655,C000369,ACS,25.35,8.11,7,2025-06-20,7.82,Active
L0003903,APP0005656,C002179,ACS,22.94,9.09,7,2025-08-05,9.61,Active
L0003904,APP0005657,C000930,Nano,156.62,15.86,30,2025-04-24,35.32,Active
L0003905,APP0005658,C003540,BNPL,602.82,4.36,108,2025-08-15,320.26,Active
L0003906,APP0005660,C002756,ACS,22.96,6.98,7,2025-06-01,11.67,Active
L0003907,APP0005661,C004812,ACS,27.25,6.69,7,2025-08-28,11.13,Active
L0003908,APP0005662,C004608,BNPL,872.93,3.95,93,2025-04-26,415.01,Defaulted
L0003909,APP0005663,C002143,ACS,23.96,8.57,7,2025-04-09,13.93,Defaulted
L0003910,APP0005668,C002991,ACS,21.44,6.53,7,2025-05-21,6.65,Active
L0003911,APP0005669,C002826,Nano,229.95,16.9,30,2025-04-16,46.88,Active
L0003912,APP0005670,C004994,Nano,236.8,16.59,30,2025-01-13,24.55,Active
L0003913,APP0005671,C000951,ACS,21.32,7.55,7,2025-02-25,6.55,Active
L0003914,APP0005672,C000387,ACS,14.78,6.67,7,2025-03-17,0.0,Closed
L0003915,APP0005674,C002991,ACS,14.04,9.67,7,2025-07-12,6.43,Active
L0003916,APP0005675,C004482,ACS,28.32,6.88,7,2025-11-02,21.42,Active
L0003917,APP0005676,C001163,BNPL,847.29,4.57,137,2025-06-25,158.91,Active
L0003918,APP0005677,C003621,ACS,5.28,7.41,7,2025-06-10,1.07,Active
L0003919,APP0005679,C004583,BNPL,554.86,4.44,118,2025-06-06,137.71,Active
L0003920,APP0005682,C003310,BNPL,935.54,2.37,165,2025-08-03,402.3,Active
L0003921,APP0005683,C002775,Nano,229.25,14.17,30,2025-02-09,197.15,Defaulted
L0003922,APP0005684,C002402,ACS,21.04,7.49,7,2025-06-21,11.17,Active
L0003923,APP0005686,C003407,BNPL,918.37,4.02,128,2025-03-27,473.19,Defaulted
L0003924,APP0005687,C004043,Nano,161.65,12.87,30,2025-06-14,24.56,Active
L0003925,APP0005688,C002772,ACS,18.54,9.66,7,2025-04-23,0.64,Active
L0003926,APP0005689,C003293,ACS,25.11,6.69,7,2025-04-09,0.42,Closed
L0003927,APP0005690,C001437,Nano,86.4,14.88,30,2025-04-23,0.0,Closed
L0003928,APP0005691,C002367,BNPL,542.27,2.55,153,2025-08-15,216.62,Active
L0003929,APP0005692,C004098,Nano,238.42,12.43,30,2025-04-05,0.0,Active
L0003930,APP0005693,C003859,ACS,23.58,9.38,7,2025-04-24,0.0,Active
L0003931,APP0005694,C002563,ACS,28.18,9.59,7,2025-10-18,17.9,Active
L0003932,APP0005696,C001286,ACS,9.25,8.62,7,2025-04-08,5.6,Defaulted
L0003933,APP0005697,C001915,ACS,27.14,6.05,7,2025-01-16,0.0,Closed
L0003934,APP0005700,C000094,Nano,115.32,16.61,30,2025-05-11,3.93,Active
L0003935,APP0005701,C003000,BNPL,209.45,3.45,112,2025-04-15,174.31,Defaulted
L0003936,APP0005702,C003601,ACS,28.83,6.87,7,2025-09-11,14.82,Active
L0003937,APP0005703,C004904,BNPL,554.34,4.58,116,2025-02-17,0.0,Closed
L0003938,APP0005704,C002352,Nano,171.08,16.2,30,2025-03-10,0.0,Closed
L0003939,APP0005705,C000617,BNPL,209.83,4.3,111,2025-05-22,5.69,Closed
L0003940,APP0005707,C001540,ACS,26.62,8.06,7,2025-12-25,23.45,Active
L0003941,APP0005708,C000787,ACS,25.46,6.42,7,2025-01-28,1.35,Defaulted
L0003942,APP0005709,C003106,ACS,24.69,8.94,7,2025-05-30,13.3,Active
L0003943,APP0005710,C003592,ACS,22.82,9.26,7,2025-03-06,18.14,Defaulted
L0003944,APP0005711,C000275,ACS,24.77,7.26,7,2025-05-09,0.51,Closed
L0003945,APP0005715,C003150,Nano,171.35,16.33,30,2025-02-03,117.57,Defaulted
L0003946,APP0005716,C002336,ACS,6.29,8.75,7,2025-06-14,1.11,Active
L0003947,APP0005717,C001671,Nano,206.49,13.91,30,2025-03-01,0.0,Closed
L0003948,APP0005718,C003203,ACS,27.98,9.86,7,2025-03-03,0.95,Active
L0003949,APP0005720,C002747,Nano,107.09,13.7,30,2025-03-08,66.84,Active
L0003950,APP0005721,C003765,ACS,15.44,7.51,7,2025-01-21,5.06,Defaulted
L0003951,APP0005723,C000428,BNPL,578.83,3.27,93,2025-06-03,83.74,Active
L0003952,APP0005724,C000116,Nano,264.26,13.44,30,2025-01-22,0.0,Active
L0003953,APP0005725,C002775,Nano,231.65,13.64,30,2025-08-14,91.77,Active
L0003954,APP0005726,C002068,Nano,123.24,16.0,30,2025-05-10,3.7,Active
L0003955,APP0005727,C003271,ACS,21.4,8.74,7,2025-06-21,3.04,Active
L0003956,APP0005728,C004075,Nano,88.31,12.69,30,2025-02-26,0.0,Active
L0003957,APP0005729,C004895,Nano,76.6,16.87,30,2025-02-15,47.07,Defaulted
L0003958,APP0005730,C001612,Nano,39.87,17.92,30,2025-01-31,0.0,Closed
L0003959,APP0005731,C000563,BNPL,318.21,4.69,157,2025-06-04,48.47,Active
L0003960,APP0005733,C000096,Nano,44.79,14.13,30,2025-03-16,4.28,Active
L0003961,APP0005734,C003199,ACS,21.39,8.28,7,2025-05-22,19.2,Defaulted
L0003962,APP0005736,C001767,ACS,29.62,9.75,7,2025-06-13,15.96,Active
L0003963,APP0005737,C000620,BNPL,635.81,2.77,155,2025-09-01,324.35,Active
L0003964,APP0005739,C000970,Nano,242.11,16.89,30,2025-07-12,79.01,Active
L0003965,APP0005741,C001470,ACS,6.8,9.91,7,2025-04-02,0.0,Closed
L0003966,APP0005742,C001965,Nano,53.8,14.61,30,2025-07-02,14.84,Active
L0003967,APP0005743,C000559,Nano,141.16,13.07,30,2025-01-26,0.0,Active
L0003968,APP0005744,C000694,Nano,200.77,12.35,30,2025-03-09,0.0,Closed
L0003969,APP0005745,C003738,Nano,170.54,14.85,30,2025-04-20,0.0,Closed
L0003970,APP0005746,C004094,ACS,24.15,6.87,7,2025-04-17,0.0,Closed
L0003971,APP0005749,C003658,Nano,120.33,14.83,30,2025-04-30,0.0,Active
L0003972,APP0005750,C000607,ACS,12.55,8.48,7,2025-08-08,4.75,Active
L0003973,APP0005752,C001155,Nano,175.08,13.34,30,2025-03-28,0.0,Active
L0003974,APP0005753,C003887,Nano,59.88,16.3,30,2025-02-23,0.0,Closed
L0003975,APP0005754,C003163,ACS,6.04,8.19,7,2025-04-03,0.0,Closed
L0003976,APP0005756,C004755,Nano,230.73,13.94,30,2025-03-28,0.0,Active
L0003977,APP0005759,C002702,ACS,28.11,8.96,7,2025-05-03,5.28,Active
L0003978,APP0005760,C004657,ACS,23.22,8.43,7,2025-05-13,3.78,Active
L0003979,APP0005762,C002201,ACS,8.69,7.46,7,2025-02-13,0.0,Closed
L0003980,APP0005764,C004930,ACS,21.75,6.13,7,2025-08-03,8.58,Active
L0003981,APP0005766,C001824,Nano,98.24,15.61,30,2025-02-23,0.0,Closed
L0003982,APP0005767,C003140,Nano,231.38,16.23,30,2025-05-13,21.99,Active
L0003983,APP0005768,C000434,Nano,35.91,13.61,30,2025-02-01,12.21,Active
L0003984,APP0005769,C000580,ACS,23.4,6.1,7,2025-02-08,2.96,Active
L0003985,APP0005770,C003523,ACS,9.76,9.47,7,2025-04-19,2.51,Active
L0003986,APP0005771,C001565,ACS,28.82,8.66,7,2025-03-10,0.82,Active
L0003987,APP0005776,C003106,ACS,20.43,7.57,7,2025-02-07,0.0,Closed
L0003988,APP0005777,C003386,Nano,262.95,13.14,30,2025-08-21,235.91,Defaulted
L0003989,APP0005778,C004104,Nano,252.47,13.77,30,2025-04-23,0.0,Closed
L0003990,APP0005780,C001720,ACS,9.96,8.58,7,2025-04-12,0.0,Closed
L0003991,APP0005781,C002780,Nano,102.42,13.79,30,2025-07-11,29.1,Active
L0003992,APP0005782,C001440,Nano,21.4,15.25,30,2025-01-31,0.0,Closed
L0003993,APP0005784,C003787,BNPL,749.95,4.44,167,2025-06-21,156.62,Active
L0003994,APP0005785,C003779,BNPL,515.39,4.47,172,2025-03-23,219.49,Defaulted
L0003995,APP0005786,C002489,Nano,59.22,17.63,30,2025-05-22,10.96,Active
L0003996,APP0005787,C003140,ACS,13.35,7.29,7,2025-09-28,8.08,Active
L0003997,APP0005788,C000897,BNPL,334.28,2.84,178,2025-07-02,118.95,Active
L0003998,APP0005789,C000989,ACS,19.73,9.92,7,2025-05-09,14.17,Defaulted
L0003999,APP0005791,C001035,Nano,224.74,12.93,30,2025-07-03,59.89,Active
L0004000,APP0005792,C004004,Nano,58.09,16.12,30,2025-04-24,39.09,Active
L0004001,APP0005795,C002055,ACS,13.94,6.72,7,2025-01-26,0.0,Closed
L0004002,APP0005796,C003802,Nano,73.46,15.53,30,2025-03-19,0.0,Closed
L0004003,APP0005797,C000381,ACS,20.99,9.24,7,2025-04-20,13.37,Defaulted
L0004004,APP0005799,C002279,ACS,17.49,6.25,7,2025-02-06,0.0,Closed
L0004005,APP0005802,C001003,ACS,19.97,9.05,7,2025-06-02,3.97,Active
L0004006,APP0005803,C004314,ACS,29.34,8.08,7,2025-02-27,0.0,Closed
L0004007,APP0005806,C002971,ACS,17.7,6.45,7,2025-07-02,9.06,Active
L0004008,APP0005807,C001789,Nano,232.37,13.38,30,2025-01-04,0.0,Closed
L0004009,APP0005808,C004730,BNPL,927.13,4.58,91,2025-03-18,120.55,Active
L0004010,APP0005810,C000077,Nano,252.42,16.83,30,2025-05-11,39.86,Active
L0004011,APP0005811,C001433,ACS,16.57,6.55,7,2025-03-24,0.0,Closed
L0004012,APP0005812,C004853,Nano,46.6,13.86,30,2025-02-10,0.0,Active
L0004013,APP0005813,C002431,ACS,6.39,8.45,7,2025-08-13,3.37,Active
L0004014,APP0005815,C000094,ACS,15.48,8.42,7,2025-02-07,0.0,Active
L0004015,APP0005816,C000113,BNPL,857.7,4.96,163,2025-01-31,276.42,Active
L0004016,APP0005817,C001023,Nano,158.6,15.4,30,2025-05-27,4.81,Active
L0004017,APP0005818,C002595,ACS,13.75,6.45,7,2025-04-19,0.0,Active
L0004018,APP0005819,C003048,Nano,132.41,14.57,30,2025-05-31,2.95,Closed
L0004019,APP0005820,C000349,ACS,29.11,7.89,7,2025-03-31,18.47,Defaulted
L0004020,APP0005821,C004584,ACS,15.93,6.89,7,2025-03-21,0.0,Closed
L0004021,APP0005822,C003017,Nano,211.68,14.45,30,2025-07-20,56.99,Active
L0004022,APP0005823,C001758,Nano,289.13,13.32,30,2025-05-28,6.28,Closed
L0004023,APP0005824,C002259,ACS,21.64,9.87,7,2025-10-17,13.76,Active
L0004024,APP0005826,C003863,Nano,164.49,15.12,30,2025-02-21,84.24,Active
L0004025,APP0005828,C002898,Nano,176.73,12.88,30,2025-02-24,0.0,Closed
L0004026,APP0005830,C003932,ACS,19.83,9.24,7,2025-03-28,1.94,Active
L0004027,APP0005831,C001801,Nano,292.95,12.65,30,2025-05-13,7.84,Closed
L0004028,APP0005834,C004285,ACS,25.69,6.3,7,2025-03-26,0.0,Closed
L0004029,APP0005837,C000513,ACS,10.06,9.18,7,2025-02-23,0.0,Active
L0004030,APP0005838,C003278,ACS,14.8,8.8,7,2025-01-24,0.0,Closed
L0004031,APP0005839,C003441,BNPL,416.83,3.85,171,2025-02-12,0.0,Closed
L0004032,APP0005840,C001319,Nano,272.58,13.32,30,2025-04-25,0.0,Closed
L0004033,APP0005841,C002268,ACS,18.64,6.27,7,2025-05-24,12.97,Defaulted
L0004034,APP0005842,C004958,BNPL,389.44,4.78,114,2025-07-22,189.05,Active
L0004035,APP0005843,C000697,ACS,19.45,6.46,7,2025-06-23,4.37,Active
L0004036,APP0005844,C004089,ACS,18.32,8.14,7,2025-09-25,9.54,Active
L0004037,APP0005846,C004259,ACS,10.06,9.89,7,2025-04-29,0.0,Closed
L0004038,APP0005847,C002674,ACS,24.11,9.22,7,2025-02-09,10.58,Defaulted
L0004039,APP0005848,C000058,BNPL,152.6,4.86,148,2025-02-17,0.0,Closed
L0004040,APP0005849,C000546,ACS,14.47,7.55,7,2025-08-28,5.7,Active
L0004041,APP0005850,C004131,ACS,15.62,8.09,7,2025-07-18,5.56,Active
L0004042,APP0005851,C003958,ACS,28.45,6.1,7,2025-04-28,12.5,Active
L0004043,APP0005852,C001089,Nano,51.12,17.86,30,2025-04-27,0.0,Closed
L0004044,APP0005853,C003208,ACS,16.79,8.37,7,2025-04-27,0.0,Closed
L0004045,APP0005856,C003522,BNPL,180.37,2.59,167,2025-03-30,0.0,Closed
L0004046,APP0005857,C000798,ACS,14.84,7.03,7,2025-05-08,0.37,Closed
L0004047,APP0005859,C000041,BNPL,968.89,4.21,137,2025-03-24,607.43,Defaulted
L0004048,APP0005860,C001219,ACS,17.35,7.63,7,2025-05-11,0.62,Active
L0004049,APP0005861,C004681,ACS,30.0,6.2,7,2025-03-31,5.27,Active
L0004050,APP0005862,C002501,ACS,6.07,7.3,7,2025-02-28,0.0,Active
L0004051,APP0005863,C003618,Nano,26.87,17.16,30,2025-06-26,3.79,Active
L0004052,APP0005864,C001499,ACS,14.49,8.02,7,2025-05-31,0.12,Closed
L0004053,APP0005865,C000217,Nano,112.23,12.65,30,2025-02-28,0.0,Closed
L0004054,APP0005866,C003077,BNPL,369.31,2.24,147,2025-04-28,0.0,Closed
L0004055,APP0005867,C001202,Nano,266.66,15.32,30,2025-02-09,5.86,Active
L0004056,APP0005868,C000549,ACS,18.94,8.84,7,2025-04-07,9.03,Defaulted
L0004057,APP0005870,C002042,Nano,27.0,17.16,30,2025-06-20,4.94,Active
L0004058,APP0005872,C002959,ACS,8.13,8.67,7,2025-09-10,4.42,Active
L0004059,APP0005873,C002230,ACS,11.29,6.52,7,2025-03-19,0.0,Closed
L0004060,APP0005874,C004953,Nano,29.28,14.98,30,2025-04-13,16.79,Defaulted
L0004061,APP0005875,C000445,ACS,9.6,8.42,7,2025-06-18,1.37,Active
L0004062,APP0005876,C002478,BNPL,146.11,3.05,148,2025-03-25,0.0,Closed
L0004063,APP0005877,C003967,BNPL,899.23,4.88,135,2025-01-12,0.0,Closed
L0004064,APP0005882,C004627,ACS,13.77,7.07,7,2025-07-01,3.71,Active
L0004065,APP0005883,C004205,ACS,15.19,9.48,7,2025-07-04,6.36,Active
L0004066,APP0005885,C003867,ACS,26.24,7.49,7,2025-05-11,0.88,Active
L0004067,APP0005886,C002724,ACS,12.46,9.72,7,2025-04-15,0.0,Closed
L0004068,APP0005889,C000280,Nano,109.06,12.6,30,2025-07-10,29.47,Active
L0004069,APP0005890,C003120,BNPL,227.89,4.55,161,2025-09-10,126.78,Active
L0004070,APP0005891,C004016,ACS,23.74,6.21,7,2025-06-19,3.54,Active
L0004071,APP0005892,C004170,Nano,224.32,16.93,30,2025-06-03,34.53,Active
L0004072,APP0005894,C004908,Nano,81.04,14.95,30,2025-01-15,0.0,Active
L0004073,APP0005895,C002973,ACS,20.11,7.53,7,2025-03-01,0.0,Closed
L0004074,APP0005896,C000855,Nano,47.3,15.68,30,2025-09-10,24.17,Active
L0004075,APP0005900,C004423,BNPL,681.05,4.67,161,2025-05-06,16.29,Closed
L0004076,APP0005901,C003629,Nano,40.96,15.79,30,2025-08-28,15.7,Active
L0004077,APP0005902,C004305,BNPL,282.35,3.56,134,2025-06-26,42.31,Active
L0004078,APP0005903,C001710,ACS,27.84,9.29,7,2025-08-20,16.06,Active
L0004079,APP0005904,C003584,ACS,6.78,9.28,7,2025-10-12,5.29,Active
L0004080,APP0005905,C000834,Nano,169.35,15.88,30,2025-02-18,31.8,Defaulted
L0004081,APP0005906,C000519,ACS,25.78,6.75,7,2025-09-24,13.16,Active
L0004082,APP0005907,C003211,ACS,26.99,7.26,7,2025-04-04,0.0,Active
L0004083,APP0005910,C002346,ACS,11.39,9.62,7,2025-08-22,6.11,Active
L0004084,APP0005912,C001857,Nano,195.07,16.84,30,2025-06-18,35.65,Active
L0004085,APP0005913,C001470,BNPL,685.25,4.96,106,2025-05-17,12.77,Closed
L0004086,APP0005915,C001822,ACS,17.66,6.32,7,2025-04-27,5.78,Active
L0004087,APP0005917,C000793,Nano,269.62,16.98,30,2025-05-02,48.27,Active
L0004088,APP0005919,C002057,ACS,13.14,6.43,7,2025-04-26,0.0,Closed
L0004089,APP0005920,C000810,BNPL,783.64,3.47,173,2025-03-17,97.67,Active
L0004090,APP0005922,C002547,ACS,14.25,7.32,7,2025-04-16,2.73,Active
L0004091,APP0005923,C000713,ACS,13.23,6.21,7,2025-06-29,2.74,Active
L0004092,APP0005925,C000428,ACS,26.53,9.93,7,2025-03-15,0.0,Active
L0004093,APP0005926,C002054,Nano,169.14,17.65,30,2025-04-11,0.0,Closed
L0004094,APP0005927,C001212,Nano,251.43,17.03,30,2025-06-01,178.32,Active
L0004095,APP0005929,C002349,Nano,112.39,17.84,30,2025-07-25,59.79,Active
L0004096,APP0005930,C003695,ACS,12.39,9.95,7,2025-03-10,7.33,Active
L0004097,APP0005932,C000344,Nano,56.17,17.24,30,2025-03-12,0.0,Closed
L0004098,APP0005935,C003821,Nano,225.5,15.73,30,2025-02-08,0.0,Closed
L0004099,APP0005938,C002371,ACS,21.66,9.26,7,2025-05-27,1.16,Active
L0004100,APP0005939,C001735,ACS,14.23,8.36,7,2025-03-12,0.0,Active
L0004101,APP0005940,C001471,ACS,10.78,8.06,7,2025-04-26,0.0,Closed
L0004102,APP0005941,C004919,Nano,124.94,16.11,30,2025-07-20,76.19,Active
L0004103,APP0005942,C004671,Nano,146.14,17.89,30,2025-05-15,14.56,Active
L0004104,APP0005943,C001782,ACS,24.27,9.22,7,2025-02-15,0.25,Active
L0004105,APP0005945,C001795,Nano,66.65,15.19,30,2025-06-19,32.0,Active
L0004106,APP0005946,C004405,ACS,19.66,8.52,7,2025-06-30,5.54,Active
L0004107,APP0005947,C004497,ACS,14.74,7.32,7,2025-07-24,4.03,Active
L0004108,APP0005948,C003507,Nano,127.03,16.31,30,2025-05-10,23.22,Active
L0004109,APP0005949,C003379,ACS,13.76,8.06,7,2025-01-22,4.99,Defaulted
L0004110,APP0005950,C001814,Nano,163.87,13.51,30,2025-05-02,3.59,Closed
L0004111,APP0005953,C001081,ACS,11.89,7.04,7,2025-04-29,0.0,Closed
L0004112,APP0005954,C002032,Nano,107.26,12.6,30,2025-03-21,18.15,Active
L0004113,APP0005955,C004387,ACS,12.86,8.81,7,2025-03-27,8.63,Defaulted
L0004114,APP0005956,C003492,ACS,28.22,7.36,7,2025-03-15,0.0,Closed
L0004115,APP0005957,C000547,Nano,28.6,16.06,30,2025-01-15,0.0,Active
L0004116,APP0005959,C000340,Nano,268.69,12.81,30,2025-02-10,0.0,Closed
L0004117,APP0005961,C004600,Nano,188.33,15.71,30,2025-04-30,2.36,Closed
L0004118,APP0005962,C000362,ACS,15.15,9.7,7,2025-04-15,1.92,Active
L0004119,APP0005964,C004341,Nano,262.51,16.13,30,2025-03-29,0.0,Closed
L0004120,APP0005966,C001157,ACS,19.1,8.51,7,2025-03-18,0.0,Closed
L0004121,APP0005969,C003027,Nano,55.61,12.89,30,2025-03-06,8.12,Active
L0004122,APP0005973,C001586,ACS,13.82,9.54,7,2025-01-15,0.0,Closed
L0004123,APP0005974,C002152,Nano,149.78,15.51,30,2025-08-20,107.96,Active
L0004124,APP0005975,C000244,Nano,25.02,16.01,30,2025-02-07,0.0,Closed
L0004125,APP0005979,C001384,ACS,28.82,8.99,7,2025-02-11,0.0,Closed
L0004126,APP0005983,C003657,Nano,257.8,17.49,30,2025-09-15,132.53,Active
L0004127,APP0005984,C001471,ACS,8.3,8.26,7,2025-07-01,2.24,Active
L0004128,APP0005986,C000655,Nano,261.71,14.59,30,2025-03-19,116.01,Active
L0004129,APP0005988,C001444,ACS,22.34,9.81,7,2025-12-09,21.43,Active
L0004130,APP0005991,C002307,Nano,176.8,12.13,30,2025-07-05,68.22,Active
L0004131,APP0005993,C000982,ACS,28.27,7.45,7,2025-07-25,9.91,Active
L0004132,APP0005994,C001319,Nano,282.88,12.1,30,2025-05-14,18.15,Active
L0004133,APP0005997,C000001,ACS,11.27,8.24,7,2025-03-25,0.0,Active
L0004134,APP0005998,C001814,BNPL,765.39,4.84,173,2025-06-14,118.64,Active
L0004135,APP0005999,C004418,ACS,21.54,7.82,7,2025-03-02,0.54,Active
L0004136,APP0006000,C004161,Nano,265.09,16.47,30,2025-08-20,103.2,Active
L0004137,APP0006002,C000176,ACS,11.96,6.45,7,2025-05-24,1.59,Active
L0004138,APP0006003,C002839,BNPL,625.6,4.11,104,2025-02-10,463.06,Defaulted
L0004139,APP0006004,C003477,ACS,15.97,6.53,7,2025-11-07,12.13,Active
L0004140,APP0006005,C001273,ACS,28.23,9.18,7,2025-01-16,0.0,Active
L0004141,APP0006006,C001518,Nano,134.49,14.85,30,2025-04-22,5.3,Active
L0004142,APP0006007,C003370,Nano,37.76,16.57,30,2025-04-19,4.13,Active
L0004143,APP0006008,C002685,Nano,157.14,13.2,30,2025-09-29,116.51,Active
L0004144,APP0006010,C004184,Nano,22.99,12.64,30,2025-03-06,0.0,Closed
L0004145,APP0006013,C004731,ACS,7.93,8.87,7,2025-08-04,3.08,Active
L0004146,APP0006015,C000555,BNPL,350.8,2.49,122,2025-05-01,11.19,Active
L0004147,APP0006016,C003663,BNPL,834.66,4.36,151,2025-01-14,0.0,Active
L0004148,APP0006017,C002802,ACS,22.42,9.75,7,2025-07-24,7.96,Active
L0004149,APP0006019,C001303,ACS,5.17,8.77,7,2025-01-19,3.67,Defaulted
L0004150,APP0006020,C000318,Nano,249.56,13.43,30,2025-02-12,0.0,Active
L0004151,APP0006021,C000858,Nano,281.3,13.12,30,2025-01-19,165.1,Defaulted
L0004152,APP0006023,C001141,ACS,7.97,8.98,7,2025-03-25,0.0,Closed
L0004153,APP0006024,C004685,ACS,14.78,6.71,7,2025-02-27,0.0,Closed
L0004154,APP0006025,C002367,ACS,8.06,6.91,7,2025-05-04,0.32,Active
L0004155,APP0006027,C003272,ACS,16.31,8.41,7,2025-04-13,2.27,Active
L0004156,APP0006028,C003439,ACS,27.75,8.17,7,2025-04-22,0.0,Closed
L0004157,APP0006029,C000898,ACS,16.35,8.2,7,2025-05-18,1.12,Active
L0004158,APP0006030,C004199,ACS,7.27,9.26,7,2025-03-02,2.52,Active
L0004159,APP0006031,C003689,Nano,120.06,14.87,30,2025-01-14,71.47,Defaulted
L0004160,APP0006032,C002984,ACS,29.29,6.27,7,2025-03-08,0.0,Closed
L0004161,APP0006033,C000606,BNPL,888.86,3.44,129,2025-04-15,121.57,Active
L0004162,APP0006034,C002428,BNPL,562.45,4.15,152,2025-03-08,417.13,Defaulted
L0004163,APP0006036,C001187,ACS,9.1,6.79,7,2025-02-12,0.0,Closed
L0004164,APP0006037,C004680,Nano,58.6,17.37,30,2025-03-01,0.0,Closed
L0004165,APP0006038,C000970,ACS,8.89,7.06,7,2025-04-06,3.1,Active
L0004166,APP0006039,C003032,Nano,168.97,17.99,30,2025-09-29,86.1,Active
L0004167,APP0006041,C000341,ACS,12.41,9.49,7,2025-03-24,3.3,Defaulted
L0004168,APP0006043,C002367,ACS,16.67,6.84,7,2025-04-24,2.5,Active
L0004169,APP0006044,C001574,Nano,186.76,13.56,30,2025-03-15,0.0,Closed
L0004170,APP0006045,C001163,Nano,170.07,15.24,30,2025-08-15,66.05,Active
L0004171,APP0006046,C002443,ACS,24.28,7.53,7,2025-08-06,16.98,Active
L0004172,APP0006047,C000530,Nano,281.98,12.6,30,2025-09-26,145.48,Active
L0004173,APP0006048,C003000,ACS,26.18,6.35,7,2025-05-30,2.93,Active
L0004174,APP0006051,C002547,Nano,137.25,15.46,30,2025-05-12,66.37,Active
L0004175,APP0006052,C003707,Nano,40.66,17.74,30,2025-08-22,21.48,Active
L0004176,APP0006055,C004659,ACS,28.5,8.79,7,2025-02-09,0.0,Closed
L0004177,APP0006057,C003751,BNPL,776.34,2.01,132,2025-03-24,0.0,Active
L0004178,APP0006058,C002391,Nano,210.2,13.52,30,2025-03-01,105.02,Defaulted
L0004179,APP0006059,C001300,BNPL,853.86,2.01,176,2025-06-26,233.15,Active
L0004180,APP0006061,C001759,BNPL,592.61,4.76,93,2025-06-23,476.05,Defaulted
L0004181,APP0006062,C002745,Nano,271.53,12.85,30,2025-03-30,0.0,Active
L0004182,APP0006063,C000756,BNPL,151.1,2.07,125,2025-05-18,43.92,Active
L0004183,APP0006066,C003531,Nano,175.56,15.14,30,2025-06-25,25.67,Active
L0004184,APP0006068,C003689,ACS,24.64,8.55,7,2025-04-27,0.0,Closed
L0004185,APP0006069,C000876,ACS,16.91,6.51,7,2025-02-12,0.0,Closed
L0004186,APP0006070,C001048,BNPL,712.73,2.46,123,2025-06-08,173.43,Active
L0004187,APP0006071,C001262,Nano,177.62,13.38,30,2025-06-09,25.3,Active
L0004188,APP0006072,C003899,BNPL,277.46,4.24,130,2025-03-02,0.0,Closed
L0004189,APP0006073,C001327,ACS,16.4,6.92,7,2025-06-19,4.93,Active
L0004190,APP0006074,C001678,Nano,51.05,13.48,30,2025-05-20,21.76,Active
L0004191,APP0006076,C001166,ACS,15.99,8.16,7,2025-07-03,4.24,Active
L0004192,APP0006077,C004281,ACS,22.46,9.58,7,2025-03-08,0.0,Closed
L0004193,APP0006078,C000608,ACS,11.74,6.42,7,2025-07-06,3.45,Active
L0004194,APP0006079,C004562,ACS,14.83,9.61,7,2025-01-21,0.0,Active
L0004195,APP0006080,C004152,ACS,15.29,9.39,7,2025-04-16,0.0,Closed
L0004196,APP0006081,C004741,ACS,9.29,9.94,7,2025-03-11,0.0,Closed
L0004197,APP0006082,C003116,Nano,225.1,12.65,30,2025-03-03,0.0,Closed
L0004198,APP0006083,C003421,Nano,207.4,12.3,30,2025-02-16,75.26,Defaulted
L0004199,APP0006084,C004207,Nano,132.22,14.77,30,2025-01-23,0.0,Closed
L0004200,APP0006085,C003548,Nano,64.35,15.24,30,2025-02-12,0.0,Closed
L0004201,APP0006086,C002808,ACS,24.68,6.05,7,2025-02-09,20.76,Defaulted
L0004202,APP0006087,C002106,BNPL,723.64,3.63,168,2025-04-19,64.11,Active
L0004203,APP0006088,C004302,ACS,21.6,6.87,7,2025-01-12,0.0,Closed
L0004204,APP0006089,C001581,ACS,28.64,7.79,7,2025-10-31,18.81,Active
L0004205,APP0006090,C002783,BNPL,823.21,3.98,134,2025-02-11,0.0,Closed
L0004206,APP0006091,C000302,Nano,271.64,17.18,30,2025-07-10,216.72,Active
L0004207,APP0006092,C003230,Nano,232.93,16.44,30,2025-01-07,0.0,Closed
L0004208,APP0006093,C000660,Nano,228.74,17.31,30,2025-02-03,91.27,Defaulted
L0004209,APP0006094,C000282,BNPL,782.56,4.71,172,2025-05-20,121.48,Active
L0004210,APP0006096,C003349,BNPL,572.49,2.74,163,2025-06-23,79.57,Active
L0004211,APP0006097,C004120,BNPL,469.45,2.46,117,2025-08-06,310.2,Active
L0004212,APP0006098,C002989,ACS,29.03,9.87,7,2025-02-17,0.0,Active
L0004213,APP0006099,C003271,ACS,29.22,7.22,7,2025-05-29,0.96,Active
L0004214,APP0006101,C000534,BNPL,617.21,3.69,147,2025-06-25,89.7,Active
L0004215,APP0006104,C001736,ACS,10.26,8.27,7,2025-02-16,0.0,Closed
L0004216,APP0006105,C003740,Nano,48.31,16.01,30,2025-03-03,0.0,Closed
L0004217,APP0006107,C001734,ACS,10.32,9.52,7,2025-02-22,8.1,Defaulted
L0004218,APP0006108,C003005,BNPL,584.57,4.54,171,2025-03-04,0.0,Closed
L0004219,APP0006109,C000299,ACS,27.54,9.98,7,2025-02-13,17.87,Defaulted
L0004220,APP0006111,C001988,Nano,199.44,16.67,30,2025-07-07,80.49,Active
L0004221,APP0006112,C004590,Nano,149.53,15.08,30,2025-02-23,58.17,Defaulted
L0004222,APP0006113,C002482,ACS,5.34,8.39,7,2025-06-09,0.76,Active
L0004223,APP0006115,C004252,ACS,14.27,6.58,7,2025-07-12,4.51,Active
L0004224,APP0006116,C003649,Nano,108.63,14.67,30,2025-04-07,35.05,Active
L0004225,APP0006117,C002740,Nano,105.61,14.36,30,2025-04-24,0.0,Closed
L0004226,APP0006119,C002019,ACS,19.59,9.44,7,2025-09-06,10.01,Active
L0004227,APP0006121,C001544,ACS,25.82,9.32,7,2025-01-15,0.0,Active
L0004228,APP0006122,C001569,BNPL,341.61,4.46,152,2025-03-06,0.0,Active
L0004229,APP0006123,C004143,ACS,12.17,9.14,7,2025-05-18,0.55,Active
L0004230,APP0006127,C001719,ACS,8.66,9.97,7,2025-03-23,0.0,Closed
L0004231,APP0006128,C003253,BNPL,458.33,4.28,138,2025-07-24,120.76,Active
L0004232,APP0006129,C002652,ACS,18.57,8.75,7,2025-10-17,11.77,Active
L0004233,APP0006131,C000150,ACS,29.18,6.88,7,2025-01-13,0.0,Closed
L0004234,APP0006132,C002744,ACS,25.43,6.39,7,2025-03-18,0.0,Active
L0004235,APP0006133,C001745,Nano,130.26,17.82,30,2025-04-21,93.7,Defaulted
L0004236,APP0006134,C004608,ACS,25.72,7.22,7,2025-03-16,0.0,Closed
L0004237,APP0006137,C001916,Nano,77.71,14.64,30,2025-08-01,49.11,Active
L0004238,APP0006138,C001339,ACS,15.92,6.48,7,2025-05-11,7.7,Defaulted
L0004239,APP0006139,C003570,Nano,191.95,14.06,30,2025-03-31,0.0,Closed
L0004240,APP0006140,C002574,BNPL,830.67,4.33,135,2025-09-02,441.22,Active
L0004241,APP0006142,C003011,ACS,29.49,8.93,7,2025-02-01,0.0,Closed
L0004242,APP0006143,C000893,ACS,26.16,6.96,7,2025-02-05,0.0,Closed
L0004243,APP0006144,C004251,ACS,9.8,8.87,7,2025-07-17,3.18,Active
L0004244,APP0006145,C001207,Nano,258.16,16.84,30,2025-06-28,47.99,Active
L0004245,APP0006148,C001577,Nano,104.82,17.58,30,2025-09-17,70.95,Active
L0004246,APP0006149,C000011,Nano,221.98,17.11,30,2025-02-05,0.0,Closed
L0004247,APP0006150,C004599,Nano,140.51,17.93,30,2025-04-23,12.74,Active
L0004248,APP0006151,C002761,ACS,26.58,8.38,7,2025-07-12,14.03,Active
L0004249,APP0006152,C000737,Nano,284.86,12.87,30,2025-04-18,0.0,Closed
L0004250,APP0006153,C000173,ACS,27.26,7.2,7,2025-05-06,0.71,Closed
L0004251,APP0006154,C001381,Nano,149.94,13.86,30,2025-06-06,22.39,Active
L0004252,APP0006156,C000170,BNPL,638.69,2.59,155,2025-04-02,7.76,Closed
L0004253,APP0006157,C001805,Nano,71.57,16.2,30,2025-10-31,50.01,Active
L0004254,APP0006160,C002071,ACS,6.04,6.68,7,2025-05-12,0.58,Active
L0004255,APP0006162,C001207,BNPL,218.96,2.89,129,2025-03-19,72.37,Defaulted
L0004256,APP0006163,C004132,BNPL,898.1,3.42,100,2025-02-16,0.0,Active
L0004257,APP0006165,C000666,Nano,297.93,16.7,30,2025-03-21,230.42,Defaulted
L0004258,APP0006166,C000053,ACS,15.94,7.01,7,2025-01-10,0.0,Closed
L0004259,APP0006167,C000247,Nano,62.27,15.59,30,2025-04-17,48.95,Defaulted
L0004260,APP0006169,C004954,ACS,10.34,7.8,7,2025-05-09,0.26,Closed
L0004261,APP0006170,C003675,BNPL,246.39,4.82,176,2025-02-19,0.0,Closed
L0004262,APP0006171,C000460,BNPL,816.39,2.27,143,2025-03-11,76.81,Active
L0004263,APP0006172,C003492,BNPL,228.64,3.18,173,2025-04-02,0.0,Closed
L0004264,APP0006173,C003864,ACS,17.13,8.87,7,2025-03-26,0.23,Active
L0004265,APP0006174,C003929,ACS,25.52,6.44,7,2025-03-13,0.0,Closed
L0004266,APP0006175,C003736,Nano,188.9,13.93,30,2025-04-25,0.0,Closed
L0004267,APP0006176,C003471,ACS,23.77,9.44,7,2025-05-23,12.92,Defaulted
L0004268,APP0006180,C004629,Nano,21.26,15.04,30,2025-02-11,0.0,Closed
L0004269,APP0006181,C002501,ACS,25.58,6.19,7,2025-05-07,17.08,Defaulted
L0004270,APP0006182,C002145,ACS,21.42,9.66,7,2025-03-30,0.0,Closed
L0004271,APP0006185,C001854,ACS,29.69,9.91,7,2025-03-09,0.0,Closed
L0004272,APP0006186,C004433,ACS,21.24,7.9,7,2025-02-27,0.0,Closed
L0004273,APP0006187,C004635,ACS,26.17,9.4,7,2025-07-23,7.06,Active
L0004274,APP0006188,C001023,ACS,26.5,8.92,7,2025-02-26,0.0,Closed
L0004275,APP0006189,C001377,Nano,298.73,12.61,30,2025-08-21,201.99,Active
L0004276,APP0006190,C001565,Nano,91.08,12.85,30,2025-06-13,38.74,Active
L0004277,APP0006191,C000799,ACS,16.96,7.03,7,2025-05-19,8.43,Active
L0004278,APP0006192,C004276,Nano,131.87,13.56,30,2025-03-19,0.0,Closed
L0004279,APP0006194,C002599,Nano,197.65,12.57,30,2025-03-09,44.97,Active
L0004280,APP0006195,C003557,ACS,16.36,9.12,7,2025-07-03,4.76,Active
L0004281,APP0006196,C002101,ACS,28.25,8.98,7,2025-04-22,10.75,Defaulted
L0004282,APP0006197,C004978,ACS,27.57,7.49,7,2025-02-02,12.42,Defaulted
L0004283,APP0006198,C004773,Nano,56.48,15.75,30,2025-04-26,1.85,Active
L0004284,APP0006200,C004444,Nano,21.92,12.45,30,2025-09-05,14.39,Active
L0004285,APP0006201,C000674,BNPL,629.7,2.44,116,2025-06-09,173.03,Active
L0004286,APP0006202,C004437,ACS,26.58,6.13,7,2025-02-11,0.0,Closed
L0004287,APP0006203,C002134,ACS,20.63,6.9,7,2025-02-06,0.0,Closed
L0004288,APP0006205,C004657,ACS,27.95,7.53,7,2025-02-25,0.0,Closed
L0004289,APP0006207,C000675,Nano,266.92,14.25,30,2025-01-23,0.0,Active
L0004290,APP0006209,C004411,ACS,7.16,7.28,7,2025-02-22,0.0,Closed
L0004291,APP0006210,C003458,ACS,19.58,6.13,7,2025-07-22,9.02,Active
L0004292,APP0006211,C002411,ACS,18.89,6.68,7,2025-07-11,5.0,Active
L0004293,APP0006212,C000240,Nano,280.77,17.61,30,2025-08-19,116.09,Active
L0004294,APP0006213,C002480,Nano,244.47,17.3,30,2025-06-27,49.92,Active
L0004295,APP0006214,C002779,ACS,11.12,9.7,7,2025-02-23,1.28,Active
L0004296,APP0006215,C004215,BNPL,781.78,4.69,134,2025-02-03,0.0,Closed
L0004297,APP0006216,C001093,Nano,125.3,16.33,30,2025-08-07,96.55,Active
L0004298,APP0006217,C001033,ACS,14.5,6.22,7,2025-04-04,2.34,Active
L0004299,APP0006218,C004636,ACS,27.82,7.44,7,2025-06-26,9.27,Active
L0004300,APP0006219,C004190,ACS,7.0,8.32,7,2025-07-23,3.94,Active
L0004301,APP0006220,C002809,Nano,67.61,15.35,30,2025-03-21,8.34,Active
L0004302,APP0006221,C002230,ACS,15.36,7.09,7,2025-06-11,2.3,Active
L0004303,APP0006223,C000762,BNPL,917.76,2.52,167,2025-12-18,840.67,Active
L0004304,APP0006224,C001217,BNPL,669.81,3.32,116,2025-01-21,0.0,Closed
L0004305,APP0006225,C002709,Nano,180.25,14.62,30,2025-05-01,3.65,Closed
L0004306,APP0006226,C002107,Nano,220.8,16.67,30,2025-02-19,0.0,Active
L0004307,APP0006228,C002648,Nano,167.79,13.63,30,2025-04-23,0.0,Closed
L0004308,APP0006229,C003266,BNPL,716.96,3.6,151,2025-05-01,140.94,Active
L0004309,APP0006232,C003058,Nano,94.11,17.33,30,2025-04-09,22.61,Active
L0004310,APP0006233,C002784,ACS,10.34,7.05,7,2025-06-10,3.6,Active
L0004311,APP0006237,C002620,ACS,24.05,9.18,7,2025-09-07,12.53,Active
L0004312,APP0006238,C001478,Nano,261.48,16.65,30,2025-01-17,231.79,Defaulted
L0004313,APP0006239,C003721,Nano,254.55,13.14,30,2025-04-04,105.88,Defaulted
L0004314,APP0006240,C002695,Nano,64.22,17.42,30,2025-01-06,0.0,Closed
L0004315,APP0006241,C001529,ACS,6.23,6.68,7,2025-04-27,0.0,Active
L0004316,APP0006242,C002350,ACS,19.65,8.73,7,2025-08-13,10.59,Active
L0004317,APP0006244,C000112,ACS,19.28,9.06,7,2025-05-01,4.15,Active
L0004318,APP0006245,C001706,Nano,86.16,17.09,30,2025-07-10,22.44,Active
L0004319,APP0006247,C001608,ACS,16.14,6.51,7,2025-04-04,11.86,Defaulted
L0004320,APP0006248,C003301,ACS,20.69,8.79,7,2025-05-29,0.51,Closed
L0004321,APP0006249,C001068,Nano,187.06,14.16,30,2025-03-27,110.83,Defaulted
L0004322,APP0006252,C000267,Nano,241.78,12.49,30,2025-09-14,124.42,Active
L0004323,APP0006254,C002989,Nano,117.62,12.8,30,2025-07-22,45.36,Active
L0004324,APP0006255,C001486,Nano,125.25,15.76,30,2025-04-01,0.0,Closed
L0004325,APP0006259,C004259,ACS,21.64,6.38,7,2025-03-19,0.0,Active
L0004326,APP0006260,C000010,ACS,10.66,6.18,7,2025-04-13,0.0,Closed
L0004327,APP0006261,C004321,BNPL,988.17,4.9,149,2025-01-19,289.73,Defaulted
L0004328,APP0006262,C001678,ACS,29.04,9.27,7,2025-08-11,20.97,Active
L0004329,APP0006263,C001481,Nano,189.1,16.72,30,2025-04-24,8.33,Active
L0004330,APP0006264,C003899,ACS,28.02,7.32,7,2025-02-11,15.31,Defaulted
L0004331,APP0006266,C000666,Nano,46.12,16.74,30,2025-03-07,0.0,Closed
L0004332,APP0006267,C002334,Nano,291.59,16.45,30,2025-03-03,0.0,Closed
L0004333,APP0006268,C004723,ACS,12.53,9.61,7,2025-08-11,4.9,Active
L0004334,APP0006269,C001658,ACS,10.12,8.97,7,2025-02-13,0.0,Active
L0004335,APP0006270,C002713,ACS,29.76,9.94,7,2025-03-27,0.0,Closed
L0004336,APP0006272,C003792,ACS,21.04,7.15,7,2025-01-27,0.0,Closed
L0004337,APP0006273,C004497,BNPL,939.34,4.18,171,2025-02-11,0.0,Closed
L0004338,APP0006274,C004885,ACS,29.78,6.63,7,2025-06-03,6.3,Active
L0004339,APP0006275,C001346,Nano,264.59,14.75,30,2025-02-12,0.0,Active
L0004340,APP0006277,C004623,BNPL,531.05,2.21,157,2025-04-24,0.0,Closed
L0004341,APP0006279,C001641,ACS,9.86,7.77,7,2025-05-27,0.25,Closed
L0004342,APP0006280,C001704,Nano,91.46,14.82,30,2025-05-05,13.08,Active
L0004343,APP0006281,C000883,BNPL,289.54,2.17,136,2025-07-07,156.42,Active
L0004344,APP0006282,C000423,Nano,214.65,13.06,30,2025-04-25,0.0,Active
L0004345,APP0006285,C003298,Nano,146.59,16.88,30,2025-04-29,6.03,Active
L0004346,APP0006286,C000061,ACS,14.11,6.65,7,2025-03-31,1.94,Active
L0004347,APP0006287,C000224,ACS,5.1,8.55,7,2025-06-26,3.56,Active
L0004348,APP0006288,C004345,Nano,84.74,14.65,30,2025-06-01,20.78,Active
L0004349,APP0006289,C003968,ACS,6.34,7.76,7,2025-02-17,0.0,Closed
L0004350,APP0006291,C004309,Nano,163.91,17.68,30,2025-07-30,52.86,Active
L0004351,APP0006293,C001689,BNPL,842.47,2.34,133,2025-02-27,0.0,Closed
L0004352,APP0006295,C003211,BNPL,459.47,3.4,153,2025-05-27,11.99,Closed
L0004353,APP0006296,C004229,ACS,12.88,6.78,7,2025-04-26,7.93,Defaulted
L0004354,APP0006297,C002659,ACS,8.91,9.83,7,2025-03-12,6.12,Defaulted
L0004355,APP0006300,C003682,BNPL,557.51,4.64,90,2025-08-07,218.97,Active
L0004356,APP0006302,C000903,ACS,19.97,7.23,7,2025-03-24,10.96,Defaulted
L0004357,APP0006303,C004302,ACS,13.61,7.4,7,2025-03-23,2.27,Active
L0004358,APP0006304,C000102,ACS,29.73,8.67,7,2025-04-04,0.0,Closed
L0004359,APP0006307,C000588,Nano,137.32,12.56,30,2025-03-11,2.94,Active
L0004360,APP0006308,C001636,Nano,241.67,12.76,30,2025-07-15,76.37,Active
L0004361,APP0006309,C002760,ACS,25.09,8.39,7,2025-05-06,19.28,Defaulted
L0004362,APP0006310,C000964,ACS,12.67,9.95,7,2025-07-25,3.44,Active
L0004363,APP0006311,C002753,Nano,42.14,16.77,30,2025-08-02,30.08,Active
L0004364,APP0006312,C003555,Nano,240.67,12.12,30,2025-04-27,93.23,Active
L0004365,APP0006314,C002795,ACS,11.64,7.49,7,2025-08-23,6.29,Active
L0004366,APP0006315,C003008,BNPL,861.94,3.36,153,2025-08-28,338.89,Active
L0004367,APP0006316,C004601,ACS,18.82,6.84,7,2025-05-18,2.19,Active
L0004368,APP0006317,C000174,Nano,233.79,13.7,30,2025-08-27,174.09,Active
L0004369,APP0006318,C003809,Nano,153.04,12.94,30,2025-01-24,0.0,Closed
L0004370,APP0006319,C004888,Nano,45.82,13.83,30,2025-02-06,0.0,Closed
L0004371,APP0006320,C004131,ACS,7.14,8.32,7,2025-05-15,0.27,Active
L0004372,APP0006322,C004513,Nano,299.71,12.62,30,2025-05-11,57.31,Active
L0004373,APP0006324,C004032,Nano,148.95,16.31,30,2025-02-18,0.0,Closed
L0004374,APP0006325,C001821,Nano,265.2,14.36,30,2025-02-22,0.0,Active
L0004375,APP0006327,C000425,ACS,19.19,9.46,7,2025-02-05,0.0,Active
L0004376,APP0006329,C003621,ACS,21.97,6.1,7,2025-04-28,0.0,Closed
L0004377,APP0006331,C004058,BNPL,946.37,4.79,122,2025-06-05,522.86,Active
L0004378,APP0006332,C001661,ACS,14.9,8.57,7,2025-04-23,0.0,Closed
L0004379,APP0006333,C003955,ACS,17.32,9.97,7,2025-09-19,10.02,Active
L0004380,APP0006335,C001635,BNPL,794.67,3.18,99,2025-02-25,0.0,Closed
L0004381,APP0006336,C002621,ACS,29.58,6.38,7,2025-06-24,13.46,Active
L0004382,APP0006338,C004380,BNPL,529.69,3.02,178,2025-06-24,81.39,Active
L0004383,APP0006339,C001875,ACS,18.24,9.85,7,2025-06-19,6.21,Active
L0004384,APP0006342,C004533,ACS,7.89,9.43,7,2025-06-05,1.63,Active
L0004385,APP0006343,C000142,BNPL,800.14,3.27,161,2025-01-29,0.0,Closed
L0004386,APP0006344,C000359,Nano,176.84,14.08,30,2025-04-23,0.0,Closed
L0004387,APP0006346,C002228,Nano,197.08,14.19,30,2025-08-11,177.96,Active
L0004388,APP0006348,C004506,Nano,165.7,16.66,30,2025-03-01,41.9,Active
L0004389,APP0006352,C003664,Nano,144.83,12.9,30,2025-07-16,43.23,Active
L0004390,APP0006353,C003469,Nano,69.17,17.01,30,2025-02-10,21.82,Defaulted
L0004391,APP0006354,C001805,ACS,21.83,6.03,7,2025-05-31,13.53,Defaulted
L0004392,APP0006356,C004147,ACS,18.31,7.86,7,2025-06-07,2.68,Active
L0004393,APP0006358,C003158,Nano,149.66,15.86,30,2025-04-27,2.56,Active
L0004394,APP0006360,C004060,ACS,10.93,6.33,7,2025-05-09,1.4,Active
L0004395,APP0006361,C003658,ACS,18.93,6.93,7,2025-06-16,11.05,Defaulted
L0004396,APP0006363,C002175,ACS,11.36,9.6,7,2025-05-29,1.51,Active
L0004397,APP0006365,C004427,Nano,202.3,13.3,30,2025-03-30,150.79,Defaulted
L0004398,APP0006367,C003500,ACS,7.24,9.82,7,2025-10-05,4.63,Active
L0004399,APP0006368,C002837,ACS,27.44,8.49,7,2025-04-08,10.15,Active
L0004400,APP0006370,C003446,ACS,17.34,9.27,7,2025-06-18,6.74,Active
L0004401,APP0006371,C000261,ACS,27.01,6.31,7,2025-03-01,0.0,Active
L0004402,APP0006372,C000605,Nano,277.63,16.32,30,2025-03-26,155.19,Defaulted
L0004403,APP0006374,C003843,Nano,46.21,16.12,30,2025-03-31,0.0,Closed
L0004404,APP0006375,C004477,BNPL,383.13,3.45,121,2025-07-13,101.45,Active
L0004405,APP0006377,C000379,BNPL,568.77,2.03,143,2025-02-11,0.0,Closed
L0004406,APP0006378,C000063,Nano,129.43,12.47,30,2025-01-14,0.0,Closed
L0004407,APP0006380,C003219,ACS,10.97,8.21,7,2025-03-26,3.36,Defaulted
L0004408,APP0006383,C000768,ACS,26.78,9.62,7,2025-02-11,0.0,Closed
L0004409,APP0006385,C001653,ACS,15.46,6.59,7,2025-02-10,11.14,Defaulted
L0004410,APP0006388,C002308,ACS,20.52,6.1,7,2025-05-05,0.6,Closed
L0004411,APP0006390,C004867,Nano,64.59,17.8,30,2025-08-30,24.84,Active
L0004412,APP0006392,C002889,ACS,7.25,7.0,7,2025-04-22,3.28,Defaulted
L0004413,APP0006393,C003273,ACS,18.38,6.83,7,2025-02-24,0.0,Closed
L0004414,APP0006395,C004996,ACS,17.02,8.13,7,2025-07-09,4.62,Active
L0004415,APP0006396,C003389,BNPL,787.13,4.47,115,2025-05-19,566.85,Active
L0004416,APP0006397,C003808,Nano,154.07,14.76,30,2025-05-29,9.3,Active
L0004417,APP0006399,C004511,ACS,22.64,6.54,7,2025-05-02,0.54,Closed
L0004418,APP0006400,C004832,BNPL,560.25,4.69,159,2025-07-19,248.8,Active
L0004419,APP0006401,C004522,Nano,283.98,16.81,30,2025-05-12,233.25,Defaulted
L0004420,APP0006402,C002206,BNPL,828.16,2.52,176,2025-07-14,689.37,Defaulted
L0004421,APP0006405,C001019,Nano,281.71,15.78,30,2025-04-10,126.86,Defaulted
L0004422,APP0006406,C003277,Nano,59.98,12.92,30,2025-02-10,29.85,Defaulted
L0004423,APP0006407,C003864,ACS,28.47,8.49,7,2025-04-22,1.13,Active
L0004424,APP0006408,C000602,ACS,17.73,9.23,7,2025-08-02,6.93,Active
L0004425,APP0006409,C001467,ACS,5.12,8.71,7,2025-08-31,2.08,Active
L0004426,APP0006410,C000445,Nano,246.96,13.07,30,2025-03-04,0.0,Closed
L0004427,APP0006412,C000118,BNPL,602.8,2.5,102,2025-02-10,61.23,Active
L0004428,APP0006416,C000169,Nano,257.49,14.26,30,2025-03-22,114.09,Defaulted
L0004429,APP0006418,C002687,Nano,188.62,15.36,30,2025-03-28,0.0,Closed
L0004430,APP0006421,C000043,Nano,75.33,13.87,30,2025-08-14,33.55,Active
L0004431,APP0006422,C004556,ACS,19.57,9.63,7,2025-05-20,5.99,Active
L0004432,APP0006424,C004556,ACS,11.44,9.15,7,2025-02-14,0.0,Active
L0004433,APP0006426,C004605,ACS,18.56,7.85,7,2025-08-04,7.26,Active
L0004434,APP0006428,C002001,Nano,199.32,15.69,30,2025-02-28,113.89,Defaulted
L0004435,APP0006429,C001601,ACS,6.2,9.19,7,2025-03-05,3.46,Defaulted
L0004436,APP0006432,C004129,ACS,27.03,8.08,7,2025-03-29,1.7,Active
L0004437,APP0006434,C000601,BNPL,792.31,2.49,96,2025-08-02,305.95,Active
L0004438,APP0006436,C000573,BNPL,587.31,2.24,173,2025-02-25,0.0,Closed
L0004439,APP0006437,C003432,Nano,263.05,16.5,30,2025-02-21,0.0,Closed
L0004440,APP0006438,C004609,Nano,67.25,12.01,30,2025-04-01,20.2,Active
L0004441,APP0006442,C001915,ACS,29.21,6.85,7,2025-01-16,0.0,Closed
L0004442,APP0006443,C000603,ACS,9.9,8.8,7,2025-04-26,0.0,Closed
L0004443,APP0006444,C000975,ACS,29.3,6.51,7,2025-07-01,21.46,Active
L0004444,APP0006445,C003383,Nano,180.17,13.12,30,2025-07-25,48.19,Active
L0004445,APP0006446,C000420,ACS,19.94,6.89,7,2025-01-27,0.0,Closed
L0004446,APP0006447,C002013,Nano,99.52,17.1,30,2025-07-23,26.82,Active
L0004447,APP0006448,C004870,Nano,73.41,14.89,30,2025-08-25,32.01,Active
L0004448,APP0006451,C003795,Nano,121.97,14.26,30,2025-02-08,51.77,Defaulted
L0004449,APP0006452,C002160,ACS,25.48,7.81,7,2025-07-17,6.89,Active
L0004450,APP0006453,C001990,Nano,226.62,13.69,30,2025-09-01,150.17,Active
L0004451,APP0006455,C003766,Nano,247.13,14.35,30,2025-01-31,121.64,Defaulted
L0004452,APP0006456,C002456,Nano,176.04,13.3,30,2025-05-24,2.3,Closed
L0004453,APP0006458,C003835,ACS,17.41,6.47,7,2025-04-01,3.37,Active
L0004454,APP0006459,C001815,ACS,5.48,6.25,7,2025-04-25,0.0,Closed
L0004455,APP0006460,C003299,BNPL,498.23,3.45,106,2025-06-23,111.96,Active
L0004456,APP0006461,C000861,ACS,12.23,9.91,7,2025-03-17,0.0,Closed
L0004457,APP0006464,C002554,Nano,169.44,18.0,30,2025-07-16,44.12,Active
L0004458,APP0006465,C001826,ACS,20.59,8.68,7,2025-03-20,0.0,Closed
L0004459,APP0006466,C000660,ACS,29.47,9.44,7,2025-06-04,4.83,Active
L0004460,APP0006467,C004603,ACS,23.3,9.92,7,2025-02-24,0.0,Closed
L0004461,APP0006468,C002013,Nano,75.43,15.99,30,2025-04-15,0.0,Closed
L0004462,APP0006470,C004527,ACS,11.24,9.06,7,2025-05-08,1.09,Active
L0004463,APP0006471,C002218,ACS,17.28,6.58,7,2025-02-27,0.0,Closed
L0004464,APP0006472,C004103,Nano,251.73,16.61,30,2025-05-24,5.29,Closed
L0004465,APP0006473,C002196,BNPL,566.56,2.39,140,2025-09-24,293.93,Active
L0004466,APP0006476,C004203,ACS,24.77,9.41,7,2025-06-23,6.52,Active
L0004467,APP0006478,C004141,Nano,293.61,15.58,30,2025-06-05,44.68,Active
L0004468,APP0006479,C003347,ACS,16.54,7.9,7,2025-04-13,0.0,Active
L0004469,APP0006480,C004010,ACS,18.02,8.52,7,2025-01-08,0.0,Closed
L0004470,APP0006481,C000284,ACS,16.49,9.1,7,2025-05-26,11.34,Defaulted
L0004471,APP0006482,C004075,ACS,7.75,8.54,7,2025-04-22,0.0,Closed
L0004472,APP0006485,C004832,ACS,24.16,7.43,7,2025-06-14,3.56,Active
L0004473,APP0006486,C000277,BNPL,255.68,4.58,140,2025-01-23,96.16,Defaulted
L0004474,APP0006488,C001920,Nano,277.13,15.29,30,2025-03-16,116.98,Active
L0004475,APP0006490,C004843,ACS,8.95,6.41,7,2025-05-28,5.42,Defaulted
L0004476,APP0006491,C002008,BNPL,878.26,2.79,96,2025-10-16,621.18,Active
L0004477,APP0006492,C002764,Nano,294.24,12.09,30,2025-01-28,124.77,Defaulted
L0004478,APP0006493,C001568,ACS,25.99,9.48,7,2025-04-08,2.79,Active
L0004479,APP0006495,C001263,BNPL,577.07,2.54,178,2025-01-04,0.0,Active
L0004480,APP0006496,C001810,BNPL,369.37,4.8,121,2025-03-21,131.46,Defaulted
L0004481,APP0006497,C003526,Nano,171.98,16.85,30,2025-05-02,143.14,Defaulted
L0004482,APP0006499,C003924,Nano,255.08,15.8,30,2025-04-23,83.78,Active
L0004483,APP0006501,C003520,BNPL,402.55,3.08,168,2025-08-03,225.26,Active
L0004484,APP0006504,C002805,ACS,25.3,8.44,7,2025-01-28,0.0,Closed
L0004485,APP0006506,C001220,BNPL,312.38,4.18,91,2025-07-25,82.16,Active
L0004486,APP0006507,C001836,Nano,170.79,13.43,30,2025-01-18,7.14,Defaulted
L0004487,APP0006508,C004835,Nano,292.5,15.37,30,2025-03-12,0.0,Closed
L0004488,APP0006509,C000845,Nano,179.14,14.37,30,2025-03-25,0.0,Closed
L0004489,APP0006512,C004570,BNPL,931.63,3.7,143,2025-04-15,0.0,Closed
L0004490,APP0006514,C001460,Nano,242.23,13.83,30,2025-03-03,0.0,Closed
L0004491,APP0006515,C001488,Nano,118.44,14.33,30,2025-02-20,0.0,Closed
L0004492,APP0006518,C001837,ACS,14.82,9.34,7,2025-05-11,0.3,Closed
L0004493,APP0006519,C001823,ACS,16.45,9.16,7,2025-06-26,2.38,Active
L0004494,APP0006521,C003552,Nano,79.82,15.51,30,2025-04-28,0.0,Closed
L0004495,APP0006522,C003000,BNPL,164.86,3.73,162,2025-08-11,72.83,Active
L0004496,APP0006523,C001067,ACS,26.84,6.79,7,2025-06-10,3.95,Active
L0004497,APP0006524,C000570,Nano,97.47,12.56,30,2025-05-09,15.02,Active
L0004498,APP0006525,C000441,ACS,21.31,9.85,7,2025-05-24,6.09,Active
L0004499,APP0006526,C001479,ACS,21.54,8.59,7,2025-01-25,8.43,Defaulted
L0004500,APP0006527,C003958,ACS,29.18,6.67,7,2025-09-04,17.36,Active
L0004501,APP0006528,C003805,ACS,28.79,8.56,7,2025-03-13,0.0,Closed
L0004502,APP0006530,C003338,BNPL,225.45,4.13,101,2025-09-25,114.43,Active
L0004503,APP0006531,C002579,BNPL,249.2,3.67,101,2025-02-08,0.0,Active
L0004504,APP0006536,C004145,ACS,21.52,7.81,7,2025-09-18,13.24,Active
L0004505,APP0006539,C004786,Nano,68.1,13.94,30,2025-09-09,34.8,Active
L0004506,APP0006540,C003410,Nano,189.74,17.54,30,2025-05-24,27.47,Active
L0004507,APP0006541,C003822,ACS,23.82,9.66,7,2025-01-26,2.31,Active
L0004508,APP0006542,C002396,Nano,218.22,13.68,30,2025-04-15,184.25,Defaulted
L0004509,APP0006543,C001593,ACS,6.97,9.17,7,2025-06-21,2.26,Active
L0004510,APP0006545,C004505,ACS,28.83,7.18,7,2025-01-30,5.42,Active
L0004511,APP0006546,C001912,ACS,12.06,8.67,7,2025-02-18,0.0,Active
L0004512,APP0006547,C004668,ACS,7.38,6.85,7,2025-03-31,0.0,Closed
L0004513,APP0006548,C000156,Nano,95.69,16.17,30,2025-04-23,7.71,Active
L0004514,APP0006553,C000879,BNPL,554.79,2.99,144,2025-01-24,251.0,Defaulted
L0004515,APP0006554,C002415,ACS,5.57,8.57,7,2025-03-15,2.1,Defaulted
L0004516,APP0006555,C004788,ACS,15.85,6.5,7,2025-04-29,0.0,Closed
L0004517,APP0006556,C001786,ACS,11.98,6.92,7,2025-04-03,0.0,Closed
L0004518,APP0006557,C002409,Nano,91.14,13.39,30,2025-05-22,3.57,Active
L0004519,APP0006560,C003429,BNPL,480.63,2.49,115,2025-06-08,123.12,Active
L0004520,APP0006561,C003085,ACS,11.32,9.01,7,2025-02-09,0.0,Closed
L0004521,APP0006562,C003352,BNPL,663.72,3.03,99,2025-06-19,101.88,Active
L0004522,APP0006563,C002059,ACS,24.72,6.73,7,2025-04-24,0.79,Active
L0004523,APP0006564,C004052,ACS,7.9,9.87,7,2025-04-14,0.0,Closed
L0004524,APP0006566,C000359,ACS,24.84,9.82,7,2025-01-26,0.66,Active
L0004525,APP0006567,C001868,Nano,84.91,17.02,30,2025-03-23,34.21,Defaulted
L0004526,APP0006568,C004371,BNPL,601.8,2.85,179,2025-03-18,398.09,Defaulted
L0004527,APP0006569,C001274,Nano,26.38,15.11,30,2025-02-18,0.0,Active
L0004528,APP0006570,C004784,BNPL,407.68,3.56,164,2025-02-14,0.0,Active
L0004529,APP0006571,C004075,ACS,16.62,8.44,7,2025-02-08,0.0,Closed
L0004530,APP0006573,C003989,Nano,209.57,17.35,30,2025-04-21,0.0,Closed
L0004531,APP0006574,C000644,BNPL,836.11,4.39,111,2025-01-26,0.0,Closed
L0004532,APP0006575,C000955,Nano,220.15,13.64,30,2025-09-22,163.92,Active
L0004533,APP0006576,C002434,Nano,25.8,17.63,30,2025-01-15,0.0,Closed
L0004534,APP0006577,C001792,BNPL,353.72,2.25,99,2025-05-08,10.38,Closed
L0004535,APP0006578,C004696,Nano,269.8,15.6,30,2025-08-22,132.41,Active
L0004536,APP0006582,C000302,Nano,256.91,16.41,30,2025-04-22,123.5,Active
L0004537,APP0006583,C003510,BNPL,617.47,4.26,165,2025-02-17,434.69,Defaulted
L0004538,APP0006584,C004352,ACS,18.04,6.5,7,2025-11-12,13.62,Active
L0004539,APP0006585,C004876,Nano,291.79,12.4,30,2025-08-15,113.21,Active
L0004540,APP0006586,C004193,Nano,154.1,17.93,30,2025-05-23,4.79,Active
L0004541,APP0006587,C004046,ACS,19.05,8.01,7,2025-04-12,0.0,Closed
L0004542,APP0006588,C003901,Nano,222.36,14.05,30,2025-05-08,77.68,Active
L0004543,APP0006589,C000642,ACS,22.38,9.51,7,2025-04-01,0.83,Active
L0004544,APP0006590,C002060,ACS,10.99,7.56,7,2025-04-06,0.67,Active
L0004545,APP0006591,C004379,Nano,98.15,17.33,30,2025-05-07,2.91,Closed
L0004546,APP0006595,C000131,Nano,123.48,13.65,30,2025-05-02,51.96,Active
L0004547,APP0006596,C001984,Nano,177.23,12.4,30,2025-07-18,57.3,Active
L0004548,APP0006598,C003921,ACS,17.03,6.82,7,2025-05-04,2.54,Active
L0004549,APP0006599,C002546,Nano,191.57,16.92,30,2025-01-06,0.0,Active
L0004550,APP0006601,C002484,ACS,20.08,9.91,7,2025-02-15,0.0,Closed
L0004551,APP0006602,C000919,BNPL,428.15,2.92,98,2025-09-02,219.73,Active
L0004552,APP0006603,C004681,Nano,268.57,16.34,30,2025-06-25,58.61,Active
L0004553,APP0006604,C004295,ACS,25.76,7.79,7,2025-06-25,3.76,Active
L0004554,APP0006605,C003611,ACS,29.83,9.22,7,2025-09-20,15.48,Active
L0004555,APP0006606,C001697,ACS,5.23,8.53,7,2025-03-11,0.0,Active
L0004556,APP0006607,C000718,ACS,6.52,6.5,7,2025-02-19,0.0,Closed
L0004557,APP0006608,C000284,Nano,206.2,14.23,30,2025-06-22,30.19,Active
L0004558,APP0006609,C001917,Nano,174.79,13.6,30,2025-03-20,0.0,Closed
L0004559,APP0006610,C004164,ACS,12.55,9.66,7,2025-07-21,3.36,Active
L0004560,APP0006612,C003996,ACS,6.44,8.47,7,2025-04-01,0.0,Closed
L0004561,APP0006613,C000884,ACS,24.23,9.1,7,2025-08-21,9.48,Active
L0004562,APP0006614,C004012,ACS,16.45,6.58,7,2025-04-14,0.0,Closed
L0004563,APP0006615,C000385,ACS,19.05,6.82,7,2025-05-23,0.46,Closed
L0004564,APP0006618,C003017,ACS,21.72,6.24,7,2025-01-19,7.59,Active
L0004565,APP0006619,C000939,ACS,7.74,6.48,7,2025-07-16,2.0,Active
L0004566,APP0006622,C000012,Nano,258.98,15.37,30,2025-02-07,0.0,Closed
L0004567,APP0006623,C001897,ACS,18.12,6.96,7,2025-06-12,13.53,Defaulted
L0004568,APP0006624,C001297,ACS,26.19,9.98,7,2025-05-27,17.31,Defaulted
L0004569,APP0006626,C002627,ACS,26.23,8.11,7,2025-06-29,7.06,Active
L0004570,APP0006627,C002200,ACS,12.13,6.83,7,2025-01-27,0.0,Closed
L0004571,APP0006628,C003002,Nano,66.03,16.57,30,2025-09-22,50.0,Active
L0004572,APP0006631,C000771,ACS,12.83,7.88,7,2025-07-22,3.82,Active
L0004573,APP0006632,C004339,Nano,86.84,13.88,30,2025-01-27,0.0,Closed
L0004574,APP0006633,C003727,Nano,236.0,13.42,30,2025-05-25,22.75,Active
L0004575,APP0006635,C004063,BNPL,120.25,3.11,128,2025-05-06,3.69,Active
L0004576,APP0006637,C000827,ACS,23.18,7.15,7,2025-03-30,0.0,Closed
L0004577,APP0006638,C004120,Nano,80.8,13.0,30,2025-03-17,0.0,Closed
L0004578,APP0006639,C002736,ACS,22.33,6.05,7,2025-06-17,10.1,Active
L0004579,APP0006641,C001169,BNPL,925.88,2.47,127,2025-03-18,0.0,Active
L0004580,APP0006643,C004511,Nano,140.13,12.68,30,2025-03-19,0.0,Closed
L0004581,APP0006645,C003440,BNPL,815.8,4.7,112,2025-02-21,0.0,Closed
L0004582,APP0006646,C003750,Nano,291.93,12.35,30,2025-07-11,172.06,Active
L0004583,APP0006647,C004625,Nano,242.62,13.32,30,2025-07-09,65.06,Active
L0004584,APP0006648,C001045,ACS,22.8,9.98,7,2025-07-10,10.14,Active
L0004585,APP0006649,C004553,Nano,271.3,12.62,30,2025-09-02,191.63,Active
L0004586,APP0006650,C003045,ACS,22.83,9.12,7,2025-03-15,0.0,Closed
L0004587,APP0006651,C004166,BNPL,972.08,2.67,113,2025-04-15,0.0,Closed
L0004588,APP0006654,C000426,Nano,182.95,17.08,30,2025-04-15,103.9,Defaulted
L0004589,APP0006656,C002765,ACS,11.3,7.6,7,2025-06-01,5.31,Active
L0004590,APP0006657,C001440,Nano,123.73,13.89,30,2025-01-08,0.0,Closed
L0004591,APP0006659,C004081,ACS,7.18,6.45,7,2025-04-07,0.0,Closed
L0004592,APP0006660,C003714,ACS,5.04,6.61,7,2025-04-03,0.0,Closed
L0004593,APP0006661,C003172,ACS,14.78,7.31,7,2025-09-03,8.93,Active
L0004594,APP0006662,C003253,ACS,9.01,9.28,7,2025-03-29,0.0,Active
L0004595,APP0006663,C004232,ACS,29.58,8.73,7,2025-04-07,18.81,Active
L0004596,APP0006664,C001122,ACS,17.0,7.79,7,2025-01-20,0.0,Closed
L0004597,APP0006665,C004699,Nano,255.51,13.22,30,2025-06-05,59.44,Active
L0004598,APP0006666,C004308,BNPL,540.79,3.87,121,2025-05-24,72.41,Active
L0004599,APP0006667,C001720,ACS,16.42,6.79,7,2025-04-16,0.0,Closed
L0004600,APP0006668,C001735,Nano,223.59,15.95,30,2025-10-07,141.48,Active
L0004601,APP0006669,C000923,ACS,27.35,6.73,7,2025-06-26,6.57,Active
L0004602,APP0006670,C003546,ACS,12.72,6.21,7,2025-04-26,3.09,Active
L0004603,APP0006671,C001520,Nano,117.36,12.47,30,2025-09-16,73.21,Active
L0004604,APP0006672,C001337,Nano,243.44,15.39,30,2025-07-21,158.17,Defaulted
L0004605,APP0006673,C003362,ACS,10.66,9.53,7,2025-02-16,3.79,Defaulted
L0004606,APP0006675,C000566,ACS,24.17,6.74,7,2025-03-13,4.1,Active
L0004607,APP0006676,C004302,ACS,14.66,7.05,7,2025-05-30,0.44,Active
L0004608,APP0006677,C000199,ACS,8.43,9.11,7,2025-10-16,5.38,Active
L0004609,APP0006678,C004594,Nano,225.2,17.95,30,2025-02-01,0.0,Closed
L0004610,APP0006679,C003418,ACS,15.69,8.76,7,2025-03-04,8.74,Active
L0004611,APP0006680,C001761,ACS,20.85,9.29,7,2025-07-14,5.61,Active
L0004612,APP0006681,C002822,ACS,7.94,8.77,7,2025-05-05,0.27,Active
L0004613,APP0006682,C001575,ACS,6.42,8.21,7,2025-07-14,2.96,Active
L0004614,APP0006683,C002046,Nano,87.27,13.71,30,2025-06-02,12.62,Active
L0004615,APP0006684,C003513,Nano,127.34,12.75,30,2025-03-09,23.32,Active
L0004616,APP0006685,C004546,Nano,83.68,14.21,30,2025-01-22,72.52,Defaulted
L0004617,APP0006686,C001137,Nano,106.29,15.55,30,2025-04-25,0.0,Closed
L0004618,APP0006687,C002668,ACS,25.39,9.33,7,2025-04-20,2.15,Active
L0004619,APP0006688,C004322,Nano,43.5,12.6,30,2025-07-03,17.69,Active
L0004620,APP0006690,C000043,Nano,128.62,14.43,30,2025-03-12,0.0,Closed
L0004621,APP0006692,C000711,ACS,17.3,8.73,7,2025-04-23,1.97,Active
L0004622,APP0006693,C004966,Nano,283.27,14.03,30,2025-07-03,74.67,Active
L0004623,APP0006694,C000604,ACS,23.66,9.23,7,2025-01-29,0.0,Closed
L0004624,APP0006695,C003692,ACS,21.09,8.26,7,2025-01-28,17.42,Defaulted
L0004625,APP0006698,C004331,Nano,228.16,13.09,30,2025-08-08,89.07,Active
L0004626,APP0006700,C003201,ACS,6.57,8.76,7,2025-07-02,1.9,Active
L0004627,APP0006701,C001081,ACS,18.48,8.48,7,2025-03-28,8.83,Defaulted
L0004628,APP0006702,C000538,ACS,23.96,8.0,7,2025-05-12,2.98,Active
L0004629,APP0006703,C001311,Nano,204.46,12.59,30,2025-02-25,0.0,Closed
L0004630,APP0006704,C000395,BNPL,433.35,2.87,111,2025-01-22,0.0,Closed
L0004631,APP0006705,C003926,ACS,27.85,8.11,7,2025-03-23,23.01,Defaulted
L0004632,APP0006706,C001443,BNPL,417.44,3.31,106,2025-03-25,0.0,Active
L0004633,APP0006707,C002201,ACS,14.86,9.37,7,2025-04-21,0.0,Closed
L0004634,APP0006709,C003508,Nano,276.35,13.23,30,2025-02-28,0.0,Closed
L0004635,APP0006712,C000572,Nano,97.31,12.53,30,2025-02-10,0.0,Active
L0004636,APP0006713,C001400,Nano,120.66,12.47,30,2025-02-02,60.45,Defaulted
L0004637,APP0006714,C003804,ACS,10.99,6.73,7,2025-03-24,0.0,Closed
L0004638,APP0006716,C003162,BNPL,423.36,4.24,113,2025-03-10,377.68,Defaulted
L0004639,APP0006717,C004700,ACS,25.06,8.92,7,2025-08-06,9.74,Active
L0004640,APP0006718,C004916,ACS,28.87,8.39,7,2025-03-23,0.0,Closed
L0004641,APP0006719,C000420,ACS,7.4,9.89,7,2025-06-03,1.18,Active
L0004642,APP0006720,C002763,ACS,9.45,6.97,7,2025-06-04,1.4,Active
L0004643,APP0006721,C004504,Nano,252.12,12.16,30,2025-02-20,0.0,Closed
L0004644,APP0006722,C001637,ACS,23.98,6.29,7,2025-02-08,0.0,Closed
L0004645,APP0006725,C003612,BNPL,300.26,2.83,124,2025-06-20,141.42,Active
L0004646,APP0006726,C004596,ACS,28.58,8.82,7,2025-06-05,7.32,Active
L0004647,APP0006727,C003536,Nano,89.59,13.13,30,2025-01-13,63.15,Defaulted
L0004648,APP0006729,C002064,ACS,13.28,7.46,7,2025-08-02,6.16,Active
L0004649,APP0006730,C001744,Nano,211.79,17.83,30,2025-06-13,76.17,Active
L0004650,APP0006732,C002654,ACS,23.46,7.71,7,2025-05-05,20.74,Defaulted
L0004651,APP0006733,C001175,ACS,20.33,6.56,7,2025-03-08,0.0,Closed
L0004652,APP0006735,C003744,Nano,264.15,15.45,30,2025-05-04,7.46,Closed
L0004653,APP0006737,C002088,Nano,90.17,12.24,30,2025-04-15,0.0,Active
L0004654,APP0006738,C003586,ACS,15.07,8.48,7,2025-06-20,2.21,Active
L0004655,APP0006740,C000642,ACS,28.08,9.19,7,2025-05-06,4.89,Active
L0004656,APP0006741,C004314,Nano,142.61,14.49,30,2025-04-11,115.1,Defaulted
L0004657,APP0006742,C003597,Nano,253.97,13.82,30,2025-08-04,97.54,Active
L0004658,APP0006743,C003656,ACS,28.52,9.34,7,2025-04-11,12.2,Active
L0004659,APP0006744,C004448,BNPL,423.49,3.04,145,2025-03-10,200.34,Active
L0004660,APP0006745,C003567,ACS,8.2,8.53,7,2025-05-01,6.2,Defaulted
L0004661,APP0006747,C004218,ACS,19.82,6.92,7,2025-03-26,4.4,Defaulted
L0004662,APP0006749,C003465,Nano,127.04,12.22,30,2025-07-17,43.33,Active
L0004663,APP0006750,C004957,Nano,21.83,17.4,30,2025-05-27,16.62,Defaulted
L0004664,APP0006753,C004640,Nano,264.53,14.81,30,2025-03-11,0.0,Closed
L0004665,APP0006754,C002276,ACS,24.03,8.86,7,2025-03-22,0.0,Active
L0004666,APP0006757,C000922,ACS,13.09,7.38,7,2025-02-27,0.0,Closed
L0004667,APP0006758,C002783,ACS,20.57,8.2,7,2025-09-20,10.42,Active
L0004668,APP0006759,C001861,ACS,23.45,9.45,7,2025-02-28,0.0,Closed
L0004669,APP0006760,C003558,BNPL,495.75,2.13,104,2025-04-28,0.0,Closed
L0004670,APP0006762,C003800,ACS,19.73,7.53,7,2025-06-13,3.85,Active
L0004671,APP0006763,C001771,ACS,10.68,9.58,7,2025-03-31,1.01,Active
L0004672,APP0006765,C003549,ACS,11.93,9.87,7,2025-03-29,2.01,Active
L0004673,APP0006766,C001303,Nano,294.28,12.08,30,2025-03-31,0.0,Closed
L0004674,APP0006768,C002734,ACS,19.29,6.11,7,2025-01-09,0.0,Active
L0004675,APP0006769,C001657,BNPL,867.81,3.32,143,2025-01-14,0.0,Closed
L0004676,APP0006770,C001922,ACS,7.7,9.46,7,2025-04-02,0.53,Active
L0004677,APP0006772,C003111,ACS,8.02,6.7,7,2025-04-04,6.03,Defaulted
L0004678,APP0006773,C001676,Nano,78.11,16.81,30,2025-08-18,30.61,Active
L0004679,APP0006774,C003058,ACS,8.27,9.28,7,2025-02-08,0.0,Closed
L0004680,APP0006777,C004757,Nano,278.95,13.44,30,2025-01-19,0.0,Closed
L0004681,APP0006780,C000510,Nano,239.03,12.15,30,2025-02-23,0.0,Closed
L0004682,APP0006782,C003934,ACS,13.35,8.53,7,2025-04-25,0.0,Closed
L0004683,APP0006783,C001235,Nano,83.5,15.56,30,2025-03-21,0.0,Closed
L0004684,APP0006784,C002918,ACS,24.28,6.37,7,2025-03-28,0.0,Closed
L0004685,APP0006785,C001259,ACS,12.76,8.13,7,2025-06-02,1.87,Active
L0004686,APP0006786,C000313,ACS,5.15,8.84,7,2025-07-05,1.41,Active
L0004687,APP0006787,C000420,Nano,112.75,17.92,30,2025-02-03,0.0,Closed
L0004688,APP0006788,C004713,ACS,21.83,8.01,7,2025-11-10,17.73,Active
L0004689,APP0006789,C002791,ACS,12.28,7.22,7,2025-10-20,7.75,Active
L0004690,APP0006790,C003253,Nano,105.52,13.07,30,2025-04-28,0.48,Active
L0004691,APP0006791,C000941,ACS,9.28,6.49,7,2025-02-21,0.0,Closed
L0004692,APP0006793,C003288,ACS,23.03,9.55,7,2025-06-24,3.27,Active
L0004693,APP0006794,C003898,Nano,220.04,13.46,30,2025-10-05,138.89,Active
L0004694,APP0006795,C003285,Nano,262.72,16.84,30,2025-05-06,6.95,Closed
L0004695,APP0006796,C002981,Nano,156.21,17.23,30,2025-06-14,34.26,Active
L0004696,APP0006797,C003123,Nano,154.52,14.89,30,2025-03-01,110.69,Defaulted
L0004697,APP0006798,C001867,ACS,16.87,6.51,7,2025-07-18,9.69,Active
L0004698,APP0006799,C003496,BNPL,375.44,2.8,164,2025-11-12,284.8,Active
L0004699,APP0006800,C001484,Nano,289.57,16.5,30,2025-03-03,0.0,Active
L0004700,APP0006803,C002886,Nano,153.79,16.76,30,2025-04-05,0.0,Closed
L0004701,APP0006805,C002842,BNPL,140.94,2.64,133,2025-03-11,0.0,Closed
L0004702,APP0006807,C001406,BNPL,494.45,2.6,112,2025-09-01,253.58,Active
L0004703,APP0006808,C002366,Nano,22.65,14.97,30,2025-06-11,7.75,Active
L0004704,APP0006811,C004261,ACS,23.3,9.06,7,2025-05-31,11.39,Active
L0004705,APP0006812,C003424,ACS,21.39,8.37,7,2025-03-17,11.06,Defaulted
L0004706,APP0006813,C000226,BNPL,744.7,2.99,146,2025-01-28,0.0,Active
L0004707,APP0006814,C000349,Nano,227.0,15.49,30,2025-04-11,33.42,Active
L0004708,APP0006815,C004633,ACS,18.9,8.52,7,2025-05-05,0.4,Closed
L0004709,APP0006816,C004232,Nano,214.47,15.75,30,2025-07-09,82.71,Active
L0004710,APP0006817,C003647,ACS,18.24,6.2,7,2025-03-19,0.0,Active
L0004711,APP0006818,C003542,Nano,167.83,12.1,30,2025-02-12,0.0,Closed
L0004712,APP0006819,C004207,ACS,27.41,6.88,7,2025-05-09,0.8,Closed
L0004713,APP0006820,C002990,Nano,27.27,16.8,30,2025-04-18,0.0,Closed
L0004714,APP0006821,C000029,ACS,28.02,7.96,7,2025-04-02,0.0,Closed
L0004715,APP0006822,C002271,Nano,271.63,14.49,30,2025-08-28,186.25,Active
L0004716,APP0006823,C001656,Nano,222.14,14.29,30,2025-01-26,76.22,Defaulted
L0004717,APP0006824,C000861,Nano,254.34,13.25,30,2025-08-12,99.84,Active
L0004718,APP0006825,C004298,Nano,31.02,13.64,30,2025-01-24,20.87,Defaulted
L0004719,APP0006827,C004510,BNPL,449.77,4.91,143,2025-05-15,11.15,Closed
L0004720,APP0006828,C000548,ACS,20.25,8.71,7,2025-01-22,0.0,Closed
L0004721,APP0006829,C004878,Nano,108.12,15.69,30,2025-05-15,9.17,Active
L0004722,APP0006830,C003023,ACS,22.78,8.46,7,2025-01-05,0.0,Active
L0004723,APP0006831,C002842,BNPL,575.5,4.02,122,2025-09-06,428.57,Active
L0004724,APP0006832,C000917,BNPL,176.38,4.49,93,2025-04-20,55.19,Active
L0004725,APP0006833,C003122,ACS,23.64,7.45,7,2025-03-08,2.17,Active
L0004726,APP0006834,C002985,Nano,113.85,15.94,30,2025-04-07,0.0,Closed
L0004727,APP0006835,C003509,Nano,232.74,14.9,30,2025-01-22,59.41,Active
L0004728,APP0006837,C003181,ACS,28.5,9.89,7,2025-05-04,13.53,Active
L0004729,APP0006838,C000473,Nano,226.74,14.55,30,2025-06-06,41.81,Active
L0004730,APP0006839,C000356,Nano,77.5,12.83,30,2025-04-20,18.85,Active
L0004731,APP0006840,C002355,Nano,94.71,16.17,30,2025-07-19,27.86,Active
L0004732,APP0006841,C000594,ACS,27.71,7.77,7,2025-01-13,0.0,Closed
L0004733,APP0006842,C003549,Nano,88.92,16.36,30,2025-07-02,23.23,Active
L0004734,APP0006843,C002413,ACS,18.94,7.47,7,2025-02-28,0.0,Active
L0004735,APP0006844,C001193,ACS,22.09,6.39,7,2025-08-18,10.87,Active
L0004736,APP0006845,C001363,Nano,48.73,16.81,30,2025-03-22,0.0,Closed
L0004737,APP0006846,C002489,BNPL,251.74,2.03,115,2025-07-14,82.55,Active
L0004738,APP0006848,C003995,Nano,173.69,12.54,30,2025-01-22,0.0,Closed
L0004739,APP0006849,C002865,ACS,5.76,7.6,7,2025-06-27,0.87,Active
L0004740,APP0006850,C002748,ACS,22.85,9.07,7,2025-02-27,7.56,Active
L0004741,APP0006853,C001745,BNPL,266.53,3.44,119,2025-02-02,0.0,Closed
L0004742,APP0006854,C001101,Nano,167.36,13.45,30,2025-06-19,38.09,Active
L0004743,APP0006856,C000623,BNPL,338.13,3.17,94,2025-03-29,0.0,Closed
L0004744,APP0006857,C001209,ACS,14.44,6.9,7,2025-02-01,0.0,Active
L0004745,APP0006861,C004376,ACS,12.85,7.23,7,2025-02-19,5.52,Defaulted
L0004746,APP0006862,C000434,ACS,14.44,7.8,7,2025-03-20,0.0,Active
L0004747,APP0006863,C004107,BNPL,632.52,4.89,129,2025-03-29,0.0,Closed
L0004748,APP0006864,C000758,Nano,168.05,15.19,30,2025-05-24,26.91,Active
L0004749,APP0006865,C004553,Nano,291.58,16.74,30,2025-01-19,65.99,Defaulted
L0004750,APP0006866,C001029,Nano,173.88,17.52,30,2025-04-21,102.69,Active
L0004751,APP0006867,C000630,BNPL,371.34,4.43,120,2025-03-16,0.0,Active
L0004752,APP0006868,C003940,ACS,29.07,8.21,7,2025-12-12,25.54,Active
L0004753,APP0006869,C004167,Nano,298.16,16.65,30,2025-02-02,0.0,Active
L0004754,APP0006870,C001990,Nano,95.44,17.24,30,2025-03-02,0.0,Active
L0004755,APP0006871,C002733,BNPL,689.36,4.88,116,2025-03-29,0.0,Closed
L0004756,APP0006872,C003955,Nano,20.65,12.7,30,2025-09-07,10.61,Active
L0004757,APP0006874,C002095,ACS,27.34,7.38,7,2025-07-19,13.37,Active
L0004758,APP0006875,C003924,ACS,11.94,7.11,7,2025-04-12,0.0,Closed
L0004759,APP0006876,C003974,Nano,28.85,12.02,30,2025-05-03,0.72,Closed
L0004760,APP0006877,C003965,Nano,69.04,15.2,30,2025-03-05,0.0,Active
L0004761,APP0006878,C004478,Nano,270.97,15.1,30,2025-05-01,5.89,Closed
L0004762,APP0006879,C004181,BNPL,596.08,2.13,115,2025-08-14,390.72,Active
L0004763,APP0006880,C002237,ACS,17.04,8.68,7,2025-03-15,0.0,Closed
L0004764,APP0006881,C001575,Nano,231.0,17.52,30,2025-04-27,6.1,Active
L0004765,APP0006882,C004932,Nano,170.1,17.71,30,2025-04-12,0.0,Closed
L0004766,APP0006883,C002232,BNPL,808.06,3.65,154,2025-01-23,0.0,Closed
L0004767,APP0006884,C004665,ACS,25.51,7.96,7,2025-01-21,18.77,Defaulted
L0004768,APP0006885,C004986,ACS,11.44,7.5,7,2025-03-23,0.0,Closed
L0004769,APP0006886,C000077,Nano,168.61,13.32,30,2025-06-18,51.04,Active
L0004770,APP0006887,C000705,Nano,149.12,12.71,30,2025-02-09,0.0,Active
L0004771,APP0006888,C002821,ACS,21.94,7.06,7,2025-03-16,0.0,Closed
L0004772,APP0006889,C000440,Nano,135.17,15.54,30,2025-07-09,65.93,Active
L0004773,APP0006890,C003286,ACS,14.76,8.33,7,2025-03-19,3.87,Defaulted
L0004774,APP0006892,C004216,ACS,25.13,8.85,7,2025-08-03,11.28,Active
L0004775,APP0006893,C002141,ACS,29.07,9.56,7,2025-10-13,18.47,Active
L0004776,APP0006894,C003367,ACS,7.89,7.6,7,2025-02-13,0.0,Closed
L0004777,APP0006897,C003402,Nano,230.95,13.03,30,2025-05-28,5.01,Closed
L0004778,APP0006899,C004002,ACS,15.19,7.62,7,2025-07-09,10.9,Active
L0004779,APP0006901,C001607,ACS,23.23,8.39,7,2025-01-24,0.0,Closed
L0004780,APP0006902,C000317,ACS,24.79,7.78,7,2025-01-18,0.0,Closed
L0004781,APP0006903,C002241,ACS,9.05,6.8,7,2025-08-03,3.61,Active
L0004782,APP0006904,C003287,Nano,144.86,17.65,30,2025-01-06,0.0,Closed
L0004783,APP0006905,C003891,Nano,196.31,14.56,30,2025-03-30,0.0,Closed
L0004784,APP0006906,C001011,ACS,24.38,9.6,7,2025-04-09,0.0,Closed
L0004785,APP0006907,C002401,BNPL,158.24,2.24,107,2025-01-11,23.18,Active
L0004786,APP0006908,C003828,Nano,204.2,15.18,30,2025-07-01,54.08,Active
L0004787,APP0006909,C002629,ACS,7.75,9.8,7,2025-04-05,2.15,Active
L0004788,APP0006910,C003952,ACS,14.62,7.93,7,2025-01-18,8.87,Defaulted
L0004789,APP0006913,C001053,BNPL,247.53,4.17,160,2025-04-08,11.71,Active
L0004790,APP0006914,C003968,ACS,19.94,7.85,7,2025-04-16,0.0,Closed
L0004791,APP0006915,C003518,ACS,17.72,6.87,7,2025-04-07,0.0,Closed
L0004792,APP0006917,C001472,ACS,10.72,7.7,7,2025-01-25,0.0,Closed
L0004793,APP0006918,C000266,Nano,41.79,14.85,30,2025-04-08,28.73,Defaulted
L0004794,APP0006920,C002151,ACS,24.07,8.61,7,2025-02-24,5.81,Defaulted
L0004795,APP0006921,C000610,ACS,7.62,8.68,7,2025-03-16,0.0,Closed
L0004796,APP0006922,C000964,Nano,22.61,14.99,30,2025-05-11,0.46,Closed
L0004797,APP0006924,C000633,ACS,6.98,9.23,7,2025-07-03,1.84,Active
L0004798,APP0006925,C001913,BNPL,432.69,3.22,108,2025-02-17,0.0,Closed
L0004799,APP0006928,C001466,ACS,29.62,8.04,7,2025-03-22,0.0,Closed
L0004800,APP0006930,C003220,BNPL,321.53,3.9,145,2025-04-28,0.0,Closed
L0004801,APP0006931,C001747,ACS,14.49,7.72,7,2025-03-24,0.48,Active
L0004802,APP0006934,C000398,ACS,15.1,7.21,7,2025-08-03,5.82,Active
L0004803,APP0006935,C000724,ACS,18.96,9.66,7,2025-02-24,1.35,Active
L0004804,APP0006936,C003052,BNPL,404.67,3.03,96,2025-05-03,8.14,Closed
L0004805,APP0006940,C004399,ACS,12.28,6.04,7,2025-02-15,10.05,Defaulted
L0004806,APP0006941,C000768,ACS,7.63,9.9,7,2025-04-20,1.09,Active
L0004807,APP0006943,C002675,ACS,22.77,7.24,7,2025-04-29,0.0,Closed
L0004808,APP0006947,C004319,ACS,20.86,9.29,7,2025-03-09,8.31,Active
L0004809,APP0006948,C003057,Nano,117.05,16.8,30,2025-07-20,68.61,Active
L0004810,APP0006949,C002689,ACS,13.48,7.54,7,2025-02-08,8.82,Defaulted
L0004811,APP0006950,C003404,BNPL,627.6,2.66,170,2025-03-13,482.62,Defaulted
L0004812,APP0006953,C001852,Nano,202.09,17.19,30,2025-03-01,0.0,Closed
L0004813,APP0006954,C003836,ACS,24.38,9.75,7,2025-07-08,6.54,Active
L0004814,APP0006955,C004260,ACS,6.66,6.5,7,2025-02-12,0.54,Active
L0004815,APP0006957,C003100,BNPL,758.6,4.61,116,2025-03-24,27.94,Active
L0004816,APP0006958,C003941,ACS,15.09,8.51,7,2025-07-15,4.01,Active
L0004817,APP0006959,C001212,ACS,8.07,8.19,7,2025-07-14,2.15,Active
L0004818,APP0006960,C000609,Nano,200.89,12.56,30,2025-07-16,138.21,Active
L0004819,APP0006961,C003733,BNPL,941.91,4.23,155,2025-03-20,0.0,Closed
L0004820,APP0006962,C000636,BNPL,910.43,2.88,98,2025-02-16,343.53,Defaulted
L0004821,APP0006964,C001978,ACS,29.07,9.87,7,2025-01-31,21.79,Defaulted
L0004822,APP0006965,C003928,ACS,25.24,8.89,7,2025-06-12,7.57,Active
L0004823,APP0006967,C000594,Nano,256.33,14.29,30,2025-09-04,133.9,Active
L0004824,APP0006968,C000643,BNPL,805.36,4.9,134,2025-05-02,140.03,Active
L0004825,APP0006970,C000407,Nano,261.92,12.93,30,2025-05-12,26.77,Active
L0004826,APP0006971,C001641,Nano,22.06,13.09,30,2025-05-23,0.72,Active
L0004827,APP0006972,C000404,BNPL,564.89,2.08,158,2025-03-29,0.0,Active
L0004828,APP0006973,C004228,ACS,24.73,9.08,7,2025-05-19,21.95,Defaulted
L0004829,APP0006974,C000262,Nano,106.44,12.42,30,2025-01-31,0.0,Closed
L0004830,APP0006976,C000166,ACS,8.49,9.75,7,2025-04-11,0.0,Closed
L0004831,APP0006978,C004039,Nano,163.9,12.72,30,2025-01-19,0.0,Closed
L0004832,APP0006979,C002886,BNPL,441.2,2.38,111,2025-05-18,9.92,Closed
L0004833,APP0006980,C004675,Nano,274.36,13.11,30,2025-06-19,169.04,Active
L0004834,APP0006981,C003084,Nano,225.26,17.62,30,2025-06-19,34.62,Active
L0004835,APP0006983,C004793,ACS,24.48,9.37,7,2025-04-15,0.24,Closed
L0004836,APP0006984,C000934,ACS,14.67,6.08,7,2025-11-25,11.04,Active
L0004837,APP0006985,C000564,ACS,16.98,9.41,7,2025-03-18,13.96,Defaulted
L0004838,APP0006987,C004649,Nano,254.01,13.23,30,2025-04-27,0.0,Closed
L0004839,APP0006988,C004093,Nano,202.82,13.96,30,2025-07-12,58.75,Active
L0004840,APP0006989,C002686,ACS,15.8,7.42,7,2025-03-18,7.91,Defaulted
L0004841,APP0006992,C001194,ACS,14.75,7.73,7,2025-02-28,0.0,Closed
L0004842,APP0006994,C000154,ACS,25.53,7.03,7,2025-03-17,0.0,Closed
L0004843,APP0006995,C004247,ACS,26.2,7.87,7,2025-10-05,16.77,Active
L0004844,APP0006996,C001544,BNPL,235.96,3.03,165,2025-09-25,121.13,Active
L0004845,APP0006998,C001927,ACS,17.01,7.4,7,2025-04-11,7.15,Active
L0004846,APP0006999,C000443,Nano,143.19,13.6,30,2025-08-07,56.87,Active
L0004847,APP0007002,C003408,Nano,242.86,14.79,30,2025-05-02,7.69,Active
L0004848,APP0007003,C001127,ACS,21.14,7.67,7,2025-01-06,0.0,Active
L0004849,APP0007004,C000623,ACS,14.77,7.5,7,2025-11-02,13.28,Active
L0004850,APP0007007,C001451,Nano,153.16,17.27,30,2025-03-11,0.0,Closed
L0004851,APP0007008,C003596,BNPL,952.74,4.35,173,2025-05-05,22.83,Closed
L0004852,APP0007010,C003854,Nano,221.65,16.0,30,2025-04-23,0.0,Closed
L0004853,APP0007012,C000921,Nano,204.99,17.95,30,2025-08-12,86.39,Active
L0004854,APP0007014,C003843,ACS,12.3,7.31,7,2025-07-10,3.25,Active
L0004855,APP0007015,C002598,BNPL,945.91,4.46,97,2025-04-05,668.36,Active
L0004856,APP0007016,C001488,Nano,93.05,12.44,30,2025-05-03,15.18,Active
L0004857,APP0007018,C001541,ACS,18.89,8.17,7,2025-01-11,0.0,Closed
L0004858,APP0007019,C001238,BNPL,518.25,4.47,92,2025-03-14,0.0,Closed
L0004859,APP0007020,C000613,ACS,10.55,6.91,7,2025-03-08,0.0,Active
L0004860,APP0007025,C001455,Nano,230.73,16.15,30,2025-04-01,0.0,Closed
L0004861,APP0007029,C003342,Nano,118.25,13.93,30,2025-03-22,84.33,Defaulted
L0004862,APP0007034,C001732,BNPL,741.32,3.87,123,2025-04-30,0.0,Closed
L0004863,APP0007035,C000083,ACS,9.92,9.98,7,2025-07-01,5.02,Active
L0004864,APP0007036,C001963,ACS,17.34,9.26,7,2025-01-20,9.22,Defaulted
L0004865,APP0007040,C000215,BNPL,703.59,2.82,100,2025-09-14,403.52,Active
L0004866,APP0007041,C000240,BNPL,192.68,2.46,153,2025-05-09,139.06,Defaulted
L0004867,APP0007042,C003071,ACS,14.8,6.66,7,2025-05-17,9.88,Active
L0004868,APP0007043,C000420,Nano,262.69,15.25,30,2025-05-19,64.96,Active
L0004869,APP0007044,C002662,ACS,11.48,8.28,7,2025-05-31,7.38,Defaulted
L0004870,APP0007046,C004193,ACS,6.55,9.1,7,2025-02-24,0.0,Closed
L0004871,APP0007047,C003158,BNPL,345.87,2.19,178,2025-01-25,0.0,Active
L0004872,APP0007049,C002577,Nano,137.13,14.7,30,2025-04-28,91.97,Defaulted
L0004873,APP0007050,C000510,Nano,233.99,17.65,30,2025-09-22,119.89,Active
L0004874,APP0007051,C003697,ACS,25.37,6.73,7,2025-04-02,17.63,Defaulted
L0004875,APP0007052,C000653,Nano,38.18,14.33,30,2025-02-19,0.0,Closed
L0004876,APP0007056,C002729,ACS,13.28,9.0,7,2025-02-26,0.0,Closed
L0004877,APP0007057,C002378,ACS,19.7,6.47,7,2025-05-08,2.24,Active
L0004878,APP0007058,C002962,ACS,9.89,9.34,7,2025-05-31,1.01,Active
L0004879,APP0007059,C002203,BNPL,968.46,2.4,121,2025-04-29,0.0,Closed
L0004880,APP0007061,C002850,BNPL,402.57,4.66,143,2025-06-21,298.2,Defaulted
L0004881,APP0007063,C000319,Nano,235.15,15.96,30,2025-08-05,99.31,Active
L0004882,APP0007065,C003520,ACS,18.61,7.34,7,2025-04-25,15.05,Defaulted
L0004883,APP0007066,C000406,Nano,75.85,12.36,30,2025-03-29,41.57,Active
L0004884,APP0007067,C001882,ACS,19.07,8.44,7,2025-02-08,3.88,Defaulted
L0004885,APP0007068,C004649,ACS,28.49,9.81,7,2025-02-19,0.0,Active
L0004886,APP0007069,C003907,ACS,14.11,8.19,7,2025-09-18,11.5,Active
L0004887,APP0007070,C004017,ACS,23.08,6.29,7,2025-03-02,0.0,Closed
L0004888,APP0007073,C001938,BNPL,734.19,3.23,146,2025-05-09,19.3,Closed
L0004889,APP0007075,C003334,BNPL,951.24,2.76,171,2025-08-20,372.38,Active
L0004890,APP0007076,C000661,Nano,296.41,17.37,30,2025-05-07,29.47,Active
L0004891,APP0007078,C004681,Nano,217.15,17.69,30,2025-05-09,87.96,Active
L0004892,APP0007079,C000183,ACS,17.47,8.95,7,2025-07-18,6.0,Active
L0004893,APP0007080,C002948,Nano,22.37,14.33,30,2025-06-06,6.62,Active
L0004894,APP0007083,C004432,ACS,20.57,7.74,7,2025-07-12,6.1,Active
L0004895,APP0007084,C003403,ACS,29.11,6.88,7,2025-07-20,21.57,Active
L0004896,APP0007085,C001762,ACS,28.48,8.27,7,2025-05-15,2.86,Active
L0004897,APP0007087,C004182,Nano,222.56,16.66,30,2025-03-16,54.85,Active
L0004898,APP0007088,C001440,Nano,215.28,13.42,30,2025-03-28,0.0,Closed
L0004899,APP0007089,C003028,Nano,299.89,14.59,30,2025-03-25,0.0,Closed
L0004900,APP0007091,C003950,Nano,46.14,12.48,30,2025-02-06,0.0,Active
L0004901,APP0007092,C001731,Nano,43.74,16.0,30,2025-03-23,0.0,Closed
L0004902,APP0007094,C000427,Nano,244.69,13.6,30,2025-01-26,20.01,Active
L0004903,APP0007095,C003078,ACS,18.73,6.97,7,2025-07-29,16.16,Defaulted
L0004904,APP0007099,C003432,ACS,7.45,8.75,7,2025-03-24,0.0,Closed
L0004905,APP0007100,C004283,Nano,47.03,12.26,30,2025-03-23,0.0,Closed
L0004906,APP0007102,C000298,Nano,118.09,16.73,30,2025-02-16,0.0,Closed
L0004907,APP0007103,C001481,ACS,6.58,8.69,7,2025-01-22,0.0,Active
L0004908,APP0007104,C004225,ACS,12.08,9.54,7,2025-01-16,0.0,Active
L0004909,APP0007105,C004873,Nano,57.23,14.4,30,2025-06-22,7.98,Active
L0004910,APP0007106,C003266,Nano,245.72,17.45,30,2025-01-18,0.0,Closed
L0004911,APP0007107,C000023,ACS,28.59,6.41,7,2025-04-28,0.0,Closed
L0004912,APP0007109,C004734,ACS,7.91,8.67,7,2025-03-03,0.0,Closed
L0004913,APP0007110,C004032,ACS,23.26,7.28,7,2025-08-22,9.1,Active
L0004914,APP0007113,C004511,Nano,50.36,13.28,30,2025-03-07,0.0,Closed
L0004915,APP0007114,C003171,ACS,26.67,8.7,7,2025-06-29,14.54,Active
L0004916,APP0007116,C004499,ACS,27.82,8.85,7,2025-03-22,9.07,Defaulted
L0004917,APP0007117,C000017,Nano,22.04,16.05,30,2025-02-25,0.0,Closed
L0004918,APP0007118,C000626,ACS,16.88,7.25,7,2025-02-09,0.0,Closed
L0004919,APP0007119,C004208,BNPL,937.83,2.77,163,2025-01-07,0.0,Closed
L0004920,APP0007122,C004914,ACS,11.94,7.43,7,2025-02-12,3.66,Defaulted
L0004921,APP0007123,C001304,ACS,8.12,6.93,7,2025-05-16,0.31,Active
L0004922,APP0007124,C004408,Nano,261.07,17.48,30,2025-03-12,72.79,Defaulted
L0004923,APP0007125,C002734,BNPL,249.95,4.94,145,2025-07-12,68.05,Active
L0004924,APP0007126,C002570,Nano,172.97,17.14,30,2025-06-28,25.32,Active
L0004925,APP0007127,C004614,Nano,173.08,16.57,30,2025-02-25,0.0,Closed
L0004926,APP0007128,C003904,ACS,5.35,7.19,7,2025-02-01,1.14,Active
L0004927,APP0007129,C004446,Nano,264.28,13.88,30,2025-06-30,157.19,Active
L0004928,APP0007130,C004410,BNPL,177.83,3.87,156,2025-05-28,70.84,Active
L0004929,APP0007131,C003633,ACS,13.8,9.57,7,2025-03-04,0.0,Closed
L0004930,APP0007134,C000490,Nano,150.86,16.53,30,2025-02-22,0.0,Closed
L0004931,APP0007136,C002404,BNPL,953.67,4.99,90,2025-04-07,253.06,Active
L0004932,APP0007137,C000687,Nano,23.68,15.58,30,2025-03-08,0.0,Closed
L0004933,APP0007142,C004796,Nano,142.0,16.74,30,2025-03-03,72.79,Active
L0004934,APP0007143,C001622,Nano,89.39,12.5,30,2025-04-14,24.11,Active
L0004935,APP0007144,C003579,ACS,27.82,6.02,7,2025-05-09,0.7,Closed
L0004936,APP0007145,C003047,Nano,42.09,12.21,30,2025-02-27,0.0,Closed
L0004937,APP0007146,C003930,Nano,152.8,15.94,30,2025-08-25,97.47,Active
L0004938,APP0007147,C003647,ACS,26.51,9.78,7,2025-07-15,7.08,Active
L0004939,APP0007148,C002984,ACS,15.16,8.87,7,2025-02-03,12.92,Defaulted
L0004940,APP0007149,C004857,Nano,96.67,12.77,30,2025-07-16,58.35,Active
L0004941,APP0007151,C001400,Nano,283.5,13.49,30,2025-02-25,0.0,Closed
L0004942,APP0007152,C002924,ACS,20.38,9.74,7,2025-08-10,17.24,Defaulted
L0004943,APP0007153,C003575,BNPL,234.3,4.58,160,2025-02-26,0.0,Active
L0004944,APP0007154,C003402,BNPL,786.87,4.21,126,2025-03-12,131.49,Active
L0004945,APP0007155,C004783,Nano,25.07,14.32,30,2025-01-21,17.98,Defaulted
L0004946,APP0007156,C002987,Nano,72.92,12.7,30,2025-06-03,20.04,Active
L0004947,APP0007157,C003809,ACS,20.27,8.15,7,2025-05-04,3.13,Active
L0004948,APP0007159,C000192,BNPL,130.83,4.08,159,2025-04-12,34.66,Active
L0004949,APP0007160,C004068,Nano,194.79,16.83,30,2025-04-28,0.0,Closed
L0004950,APP0007162,C001488,ACS,8.08,8.46,7,2025-05-21,0.14,Closed
L0004951,APP0007163,C003753,ACS,29.97,9.23,7,2025-04-15,0.0,Closed
L0004952,APP0007165,C000150,BNPL,834.51,4.85,159,2025-08-01,493.81,Active
L0004953,APP0007168,C004889,ACS,8.19,6.49,7,2025-09-10,4.25,Active
L0004954,APP0007169,C001642,Nano,197.98,14.97,30,2025-05-16,57.91,Active
L0004955,APP0007170,C001563,ACS,28.9,7.12,7,2025-03-01,14.93,Defaulted
L0004956,APP0007171,C004218,BNPL,370.99,4.25,144,2025-08-26,144.84,Active
L0004957,APP0007172,C000210,BNPL,502.63,2.85,141,2025-03-28,262.46,Defaulted
L0004958,APP0007173,C003387,ACS,16.84,8.13,7,2025-04-23,14.28,Defaulted
L0004959,APP0007174,C004863,BNPL,200.21,3.53,132,2025-07-28,53.6,Active
L0004960,APP0007175,C000150,ACS,5.5,6.41,7,2025-09-14,2.81,Active
L0004961,APP0007176,C004788,BNPL,916.44,2.75,170,2025-01-21,0.0,Closed
L0004962,APP0007177,C003086,BNPL,740.64,4.27,123,2025-03-27,269.6,Active
L0004963,APP0007178,C000992,Nano,296.43,12.45,30,2025-03-22,0.0,Closed
L0004964,APP0007179,C004265,ACS,27.85,7.87,7,2025-04-12,21.87,Defaulted
L0004965,APP0007180,C004146,ACS,27.89,8.04,7,2025-04-22,0.0,Closed
L0004966,APP0007182,C004599,ACS,18.47,6.36,7,2025-09-30,9.58,Active
L0004967,APP0007183,C003055,ACS,15.01,7.91,7,2025-03-04,0.66,Active
L0004968,APP0007184,C000065,Nano,198.03,17.09,30,2025-01-15,0.0,Closed
L0004969,APP0007185,C003736,ACS,25.25,6.62,7,2025-02-10,0.0,Closed
L0004970,APP0007189,C003671,Nano,236.32,17.63,30,2025-04-21,0.0,Closed
L0004971,APP0007190,C004136,Nano,242.82,14.16,30,2025-05-03,29.38,Active
L0004972,APP0007191,C000375,ACS,11.52,9.31,7,2025-04-06,0.0,Closed
L0004973,APP0007192,C000105,ACS,8.57,6.73,7,2025-09-30,4.34,Active
L0004974,APP0007195,C001506,ACS,25.02,9.77,7,2025-06-04,12.98,Active
L0004975,APP0007197,C004788,ACS,26.72,7.98,7,2025-08-07,10.42,Active
L0004976,APP0007200,C003786,BNPL,842.09,3.71,99,2025-02-25,0.0,Closed
L0004977,APP0007201,C000376,ACS,15.44,8.17,7,2025-02-09,0.0,Closed
L0004978,APP0007202,C000594,Nano,53.63,15.1,30,2025-06-01,26.55,Active
L0004979,APP0007203,C004029,ACS,17.04,6.93,7,2025-03-31,0.0,Closed
L0004980,APP0007205,C000996,Nano,241.55,17.12,30,2025-05-07,6.34,Closed
L0004981,APP0007206,C004604,BNPL,786.05,4.85,113,2025-05-05,16.89,Closed
L0004982,APP0007210,C003706,ACS,7.55,8.41,7,2025-02-09,0.0,Closed
L0004983,APP0007211,C003047,ACS,26.31,7.19,7,2025-05-21,0.52,Closed
L0004984,APP0007212,C004452,ACS,11.64,9.76,7,2025-02-28,0.0,Closed
L0004985,APP0007214,C000084,Nano,229.97,13.04,30,2025-01-13,0.0,Closed
L0004986,APP0007215,C001998,ACS,10.36,8.53,7,2025-04-10,0.0,Closed
L0004987,APP0007216,C002559,Nano,31.86,14.65,30,2025-08-13,18.66,Active
L0004988,APP0007217,C002871,ACS,13.4,7.79,7,2025-10-26,8.79,Active
L0004989,APP0007219,C003432,Nano,121.15,16.52,30,2025-05-01,56.07,Active
L0004990,APP0007221,C003650,ACS,5.68,9.81,7,2025-01-31,0.0,Closed
L0004991,APP0007222,C001836,ACS,19.35,9.99,7,2025-04-03,0.0,Closed
L0004992,APP0007223,C004083,Nano,152.38,16.62,30,2025-05-24,3.14,Closed
L0004993,APP0007225,C004064,BNPL,220.95,4.52,110,2025-01-30,0.0,Closed
L0004994,APP0007226,C003500,ACS,17.56,6.4,7,2025-04-10,0.0,Closed
L0004995,APP0007227,C001107,ACS,18.18,6.52,7,2025-03-27,0.65,Active
L0004996,APP0007228,C000301,Nano,162.03,14.96,30,2025-07-07,142.08,Defaulted
L0004997,APP0007229,C004432,ACS,6.8,7.79,7,2025-06-05,1.0,Active
L0004998,APP0007231,C000253,Nano,31.0,16.35,30,2025-06-14,6.57,Active
L0004999,APP0007232,C001249,BNPL,288.11,2.06,94,2025-01-28,175.65,Defaulted
L0005000,APP0007234,C002608,Nano,231.71,14.0,30,2025-01-24,0.0,Active
L0005001,APP0007236,C000963,ACS,13.33,9.1,7,2025-04-06,0.0,Closed
L0005002,APP0007238,C003672,BNPL,641.25,3.99,129,2025-03-01,6.01,Closed
L0005003,APP0007239,C003201,Nano,207.75,14.71,30,2025-08-07,81.11,Active
L0005004,APP0007241,C001968,BNPL,318.66,2.14,93,2025-02-19,0.0,Closed
L0005005,APP0007242,C002705,ACS,18.02,6.03,7,2025-03-25,0.0,Closed
L0005006,APP0007243,C001588,Nano,199.78,13.46,30,2025-02-24,131.27,Defaulted
L0005007,APP0007246,C002011,Nano,255.01,16.45,30,2025-03-03,0.0,Closed
L0005008,APP0007247,C003717,ACS,27.39,9.51,7,2025-04-26,14.62,Defaulted
L0005009,APP0007249,C001821,ACS,24.65,6.36,7,2025-07-15,6.53,Active
L0005010,APP0007250,C004194,Nano,299.64,14.46,30,2025-05-03,7.19,Closed
L0005011,APP0007251,C000108,BNPL,278.13,3.29,146,2025-07-15,106.03,Active
L0005012,APP0007252,C000190,Nano,75.9,14.61,30,2025-03-11,50.18,Defaulted
L0005013,APP0007253,C004332,BNPL,671.22,2.91,164,2025-03-16,0.0,Closed
L0005014,APP0007254,C001406,Nano,296.62,16.51,30,2025-05-01,156.53,Active
L0005015,APP0007255,C003904,ACS,19.43,8.28,7,2025-06-04,4.43,Active
L0005016,APP0007256,C003453,ACS,28.44,6.48,7,2025-01-29,0.0,Closed
L0005017,APP0007257,C001000,Nano,287.19,14.32,30,2025-01-12,100.32,Defaulted
L0005018,APP0007258,C000945,ACS,26.16,8.49,7,2025-03-29,0.0,Closed
L0005019,APP0007259,C004919,Nano,177.99,14.65,30,2025-08-09,75.06,Active
L0005020,APP0007261,C001287,ACS,21.82,8.48,7,2025-04-03,0.0,Closed
L0005021,APP0007262,C002411,ACS,17.33,9.85,7,2025-08-18,8.87,Active
L0005022,APP0007264,C001230,Nano,37.98,12.77,30,2025-08-05,15.02,Active
L0005023,APP0007265,C003308,ACS,5.32,7.7,7,2025-08-25,2.1,Active
L0005024,APP0007266,C001857,ACS,18.87,9.94,7,2025-07-05,5.02,Active
L0005025,APP0007267,C004411,ACS,14.81,7.17,7,2025-04-30,0.0,Closed
L0005026,APP0007268,C001419,Nano,48.6,16.5,30,2025-06-26,7.09,Active
L0005027,APP0007272,C000550,ACS,28.75,8.49,7,2025-03-26,0.0,Closed
L0005028,APP0007274,C004269,Nano,161.65,13.89,30,2025-05-28,9.75,Active
L0005029,APP0007275,C003809,ACS,27.02,6.77,7,2025-07-10,7.26,Active
L0005030,APP0007276,C000745,Nano,278.03,14.58,30,2025-09-07,142.73,Active
L0005031,APP0007277,C003242,BNPL,624.83,2.61,167,2025-07-29,168.63,Active
L0005032,APP0007279,C002033,Nano,68.8,13.29,30,2025-05-31,19.18,Active
L0005033,APP0007280,C003134,ACS,5.6,8.58,7,2025-04-26,0.0,Closed
L0005034,APP0007282,C001772,ACS,13.46,8.54,7,2025-02-04,0.0,Closed
L0005035,APP0007283,C004155,ACS,27.68,9.31,7,2025-02-15,19.3,Defaulted
L0005036,APP0007284,C002551,ACS,17.75,6.63,7,2025-05-16,1.99,Active
L0005037,APP0007285,C004067,BNPL,342.3,3.03,103,2025-01-09,0.0,Closed
L0005038,APP0007286,C002846,ACS,7.13,8.57,7,2025-05-12,2.27,Active
L0005039,APP0007287,C001784,BNPL,510.66,2.74,131,2025-04-16,18.12,Active
L0005040,APP0007288,C001296,BNPL,987.84,4.2,133,2025-03-24,0.0,Closed
L0005041,APP0007289,C000066,ACS,23.16,9.23,7,2025-03-07,0.0,Closed
L0005042,APP0007291,C002782,Nano,42.71,13.72,30,2025-04-22,0.0,Closed
L0005043,APP0007292,C004697,BNPL,528.12,4.91,174,2025-02-24,0.0,Active
L0005044,APP0007293,C001300,ACS,9.33,9.42,7,2025-02-16,0.0,Closed
L0005045,APP0007295,C004473,Nano,65.93,12.17,30,2025-02-21,0.0,Closed
L0005046,APP0007299,C004852,Nano,272.08,12.14,30,2025-03-21,0.0,Closed
L0005047,APP0007301,C002768,Nano,165.85,15.5,30,2025-02-13,0.0,Closed
L0005048,APP0007302,C000483,Nano,138.67,16.95,30,2025-02-15,7.23,Active
L0005049,APP0007304,C000304,ACS,18.03,8.19,7,2025-04-14,0.9,Active
L0005050,APP0007306,C002025,BNPL,444.39,4.16,176,2025-02-05,373.7,Defaulted
L0005051,APP0007307,C003884,Nano,99.17,17.25,30,2025-05-28,4.94,Active
L0005052,APP0007310,C000033,Nano,159.99,16.02,30,2025-08-01,82.66,Active
L0005053,APP0007315,C003753,Nano,21.46,17.91,30,2025-03-08,2.73,Active
L0005054,APP0007316,C004602,ACS,6.19,9.19,7,2025-06-04,2.53,Active
L0005055,APP0007317,C000066,ACS,25.72,6.51,7,2025-02-11,12.08,Defaulted
L0005056,APP0007320,C003820,Nano,249.17,13.6,30,2025-07-28,73.33,Active
L0005057,APP0007321,C002951,ACS,29.28,7.58,7,2025-09-04,15.66,Active
L0005058,APP0007324,C003005,ACS,10.88,6.97,7,2025-02-13,0.0,Closed
L0005059,APP0007328,C000891,Nano,208.74,15.47,30,2025-01-28,0.0,Closed
L0005060,APP0007329,C001379,Nano,239.28,15.16,30,2025-06-17,40.0,Active
L0005061,APP0007330,C004086,Nano,264.13,14.37,30,2025-01-25,0.0,Closed
L0005062,APP0007332,C002827,BNPL,196.35,4.11,174,2025-03-06,0.0,Closed
L0005063,APP0007333,C000837,Nano,175.83,13.5,30,2025-08-21,82.03,Active
L0005064,APP0007334,C003910,Nano,207.3,14.66,30,2025-09-27,107.22,Active
L0005065,APP0007335,C002229,Nano,227.82,14.74,30,2025-06-26,135.12,Defaulted
L0005066,APP0007337,C004761,Nano,214.81,12.25,30,2025-02-06,0.0,Closed
L0005067,APP0007338,C003155,ACS,19.0,8.04,7,2025-08-17,10.18,Active
L0005068,APP0007339,C002204,Nano,87.51,12.36,30,2025-01-18,30.06,Defaulted
L0005069,APP0007341,C003007,ACS,29.32,7.98,7,2025-02-10,0.0,Closed
L0005070,APP0007344,C001824,Nano,57.7,12.53,30,2025-06-28,14.96,Active
L0005071,APP0007345,C001434,ACS,23.87,6.4,7,2025-07-22,6.91,Active
L0005072,APP0007348,C001003,Nano,199.73,16.28,30,2025-05-08,70.8,Active
L0005073,APP0007350,C004653,Nano,78.31,13.39,30,2025-05-06,26.35,Active
L0005074,APP0007351,C004445,BNPL,926.36,2.96,153,2025-02-28,380.86,Active
L0005075,APP0007352,C004147,ACS,23.71,6.57,7,2025-03-31,5.38,Active
L0005076,APP0007353,C003675,Nano,79.86,14.66,30,2025-05-01,5.69,Active
L0005077,APP0007354,C004309,ACS,29.86,8.14,7,2025-06-02,4.46,Active
L0005078,APP0007356,C004570,ACS,11.35,8.22,7,2025-07-25,3.0,Active
L0005079,APP0007357,C004594,ACS,7.5,8.62,7,2025-08-05,5.24,Active
L0005080,APP0007358,C002181,ACS,21.32,8.53,7,2025-08-03,12.27,Active
L0005081,APP0007360,C004460,Nano,144.07,16.98,30,2025-02-01,0.0,Closed
L0005082,APP0007362,C002221,Nano,167.81,17.36,30,2025-05-27,39.75,Active
L0005083,APP0007363,C004544,ACS,7.02,9.03,7,2025-07-05,2.2,Active
L0005084,APP0007365,C004108,BNPL,921.31,2.54,90,2025-02-03,629.68,Defaulted
L0005085,APP0007366,C000248,Nano,254.17,17.13,30,2025-06-08,36.54,Active
L0005086,APP0007367,C000513,BNPL,684.22,3.45,147,2025-04-27,357.28,Defaulted
L0005087,APP0007369,C000400,BNPL,978.21,2.53,134,2025-08-08,384.08,Active
L0005088,APP0007370,C000941,Nano,218.88,15.9,30,2025-07-17,59.58,Active
L0005089,APP0007371,C001810,Nano,51.57,16.23,30,2025-03-15,30.55,Active
L0005090,APP0007373,C002105,Nano,241.5,12.59,30,2025-02-22,117.45,Defaulted
L0005091,APP0007375,C002556,ACS,19.54,9.43,7,2025-12-03,17.19,Active
L0005092,APP0007377,C000688,BNPL,138.66,3.84,113,2025-01-30,0.0,Closed
L0005093,APP0007378,C004565,Nano,44.2,15.57,30,2025-03-16,0.0,Closed
L0005094,APP0007380,C004053,BNPL,649.02,4.91,103,2025-01-19,0.0,Closed
L0005095,APP0007381,C003949,ACS,18.94,7.31,7,2025-04-20,0.0,Closed
L0005096,APP0007382,C004306,Nano,21.92,13.88,30,2025-04-27,0.0,Closed
L0005097,APP0007384,C003924,ACS,8.67,8.75,7,2025-04-23,0.1,Closed
L0005098,APP0007385,C003911,BNPL,420.4,3.8,108,2025-03-10,0.0,Closed
L0005099,APP0007387,C003542,Nano,146.15,15.37,30,2025-01-12,0.0,Closed
L0005100,APP0007388,C000600,ACS,25.2,9.58,7,2025-05-16,0.67,Closed
L0005101,APP0007391,C002369,Nano,159.61,13.17,30,2025-05-23,4.38,Closed
L0005102,APP0007392,C001715,ACS,23.68,7.92,7,2025-01-18,0.0,Closed
L0005103,APP0007393,C004008,Nano,265.91,16.24,30,2025-05-11,7.9,Closed
L0005104,APP0007396,C002235,ACS,19.82,7.11,7,2025-03-01,0.0,Closed
L0005105,APP0007397,C003217,Nano,254.22,13.99,30,2025-02-07,0.0,Active
L0005106,APP0007398,C002405,Nano,121.03,15.63,30,2025-10-17,82.42,Active
L0005107,APP0007399,C004855,Nano,104.96,14.14,30,2025-02-24,0.0,Closed
L0005108,APP0007400,C004930,Nano,230.6,14.92,30,2025-06-11,60.11,Active
L0005109,APP0007402,C001324,Nano,177.17,14.62,30,2025-06-24,37.76,Active
L0005110,APP0007404,C004559,ACS,21.59,9.54,7,2025-03-28,0.0,Closed
L0005111,APP0007407,C000266,Nano,24.31,15.24,30,2025-06-09,7.43,Active
L0005112,APP0007408,C003326,Nano,223.81,16.93,30,2025-02-28,0.0,Closed
L0005113,APP0007409,C001503,ACS,18.94,7.73,7,2025-07-11,10.48,Active
L0005114,APP0007410,C001528,ACS,14.06,7.46,7,2025-02-18,0.0,Active
L0005115,APP0007411,C000150,ACS,7.95,9.08,7,2025-06-16,1.17,Active
L0005116,APP0007412,C004802,Nano,73.99,12.34,30,2025-03-20,0.97,Active
L0005117,APP0007414,C003174,ACS,8.77,7.17,7,2025-05-11,1.07,Active
L0005118,APP0007415,C004627,Nano,173.49,13.04,30,2025-06-01,28.85,Active
L0005119,APP0007416,C000322,Nano,141.24,14.35,30,2025-08-07,54.39,Active
L0005120,APP0007417,C003081,ACS,22.06,9.24,7,2025-09-30,11.34,Active
L0005121,APP0007418,C004618,ACS,25.65,10.0,7,2025-01-16,0.0,Closed
L0005122,APP0007419,C002054,ACS,27.72,8.65,7,2025-04-22,0.0,Closed
L0005123,APP0007420,C001470,Nano,285.09,16.62,30,2025-06-20,52.28,Active
L0005124,APP0007421,C003522,BNPL,515.29,4.41,138,2025-07-19,258.96,Active
L0005125,APP0007422,C004637,ACS,22.51,8.33,7,2025-06-19,12.18,Active
L0005126,APP0007424,C000068,ACS,18.03,6.48,7,2025-03-17,0.0,Closed
L0005127,APP0007425,C003423,Nano,184.43,12.81,30,2025-05-04,15.4,Active
L0005128,APP0007427,C004946,Nano,259.95,14.4,30,2025-02-16,0.0,Closed
L0005129,APP0007428,C001392,ACS,10.66,7.79,7,2025-01-11,0.0,Closed
L0005130,APP0007430,C003440,ACS,10.4,8.05,7,2025-10-08,6.64,Active
L0005131,APP0007434,C003151,Nano,231.64,17.17,30,2025-05-26,7.53,Active
L0005132,APP0007435,C003772,ACS,10.09,8.4,7,2025-07-14,2.91,Active
L0005133,APP0007437,C001209,BNPL,248.96,3.38,141,2025-04-14,0.0,Closed
L0005134,APP0007438,C002169,Nano,174.79,17.23,30,2025-05-17,157.34,Defaulted
L0005135,APP0007439,C000652,BNPL,214.66,2.36,141,2025-02-18,112.12,Defaulted
L0005136,APP0007441,C000367,ACS,19.93,8.05,7,2025-04-05,0.0,Closed
L0005137,APP0007443,C000308,BNPL,442.52,3.43,145,2025-04-21,12.25,Active
L0005138,APP0007444,C002098,Nano,198.77,17.93,30,2025-02-14,75.72,Defaulted
L0005139,APP0007446,C002414,Nano,103.07,17.11,30,2025-04-10,0.0,Closed
L0005140,APP0007447,C004952,Nano,262.56,12.34,30,2025-07-18,70.95,Active
L0005141,APP0007448,C002771,Nano,211.79,14.02,30,2025-01-23,0.0,Active
L0005142,APP0007449,C000739,Nano,83.19,15.67,30,2025-05-23,11.87,Active
L0005143,APP0007450,C003155,BNPL,521.38,2.54,178,2025-09-08,267.64,Active
L0005144,APP0007451,C004896,ACS,25.1,7.49,7,2025-04-06,0.0,Closed
L0005145,APP0007454,C004509,ACS,11.62,6.5,7,2025-02-20,0.0,Closed
L0005146,APP0007455,C000862,BNPL,326.97,4.07,173,2025-05-22,43.15,Active
L0005147,APP0007456,C004140,ACS,24.78,9.61,7,2025-07-04,6.53,Active
L0005148,APP0007457,C002141,Nano,143.82,16.33,30,2025-02-20,0.0,Active
L0005149,APP0007458,C003934,ACS,22.05,8.59,7,2025-03-27,0.0,Closed
L0005150,APP0007459,C003563,ACS,29.68,6.62,7,2025-03-15,0.0,Active
L0005151,APP0007460,C004030,ACS,29.8,9.52,7,2025-06-06,4.72,Active
L0005152,APP0007462,C002628,ACS,19.09,6.11,7,2025-06-15,2.63,Active
L0005153,APP0007464,C004766,Nano,185.8,17.47,30,2025-07-17,57.02,Active
L0005154,APP0007467,C001407,ACS,6.74,7.37,7,2025-07-10,2.24,Active
L0005155,APP0007468,C002100,ACS,15.64,7.2,7,2025-08-08,6.38,Active
L0005156,APP0007469,C001247,ACS,17.55,8.34,7,2025-03-30,13.19,Defaulted
L0005157,APP0007470,C004082,Nano,27.94,17.53,30,2025-03-22,7.02,Defaulted
L0005158,APP0007472,C004346,ACS,8.59,9.51,7,2025-01-04,0.0,Closed
L0005159,APP0007473,C000156,Nano,293.09,14.12,30,2025-05-26,9.16,Active
L0005160,APP0007474,C002245,ACS,20.41,9.72,7,2025-08-02,7.88,Active
L0005161,APP0007477,C003655,BNPL,153.0,3.11,100,2025-05-21,2.58,Closed
L0005162,APP0007478,C003167,ACS,13.49,7.99,7,2025-05-31,3.59,Active
L0005163,APP0007480,C001941,Nano,45.5,17.69,30,2025-01-08,0.0,Closed
L0005164,APP0007481,C004782,Nano,105.95,15.8,30,2025-07-10,35.99,Active
L0005165,APP0007482,C004528,Nano,285.21,13.96,30,2025-03-04,176.55,Active
L0005166,APP0007483,C004543,Nano,281.44,13.33,30,2025-02-02,143.66,Defaulted
L0005167,APP0007484,C002516,ACS,19.33,7.73,7,2025-08-11,16.15,Active
L0005168,APP0007485,C000467,ACS,17.1,6.66,7,2025-04-08,0.03,Closed
L0005169,APP0007487,C002082,ACS,29.68,9.77,7,2025-02-16,0.0,Closed
L0005170,APP0007488,C004063,Nano,81.83,14.09,30,2025-01-19,0.0,Active
L0005171,APP0007489,C000277,ACS,13.26,6.94,7,2025-01-23,0.0,Active
L0005172,APP0007491,C001745,Nano,226.13,12.31,30,2025-03-10,0.0,Closed
L0005173,APP0007492,C004356,Nano,22.57,16.22,30,2025-03-25,3.01,Active
L0005174,APP0007493,C000154,ACS,10.85,6.09,7,2025-02-06,0.0,Closed
L0005175,APP0007495,C002477,BNPL,182.41,4.19,177,2025-08-03,114.12,Active
L0005176,APP0007496,C004070,ACS,23.77,9.84,7,2025-02-07,0.0,Closed
L0005177,APP0007497,C000777,Nano,196.71,14.42,30,2025-02-18,0.0,Active
L0005178,APP0007498,C003778,ACS,21.77,6.63,7,2025-07-23,5.72,Active
L0005179,APP0007499,C002447,ACS,11.17,8.53,7,2025-03-05,2.69,Active
L0005180,APP0007500,C003686,ACS,29.89,7.37,7,2025-04-25,21.48,Defaulted
L0005181,APP0007501,C003590,ACS,28.71,7.19,7,2025-02-13,0.0,Closed
L0005182,APP0007502,C004605,Nano,140.69,13.34,30,2025-03-09,0.0,Closed
L0005183,APP0007503,C000291,ACS,9.05,6.88,7,2025-07-31,6.42,Active
L0005184,APP0007504,C003003,ACS,11.1,8.77,7,2025-11-02,8.39,Active
L0005185,APP0007506,C001694,Nano,225.17,14.43,30,2025-03-09,0.0,Active
L0005186,APP0007507,C003704,BNPL,168.48,4.44,163,2025-05-09,100.16,Defaulted
L0005187,APP0007508,C002966,ACS,26.3,6.37,7,2025-01-15,0.0,Active
L0005188,APP0007509,C002222,ACS,10.67,8.04,7,2025-10-12,6.94,Active
L0005189,APP0007510,C003481,ACS,26.37,6.51,7,2025-03-26,0.0,Closed
L0005190,APP0007511,C002873,BNPL,606.33,2.65,103,2025-03-04,0.0,Active
L0005191,APP0007512,C001824,Nano,169.04,16.11,30,2025-05-19,4.55,Closed
L0005192,APP0007513,C001679,ACS,9.97,7.05,7,2025-03-19,0.0,Active
L0005193,APP0007514,C001272,ACS,19.9,7.45,7,2025-01-08,0.0,Active
L0005194,APP0007515,C001485,Nano,156.27,17.39,30,2025-05-04,27.21,Active
L0005195,APP0007516,C002449,ACS,19.77,9.24,7,2025-07-20,5.39,Active
L0005196,APP0007517,C000904,ACS,28.25,8.72,7,2025-02-08,0.0,Active
L0005197,APP0007518,C004492,ACS,10.01,8.36,7,2025-06-11,1.61,Active
L0005198,APP0007519,C002909,Nano,236.59,17.42,30,2025-03-20,0.0,Closed
L0005199,APP0007521,C002871,ACS,29.64,7.57,7,2025-03-05,21.83,Defaulted
L0005200,APP0007522,C004487,Nano,100.91,14.87,30,2025-02-20,0.0,Closed
L0005201,APP0007526,C004735,ACS,21.8,10.0,7,2025-07-11,6.17,Active
L0005202,APP0007529,C000697,Nano,290.25,15.79,30,2025-01-26,42.22,Active
L0005203,APP0007530,C001773,ACS,23.25,8.15,7,2025-06-10,4.48,Active
L0005204,APP0007533,C002517,Nano,101.9,13.29,30,2025-05-17,9.09,Active
L0005205,APP0007534,C004989,BNPL,252.84,2.73,158,2025-03-30,0.0,Active
L0005206,APP0007535,C000526,ACS,9.22,8.05,7,2025-06-29,4.98,Active
L0005207,APP0007536,C004769,Nano,190.09,15.34,30,2025-03-22,98.56,Defaulted
L0005208,APP0007539,C001406,Nano,65.73,14.98,30,2025-06-25,56.34,Defaulted
L0005209,APP0007540,C004168,Nano,87.69,16.54,30,2025-05-22,7.59,Active
L0005210,APP0007541,C000683,ACS,12.64,6.54,7,2025-07-15,3.64,Active
L0005211,APP0007544,C001259,ACS,22.75,8.13,7,2025-04-21,7.5,Active
L0005212,APP0007545,C002804,ACS,23.65,9.79,7,2025-03-16,0.0,Closed
L0005213,APP0007546,C002589,Nano,222.68,17.8,30,2025-03-16,28.42,Active
L0005214,APP0007547,C003834,BNPL,154.39,3.6,105,2025-07-09,42.46,Active
L0005215,APP0007548,C003786,ACS,21.0,9.53,7,2025-03-30,0.63,Active
L0005216,APP0007550,C000385,BNPL,991.83,4.16,167,2025-04-30,16.9,Active
L0005217,APP0007551,C004089,Nano,27.0,15.52,30,2025-11-27,22.0,Active
L0005218,APP0007552,C004029,Nano,135.04,14.86,30,2025-09-10,69.28,Active
L0005219,APP0007554,C001056,ACS,9.97,7.39,7,2025-08-20,3.83,Active
L0005220,APP0007555,C003715,BNPL,707.25,2.45,176,2025-11-02,534.71,Active
L0005221,APP0007557,C001396,ACS,25.19,8.75,7,2025-06-17,15.96,Active
L0005222,APP0007558,C001877,BNPL,709.41,3.97,96,2025-01-30,0.0,Closed
L0005223,APP0007560,C003701,Nano,64.77,12.83,30,2025-04-11,0.0,Closed
L0005224,APP0007561,C001004,ACS,7.45,9.17,7,2025-04-30,2.42,Active
L0005225,APP0007562,C001166,Nano,114.18,14.01,30,2025-11-20,86.37,Active
L0005226,APP0007563,C001853,ACS,15.19,7.55,7,2025-03-21,0.35,Active
L0005227,APP0007564,C002332,Nano,45.91,15.05,30,2025-02-16,23.78,Defaulted
L0005228,APP0007565,C004731,Nano,155.46,13.98,30,2025-07-04,42.99,Active
L0005229,APP0007570,C004218,Nano,107.46,16.89,30,2025-05-31,5.2,Active
L0005230,APP0007571,C001555,Nano,113.47,13.0,30,2025-01-29,0.0,Closed
L0005231,APP0007575,C000078,ACS,11.46,9.16,7,2025-09-29,5.92,Active
L0005232,APP0007579,C000131,ACS,25.06,6.78,7,2025-02-03,0.0,Closed
L0005233,APP0007580,C001345,ACS,13.94,7.01,7,2025-01-31,0.0,Closed
L0005234,APP0007582,C002828,ACS,8.64,9.65,7,2025-03-17,0.0,Closed
L0005235,APP0007583,C003059,ACS,10.53,9.23,7,2025-03-03,0.0,Closed
L0005236,APP0007584,C003618,ACS,16.91,9.14,7,2025-02-02,0.0,Closed
L0005237,APP0007585,C004520,ACS,11.8,6.47,7,2025-02-16,3.88,Defaulted
L0005238,APP0007586,C000230,BNPL,375.65,4.05,114,2025-01-26,0.0,Active
L0005239,APP0007587,C002414,ACS,19.21,8.24,7,2025-07-22,5.04,Active
L0005240,APP0007588,C001003,ACS,23.71,6.4,7,2025-04-06,14.87,Defaulted
L0005241,APP0007590,C001955,BNPL,166.89,4.27,158,2025-03-31,0.0,Active
L0005242,APP0007591,C000770,BNPL,450.28,3.72,90,2025-04-06,0.0,Closed
L0005243,APP0007594,C000549,Nano,52.47,14.02,30,2025-07-25,14.35,Active
L0005244,APP0007595,C001127,ACS,10.63,7.94,7,2025-04-16,0.44,Active
L0005245,APP0007597,C002353,ACS,17.95,9.19,7,2025-03-02,4.39,Active
L0005246,APP0007598,C004768,ACS,5.8,8.5,7,2025-04-28,0.0,Closed
L0005247,APP0007599,C000251,Nano,160.33,13.26,30,2025-02-28,9.47,Active
L0005248,APP0007601,C003449,ACS,24.81,7.79,7,2025-09-03,12.74,Active
L0005249,APP0007603,C004372,BNPL,553.37,3.47,178,2025-07-29,145.62,Active
L0005250,APP0007605,C000114,Nano,97.73,14.55,30,2025-07-08,58.02,Active
L0005251,APP0007608,C001234,Nano,241.26,16.63,30,2025-03-24,0.0,Closed
L0005252,APP0007610,C003210,ACS,11.12,7.71,7,2025-03-07,0.0,Closed
L0005253,APP0007611,C000188,ACS,24.03,9.79,7,2025-03-08,11.54,Defaulted
L0005254,APP0007612,C003658,ACS,18.71,8.85,7,2025-04-29,4.79,Active
L0005255,APP0007613,C004843,Nano,235.61,15.56,30,2025-09-05,121.01,Active
L0005256,APP0007614,C002021,Nano,249.22,13.9,30,2025-03-15,0.0,Active
L0005257,APP0007616,C003348,BNPL,546.98,3.22,146,2025-06-28,220.49,Active
L0005258,APP0007617,C003676,Nano,291.69,15.58,30,2025-03-25,0.0,Closed
L0005259,APP0007619,C003458,Nano,212.75,14.92,30,2025-02-18,0.0,Closed
L0005260,APP0007620,C004686,ACS,19.19,9.35,7,2025-04-16,5.95,Active
L0005261,APP0007621,C002952,ACS,8.62,7.36,7,2025-02-27,5.98,Defaulted
L0005262,APP0007623,C000849,ACS,24.1,9.71,7,2025-10-22,16.57,Active
L0005263,APP0007624,C002584,ACS,9.36,6.59,7,2025-05-09,0.25,Closed
L0005264,APP0007626,C003347,Nano,190.32,17.97,30,2025-03-02,0.0,Closed
L0005265,APP0007627,C003581,ACS,22.0,7.9,7,2025-04-20,0.0,Closed
L0005266,APP0007628,C000762,ACS,17.98,8.32,7,2025-08-14,7.0,Active
L0005267,APP0007629,C004235,Nano,242.1,15.49,30,2025-02-12,145.36,Defaulted
L0005268,APP0007632,C000254,ACS,26.76,6.12,7,2025-07-23,9.27,Active
L0005269,APP0007633,C004466,ACS,7.66,6.87,7,2025-06-01,1.28,Active
L0005270,APP0007634,C003136,ACS,18.88,9.82,7,2025-07-24,5.55,Active
L0005271,APP0007635,C001561,ACS,5.96,9.45,7,2025-01-17,0.0,Active
L0005272,APP0007636,C002674,Nano,191.69,15.11,30,2025-05-01,23.57,Active
L0005273,APP0007637,C004547,ACS,13.25,9.08,7,2025-02-05,0.0,Closed
L0005274,APP0007638,C004198,Nano,198.33,13.19,30,2025-03-31,0.0,Closed
L0005275,APP0007640,C003989,Nano,281.32,15.37,30,2025-05-03,221.62,Defaulted
L0005276,APP0007641,C000040,Nano,90.48,14.13,30,2025-03-10,0.0,Closed
L0005277,APP0007642,C002163,ACS,12.41,8.52,7,2025-04-03,0.0,Closed
L0005278,APP0007645,C000005,Nano,261.75,14.21,30,2025-06-26,222.83,Defaulted
L0005279,APP0007646,C001517,ACS,7.39,8.47,7,2025-05-22,0.22,Closed
L0005280,APP0007648,C001940,ACS,8.18,7.18,7,2025-01-06,0.0,Active
L0005281,APP0007649,C003459,Nano,55.99,14.89,30,2025-02-24,0.0,Closed
L0005282,APP0007650,C000391,ACS,15.01,8.83,7,2025-03-25,0.0,Active
L0005283,APP0007651,C003750,ACS,9.39,7.12,7,2025-08-04,5.06,Active
L0005284,APP0007652,C000504,Nano,266.99,14.59,30,2025-07-26,70.94,Active
L0005285,APP0007653,C002535,Nano,281.29,16.45,30,2025-03-25,0.0,Closed
L0005286,APP0007654,C004094,ACS,9.49,9.75,7,2025-06-09,3.47,Active
L0005287,APP0007655,C004395,ACS,10.44,8.81,7,2025-05-15,0.38,Active
L0005288,APP0007656,C004860,BNPL,372.38,3.31,150,2025-05-27,41.43,Active
L0005289,APP0007657,C002158,ACS,18.53,6.7,7,2025-04-13,0.0,Closed
L0005290,APP0007658,C002447,Nano,155.79,13.66,30,2025-11-27,125.77,Active
L0005291,APP0007659,C004506,ACS,14.47,8.57,7,2025-04-30,0.0,Active
L0005292,APP0007660,C000640,ACS,11.69,6.16,7,2025-05-27,6.58,Active
L0005293,APP0007661,C004547,Nano,258.65,17.02,30,2025-02-26,0.0,Active
L0005294,APP0007662,C000442,ACS,17.18,6.52,7,2025-05-31,0.4,Closed
L0005295,APP0007663,C000456,Nano,53.24,14.39,30,2025-03-03,0.0,Closed
L0005296,APP0007664,C000228,ACS,24.08,8.6,7,2025-08-29,15.46,Active
L0005297,APP0007666,C004394,ACS,25.07,7.54,7,2025-05-27,2.83,Active
L0005298,APP0007667,C001038,ACS,23.41,7.74,7,2025-09-15,11.84,Active
L0005299,APP0007668,C002211,BNPL,208.68,4.94,104,2025-06-22,31.24,Active
L0005300,APP0007671,C002194,Nano,229.01,14.42,30,2025-06-25,81.31,Active
L0005301,APP0007672,C001815,ACS,15.8,6.52,7,2025-02-24,0.33,Active
L0005302,APP0007676,C003370,Nano,85.62,12.14,30,2025-07-20,59.77,Active
L0005303,APP0007677,C004038,BNPL,548.32,3.24,123,2025-04-06,0.0,Closed
L0005304,APP0007678,C000251,ACS,18.86,7.91,7,2025-08-24,7.34,Active
L0005305,APP0007680,C003408,BNPL,933.38,2.8,150,2025-05-03,108.34,Active
L0005306,APP0007681,C000293,ACS,8.27,8.27,7,2025-03-16,0.0,Closed
L0005307,APP0007683,C002478,ACS,28.67,8.99,7,2025-03-31,0.0,Active
L0005308,APP0007684,C000111,Nano,155.79,12.26,30,2025-02-07,0.0,Closed
L0005309,APP0007685,C000409,BNPL,829.11,4.49,158,2025-03-24,0.0,Closed
L0005310,APP0007686,C000295,Nano,173.33,12.43,30,2025-01-15,0.0,Closed
L0005311,APP0007687,C002035,Nano,44.92,17.34,30,2025-03-14,0.0,Active
L0005312,APP0007688,C002611,ACS,8.98,8.66,7,2025-04-09,0.0,Closed
L0005313,APP0007689,C001202,Nano,158.37,14.68,30,2025-06-10,114.54,Defaulted
L0005314,APP0007690,C004857,ACS,13.49,9.7,7,2025-06-07,2.27,Active
L0005315,APP0007691,C000157,BNPL,761.48,3.95,108,2025-01-13,0.0,Closed
L0005316,APP0007692,C004867,ACS,12.36,6.02,7,2025-04-02,0.0,Active
L0005317,APP0007693,C000756,Nano,40.67,14.61,30,2025-01-15,0.0,Active
L0005318,APP0007694,C000548,ACS,24.92,6.01,7,2025-04-13,0.0,Active
L0005319,APP0007695,C002459,Nano,177.34,17.01,30,2025-03-25,0.0,Active
L0005320,APP0007696,C003805,Nano,176.44,12.02,30,2025-10-24,111.89,Active
L0005321,APP0007697,C003305,ACS,14.28,6.28,7,2025-05-14,0.91,Active
L0005322,APP0007698,C003967,ACS,16.78,6.53,7,2025-05-25,0.38,Closed
L0005323,APP0007699,C002266,ACS,7.8,6.73,7,2025-05-27,2.05,Active
L0005324,APP0007701,C003821,ACS,8.14,7.19,7,2025-04-02,0.0,Active
L0005325,APP0007704,C004863,ACS,5.99,7.91,7,2025-03-07,0.0,Closed
L0005326,APP0007705,C003632,ACS,27.81,9.73,7,2025-09-12,18.09,Active
L0005327,APP0007706,C004109,ACS,27.22,6.61,7,2025-08-17,10.59,Active
L0005328,APP0007712,C001201,ACS,22.15,8.45,7,2025-05-17,3.36,Active
L0005329,APP0007713,C003623,ACS,29.38,8.38,7,2025-10-31,19.51,Active
L0005330,APP0007716,C004287,ACS,28.86,9.93,7,2025-01-23,0.0,Active
L0005331,APP0007721,C004777,ACS,22.84,9.41,7,2025-04-20,0.0,Closed
L0005332,APP0007722,C002113,ACS,26.19,7.16,7,2025-03-09,3.12,Active
L0005333,APP0007723,C003910,ACS,9.51,9.47,7,2025-05-25,0.29,Active
L0005334,APP0007724,C004584,Nano,162.81,14.0,30,2025-03-28,0.0,Active
L0005335,APP0007725,C003017,ACS,5.05,9.6,7,2025-04-14,0.0,Closed
L0005336,APP0007727,C003417,Nano,90.43,12.74,30,2025-06-07,12.96,Active
L0005337,APP0007729,C003041,ACS,17.59,6.9,7,2025-02-08,0.0,Closed
L0005338,APP0007731,C002955,Nano,87.14,15.88,30,2025-02-19,0.0,Closed
L0005339,APP0007732,C004000,Nano,172.15,15.98,30,2025-01-29,0.0,Active
L0005340,APP0007734,C003326,Nano,209.83,17.53,30,2025-05-13,25.31,Active
L0005341,APP0007735,C002708,Nano,205.6,14.71,30,2025-03-22,26.41,Active
L0005342,APP0007736,C001115,Nano,202.59,12.11,30,2025-03-22,0.0,Active
L0005343,APP0007738,C003908,BNPL,131.83,2.65,141,2025-04-01,1.24,Active
L0005344,APP0007741,C000367,ACS,24.17,9.24,7,2025-07-22,6.4,Active
L0005345,APP0007742,C003011,Nano,237.79,17.57,30,2025-03-27,0.0,Closed
L0005346,APP0007743,C004408,ACS,26.41,7.88,7,2025-05-23,22.29,Defaulted
L0005347,APP0007744,C004674,ACS,25.84,6.84,7,2025-04-19,14.33,Defaulted
L0005348,APP0007747,C001569,Nano,159.57,17.44,30,2025-09-22,82.26,Active
L0005349,APP0007748,C000277,ACS,23.17,6.42,7,2025-05-03,1.6,Active
L0005350,APP0007750,C003301,Nano,266.68,12.49,30,2025-08-04,104.9,Active
L0005351,APP0007751,C000092,Nano,60.2,16.28,30,2025-03-01,26.84,Active
L0005352,APP0007753,C004219,BNPL,255.45,2.15,112,2025-05-02,22.54,Active
L0005353,APP0007754,C001563,ACS,19.83,8.22,7,2025-06-06,4.6,Active
L0005354,APP0007755,C003840,ACS,10.74,7.3,7,2025-08-15,5.37,Active
L0005355,APP0007757,C004942,Nano,36.32,15.97,30,2025-05-05,2.66,Active
L0005356,APP0007759,C002999,Nano,109.99,13.32,30,2025-06-19,31.74,Active
L0005357,APP0007760,C004080,BNPL,935.13,3.53,110,2025-10-26,592.7,Active
L0005358,APP0007761,C001370,ACS,10.83,6.64,7,2025-03-16,0.0,Closed
L0005359,APP0007763,C004256,BNPL,681.0,3.7,152,2025-03-04,0.0,Closed
L0005360,APP0007764,C001365,ACS,16.94,9.35,7,2025-05-20,6.03,Active
L0005361,APP0007765,C004034,BNPL,301.44,2.69,112,2025-08-12,117.51,Active
L0005362,APP0007766,C001366,ACS,5.36,8.13,7,2025-07-14,1.49,Active
L0005363,APP0007767,C003050,Nano,139.27,17.31,30,2025-02-22,26.55,Active
L0005364,APP0007768,C001625,Nano,139.94,12.23,30,2025-06-20,21.2,Active
L0005365,APP0007769,C003145,Nano,82.9,17.62,30,2025-03-20,0.0,Closed
L0005366,APP0007770,C000730,BNPL,746.42,4.3,94,2025-03-09,0.0,Closed
L0005367,APP0007771,C004049,Nano,201.02,16.08,30,2025-01-26,48.86,Active
L0005368,APP0007772,C000672,Nano,109.4,12.21,30,2025-08-01,42.34,Active
L0005369,APP0007773,C001676,Nano,283.24,14.97,30,2025-02-20,0.0,Closed
L0005370,APP0007776,C004159,BNPL,832.12,3.15,121,2025-01-05,0.0,Active
L0005371,APP0007778,C001301,BNPL,536.69,2.57,144,2025-07-03,149.9,Active
L0005372,APP0007779,C004157,Nano,289.84,12.82,30,2025-06-22,43.44,Active
L0005373,APP0007781,C004309,ACS,5.64,6.41,7,2025-09-27,2.9,Active
L0005374,APP0007783,C000990,BNPL,806.15,3.0,153,2025-03-27,0.0,Closed
L0005375,APP0007785,C003517,ACS,27.71,7.49,7,2025-07-23,7.56,Active
L0005376,APP0007786,C004403,ACS,24.67,8.38,7,2025-03-01,0.0,Active
L0005377,APP0007790,C003312,Nano,286.42,14.49,30,2025-06-02,62.44,Active
L0005378,APP0007791,C003886,ACS,12.66,9.38,7,2025-02-22,4.88,Defaulted
L0005379,APP0007793,C001300,Nano,148.78,16.68,30,2025-05-13,13.63,Active
L0005380,APP0007794,C004515,ACS,17.43,8.34,7,2025-01-21,6.45,Defaulted
L0005381,APP0007795,C004961,ACS,29.94,9.75,7,2025-05-09,8.51,Active
L0005382,APP0007796,C001498,ACS,7.55,9.55,7,2025-04-10,0.0,Closed
L0005383,APP0007798,C003127,ACS,8.47,7.9,7,2025-03-10,0.0,Closed
L0005384,APP0007799,C000080,ACS,17.07,6.58,7,2025-02-21,0.0,Closed
L0005385,APP0007800,C000956,ACS,26.64,6.5,7,2025-05-10,0.58,Closed
L0005386,APP0007801,C002633,BNPL,821.3,2.03,117,2025-01-06,0.0,Closed
L0005387,APP0007802,C001849,ACS,29.87,7.06,7,2025-04-25,0.0,Closed
L0005388,APP0007803,C000245,BNPL,661.6,2.47,97,2025-01-04,0.0,Closed
L0005389,APP0007804,C001757,Nano,230.94,15.9,30,2025-04-14,56.33,Active
L0005390,APP0007806,C003752,ACS,15.28,8.44,7,2025-02-24,0.0,Active
L0005391,APP0007808,C001433,Nano,197.9,13.45,30,2025-03-09,0.0,Closed
L0005392,APP0007810,C001638,ACS,11.73,6.72,7,2025-06-16,4.86,Active
L0005393,APP0007811,C003255,Nano,233.22,15.54,30,2025-02-08,0.0,Closed
L0005394,APP0007812,C000048,ACS,25.49,6.49,7,2025-06-23,5.66,Active
L0005395,APP0007813,C002048,ACS,19.78,8.64,7,2025-03-08,0.0,Closed
L0005396,APP0007814,C001580,ACS,10.22,7.96,7,2025-01-16,4.83,Defaulted
L0005397,APP0007816,C001361,Nano,277.65,12.1,30,2025-07-16,98.13,Active
L0005398,APP0007817,C001500,BNPL,408.7,4.54,96,2025-06-16,60.44,Active
L0005399,APP0007818,C002724,ACS,9.54,9.17,7,2025-09-18,4.85,Active
L0005400,APP0007819,C003269,BNPL,934.83,3.88,113,2025-06-12,250.13,Active
L0005401,APP0007820,C002009,Nano,27.84,14.88,30,2025-07-16,7.44,Active
L0005402,APP0007821,C004461,ACS,27.75,8.0,7,2025-02-01,0.0,Closed
L0005403,APP0007823,C003032,ACS,21.73,6.96,7,2025-06-16,3.81,Active
L0005404,APP0007824,C002731,ACS,13.8,7.14,7,2025-08-14,6.49,Active
L0005405,APP0007825,C002604,ACS,12.8,8.19,7,2025-01-23,11.14,Defaulted
L0005406,APP0007826,C000364,BNPL,202.7,4.94,119,2025-01-20,0.0,Active
L0005407,APP0007827,C002058,Nano,187.28,16.41,30,2025-01-25,0.0,Closed
L0005408,APP0007828,C004048,BNPL,744.73,4.83,113,2025-03-01,0.0,Active
L0005409,APP0007830,C000267,Nano,240.59,14.05,30,2025-10-24,162.34,Active
L0005410,APP0007832,C004187,Nano,119.31,13.71,30,2025-03-10,0.0,Closed
L0005411,APP0007835,C004709,Nano,66.06,12.95,30,2025-10-01,41.78,Active
L0005412,APP0007837,C003808,BNPL,189.56,4.85,136,2025-03-06,0.0,Closed
L0005413,APP0007838,C004887,ACS,28.39,9.17,7,2025-09-17,14.66,Active
L0005414,APP0007839,C002187,ACS,21.68,7.18,7,2025-08-06,9.31,Active
L0005415,APP0007840,C002478,Nano,210.7,13.07,30,2025-03-23,0.0,Closed
L0005416,APP0007841,C001063,ACS,29.04,9.43,7,2025-04-07,0.0,Closed
L0005417,APP0007843,C003629,Nano,164.61,15.73,30,2025-04-01,96.02,Active
L0005418,APP0007844,C002103,ACS,9.49,6.6,7,2025-09-10,5.46,Active
L0005419,APP0007845,C001174,ACS,17.47,6.51,7,2025-06-30,2.6,Active
L0005420,APP0007846,C002309,BNPL,718.6,3.62,159,2025-06-06,316.22,Active
L0005421,APP0007847,C002260,BNPL,273.78,3.32,146,2025-06-07,54.12,Active
L0005422,APP0007848,C001812,ACS,6.06,8.61,7,2025-03-19,0.0,Active
L0005423,APP0007850,C001845,ACS,7.06,8.73,7,2025-05-11,5.27,Defaulted
L0005424,APP0007851,C000571,Nano,245.45,16.35,30,2025-04-25,229.35,Defaulted
L0005425,APP0007852,C003968,ACS,26.98,6.54,7,2025-04-06,0.0,Closed
L0005426,APP0007856,C002450,ACS,24.64,6.92,7,2025-06-19,3.96,Active
L0005427,APP0007857,C003368,Nano,214.7,16.5,30,2025-06-10,30.87,Active
L0005428,APP0007860,C002784,ACS,21.65,8.34,7,2025-02-09,0.0,Closed
L0005429,APP0007861,C000272,Nano,204.0,15.8,30,2025-09-16,104.11,Active
L0005430,APP0007863,C000222,ACS,5.67,9.79,7,2025-04-24,0.0,Closed
L0005431,APP0007864,C001744,ACS,21.31,9.64,7,2025-04-28,0.0,Closed
L0005432,APP0007869,C000633,ACS,7.14,8.12,7,2025-03-30,0.0,Closed
L0005433,APP0007870,C004730,ACS,22.71,9.92,7,2025-07-28,7.02,Active
L0005434,APP0007871,C000772,Nano,280.59,12.42,30,2025-02-23,20.03,Active
L0005435,APP0007874,C002415,ACS,18.12,9.07,7,2025-06-11,2.95,Active
L0005436,APP0007875,C001075,Nano,216.18,15.22,30,2025-05-13,4.47,Closed
L0005437,APP0007877,C002043,ACS,8.18,7.32,7,2025-08-05,3.69,Active
L0005438,APP0007879,C003954,BNPL,822.92,4.07,151,2025-04-16,0.0,Closed
L0005439,APP0007880,C001833,ACS,28.25,9.38,7,2025-01-17,0.0,Active
L0005440,APP0007881,C001963,ACS,10.35,7.91,7,2025-04-07,3.11,Active
L0005441,APP0007882,C000485,Nano,169.09,13.08,30,2025-08-02,131.46,Active
L0005442,APP0007884,C003072,Nano,260.0,15.09,30,2025-01-26,0.0,Closed
L0005443,APP0007885,C001300,ACS,18.19,6.97,7,2025-04-29,0.0,Active
L0005444,APP0007886,C000178,Nano,67.13,13.94,30,2025-06-24,14.84,Active
L0005445,APP0007887,C004748,Nano,103.52,17.07,30,2025-03-16,0.0,Active
L0005446,APP0007888,C000216,Nano,187.27,17.45,30,2025-02-21,157.99,Defaulted
L0005447,APP0007889,C000911,ACS,18.81,8.4,7,2025-08-12,7.44,Active
L0005448,APP0007890,C004422,Nano,231.33,13.49,30,2025-08-26,89.31,Active
L0005449,APP0007892,C004352,Nano,138.69,16.12,30,2025-06-07,19.95,Active
L0005450,APP0007893,C002753,Nano,156.26,16.46,30,2025-07-01,80.09,Active
L0005451,APP0007896,C000091,Nano,92.48,17.84,30,2025-03-31,0.0,Closed
L0005452,APP0007897,C001739,ACS,19.78,7.89,7,2025-07-13,5.37,Active
L0005453,APP0007898,C001716,Nano,89.19,12.98,30,2025-05-28,12.18,Active
L0005454,APP0007899,C003664,Nano,139.91,16.69,30,2025-03-20,0.33,Active
L0005455,APP0007900,C001732,Nano,162.02,17.11,30,2025-04-26,0.0,Closed
L0005456,APP0007901,C004403,ACS,16.49,7.02,7,2025-05-12,0.33,Closed
L0005457,APP0007903,C004539,ACS,12.9,9.4,7,2025-03-08,0.0,Closed
L0005458,APP0007905,C003736,ACS,20.75,9.64,7,2025-03-24,0.0,Closed
L0005459,APP0007906,C001772,ACS,9.42,9.43,7,2025-05-20,0.2,Closed
L0005460,APP0007908,C002109,ACS,14.4,9.03,7,2025-04-08,0.0,Closed
L0005461,APP0007911,C004480,ACS,18.19,9.92,7,2025-07-20,4.88,Active
L0005462,APP0007913,C000247,Nano,200.85,17.01,30,2025-05-27,88.84,Active
L0005463,APP0007918,C003535,ACS,27.23,6.08,7,2025-04-08,0.0,Closed
L0005464,APP0007919,C001363,ACS,10.9,7.56,7,2025-05-23,0.28,Closed
L0005465,APP0007921,C000437,Nano,95.45,15.95,30,2025-09-27,71.73,Active
L0005466,APP0007922,C004428,BNPL,570.21,2.52,143,2025-05-30,339.21,Active
L0005467,APP0007923,C003288,BNPL,427.67,5.0,159,2025-08-02,165.52,Active
L0005468,APP0007924,C004123,BNPL,410.65,2.04,151,2025-02-21,225.04,Defaulted
L0005469,APP0007926,C002916,Nano,296.69,13.32,30,2025-04-06,158.15,Active
L0005470,APP0007928,C000432,ACS,21.21,9.17,7,2025-06-08,10.31,Active
L0005471,APP0007930,C000837,Nano,213.21,16.14,30,2025-09-15,144.52,Active
L0005472,APP0007931,C004374,Nano,238.41,13.99,30,2025-03-29,0.0,Closed
L0005473,APP0007932,C000461,ACS,22.87,9.07,7,2025-03-21,0.0,Closed
L0005474,APP0007933,C004885,BNPL,968.33,3.81,118,2025-04-14,41.95,Active
L0005475,APP0007935,C001415,Nano,190.53,15.75,30,2025-05-16,142.14,Defaulted
L0005476,APP0007937,C003389,Nano,295.76,15.74,30,2025-08-13,271.15,Active
L0005477,APP0007939,C002377,Nano,104.36,15.07,30,2025-01-08,0.0,Closed
L0005478,APP0007940,C002180,ACS,6.0,6.25,7,2025-01-30,2.01,Defaulted
L0005479,APP0007941,C004394,ACS,29.18,8.4,7,2025-04-03,2.81,Active
L0005480,APP0007943,C001654,ACS,10.94,6.02,7,2025-04-30,3.99,Active
L0005481,APP0007944,C004610,ACS,14.71,6.5,7,2025-06-17,2.62,Active
L0005482,APP0007945,C004013,ACS,10.64,6.35,7,2025-07-24,2.82,Active
L0005483,APP0007948,C001937,Nano,26.06,17.68,30,2025-05-13,0.61,Closed
L0005484,APP0007949,C004888,ACS,22.58,6.25,7,2025-03-18,3.52,Active
L0005485,APP0007950,C004918,ACS,9.95,9.3,7,2025-07-20,4.79,Active
L0005486,APP0007951,C003367,ACS,5.05,6.68,7,2025-06-08,0.77,Active
L0005487,APP0007953,C004298,ACS,16.66,8.65,7,2025-04-07,0.0,Closed
L0005488,APP0007954,C002899,ACS,14.28,8.16,7,2025-02-15,0.0,Closed
L0005489,APP0007955,C000300,Nano,23.43,14.53,30,2025-01-13,0.0,Closed
L0005490,APP0007956,C001911,ACS,7.08,8.07,7,2025-01-26,0.0,Closed
L0005491,APP0007958,C003347,ACS,28.51,9.57,7,2025-01-17,0.0,Closed
L0005492,APP0007960,C003880,BNPL,846.46,2.48,94,2025-02-08,0.0,Active
L0005493,APP0007961,C001217,ACS,26.76,6.19,7,2025-04-21,0.0,Closed
L0005494,APP0007962,C003144,Nano,244.96,14.74,30,2025-07-11,72.47,Active
L0005495,APP0007963,C001505,BNPL,932.4,4.33,170,2025-05-06,24.34,Closed
L0005496,APP0007964,C001243,BNPL,996.19,4.31,143,2025-04-25,0.0,Closed
L0005497,APP0007967,C004000,Nano,133.55,17.71,30,2025-01-29,0.0,Closed
L0005498,APP0007968,C002559,ACS,22.75,8.58,7,2025-01-23,0.0,Closed
L0005499,APP0007971,C004590,Nano,115.89,17.15,30,2025-02-24,0.0,Active
L0005500,APP0007972,C000045,ACS,15.11,9.08,7,2025-10-21,10.24,Active
L0005501,APP0007973,C004067,ACS,16.83,9.84,7,2025-04-18,0.0,Closed
L0005502,APP0007974,C002589,Nano,263.69,16.15,30,2025-03-17,0.0,Closed
L0005503,APP0007975,C003493,BNPL,832.79,4.49,134,2025-09-30,425.35,Active
L0005504,APP0007977,C002599,BNPL,324.79,2.25,122,2025-01-18,0.0,Closed
L0005505,APP0007978,C003442,Nano,149.71,14.39,30,2025-06-24,24.75,Active
L0005506,APP0007979,C004914,Nano,211.21,14.11,30,2025-05-05,181.79,Defaulted
L0005507,APP0007980,C000571,ACS,17.76,8.18,7,2025-09-10,13.98,Active
L0005508,APP0007981,C003712,ACS,15.24,6.24,7,2025-03-25,3.64,Active
L0005509,APP0007983,C000952,ACS,19.25,8.22,7,2025-03-30,0.0,Closed
L0005510,APP0007984,C000076,BNPL,948.42,3.01,101,2025-02-21,103.88,Active
L0005511,APP0007985,C003163,ACS,23.84,6.12,7,2025-09-06,12.86,Active
L0005512,APP0007986,C001844,Nano,154.63,12.11,30,2025-04-29,0.0,Closed
L0005513,APP0007987,C001568,ACS,19.82,7.35,7,2025-04-06,14.08,Defaulted
L0005514,APP0007988,C001184,Nano,60.89,17.68,30,2025-03-01,0.0,Closed
L0005515,APP0007989,C002724,ACS,22.21,9.79,7,2025-04-16,0.0,Closed
L0005516,APP0007990,C001260,Nano,193.82,13.19,30,2025-07-25,51.75,Active
L0005517,APP0007992,C000208,ACS,29.4,7.41,7,2025-05-10,9.53,Active
L0005518,APP0007993,C001299,Nano,86.83,13.09,30,2025-02-10,26.13,Defaulted
L0005519,APP0007994,C003086,BNPL,431.13,4.92,171,2025-03-15,0.0,Closed
L0005520,APP0007996,C003710,ACS,28.38,7.4,7,2025-03-17,0.0,Active
L0005521,APP0007997,C002995,ACS,13.84,6.04,7,2025-05-27,0.8,Active
L0005522,APP0007999,C004589,BNPL,375.23,2.68,114,2025-06-11,54.57,Active
L0005523,APP0008000,C002935,BNPL,191.45,2.94,119,2025-05-06,5.55,Closed
L0005524,APP0008001,C003095,Nano,124.83,14.51,30,2025-05-23,43.86,Active
L0005525,APP0008002,C002487,Nano,249.49,17.17,30,2025-07-09,86.64,Active
L0005526,APP0008003,C002116,Nano,128.32,16.5,30,2025-03-17,0.0,Closed
L0005527,APP0008004,C004966,BNPL,628.77,3.46,135,2025-02-25,0.0,Closed
L0005528,APP0008005,C001948,ACS,23.04,6.47,7,2025-07-09,12.75,Active
L0005529,APP0008006,C004062,Nano,167.83,17.99,30,2025-07-29,45.8,Active
L0005530,APP0008007,C000420,Nano,102.91,12.14,30,2025-05-06,4.0,Active
L0005531,APP0008008,C004731,Nano,297.42,14.14,30,2025-07-09,80.23,Active
L0005532,APP0008009,C003785,Nano,94.96,16.04,30,2025-08-09,36.99,Active
L0005533,APP0008010,C004122,Nano,68.71,15.97,30,2025-03-18,28.04,Active
L0005534,APP0008013,C003778,ACS,16.99,6.56,7,2025-06-01,2.55,Active
L0005535,APP0008014,C000356,Nano,123.87,16.43,30,2025-04-15,41.28,Active
L0005536,APP0008015,C003247,Nano,92.47,14.76,30,2025-08-19,35.99,Active
L0005537,APP0008016,C004290,Nano,147.35,13.08,30,2025-03-14,0.0,Closed
L0005538,APP0008022,C001347,Nano,264.41,13.07,30,2025-04-18,0.0,Closed
L0005539,APP0008023,C004315,Nano,174.18,13.48,30,2025-05-13,3.74,Closed
L0005540,APP0008024,C002622,Nano,148.05,13.96,30,2025-07-24,40.63,Active
L0005541,APP0008026,C001416,ACS,23.26,7.09,7,2025-01-30,0.0,Closed
L0005542,APP0008028,C004854,ACS,7.62,9.75,7,2025-05-06,0.55,Active
L0005543,APP0008029,C004522,BNPL,147.34,2.77,94,2025-08-24,57.12,Active
L0005544,APP0008030,C000968,BNPL,721.55,3.81,95,2025-01-26,0.0,Closed
L0005545,APP0008031,C001934,ACS,21.27,7.17,7,2025-07-14,5.77,Active
L0005546,APP0008033,C003182,ACS,25.79,9.81,7,2025-01-05,19.51,Defaulted
L0005547,APP0008035,C000130,ACS,13.96,8.21,7,2025-08-29,5.42,Active
L0005548,APP0008036,C002763,BNPL,528.77,2.51,110,2025-06-24,262.44,Active
L0005549,APP0008037,C004476,ACS,10.83,6.43,7,2025-03-11,0.0,Closed
L0005550,APP0008038,C003702,Nano,68.09,13.62,30,2025-05-29,1.73,Closed
L0005551,APP0008039,C003479,BNPL,826.21,4.15,135,2025-05-27,26.67,Active
L0005552,APP0008040,C002932,Nano,75.98,12.94,30,2025-05-13,49.68,Active
L0005553,APP0008041,C000905,ACS,10.11,8.85,7,2025-06-22,1.52,Active
L0005554,APP0008042,C001042,BNPL,202.42,2.91,167,2025-06-17,50.67,Active
L0005555,APP0008043,C003086,BNPL,345.01,4.48,121,2025-03-04,114.97,Active
L0005556,APP0008044,C004618,ACS,5.74,7.46,7,2025-03-28,0.0,Closed
L0005557,APP0008045,C000239,Nano,53.79,14.55,30,2025-08-14,25.07,Active
L0005558,APP0008046,C001897,Nano,164.7,12.97,30,2025-02-15,0.0,Closed
L0005559,APP0008047,C000943,Nano,262.06,13.56,30,2025-08-30,162.49,Active
L0005560,APP0008048,C000705,ACS,29.15,6.99,7,2025-03-23,0.0,Closed
L0005561,APP0008049,C001768,Nano,104.0,14.98,30,2025-04-04,66.82,Defaulted
L0005562,APP0008051,C001227,ACS,10.54,9.06,7,2025-07-20,2.8,Active
L0005563,APP0008053,C003717,ACS,21.17,8.51,7,2025-09-22,10.81,Active
L0005564,APP0008055,C002718,BNPL,349.33,3.05,105,2025-05-01,27.22,Active
L0005565,APP0008056,C003008,ACS,26.5,7.49,7,2025-01-21,0.0,Active
L0005566,APP0008057,C001127,Nano,200.6,14.86,30,2025-08-27,84.58,Active
L0005567,APP0008058,C000367,BNPL,902.86,2.12,127,2025-08-31,352.85,Active
L0005568,APP0008060,C004338,Nano,112.19,13.11,30,2025-04-29,0.0,Closed
L0005569,APP0008061,C004381,Nano,25.23,14.6,30,2025-10-01,16.03,Active
L0005570,APP0008062,C001683,ACS,16.98,6.65,7,2025-02-08,0.0,Closed
L0005571,APP0008063,C003921,ACS,14.42,8.91,7,2025-08-07,5.63,Active
L0005572,APP0008064,C001297,ACS,28.7,8.42,7,2025-03-13,8.58,Defaulted
L0005573,APP0008065,C001526,ACS,24.58,7.46,7,2025-02-17,0.0,Active
L0005574,APP0008066,C003438,ACS,28.39,9.89,7,2025-04-30,0.0,Active
L0005575,APP0008067,C004637,Nano,236.2,12.47,30,2025-10-23,149.2,Active
L0005576,APP0008068,C003068,BNPL,401.11,3.27,141,2025-04-01,0.0,Closed
L0005577,APP0008069,C004798,Nano,182.39,12.95,30,2025-08-24,71.21,Active
L0005578,APP0008070,C004965,Nano,211.3,14.02,30,2025-04-30,0.0,Closed
L0005579,APP0008073,C002358,BNPL,231.18,3.76,155,2025-05-06,39.52,Active
L0005580,APP0008074,C000917,ACS,14.7,7.44,7,2025-03-05,0.0,Closed
L0005581,APP0008075,C001067,Nano,29.92,13.01,30,2025-03-08,0.0,Closed
L0005582,APP0008077,C000896,Nano,235.79,17.17,30,2025-02-12,0.0,Closed
L0005583,APP0008078,C002411,Nano,122.61,16.42,30,2025-03-19,61.02,Active
L0005584,APP0008079,C002408,ACS,6.2,8.29,7,2025-01-30,0.0,Active
L0005585,APP0008082,C000212,Nano,111.07,14.05,30,2025-10-02,78.12,Active
L0005586,APP0008084,C001680,ACS,26.92,8.91,7,2025-06-13,5.4,Active
L0005587,APP0008085,C000643,ACS,13.1,6.0,7,2025-06-16,2.41,Active
L0005588,APP0008086,C004937,Nano,90.21,12.81,30,2025-02-27,10.83,Active
L0005589,APP0008087,C002702,ACS,25.18,8.43,7,2025-04-29,0.0,Closed
L0005590,APP0008088,C004822,ACS,19.08,6.74,7,2025-06-17,13.79,Defaulted
L0005591,APP0008089,C004579,Nano,280.38,15.32,30,2025-04-05,213.59,Defaulted
L0005592,APP0008093,C000202,Nano,157.17,15.53,30,2025-01-13,0.0,Closed
L0005593,APP0008096,C002861,ACS,18.41,8.89,7,2025-03-13,0.52,Active
L0005594,APP0008097,C001009,Nano,298.11,14.54,30,2025-01-23,0.0,Closed
L0005595,APP0008099,C002293,ACS,14.95,9.51,7,2025-10-23,10.46,Active
L0005596,APP0008100,C003967,Nano,239.15,14.68,30,2025-06-13,88.11,Active
L0005597,APP0008101,C004600,Nano,265.79,14.46,30,2025-03-05,0.0,Closed
L0005598,APP0008102,C003746,Nano,103.42,12.37,30,2025-01-18,0.0,Closed
L0005599,APP0008104,C003542,BNPL,863.09,3.23,167,2025-10-04,554.25,Active
L0005600,APP0008105,C003920,ACS,12.11,6.07,7,2025-04-27,0.0,Closed
L0005601,APP0008106,C001913,ACS,11.07,7.74,7,2025-03-07,3.2,Defaulted
L0005602,APP0008108,C001330,BNPL,759.98,2.34,158,2025-08-10,622.02,Active
L0005603,APP0008111,C000972,BNPL,722.21,2.09,93,2025-06-08,113.66,Active
L0005604,APP0008112,C004873,ACS,28.56,7.06,7,2025-02-20,0.0,Closed
L0005605,APP0008113,C000095,Nano,119.65,16.45,30,2025-05-31,5.41,Active
L0005606,APP0008114,C002118,Nano,61.82,13.1,30,2025-01-30,0.0,Active
L0005607,APP0008115,C002414,ACS,20.41,8.45,7,2025-07-07,6.55,Active
L0005608,APP0008117,C003623,ACS,10.38,7.91,7,2025-05-18,0.25,Closed
L0005609,APP0008118,C004504,ACS,6.44,7.46,7,2025-07-18,1.78,Active
L0005610,APP0008119,C001188,BNPL,336.88,2.07,164,2025-04-18,5.58,Closed
L0005611,APP0008120,C003448,ACS,20.76,6.13,7,2025-04-02,0.0,Closed
L0005612,APP0008125,C002008,ACS,26.74,7.71,7,2025-06-01,4.03,Active
L0005613,APP0008126,C003353,Nano,78.69,16.55,30,2025-05-22,57.52,Defaulted
L0005614,APP0008127,C003851,ACS,29.38,8.31,7,2025-03-16,0.0,Closed
L0005615,APP0008129,C001571,ACS,21.35,9.11,7,2025-02-18,0.0,Closed
L0005616,APP0008130,C003551,BNPL,585.99,3.98,109,2025-03-15,0.0,Closed
L0005617,APP0008131,C001550,Nano,98.97,17.32,30,2025-06-21,28.41,Active
L0005618,APP0008134,C001435,Nano,241.85,13.39,30,2025-01-24,0.0,Closed
L0005619,APP0008135,C003836,ACS,9.11,7.01,7,2025-08-20,3.6,Active
L0005620,APP0008136,C001259,Nano,197.02,17.09,30,2025-03-31,52.33,Active
L0005621,APP0008137,C000805,BNPL,269.74,2.32,118,2025-02-04,0.0,Closed
L0005622,APP0008138,C003632,ACS,18.82,8.74,7,2025-04-11,0.0,Closed
L0005623,APP0008139,C004401,ACS,7.51,9.66,7,2025-07-12,2.32,Active
L0005624,APP0008141,C002590,Nano,203.13,16.48,30,2025-03-07,0.0,Closed
L0005625,APP0008142,C004656,Nano,247.37,15.15,30,2025-03-16,0.0,Closed
L0005626,APP0008144,C002015,Nano,264.19,16.32,30,2025-05-31,22.98,Active
L0005627,APP0008146,C003168,BNPL,276.22,3.75,112,2025-08-02,106.34,Active
L0005628,APP0008147,C000634,Nano,92.45,15.19,30,2025-05-18,31.74,Active
L0005629,APP0008148,C000214,Nano,292.59,13.93,30,2025-03-08,0.0,Closed
L0005630,APP0008149,C001821,ACS,29.56,8.9,7,2025-06-26,5.0,Active
L0005631,APP0008150,C002245,Nano,296.13,13.92,30,2025-06-14,43.88,Active
L0005632,APP0008152,C001998,ACS,15.62,9.07,7,2025-03-13,3.87,Defaulted
L0005633,APP0008153,C000660,Nano,252.27,13.23,30,2025-06-05,73.84,Active
L0005634,APP0008154,C003774,ACS,26.68,9.91,7,2025-07-22,7.12,Active
L0005635,APP0008155,C002160,ACS,12.4,7.81,7,2025-03-14,0.0,Closed
L0005636,APP0008156,C000278,BNPL,359.77,4.12,145,2025-01-28,0.0,Closed
L0005637,APP0008157,C002985,ACS,29.59,6.44,7,2025-04-10,0.0,Closed
L0005638,APP0008160,C004291,ACS,20.94,9.46,7,2025-03-29,0.0,Active
L0005639,APP0008161,C000957,Nano,298.05,13.1,30,2025-07-19,136.89,Active
L0005640,APP0008163,C000593,BNPL,832.62,4.36,175,2025-08-05,327.69,Active
L0005641,APP0008164,C003888,BNPL,551.28,2.75,131,2025-04-05,0.0,Closed
L0005642,APP0008166,C003817,Nano,116.65,17.84,30,2025-04-01,61.27,Active
L0005643,APP0008167,C000206,Nano,167.73,12.32,30,2025-08-24,65.44,Active
L0005644,APP0008169,C001255,ACS,25.17,9.23,7,2025-04-11,0.0,Closed
L0005645,APP0008170,C001957,ACS,12.97,7.89,7,2025-01-21,0.0,Closed
L0005646,APP0008171,C001170,Nano,22.65,14.55,30,2025-05-03,14.52,Active
L0005647,APP0008176,C000975,Nano,191.62,14.6,30,2025-02-01,157.89,Defaulted
L0005648,APP0008178,C002791,ACS,23.38,6.19,7,2025-04-15,7.29,Active
L0005649,APP0008179,C000483,Nano,199.08,13.89,30,2025-03-13,0.0,Closed
L0005650,APP0008180,C004476,ACS,20.48,6.18,7,2025-05-25,0.48,Closed
L0005651,APP0008181,C003406,ACS,17.69,6.29,7,2025-03-20,2.02,Active
L0005652,APP0008182,C003062,BNPL,479.06,3.54,169,2025-02-21,51.05,Active
L0005653,APP0008183,C004651,ACS,11.88,8.76,7,2025-03-20,0.0,Closed
L0005654,APP0008184,C001936,ACS,18.58,9.27,7,2025-05-06,0.43,Closed
L0005655,APP0008185,C000702,ACS,7.29,9.97,7,2025-09-08,5.29,Active
L0005656,APP0008186,C004160,Nano,26.42,16.36,30,2025-03-04,0.0,Closed
L0005657,APP0008187,C003174,ACS,19.9,9.23,7,2025-04-10,14.14,Defaulted
L0005658,APP0008188,C002244,ACS,13.41,8.02,7,2025-05-23,1.01,Active
L0005659,APP0008190,C001300,Nano,236.11,12.86,30,2025-10-23,205.99,Active
L0005660,APP0008191,C002917,BNPL,875.92,2.75,161,2025-04-01,230.66,Active
L0005661,APP0008192,C000401,ACS,17.14,6.49,7,2025-01-29,0.0,Active
L0005662,APP0008193,C002742,BNPL,866.72,2.65,127,2025-04-23,613.62,Defaulted
L0005663,APP0008194,C004143,Nano,204.81,17.47,30,2025-02-25,176.45,Defaulted
L0005664,APP0008196,C003080,Nano,150.36,17.38,30,2025-03-13,58.99,Active
L0005665,APP0008199,C000914,ACS,25.14,7.64,7,2025-05-21,9.48,Active
L0005666,APP0008200,C003604,ACS,23.34,7.17,7,2025-02-27,0.0,Closed
L0005667,APP0008201,C002662,Nano,199.89,16.02,30,2025-05-17,109.37,Active
L0005668,APP0008203,C001603,Nano,150.31,15.36,30,2025-05-18,97.1,Defaulted
L0005669,APP0008204,C001753,ACS,29.55,9.17,7,2025-04-09,0.0,Active
L0005670,APP0008205,C003296,ACS,29.8,8.4,7,2025-01-21,25.31,Defaulted
L0005671,APP0008206,C003088,Nano,287.19,15.51,30,2025-05-11,175.06,Active
L0005672,APP0008207,C003459,Nano,287.48,15.77,30,2025-01-11,12.05,Active
L0005673,APP0008208,C000701,BNPL,718.81,2.95,179,2025-02-04,0.0,Closed
L0005674,APP0008209,C000940,Nano,201.03,17.53,30,2025-03-05,0.0,Closed
L0005675,APP0008210,C001481,Nano,265.33,12.8,30,2025-01-09,0.0,Closed
L0005676,APP0008212,C002687,ACS,12.96,7.13,7,2025-04-04,0.0,Active
L0005677,APP0008213,C002601,BNPL,885.83,4.27,129,2025-06-27,126.14,Active
L0005678,APP0008214,C000346,ACS,7.4,7.36,7,2025-01-23,0.0,Closed
L0005679,APP0008215,C000177,Nano,130.92,16.32,30,2025-10-09,83.74,Active
L0005680,APP0008216,C004109,Nano,260.4,12.13,30,2025-05-13,237.95,Defaulted
L0005681,APP0008217,C002900,BNPL,825.11,3.38,165,2025-07-02,425.83,Active
L0005682,APP0008218,C000224,ACS,14.84,6.04,7,2025-02-10,10.27,Defaulted
L0005683,APP0008219,C004266,BNPL,479.42,4.07,174,2025-06-07,66.85,Active
L0005684,APP0008220,C001862,BNPL,449.32,4.87,133,2025-03-15,0.0,Closed
L0005685,APP0008222,C002272,Nano,103.14,16.76,30,2025-03-30,0.0,Closed
L0005686,APP0008223,C000961,ACS,17.49,8.95,7,2025-02-20,12.99,Defaulted
L0005687,APP0008225,C001817,BNPL,834.72,4.54,157,2025-03-06,549.57,Defaulted
L0005688,APP0008227,C001113,Nano,44.8,12.57,30,2025-03-06,0.0,Closed
L0005689,APP0008228,C004107,BNPL,503.94,3.44,102,2025-04-30,0.0,Closed
L0005690,APP0008229,C002602,Nano,198.74,16.38,30,2025-04-22,2.5,Closed
L0005691,APP0008230,C002131,ACS,13.31,9.79,7,2025-02-08,0.0,Active
L0005692,APP0008231,C003907,Nano,83.19,17.32,30,2025-03-22,49.27,Defaulted
L0005693,APP0008233,C000753,Nano,155.83,12.39,30,2025-05-09,48.9,Active
L0005694,APP0008234,C000492,ACS,13.22,9.71,7,2025-04-11,9.12,Defaulted
L0005695,APP0008235,C000510,BNPL,122.89,4.17,138,2025-02-12,56.46,Defaulted
L0005696,APP0008236,C004627,BNPL,589.83,4.3,166,2025-03-10,0.0,Closed
L0005697,APP0008237,C004505,ACS,21.14,9.11,7,2025-02-25,0.0,Closed
L0005698,APP0008238,C002017,ACS,28.93,8.69,7,2025-03-14,0.0,Closed
L0005699,APP0008240,C001907,BNPL,425.88,3.56,165,2025-04-06,272.37,Defaulted
L0005700,APP0008243,C003298,ACS,5.15,9.57,7,2025-06-15,2.86,Active
L0005701,APP0008248,C000830,Nano,190.57,12.77,30,2025-03-31,0.0,Closed
L0005702,APP0008250,C003765,ACS,10.76,7.77,7,2025-07-31,5.34,Active
L0005703,APP0008251,C004442,ACS,25.55,6.81,7,2025-03-27,18.37,Defaulted
L0005704,APP0008252,C004492,Nano,38.85,13.59,30,2025-06-27,5.79,Active
L0005705,APP0008253,C000294,ACS,29.64,7.62,7,2025-03-09,0.0,Closed
L0005706,APP0008254,C001762,Nano,153.59,17.15,30,2025-03-31,22.41,Active
L0005707,APP0008255,C002367,Nano,87.04,15.77,30,2025-01-25,0.0,Active
L0005708,APP0008257,C001493,Nano,131.24,17.61,30,2025-03-22,0.0,Active
L0005709,APP0008258,C001867,ACS,7.33,8.59,7,2025-01-18,0.0,Closed
L0005710,APP0008259,C000124,Nano,85.34,17.5,30,2025-05-28,6.34,Active
L0005711,APP0008260,C004625,Nano,217.18,17.39,30,2025-06-19,29.74,Active
L0005712,APP0008261,C001505,ACS,25.03,7.37,7,2025-05-17,3.72,Active
L0005713,APP0008264,C000830,ACS,16.12,6.15,7,2025-01-29,13.5,Defaulted
L0005714,APP0008265,C001031,ACS,9.2,9.06,7,2025-07-12,2.44,Active
L0005715,APP0008266,C003163,Nano,141.49,17.24,30,2025-05-12,13.91,Active
L0005716,APP0008267,C004970,Nano,141.28,15.15,30,2025-08-15,54.65,Active
L0005717,APP0008269,C004558,ACS,6.58,6.59,7,2025-09-16,3.4,Active
L0005718,APP0008270,C000088,ACS,11.28,7.7,7,2025-04-14,0.0,Closed
L0005719,APP0008271,C003685,ACS,19.25,7.01,7,2025-06-03,4.25,Active
L0005720,APP0008272,C004850,ACS,10.46,9.75,7,2025-01-31,0.0,Active
L0005721,APP0008273,C003730,BNPL,499.03,4.99,128,2025-03-31,0.0,Closed
L0005722,APP0008274,C000575,ACS,17.33,6.9,7,2025-04-07,0.0,Closed
L0005723,APP0008275,C000057,ACS,8.96,9.62,7,2025-02-23,0.0,Active
L0005724,APP0008276,C002068,ACS,12.83,7.13,7,2025-03-24,0.0,Closed
L0005725,APP0008278,C003289,ACS,24.24,7.55,7,2025-06-23,12.31,Active
L0005726,APP0008279,C004641,ACS,16.84,6.42,7,2025-02-06,0.0,Active
L0005727,APP0008280,C002931,Nano,23.7,17.75,30,2025-06-17,7.39,Active
L0005728,APP0008283,C004662,BNPL,510.48,2.38,154,2025-03-11,0.0,Active
L0005729,APP0008284,C003040,Nano,274.93,17.75,30,2025-10-04,174.81,Active
L0005730,APP0008287,C004001,Nano,96.06,13.8,30,2025-06-22,33.41,Active
L0005731,APP0008289,C004349,Nano,141.45,14.49,30,2025-06-11,20.18,Active
L0005732,APP0008291,C001482,ACS,23.5,8.79,7,2025-03-10,0.0,Closed
L0005733,APP0008293,C000609,ACS,16.42,6.82,7,2025-04-05,0.0,Closed
L0005734,APP0008294,C004722,ACS,27.97,6.48,7,2025-03-10,0.0,Active
L0005735,APP0008295,C002116,Nano,206.23,13.53,30,2025-09-24,105.08,Active
L0005736,APP0008297,C002826,BNPL,386.27,2.27,154,2025-08-21,150.99,Active
L0005737,APP0008298,C002275,ACS,24.04,6.46,7,2025-03-07,0.0,Closed
L0005738,APP0008299,C000813,Nano,58.22,13.47,30,2025-04-01,18.32,Active
L0005739,APP0008300,C003626,Nano,258.82,13.18,30,2025-03-13,0.0,Closed
L0005740,APP0008302,C000786,ACS,6.37,9.91,7,2025-07-13,2.11,Active
L0005741,APP0008304,C004792,BNPL,547.61,3.46,99,2025-07-17,209.1,Active
L0005742,APP0008305,C004272,ACS,17.9,9.95,7,2025-10-11,11.35,Active
L0005743,APP0008306,C003272,Nano,227.71,16.97,30,2025-03-22,0.0,Closed
L0005744,APP0008307,C004798,ACS,18.82,7.15,7,2025-02-26,7.95,Active
L0005745,APP0008310,C002784,Nano,190.02,15.62,30,2025-05-21,83.99,Active
L0005746,APP0008311,C003245,BNPL,294.23,2.75,93,2025-09-26,150.67,Active
L0005747,APP0008315,C001501,ACS,16.91,8.46,7,2025-04-27,0.0,Closed
L0005748,APP0008316,C000666,BNPL,829.04,4.28,148,2025-04-02,0.0,Closed
L0005749,APP0008319,C001248,ACS,9.86,7.22,7,2025-06-25,1.46,Active
L0005750,APP0008320,C004485,Nano,175.71,17.04,30,2025-03-31,0.0,Closed
L0005751,APP0008323,C001039,ACS,5.16,7.11,7,2025-02-25,0.0,Closed
L0005752,APP0008324,C002282,ACS,14.04,8.12,7,2025-05-11,0.33,Closed
L0005753,APP0008326,C001177,Nano,28.06,12.58,30,2025-07-09,11.17,Active
L0005754,APP0008327,C001968,Nano,48.02,12.2,30,2025-04-04,25.97,Active
L0005755,APP0008328,C002991,Nano,291.51,13.24,30,2025-07-21,88.09,Active
L0005756,APP0008329,C001005,Nano,22.46,12.82,30,2025-04-01,0.0,Closed
L0005757,APP0008330,C002965,ACS,24.04,8.32,7,2025-03-11,0.0,Closed
L0005758,APP0008333,C000829,ACS,22.81,9.45,7,2025-05-12,4.32,Active
L0005759,APP0008335,C004189,ACS,15.9,8.64,7,2025-07-15,4.29,Active
L0005760,APP0008337,C000550,Nano,267.57,12.65,30,2025-08-13,122.25,Active
L0005761,APP0008338,C002555,ACS,27.5,9.04,7,2025-04-30,0.0,Closed
L0005762,APP0008339,C000872,ACS,19.81,8.01,7,2025-01-18,0.0,Closed
L0005763,APP0008341,C003286,ACS,29.2,9.83,7,2025-08-17,11.36,Active
L0005764,APP0008342,C001029,ACS,15.89,7.02,7,2025-03-26,0.0,Closed
L0005765,APP0008343,C001833,ACS,27.73,8.78,7,2025-04-18,0.0,Closed
L0005766,APP0008344,C001664,BNPL,318.41,2.18,177,2025-01-31,0.0,Active
L0005767,APP0008345,C003577,ACS,27.82,8.37,7,2025-03-31,0.0,Closed
L0005768,APP0008346,C004015,ACS,23.79,7.74,7,2025-02-16,0.0,Closed
L0005769,APP0008347,C004360,Nano,144.25,12.97,30,2025-05-12,34.74,Active
L0005770,APP0008348,C000570,ACS,6.16,9.04,7,2025-03-03,0.0,Active
L0005771,APP0008351,C004473,BNPL,706.19,3.73,102,2025-05-31,281.56,Active
L0005772,APP0008353,C004609,Nano,188.19,17.21,30,2025-03-31,0.0,Closed
L0005773,APP0008354,C002005,Nano,281.24,16.17,30,2025-04-10,0.0,Closed
L0005774,APP0008355,C001604,ACS,14.9,7.15,7,2025-05-21,0.44,Closed
L0005775,APP0008357,C001783,ACS,26.16,8.63,7,2025-03-13,0.0,Active
L0005776,APP0008358,C003897,Nano,171.09,15.74,30,2025-03-14,16.01,Active
L0005777,APP0008359,C000257,ACS,19.28,7.68,7,2025-03-17,0.0,Closed
L0005778,APP0008360,C003390,ACS,28.13,6.5,7,2025-01-27,0.0,Closed
L0005779,APP0008361,C004540,Nano,132.85,17.58,30,2025-02-23,0.0,Closed
L0005780,APP0008362,C001413,ACS,23.31,8.74,7,2025-05-22,2.6,Active
L0005781,APP0008363,C004930,BNPL,879.09,3.32,166,2025-02-22,0.0,Active
L0005782,APP0008364,C000107,Nano,187.17,15.92,30,2025-02-23,0.0,Active
L0005783,APP0008367,C001568,ACS,7.26,7.52,7,2025-08-01,2.79,Active
L0005784,APP0008368,C003005,ACS,12.12,9.27,7,2025-08-28,4.72,Active
L0005785,APP0008369,C004338,Nano,127.15,13.21,30,2025-02-23,0.0,Closed
L0005786,APP0008371,C003744,ACS,11.83,7.69,7,2025-02-14,0.0,Active
L0005787,APP0008373,C002908,ACS,19.75,8.32,7,2025-02-09,6.72,Defaulted
L0005788,APP0008374,C004933,ACS,28.55,7.77,7,2025-03-03,0.0,Closed
L0005789,APP0008375,C000484,ACS,16.32,6.04,7,2025-04-09,0.63,Active
L0005790,APP0008376,C003688,ACS,20.74,6.84,7,2025-04-12,5.72,Active
L0005791,APP0008377,C002086,Nano,180.05,14.32,30,2025-02-14,0.0,Active
L0005792,APP0008379,C003001,ACS,7.95,8.14,7,2025-02-10,0.0,Closed
L0005793,APP0008381,C002409,BNPL,776.72,2.16,127,2025-04-15,38.57,Active
L0005794,APP0008382,C001363,Nano,236.95,17.8,30,2025-02-23,0.0,Closed
L0005795,APP0008383,C001332,ACS,7.73,6.29,7,2025-05-30,0.19,Closed
L0005796,APP0008386,C001834,Nano,257.41,12.9,30,2025-07-14,153.79,Active
L0005797,APP0008387,C002829,BNPL,783.36,2.76,137,2025-09-21,405.2,Active
L0005798,APP0008390,C000095,Nano,279.36,15.06,30,2025-03-03,0.0,Active
L0005799,APP0008391,C002868,Nano,20.95,15.78,30,2025-05-19,9.29,Active
L0005800,APP0008392,C003154,Nano,196.71,14.45,30,2025-04-10,24.37,Active
L0005801,APP0008393,C002457,BNPL,165.89,3.3,112,2025-06-10,114.9,Defaulted
L0005802,APP0008396,C000511,Nano,92.7,13.74,30,2025-02-16,0.0,Closed
L0005803,APP0008397,C003200,Nano,21.41,12.92,30,2025-01-28,0.0,Closed
L0005804,APP0008398,C002168,ACS,5.28,6.43,7,2025-11-12,4.0,Active
L0005805,APP0008399,C001834,Nano,291.44,14.73,30,2025-07-07,81.48,Active
L0005806,APP0008400,C000530,Nano,237.78,12.24,30,2025-06-19,70.99,Active
L0005807,APP0008401,C003350,ACS,28.51,6.04,7,2025-02-04,0.85,Closed
L0005808,APP0008402,C000926,ACS,14.72,8.1,7,2025-05-28,2.2,Active
L0005809,APP0008403,C002701,Nano,105.69,12.7,30,2025-05-22,2.68,Closed
L0005810,APP0008404,C004476,BNPL,762.02,3.58,166,2025-08-07,299.01,Active
L0005811,APP0008406,C000318,Nano,286.55,12.26,30,2025-05-17,21.09,Active
L0005812,APP0008407,C004912,Nano,79.63,14.79,30,2025-02-04,0.0,Active
L0005813,APP0008408,C003125,ACS,19.22,8.6,7,2025-06-19,2.84,Active
L0005814,APP0008409,C004157,ACS,19.7,9.42,7,2025-04-24,14.52,Defaulted
L0005815,APP0008410,C000302,BNPL,740.26,2.38,99,2025-11-06,558.56,Active
L0005816,APP0008411,C004574,ACS,29.19,7.92,7,2025-07-10,8.0,Active
L0005817,APP0008413,C004421,BNPL,770.43,3.04,141,2025-06-12,411.43,Active
L0005818,APP0008416,C002148,ACS,21.9,8.43,7,2025-06-07,4.07,Active
L0005819,APP0008417,C004193,ACS,14.27,7.94,7,2025-05-20,1.55,Active
L0005820,APP0008419,C004540,BNPL,940.06,3.69,134,2025-02-06,367.95,Defaulted
L0005821,APP0008420,C003208,ACS,20.24,9.59,7,2025-07-17,5.33,Active
L0005822,APP0008421,C004791,BNPL,691.61,4.79,154,2025-01-23,4.9,Active
L0005823,APP0008422,C002978,ACS,22.02,7.02,7,2025-11-24,16.78,Active
L0005824,APP0008423,C002224,BNPL,651.95,4.01,135,2025-05-23,169.81,Active
L0005825,APP0008424,C000856,BNPL,561.85,4.92,94,2025-01-22,0.0,Active
L0005826,APP0008426,C004762,ACS,7.2,6.48,7,2025-07-10,1.95,Active
L0005827,APP0008427,C000595,ACS,22.75,9.5,7,2025-04-18,0.0,Active
L0005828,APP0008428,C004308,BNPL,265.19,3.8,97,2025-09-16,176.66,Active
L0005829,APP0008429,C003214,ACS,24.9,6.2,7,2025-06-22,3.59,Active
L0005830,APP0008430,C000659,Nano,192.13,15.87,30,2025-04-29,0.0,Closed
L0005831,APP0008431,C001130,ACS,15.24,7.42,7,2025-05-19,0.35,Closed
L0005832,APP0008434,C001796,ACS,13.65,6.46,7,2025-02-18,0.0,Closed
L0005833,APP0008436,C000798,ACS,13.39,8.71,7,2025-05-16,0.41,Active
L0005834,APP0008437,C002524,BNPL,516.11,3.35,172,2025-05-03,414.43,Defaulted
L0005835,APP0008438,C001681,Nano,82.47,13.06,30,2025-06-15,25.05,Active
L0005836,APP0008439,C004526,BNPL,106.74,2.81,121,2025-02-04,88.2,Defaulted
L0005837,APP0008440,C004793,Nano,248.18,17.71,30,2025-02-21,0.0,Closed
L0005838,APP0008442,C004310,ACS,27.69,7.24,7,2025-10-21,17.42,Active
L0005839,APP0008443,C000302,ACS,9.0,7.3,7,2025-05-26,0.77,Active
L0005840,APP0008444,C002201,BNPL,217.46,3.99,132,2025-02-27,0.0,Closed
L0005841,APP0008445,C002890,ACS,10.57,8.12,7,2025-03-27,0.0,Closed
L0005842,APP0008446,C001380,ACS,6.82,6.23,7,2025-04-18,0.0,Closed
L0005843,APP0008447,C003247,Nano,200.45,17.82,30,2025-05-30,167.22,Defaulted
L0005844,APP0008448,C002890,Nano,208.37,17.48,30,2025-03-26,0.0,Closed
L0005845,APP0008451,C004085,Nano,98.89,13.82,30,2025-01-08,0.0,Closed
L0005846,APP0008452,C003954,ACS,24.25,8.2,7,2025-03-26,0.0,Closed
L0005847,APP0008453,C001688,Nano,106.26,15.14,30,2025-04-18,49.54,Defaulted
L0005848,APP0008454,C004339,BNPL,491.94,2.28,132,2025-06-04,74.01,Active
L0005849,APP0008455,C001811,BNPL,892.73,3.93,97,2025-03-30,0.0,Closed
L0005850,APP0008457,C002429,Nano,61.37,13.18,30,2025-03-08,0.0,Closed
L0005851,APP0008460,C000708,ACS,15.95,9.22,7,2025-01-21,5.13,Active
L0005852,APP0008461,C004256,ACS,10.9,6.13,7,2025-05-06,0.29,Closed
L0005853,APP0008462,C004094,ACS,6.03,8.74,7,2025-04-19,0.0,Active
L0005854,APP0008463,C002357,Nano,281.46,12.56,30,2025-05-02,102.67,Active
L0005855,APP0008464,C003255,ACS,28.75,9.15,7,2025-03-12,0.0,Closed
L0005856,APP0008465,C001324,ACS,13.59,6.32,7,2025-01-27,0.0,Closed
L0005857,APP0008466,C003864,ACS,17.91,9.06,7,2025-08-06,8.38,Active
L0005858,APP0008468,C003671,BNPL,298.4,4.05,105,2025-04-20,96.47,Active
L0005859,APP0008469,C003392,ACS,25.5,6.22,7,2025-07-21,15.8,Active
L0005860,APP0008471,C004074,Nano,110.38,15.07,30,2025-07-06,46.46,Active
L0005861,APP0008473,C002711,ACS,8.84,9.01,7,2025-04-27,0.0,Closed
L0005862,APP0008474,C004282,Nano,185.7,12.55,30,2025-01-27,0.0,Closed
L0005863,APP0008475,C000297,ACS,29.33,9.53,7,2025-02-21,0.0,Closed
L0005864,APP0008476,C002037,ACS,6.84,6.33,7,2025-04-02,0.0,Closed
L0005865,APP0008477,C003136,Nano,59.31,13.09,30,2025-08-29,22.77,Active
L0005866,APP0008478,C000889,ACS,15.94,8.02,7,2025-02-11,9.59,Defaulted
L0005867,APP0008479,C002569,Nano,179.36,15.72,30,2025-03-08,0.0,Closed
L0005868,APP0008480,C003214,Nano,116.3,15.36,30,2025-06-19,17.42,Active
L0005869,APP0008481,C004358,Nano,49.33,12.68,30,2025-04-19,0.0,Closed
L0005870,APP0008483,C004160,ACS,20.41,7.56,7,2025-06-04,5.95,Active
L0005871,APP0008484,C003214,ACS,27.39,6.17,7,2025-01-20,22.24,Defaulted
L0005872,APP0008486,C002951,ACS,15.78,7.6,7,2025-12-13,13.84,Active
L0005873,APP0008487,C004942,Nano,153.64,13.5,30,2025-01-30,0.0,Closed
L0005874,APP0008492,C001387,ACS,29.97,8.06,7,2025-02-05,0.0,Closed
L0005875,APP0008495,C003496,Nano,236.15,13.56,30,2025-06-18,185.79,Defaulted
L0005876,APP0008496,C003818,ACS,28.29,8.09,7,2025-02-26,0.0,Active
L0005877,APP0008497,C003309,BNPL,108.43,3.09,138,2025-03-16,78.97,Defaulted
L0005878,APP0008499,C000407,Nano,174.52,16.24,30,2025-02-14,0.0,Closed
L0005879,APP0008500,C004013,ACS,9.04,8.53,7,2025-03-19,1.25,Active
L0005880,APP0008501,C004505,ACS,28.03,9.08,7,2025-03-11,14.03,Defaulted
L0005881,APP0008503,C003941,Nano,125.99,15.45,30,2025-06-06,18.41,Active
L0005882,APP0008505,C001928,BNPL,583.31,4.4,102,2025-05-18,27.98,Active
L0005883,APP0008506,C000529,ACS,26.23,9.78,7,2025-05-26,0.65,Closed
L0005884,APP0008507,C001593,ACS,26.43,7.83,7,2025-04-05,0.0,Closed
L0005885,APP0008508,C003368,Nano,292.63,15.12,30,2025-01-01,0.0,Closed
L0005886,APP0008509,C002570,Nano,74.19,13.21,30,2025-10-12,47.19,Active
L0005887,APP0008510,C000299,ACS,25.4,8.85,7,2025-03-19,0.0,Closed
L0005888,APP0008512,C000166,Nano,237.74,12.61,30,2025-05-16,7.09,Closed
L0005889,APP0008513,C001817,Nano,125.55,13.41,30,2025-01-26,0.0,Closed
L0005890,APP0008515,C003790,ACS,23.38,6.12,7,2025-07-11,6.73,Active
L0005891,APP0008516,C004586,ACS,6.73,7.28,7,2025-07-06,1.99,Active
L0005892,APP0008517,C000833,ACS,20.15,9.07,7,2025-01-19,5.17,Defaulted
L0005893,APP0008518,C003119,ACS,21.97,7.56,7,2025-11-01,16.61,Active
L0005894,APP0008519,C001507,ACS,17.4,8.28,7,2025-04-13,0.06,Closed
L0005895,APP0008523,C003485,ACS,25.15,7.23,7,2025-04-16,0.0,Closed
L0005896,APP0008525,C002495,Nano,289.67,12.9,30,2025-07-12,94.78,Active
L0005897,APP0008526,C000272,ACS,13.1,6.78,7,2025-04-21,0.0,Active
L0005898,APP0008527,C004562,Nano,292.93,15.53,30,2025-04-03,0.0,Closed
L0005899,APP0008529,C001333,Nano,74.12,14.49,30,2025-02-10,20.23,Active
L0005900,APP0008530,C004526,ACS,26.82,7.77,7,2025-07-13,8.85,Active
L0005901,APP0008531,C004436,ACS,26.54,6.74,7,2025-06-03,7.3,Active
L0005902,APP0008532,C000497,Nano,88.92,17.7,30,2025-02-05,0.0,Closed
L0005903,APP0008533,C004281,Nano,122.7,17.16,30,2025-02-02,14.65,Active
L0005904,APP0008534,C003571,ACS,8.54,9.74,7,2025-05-02,0.89,Active
L0005905,APP0008535,C000539,ACS,9.86,7.11,7,2025-02-01,0.0,Active
L0005906,APP0008536,C002768,Nano,121.11,16.47,30,2025-02-15,0.0,Closed
L0005907,APP0008537,C001325,ACS,9.02,9.39,7,2025-09-10,5.27,Active
L0005908,APP0008539,C000926,ACS,13.37,7.74,7,2025-04-26,0.0,Closed
L0005909,APP0008540,C000489,ACS,25.03,7.38,7,2025-05-31,8.34,Active
L0005910,APP0008542,C003644,Nano,98.22,13.04,30,2025-03-19,44.11,Defaulted
L0005911,APP0008543,C000956,Nano,279.06,12.02,30,2025-06-30,41.91,Active
L0005912,APP0008544,C003011,Nano,21.7,15.81,30,2025-09-02,11.0,Active
L0005913,APP0008547,C002829,ACS,27.38,8.02,7,2025-07-31,8.88,Active
L0005914,APP0008548,C002405,Nano,268.55,15.81,30,2025-03-15,0.0,Closed
L0005915,APP0008549,C000042,Nano,237.37,13.45,30,2025-07-11,111.33,Active
L0005916,APP0008550,C004563,Nano,138.58,13.83,30,2025-05-12,3.37,Closed
L0005917,APP0008553,C000030,ACS,6.02,6.55,7,2025-06-24,2.28,Active
L0005918,APP0008554,C001020,Nano,212.5,15.65,30,2025-02-28,0.0,Active
L0005919,APP0008556,C004745,Nano,298.72,15.89,30,2025-08-06,115.64,Active
L0005920,APP0008559,C000962,Nano,287.18,12.28,30,2025-04-24,0.0,Closed
L0005921,APP0008560,C001183,Nano,106.63,13.36,30,2025-09-09,91.51,Active
L0005922,APP0008561,C000379,Nano,98.7,17.06,30,2025-08-06,38.34,Active
L0005923,APP0008562,C000707,Nano,56.97,15.77,30,2025-08-27,22.34,Active
L0005924,APP0008564,C003549,ACS,24.1,6.74,7,2025-04-04,2.64,Active
L0005925,APP0008565,C003417,Nano,241.54,17.05,30,2025-03-03,0.0,Active
L0005926,APP0008567,C000915,ACS,20.67,7.96,7,2025-05-20,0.37,Closed
L0005927,APP0008573,C000440,Nano,87.94,17.51,30,2025-02-03,0.0,Closed
L0005928,APP0008574,C001586,Nano,27.12,15.23,30,2025-01-22,0.0,Closed
L0005929,APP0008575,C003305,Nano,60.24,13.36,30,2025-05-20,3.81,Active
L0005930,APP0008579,C001173,Nano,33.99,14.81,30,2025-05-04,1.95,Active
L0005931,APP0008580,C001688,Nano,167.58,15.25,30,2025-03-14,85.58,Defaulted
L0005932,APP0008581,C003220,ACS,5.61,9.08,7,2025-02-09,4.7,Defaulted
L0005933,APP0008584,C001596,Nano,82.91,15.19,30,2025-09-28,61.0,Active
L0005934,APP0008585,C001810,ACS,28.06,6.65,7,2025-07-29,7.42,Active
L0005935,APP0008587,C001463,ACS,28.11,8.87,7,2025-07-07,8.28,Active
L0005936,APP0008588,C002747,Nano,273.13,17.4,30,2025-06-01,39.71,Active
L0005937,APP0008589,C003963,Nano,42.51,14.66,30,2025-07-12,11.4,Active
L0005938,APP0008590,C003119,Nano,111.21,14.62,30,2025-03-10,92.02,Defaulted
L0005939,APP0008592,C002353,ACS,9.87,9.35,7,2025-05-25,6.79,Active
L0005940,APP0008593,C002325,Nano,183.26,16.26,30,2025-03-26,161.39,Defaulted
L0005941,APP0008597,C002553,BNPL,436.19,3.25,91,2025-05-30,9.64,Closed
L0005942,APP0008598,C003621,BNPL,818.31,4.5,133,2025-07-03,318.11,Active
L0005943,APP0008599,C003293,BNPL,795.03,3.81,93,2025-02-25,101.64,Defaulted
L0005944,APP0008600,C000902,Nano,263.93,13.81,30,2025-08-15,226.01,Defaulted
L0005945,APP0008601,C001120,Nano,46.79,17.87,30,2025-02-13,35.26,Defaulted
L0005946,APP0008602,C003247,ACS,7.86,7.25,7,2025-07-20,2.16,Active
L0005947,APP0008603,C000490,ACS,23.97,7.76,7,2025-07-31,9.68,Active
L0005948,APP0008604,C004388,ACS,23.14,6.3,7,2025-04-14,0.0,Closed
L0005949,APP0008605,C001744,BNPL,844.23,3.03,150,2025-04-27,522.5,Defaulted
L0005950,APP0008607,C002610,ACS,29.45,7.16,7,2025-06-24,13.22,Active
L0005951,APP0008609,C001779,Nano,250.47,13.0,30,2025-05-16,2.11,Closed
L0005952,APP0008612,C001622,Nano,224.87,17.11,30,2025-08-11,88.0,Active
L0005953,APP0008617,C000367,Nano,187.51,17.57,30,2025-06-24,28.5,Active
L0005954,APP0008618,C001159,BNPL,618.87,3.02,142,2025-07-04,172.31,Active
L0005955,APP0008620,C003435,ACS,18.68,7.2,7,2025-04-01,5.25,Active
L0005956,APP0008622,C003575,ACS,9.65,7.74,7,2025-01-25,0.0,Closed
L0005957,APP0008623,C002597,Nano,137.32,17.29,30,2025-12-12,120.73,Active
L0005958,APP0008625,C000487,Nano,175.75,13.99,30,2025-05-22,25.3,Active
L0005959,APP0008626,C004772,ACS,20.68,6.85,7,2025-11-08,17.77,Active
L0005960,APP0008629,C002576,Nano,69.63,16.38,30,2025-04-22,42.65,Defaulted
L0005961,APP0008630,C000660,ACS,28.84,7.65,7,2025-06-23,15.07,Active
L0005962,APP0008631,C003645,ACS,15.38,7.63,7,2025-03-26,12.53,Defaulted
L0005963,APP0008633,C001891,Nano,110.06,14.78,30,2025-02-21,0.0,Closed
L0005964,APP0008635,C002220,Nano,282.61,12.73,30,2025-02-24,0.0,Closed
L0005965,APP0008636,C004820,ACS,22.96,7.32,7,2025-09-06,11.95,Active
L0005966,APP0008638,C002831,ACS,26.5,8.35,7,2025-05-13,1.69,Active
L0005967,APP0008640,C003501,ACS,24.04,8.72,7,2025-03-21,0.0,Closed
L0005968,APP0008641,C004455,ACS,23.02,9.5,7,2025-06-16,3.22,Active
L0005969,APP0008642,C004890,BNPL,962.66,2.61,111,2025-06-29,151.55,Active
L0005970,APP0008644,C003366,ACS,21.43,6.23,7,2025-03-18,0.0,Closed
L0005971,APP0008647,C000050,Nano,61.17,17.7,30,2025-03-10,0.0,Closed
L0005972,APP0008648,C001203,ACS,18.43,8.36,7,2025-04-26,5.82,Active
L0005973,APP0008649,C000224,ACS,22.08,8.08,7,2025-03-23,0.0,Closed
L0005974,APP0008652,C002206,Nano,170.67,13.77,30,2025-01-26,0.0,Active
L0005975,APP0008653,C003455,ACS,13.53,7.19,7,2025-05-31,9.26,Active
L0005976,APP0008654,C004408,ACS,10.12,7.49,7,2025-10-11,6.46,Active
L0005977,APP0008655,C002996,ACS,8.94,8.07,7,2025-02-16,7.3,Defaulted
L0005978,APP0008656,C000196,Nano,157.52,17.74,30,2025-05-03,3.56,Closed
L0005979,APP0008658,C002207,ACS,11.84,7.21,7,2025-05-16,0.3,Closed
L0005980,APP0008662,C000888,Nano,142.58,16.22,30,2025-03-08,0.0,Closed
L0005981,APP0008663,C000709,Nano,79.26,12.57,30,2025-01-23,35.35,Defaulted
L0005982,APP0008664,C003079,BNPL,657.22,4.89,160,2025-04-13,0.0,Closed
L0005983,APP0008666,C000350,ACS,17.73,7.31,7,2025-04-27,0.0,Closed
L0005984,APP0008667,C000047,ACS,27.21,8.89,7,2025-02-05,0.0,Active
L0005985,APP0008668,C000052,ACS,28.1,7.05,7,2025-06-04,8.07,Active
L0005986,APP0008670,C001595,ACS,8.84,9.92,7,2025-07-31,5.69,Active
L0005987,APP0008671,C004125,Nano,122.43,13.66,30,2025-01-12,0.0,Closed
L0005988,APP0008672,C004029,Nano,72.86,13.36,30,2025-06-16,12.8,Active
L0005989,APP0008673,C002513,ACS,5.89,8.93,7,2025-04-20,2.05,Active
L0005990,APP0008675,C002852,Nano,211.49,12.9,30,2025-04-04,0.0,Closed
L0005991,APP0008676,C001824,ACS,24.94,9.91,7,2025-02-22,14.43,Defaulted
L0005992,APP0008677,C004182,Nano,198.98,16.16,30,2025-08-03,95.32,Active
L0005993,APP0008678,C003644,Nano,116.3,15.4,30,2025-03-31,31.84,Defaulted
L0005994,APP0008679,C004792,Nano,75.25,12.68,30,2025-06-23,65.88,Defaulted
L0005995,APP0008680,C001846,ACS,14.87,8.65,7,2025-06-08,4.34,Active
L0005996,APP0008683,C004126,BNPL,849.49,4.26,156,2025-09-13,430.45,Active
L0005997,APP0008684,C002502,Nano,49.43,16.56,30,2025-01-14,0.0,Active
L0005998,APP0008685,C001680,Nano,197.97,13.91,30,2025-02-28,48.94,Defaulted
L0005999,APP0008686,C004540,Nano,146.49,16.2,30,2025-06-19,30.9,Active
L0006000,APP0008687,C001957,Nano,191.98,13.07,30,2025-05-07,5.51,Closed
L0006001,APP0008688,C004380,Nano,156.8,12.71,30,2025-04-19,0.0,Closed
L0006002,APP0008690,C000319,Nano,131.18,14.74,30,2025-01-05,0.0,Closed
L0006003,APP0008691,C002465,BNPL,966.8,2.94,92,2025-01-16,0.0,Active
L0006004,APP0008692,C003462,ACS,22.76,6.18,7,2025-02-24,0.0,Active
L0006005,APP0008696,C001773,Nano,216.35,17.24,30,2025-07-25,132.63,Active
L0006006,APP0008697,C004844,BNPL,374.37,4.88,147,2025-01-22,0.0,Closed
L0006007,APP0008699,C001923,BNPL,250.21,4.93,117,2025-09-22,128.53,Active
L0006008,APP0008700,C004400,Nano,245.94,17.46,30,2025-07-08,64.07,Active
L0006009,APP0008701,C002086,Nano,42.94,14.96,30,2025-03-17,0.0,Closed
L0006010,APP0008703,C000104,Nano,197.85,12.85,30,2025-04-16,48.08,Active
L0006011,APP0008704,C002841,ACS,17.18,9.64,7,2025-07-09,13.15,Defaulted
L0006012,APP0008705,C000118,ACS,12.5,8.72,7,2025-01-15,0.0,Closed
L0006013,APP0008707,C002724,BNPL,991.6,4.86,131,2025-08-21,386.51,Active
L0006014,APP0008708,C003094,ACS,14.62,9.97,7,2025-04-29,0.0,Closed
L0006015,APP0008709,C000592,Nano,172.83,12.62,30,2025-05-02,13.77,Active
L0006016,APP0008711,C002032,ACS,9.2,6.63,7,2025-05-02,4.6,Active
L0006017,APP0008712,C002235,ACS,18.15,8.12,7,2025-08-09,7.15,Active
L0006018,APP0008714,C004720,BNPL,655.0,4.47,129,2025-04-26,0.0,Closed
L0006019,APP0008715,C000375,Nano,111.5,16.84,30,2025-02-19,90.0,Defaulted
L0006020,APP0008716,C004964,Nano,258.99,13.18,30,2025-04-07,22.84,Active
L0006021,APP0008717,C000255,Nano,233.88,12.72,30,2025-07-09,99.91,Active
L0006022,APP0008722,C002995,ACS,29.41,6.75,7,2025-03-22,0.0,Closed
L0006023,APP0008723,C002962,ACS,26.34,7.98,7,2025-01-11,4.98,Active
L0006024,APP0008726,C004736,Nano,197.85,15.07,30,2025-06-13,43.3,Active
L0006025,APP0008727,C000538,ACS,7.41,6.95,7,2025-10-05,4.68,Active
L0006026,APP0008728,C002279,BNPL,548.83,3.92,149,2025-03-27,313.95,Defaulted
L0006027,APP0008730,C001009,Nano,267.25,16.12,30,2025-09-15,146.44,Active
L0006028,APP0008732,C000554,BNPL,178.25,2.9,112,2025-11-09,149.1,Active
L0006029,APP0008733,C000607,BNPL,240.69,2.43,117,2025-02-28,0.0,Closed
L0006030,APP0008735,C001595,ACS,26.77,9.79,7,2025-02-09,23.44,Defaulted
L0006031,APP0008736,C001641,BNPL,606.43,2.3,93,2025-03-01,0.0,Closed
L0006032,APP0008737,C003304,Nano,261.13,16.8,30,2025-01-20,54.53,Defaulted
L0006033,APP0008741,C001323,Nano,57.07,14.61,30,2025-06-24,46.63,Defaulted
L0006034,APP0008742,C001418,BNPL,372.32,2.04,169,2025-04-19,0.0,Closed
L0006035,APP0008743,C003537,Nano,126.05,14.01,30,2025-01-13,12.92,Active
L0006036,APP0008745,C004594,ACS,12.7,6.99,7,2025-03-07,9.04,Defaulted
L0006037,APP0008746,C004225,ACS,11.42,6.82,7,2025-06-27,1.67,Active
L0006038,APP0008747,C003135,ACS,11.27,8.33,7,2025-02-09,5.88,Defaulted
L0006039,APP0008748,C000860,ACS,16.09,9.22,7,2025-03-27,0.0,Closed
L0006040,APP0008749,C002081,ACS,28.49,6.47,7,2025-06-11,4.12,Active
L0006041,APP0008751,C002196,Nano,169.88,15.53,30,2025-07-11,44.78,Active
L0006042,APP0008752,C003003,ACS,8.72,6.01,7,2025-08-26,4.02,Active
L0006043,APP0008753,C003373,Nano,239.36,15.31,30,2025-02-18,132.07,Defaulted
L0006044,APP0008754,C001168,ACS,13.28,7.68,7,2025-07-05,3.59,Active
L0006045,APP0008755,C003481,ACS,8.19,9.15,7,2025-05-11,0.88,Active
L0006046,APP0008756,C001661,Nano,259.05,12.81,30,2025-09-10,149.89,Active
L0006047,APP0008757,C003479,Nano,27.19,17.3,30,2025-02-14,0.0,Active
L0006048,APP0008758,C004684,Nano,35.07,14.65,30,2025-04-16,0.0,Closed
L0006049,APP0008759,C001447,ACS,14.03,8.09,7,2025-03-13,0.0,Active
L0006050,APP0008760,C000878,Nano,80.46,14.18,30,2025-02-14,37.57,Active
L0006051,APP0008761,C004837,BNPL,733.33,3.72,139,2025-05-08,67.01,Active
L0006052,APP0008762,C002353,Nano,296.24,13.96,30,2025-03-04,0.0,Closed
L0006053,APP0008765,C002341,ACS,21.94,8.37,7,2025-08-14,8.52,Active
L0006054,APP0008766,C001740,ACS,8.7,6.65,7,2025-07-25,2.36,Active
L0006055,APP0008767,C004526,ACS,26.92,8.67,7,2025-03-13,1.53,Active
L0006056,APP0008769,C002362,ACS,12.67,7.3,7,2025-05-08,8.31,Defaulted
L0006057,APP0008770,C001300,ACS,18.39,8.02,7,2025-05-22,3.79,Active
L0006058,APP0008773,C002822,ACS,11.97,6.34,7,2025-08-02,9.34,Active
L0006059,APP0008775,C001373,Nano,27.37,13.19,30,2025-04-07,4.58,Active
L0006060,APP0008776,C002698,ACS,16.54,9.89,7,2025-09-23,9.52,Active
L0006061,APP0008777,C003648,Nano,177.42,15.61,30,2025-06-11,25.52,Active
L0006062,APP0008778,C004497,Nano,161.43,13.0,30,2025-05-29,4.44,Closed
L0006063,APP0008779,C001636,ACS,23.32,8.08,7,2025-02-05,0.0,Active
L0006064,APP0008780,C000684,ACS,10.06,6.09,7,2025-04-04,0.0,Active
L0006065,APP0008781,C003916,BNPL,977.99,4.31,176,2025-07-30,380.34,Active
L0006066,APP0008782,C002533,ACS,17.41,8.33,7,2025-01-03,0.0,Active
L0006067,APP0008784,C004143,BNPL,925.53,4.1,159,2025-06-12,132.6,Active
L0006068,APP0008786,C003105,ACS,29.7,6.39,7,2025-03-27,21.94,Defaulted
L0006069,APP0008787,C001796,Nano,202.18,17.01,30,2025-05-26,39.6,Active
L0006070,APP0008788,C004926,ACS,11.69,8.01,7,2025-07-19,3.12,Active
L0006071,APP0008789,C002154,Nano,163.38,13.16,30,2025-02-27,94.31,Defaulted
L0006072,APP0008791,C002681,Nano,232.16,16.5,30,2025-08-05,109.63,Active
L0006073,APP0008792,C004801,Nano,243.94,15.42,30,2025-05-27,5.68,Closed
L0006074,APP0008793,C003060,Nano,128.62,13.27,30,2025-05-30,5.2,Active
L0006075,APP0008794,C000494,ACS,22.16,7.88,7,2025-02-25,4.83,Defaulted
L0006076,APP0008795,C004286,ACS,10.28,7.4,7,2025-10-08,6.84,Active
L0006077,APP0008796,C000214,ACS,12.95,9.88,7,2025-04-05,0.73,Active
L0006078,APP0008797,C002629,ACS,21.06,6.29,7,2025-01-19,0.0,Active
L0006079,APP0008799,C002409,ACS,21.75,6.77,7,2025-01-15,0.0,Closed
L0006080,APP0008800,C004207,ACS,8.66,8.86,7,2025-03-05,0.0,Closed
L0006081,APP0008801,C000543,Nano,207.55,15.8,30,2025-09-14,153.58,Active
L0006082,APP0008802,C000253,Nano,98.39,15.76,30,2025-03-19,0.0,Closed
L0006083,APP0008803,C004510,Nano,144.11,12.83,30,2025-05-01,14.97,Active
L0006084,APP0008804,C001262,Nano,179.39,12.61,30,2025-05-15,4.44,Closed
L0006085,APP0008805,C002212,Nano,47.88,14.69,30,2025-07-15,33.41,Active
L0006086,APP0008806,C004926,Nano,187.13,14.05,30,2025-04-18,0.0,Closed
L0006087,APP0008807,C003627,Nano,254.27,13.67,30,2025-04-26,0.0,Closed
L0006088,APP0008808,C003205,Nano,284.15,13.92,30,2025-01-25,115.79,Defaulted
L0006089,APP0008809,C000036,ACS,22.11,7.7,7,2025-10-05,14.01,Active
L0006090,APP0008811,C002600,Nano,281.12,15.04,30,2025-03-03,0.0,Closed
L0006091,APP0008813,C003235,BNPL,657.7,4.78,123,2025-06-18,146.71,Active
L0006092,APP0008814,C003777,Nano,54.43,12.48,30,2025-07-31,33.87,Active
L0006093,APP0008815,C001839,Nano,181.91,14.95,30,2025-06-28,27.55,Active
L0006094,APP0008816,C004627,ACS,13.7,9.05,7,2025-06-10,2.02,Active
L0006095,APP0008818,C003708,ACS,23.53,7.71,7,2025-03-15,0.0,Closed
L0006096,APP0008819,C001572,Nano,192.96,17.22,30,2025-04-10,0.0,Closed
L0006097,APP0008820,C000583,Nano,94.45,15.12,30,2025-05-08,58.5,Defaulted
L0006098,APP0008821,C003486,ACS,13.28,6.33,7,2025-02-15,0.0,Closed
L0006099,APP0008823,C003588,ACS,17.36,7.37,7,2025-06-26,2.93,Active
L0006100,APP0008825,C000764,Nano,170.39,15.0,30,2025-06-04,25.29,Active
L0006101,APP0008826,C004521,ACS,8.54,6.52,7,2025-07-02,6.4,Active
L0006102,APP0008827,C004817,BNPL,499.63,3.74,177,2025-05-01,54.86,Active
L0006103,APP0008828,C003812,ACS,26.63,6.88,7,2025-03-01,0.0,Closed
L0006104,APP0008829,C000118,ACS,7.72,6.85,7,2025-05-26,0.74,Active
L0006105,APP0008830,C004010,BNPL,100.72,4.0,92,2025-04-14,0.0,Closed
L0006106,APP0008835,C003008,ACS,29.03,8.16,7,2025-04-23,7.26,Active
L0006107,APP0008837,C001009,Nano,115.07,14.42,30,2025-07-18,30.76,Active
L0006108,APP0008839,C001305,ACS,23.91,8.91,7,2025-05-11,0.72,Active
L0006109,APP0008840,C000708,ACS,9.04,6.74,7,2025-05-21,0.25,Closed
L0006110,APP0008841,C000113,BNPL,948.1,2.06,164,2025-07-19,258.52,Active
L0006111,APP0008844,C000747,ACS,9.99,6.38,7,2025-01-31,0.0,Closed
L0006112,APP0008847,C001285,Nano,142.4,17.36,30,2025-04-27,0.0,Closed
L0006113,APP0008849,C002498,Nano,271.89,17.11,30,2025-06-13,45.88,Active
L0006114,APP0008850,C000038,Nano,22.39,13.67,30,2025-03-26,8.09,Defaulted
L0006115,APP0008852,C003874,ACS,11.17,7.88,7,2025-11-12,8.49,Active
L0006116,APP0008854,C002039,Nano,65.8,13.79,30,2025-04-16,0.0,Closed
L0006117,APP0008855,C004932,Nano,92.86,14.45,30,2025-05-28,58.02,Defaulted
L0006118,APP0008856,C002533,ACS,8.93,7.23,7,2025-07-02,7.59,Defaulted
L0006119,APP0008857,C000065,Nano,79.34,17.91,30,2025-03-28,0.0,Active
L0006120,APP0008858,C004824,BNPL,609.4,2.43,148,2025-05-07,13.96,Closed
L0006121,APP0008859,C000114,ACS,9.3,6.54,7,2025-05-21,1.05,Active
L0006122,APP0008860,C004600,ACS,28.61,6.99,7,2025-05-31,4.21,Active
L0006123,APP0008861,C000376,ACS,12.65,9.36,7,2025-10-07,8.04,Active
L0006124,APP0008863,C000272,ACS,25.03,8.98,7,2025-06-08,9.93,Active
L0006125,APP0008866,C002566,ACS,15.25,8.86,7,2025-06-23,2.41,Active
L0006126,APP0008867,C000950,ACS,24.66,9.1,7,2025-07-03,6.68,Active
L0006127,APP0008868,C004111,BNPL,933.16,4.76,121,2025-06-12,191.66,Active
L0006128,APP0008870,C001599,Nano,128.26,12.44,30,2025-04-20,0.0,Closed
L0006129,APP0008871,C000114,Nano,179.72,12.42,30,2025-05-20,6.47,Active
L0006130,APP0008872,C002355,ACS,24.03,6.55,7,2025-02-23,17.31,Defaulted
L0006131,APP0008873,C003628,BNPL,495.61,3.44,128,2025-04-15,29.36,Active
L0006132,APP0008874,C000563,Nano,270.36,12.54,30,2025-05-03,6.78,Closed
L0006133,APP0008875,C002545,ACS,12.79,8.32,7,2025-03-22,0.0,Closed
L0006134,APP0008876,C004634,ACS,28.6,7.12,7,2025-02-24,0.0,Active
L0006135,APP0008877,C004337,BNPL,732.43,4.33,120,2025-11-20,555.81,Active
L0006136,APP0008878,C004504,Nano,268.18,14.14,30,2025-08-16,117.08,Active
L0006137,APP0008880,C001381,Nano,26.61,14.21,30,2025-04-22,0.0,Active
L0006138,APP0008881,C000799,Nano,247.64,15.18,30,2025-03-03,0.0,Closed
L0006139,APP0008882,C002915,ACS,14.78,8.15,7,2025-03-26,11.22,Defaulted
L0006140,APP0008884,C001892,Nano,157.34,13.41,30,2025-06-22,23.4,Active
L0006141,APP0008885,C001164,ACS,21.42,7.93,7,2025-03-09,17.52,Defaulted
L0006142,APP0008886,C000779,ACS,8.68,6.94,7,2025-10-27,5.57,Active
L0006143,APP0008887,C002547,Nano,287.42,15.46,30,2025-02-25,0.0,Closed
L0006144,APP0008888,C000226,Nano,268.56,12.91,30,2025-05-01,78.24,Active
L0006145,APP0008889,C003423,ACS,29.37,9.59,7,2025-03-23,0.0,Closed
L0006146,APP0008890,C004115,ACS,12.17,6.97,7,2025-06-21,1.67,Active
L0006147,APP0008891,C004146,ACS,16.9,7.38,7,2025-09-11,12.34,Active
L0006148,APP0008893,C000498,ACS,19.71,6.11,7,2025-05-03,1.89,Active
L0006149,APP0008894,C002578,ACS,25.99,8.92,7,2025-01-24,0.0,Active
L0006150,APP0008895,C003702,Nano,20.13,14.16,30,2025-02-02,0.0,Closed
L0006151,APP0008896,C004514,Nano,165.83,13.14,30,2025-05-13,14.83,Active
L0006152,APP0008897,C000603,ACS,27.69,6.82,7,2025-02-06,0.0,Closed
L0006153,APP0008899,C000707,ACS,7.27,6.64,7,2025-03-21,0.0,Active
L0006154,APP0008900,C002737,Nano,243.91,15.86,30,2025-07-23,65.61,Active
L0006155,APP0008901,C000831,Nano,103.85,15.46,30,2025-03-25,0.0,Closed
L0006156,APP0008903,C001730,BNPL,430.58,3.8,115,2025-01-30,260.78,Defaulted
L0006157,APP0008904,C004047,ACS,26.76,8.12,7,2025-03-01,0.0,Closed
L0006158,APP0008907,C000428,ACS,18.51,6.53,7,2025-04-29,9.13,Defaulted
L0006159,APP0008908,C001005,Nano,176.39,16.27,30,2025-09-24,96.65,Active
L0006160,APP0008909,C003755,ACS,8.12,7.98,7,2025-02-03,0.0,Closed
L0006161,APP0008910,C003813,ACS,21.05,6.03,7,2025-04-08,0.0,Closed
L0006162,APP0008911,C003339,ACS,29.15,6.1,7,2025-05-12,1.2,Active
L0006163,APP0008912,C000399,ACS,26.43,6.77,7,2025-05-26,0.51,Closed
L0006164,APP0008914,C002997,Nano,90.0,14.74,30,2025-08-02,47.53,Active
L0006165,APP0008915,C004685,Nano,117.82,15.07,30,2025-01-17,0.0,Closed
L0006166,APP0008917,C000934,ACS,18.76,8.23,7,2025-11-17,14.18,Active
L0006167,APP0008919,C002341,ACS,20.01,8.39,7,2025-03-03,0.0,Closed
L0006168,APP0008920,C001898,Nano,113.57,17.14,30,2025-01-17,0.0,Closed
L0006169,APP0008921,C001921,BNPL,644.16,4.34,113,2025-07-30,174.89,Active
L0006170,APP0008922,C002075,BNPL,419.08,2.8,139,2025-06-10,60.28,Active
L0006171,APP0008927,C000663,Nano,283.43,17.63,30,2025-02-02,0.0,Closed
L0006172,APP0008928,C003005,BNPL,147.18,2.69,125,2025-05-21,63.18,Active
L0006173,APP0008929,C004193,ACS,8.19,9.33,7,2025-06-30,1.17,Active
L0006174,APP0008933,C001189,ACS,6.17,8.69,7,2025-11-28,4.68,Active
L0006175,APP0008936,C004543,BNPL,715.0,4.22,113,2025-05-20,38.81,Active
L0006176,APP0008937,C002026,ACS,6.44,9.77,7,2025-10-19,4.06,Active
L0006177,APP0008938,C000645,ACS,25.36,8.91,7,2025-08-03,9.87,Active
L0006178,APP0008939,C003659,ACS,14.6,9.94,7,2025-04-20,9.78,Defaulted
L0006179,APP0008940,C001845,ACS,25.51,9.17,7,2025-02-23,0.0,Active
L0006180,APP0008941,C003192,Nano,134.52,17.15,30,2025-06-10,34.59,Active
L0006181,APP0008942,C000909,BNPL,929.61,4.33,105,2025-03-29,0.0,Closed
L0006182,APP0008944,C003610,Nano,107.08,15.81,30,2025-05-05,3.87,Active
L0006183,APP0008945,C004285,BNPL,642.56,3.28,175,2025-07-29,171.51,Active
L0006184,APP0008947,C003998,Nano,147.59,17.41,30,2025-03-16,122.76,Defaulted
L0006185,APP0008949,C003680,Nano,200.82,15.93,30,2025-02-18,111.34,Defaulted
L0006186,APP0008950,C002068,ACS,15.25,9.46,7,2025-05-21,0.29,Closed
L0006187,APP0008951,C003508,Nano,202.07,17.4,30,2025-02-11,0.0,Closed
L0006188,APP0008954,C003923,Nano,275.54,17.92,30,2025-09-17,140.44,Active
L0006189,APP0008956,C002634,BNPL,620.49,3.02,91,2025-02-22,0.0,Closed
L0006190,APP0008957,C000292,ACS,20.99,9.89,7,2025-03-19,0.0,Closed
L0006191,APP0008958,C002780,BNPL,442.89,3.34,174,2025-09-09,230.64,Active
L0006192,APP0008959,C000545,Nano,137.6,12.3,30,2025-06-26,19.9,Active
L0006193,APP0008961,C004926,Nano,105.93,13.02,30,2025-01-10,67.19,Defaulted
L0006194,APP0008963,C002232,BNPL,576.07,4.04,100,2025-07-13,153.32,Active
L0006195,APP0008965,C003478,Nano,157.58,16.79,30,2025-09-13,81.23,Active
L0006196,APP0008966,C001887,ACS,10.27,6.36,7,2025-05-06,0.28,Closed
L0006197,APP0008967,C000757,ACS,14.38,7.36,7,2025-04-18,3.24,Active
L0006198,APP0008968,C001212,Nano,217.65,13.65,30,2025-03-30,16.36,Active
L0006199,APP0008969,C003086,Nano,239.47,15.47,30,2025-05-10,88.74,Active
L0006200,APP0008972,C003036,ACS,10.82,7.84,7,2025-09-17,5.52,Active
L0006201,APP0008973,C003925,Nano,134.01,14.41,30,2025-08-11,75.99,Active
L0006202,APP0008974,C000305,Nano,175.91,16.4,30,2025-09-03,90.68,Active
L0006203,APP0008976,C000964,ACS,9.5,6.2,7,2025-01-30,2.09,Active
L0006204,APP0008977,C002104,ACS,20.05,9.91,7,2025-04-04,1.21,Active
L0006205,APP0008978,C002403,ACS,15.09,6.03,7,2025-07-04,7.57,Active
L0006206,APP0008980,C000940,ACS,23.78,6.74,7,2025-06-25,4.74,Active
L0006207,APP0008981,C004773,Nano,204.88,14.49,30,2025-03-03,37.33,Active
L0006208,APP0008984,C001540,Nano,45.62,15.88,30,2025-01-29,0.0,Closed
L0006209,APP0008986,C001749,Nano,256.1,14.72,30,2025-04-09,0.0,Active
L0006210,APP0008987,C000586,ACS,17.46,8.46,7,2025-05-13,0.47,Closed
L0006211,APP0008988,C003934,ACS,19.1,7.55,7,2025-07-09,6.4,Active
L0006212,APP0008989,C003970,ACS,29.84,7.52,7,2025-03-07,0.0,Closed
L0006213,APP0008990,C002622,BNPL,319.46,4.38,99,2025-03-18,0.0,Closed
L0006214,APP0008991,C004823,BNPL,574.86,2.01,176,2025-04-27,308.6,Defaulted
L0006215,APP0008992,C000566,BNPL,788.53,2.55,165,2025-02-26,63.08,Active
L0006216,APP0008993,C004393,Nano,286.55,15.35,30,2025-07-16,237.73,Active
L0006217,APP0008994,C001860,ACS,25.6,9.43,7,2025-01-27,13.94,Defaulted
L0006218,APP0008995,C003791,Nano,168.85,16.17,30,2025-02-20,0.0,Closed
L0006219,APP0008996,C004482,ACS,21.23,9.61,7,2025-07-26,14.44,Active
L0006220,APP0008997,C000639,ACS,25.26,8.07,7,2025-03-30,0.0,Closed
L0006221,APP0008998,C004231,Nano,120.01,17.34,30,2025-06-18,17.58,Active
L0006222,APP0008999,C004961,ACS,24.91,6.36,7,2025-09-13,20.74,Active
L0006223,APP0009002,C004218,ACS,16.07,6.9,7,2025-04-21,0.17,Closed
L0006224,APP0009004,C000458,BNPL,625.14,2.54,147,2025-04-27,117.86,Active
L0006225,APP0009006,C000611,ACS,28.42,7.11,7,2025-03-13,0.0,Closed
L0006226,APP0009008,C000094,Nano,37.67,13.27,30,2025-06-23,6.77,Active
L0006227,APP0009011,C003354,Nano,135.25,13.73,30,2025-09-29,69.38,Active
L0006228,APP0009013,C000486,Nano,27.2,17.11,30,2025-05-01,0.56,Closed
L0006229,APP0009018,C001236,ACS,18.33,7.53,7,2025-03-22,16.5,Defaulted
L0006230,APP0009019,C002378,BNPL,236.44,4.66,148,2025-03-07,0.0,Closed
L0006231,APP0009020,C004163,ACS,21.79,8.64,7,2025-10-03,13.86,Active
L0006232,APP0009022,C004015,Nano,172.59,15.5,30,2025-02-24,0.0,Closed
L0006233,APP0009025,C002250,Nano,155.73,17.93,30,2025-04-15,0.0,Closed
L0006234,APP0009026,C001892,Nano,285.92,17.88,30,2025-06-03,87.4,Active
L0006235,APP0009027,C001631,ACS,14.42,6.7,7,2025-07-22,3.92,Active
L0006236,APP0009028,C004628,BNPL,597.03,4.09,173,2025-06-25,452.62,Defaulted
L0006237,APP0009030,C004480,BNPL,239.09,4.27,174,2025-05-07,126.18,Active
L0006238,APP0009031,C004561,Nano,280.67,12.98,30,2025-03-05,0.0,Active
L0006239,APP0009032,C003255,BNPL,682.37,4.98,154,2025-05-01,394.67,Active
L0006240,APP0009033,C000133,BNPL,851.11,4.57,122,2025-04-27,0.0,Active
L0006241,APP0009034,C003063,ACS,5.95,6.05,7,2025-09-27,4.12,Active
L0006242,APP0009036,C001685,ACS,15.02,8.79,7,2025-06-07,8.31,Active
L0006243,APP0009037,C000377,BNPL,969.34,4.62,153,2025-02-13,0.0,Closed
L0006244,APP0009040,C004693,ACS,24.1,7.76,7,2025-07-16,8.51,Active
L0006245,APP0009041,C003419,ACS,20.8,9.47,7,2025-04-15,0.0,Closed
L0006246,APP0009042,C001582,ACS,22.25,9.15,7,2025-08-04,10.29,Active
L0006247,APP0009044,C001430,BNPL,894.49,4.38,126,2025-01-12,583.1,Defaulted
L0006248,APP0009045,C001346,Nano,115.71,12.51,30,2025-05-21,23.56,Active
L0006249,APP0009047,C003554,Nano,66.7,14.24,30,2025-01-16,0.0,Closed
L0006250,APP0009050,C002702,ACS,7.66,8.82,7,2025-10-29,5.46,Active
L0006251,APP0009051,C000053,ACS,18.24,8.06,7,2025-04-30,0.0,Closed
L0006252,APP0009052,C004838,Nano,106.35,15.18,30,2025-08-13,42.87,Active
L0006253,APP0009054,C003087,ACS,16.62,9.22,7,2025-09-19,12.57,Active
L0006254,APP0009055,C002117,BNPL,383.43,2.56,173,2025-09-11,242.43,Active
L0006255,APP0009056,C001468,ACS,9.41,9.44,7,2025-05-08,0.24,Closed
L0006256,APP0009057,C001517,Nano,50.32,14.79,30,2025-02-21,36.48,Defaulted
L0006257,APP0009058,C002932,Nano,268.31,12.06,30,2025-10-30,178.7,Active
L0006258,APP0009059,C002148,ACS,13.58,8.64,7,2025-05-19,0.88,Active
L0006259,APP0009060,C000778,Nano,131.53,12.18,30,2025-07-22,35.51,Active
L0006260,APP0009062,C002241,ACS,14.04,9.55,7,2025-03-02,4.1,Active
L0006261,APP0009063,C003129,Nano,232.92,16.15,30,2025-02-17,0.0,Closed
L0006262,APP0009064,C002215,Nano,80.25,17.07,30,2025-01-08,0.0,Active
L0006263,APP0009065,C000976,ACS,6.81,9.86,7,2025-03-09,4.95,Defaulted
L0006264,APP0009066,C002883,ACS,24.55,9.15,7,2025-01-31,0.0,Closed
L0006265,APP0009067,C004185,BNPL,616.14,4.78,109,2025-04-09,23.29,Active
L0006266,APP0009068,C001937,BNPL,232.68,3.36,124,2025-09-15,185.09,Active
L0006267,APP0009071,C001487,ACS,29.86,8.81,7,2025-02-12,0.0,Closed
L0006268,APP0009077,C002687,ACS,17.96,6.43,7,2025-02-11,0.0,Closed
L0006269,APP0009078,C002693,ACS,9.34,7.3,7,2025-05-30,0.23,Closed
L0006270,APP0009079,C004799,BNPL,526.32,3.52,135,2025-01-25,0.0,Closed
L0006271,APP0009080,C003145,Nano,296.92,14.49,30,2025-05-02,12.47,Active
L0006272,APP0009081,C004245,ACS,24.96,7.05,7,2025-02-26,0.0,Closed
L0006273,APP0009082,C000522,ACS,17.43,7.67,7,2025-01-29,0.0,Closed
L0006274,APP0009084,C000727,BNPL,412.13,3.95,161,2025-01-21,0.0,Closed
L0006275,APP0009085,C001020,Nano,57.09,12.12,30,2025-09-26,29.18,Active
L0006276,APP0009086,C003663,Nano,118.08,17.73,30,2025-05-30,12.42,Active
L0006277,APP0009087,C004350,ACS,9.17,7.84,7,2025-01-09,0.0,Closed
L0006278,APP0009088,C004504,Nano,154.64,12.68,30,2025-04-16,0.0,Closed
L0006279,APP0009090,C002595,Nano,240.77,13.56,30,2025-04-03,160.48,Defaulted
L0006280,APP0009091,C002171,ACS,22.4,6.02,7,2025-08-06,8.64,Active
L0006281,APP0009092,C000838,Nano,124.15,15.24,30,2025-05-21,28.43,Active
L0006282,APP0009094,C003985,BNPL,712.03,3.49,153,2025-03-22,0.0,Closed
L0006283,APP0009095,C000638,Nano,55.24,17.08,30,2025-02-19,27.02,Active
L0006284,APP0009096,C004588,ACS,18.3,6.72,7,2025-09-30,11.22,Active
L0006285,APP0009098,C003351,BNPL,895.99,4.51,160,2025-05-14,23.36,Closed
L0006286,APP0009099,C000639,BNPL,519.62,4.26,97,2025-11-21,393.66,Active
L0006287,APP0009100,C000915,Nano,28.14,12.36,30,2025-03-12,1.5,Active
L0006288,APP0009101,C003027,ACS,28.33,6.79,7,2025-04-23,0.0,Closed
L0006289,APP0009102,C002063,Nano,171.63,16.08,30,2025-04-21,0.0,Closed
L0006290,APP0009104,C004700,Nano,291.38,12.89,30,2025-07-02,76.5,Active
L0006291,APP0009105,C004436,ACS,7.78,7.81,7,2025-03-30,0.0,Closed
L0006292,APP0009106,C000958,Nano,247.5,14.64,30,2025-10-11,155.62,Active
L0006293,APP0009108,C000854,Nano,56.05,17.6,30,2025-02-23,33.47,Defaulted
L0006294,APP0009109,C003587,BNPL,990.11,4.52,175,2025-05-02,22.33,Closed
L0006295,APP0009111,C003730,Nano,82.77,17.7,30,2025-08-13,33.73,Active
L0006296,APP0009112,C002716,Nano,184.87,16.58,30,2025-03-16,108.0,Defaulted
L0006297,APP0009113,C000120,BNPL,489.13,3.2,152,2025-04-11,175.29,Active
L0006298,APP0009114,C001024,BNPL,796.4,2.29,180,2025-07-07,239.7,Active
L0006299,APP0009115,C004955,BNPL,972.1,4.81,173,2025-05-13,22.46,Closed
L0006300,APP0009118,C004684,ACS,23.29,8.74,7,2025-02-14,0.0,Closed
L0006301,APP0009119,C002152,BNPL,990.62,2.76,152,2025-11-05,746.13,Active
L0006302,APP0009120,C004276,BNPL,101.93,2.91,132,2025-06-01,42.17,Active
L0006303,APP0009121,C004028,Nano,59.53,14.01,30,2025-02-14,0.0,Closed
L0006304,APP0009122,C000033,Nano,145.39,12.05,30,2025-03-25,6.48,Active
L0006305,APP0009123,C004657,ACS,24.5,9.49,7,2025-09-15,12.58,Active
L0006306,APP0009125,C004962,Nano,132.77,15.46,30,2025-02-06,0.0,Closed
L0006307,APP0009126,C003135,Nano,276.57,15.25,30,2025-02-21,0.0,Active
L0006308,APP0009127,C003492,ACS,5.39,6.41,7,2025-02-21,4.07,Defaulted
L0006309,APP0009129,C000758,ACS,29.84,7.56,7,2025-02-21,16.26,Defaulted
L0006310,APP0009132,C004857,ACS,7.16,7.33,7,2025-03-02,0.12,Active
L0006311,APP0009133,C001377,Nano,41.61,17.52,30,2025-05-14,14.48,Active
L0006312,APP0009134,C000146,Nano,116.69,16.79,30,2025-05-14,2.74,Closed
L0006313,APP0009135,C003433,ACS,19.2,9.68,7,2025-03-16,0.0,Closed
L0006314,APP0009136,C000924,ACS,21.52,7.68,7,2025-04-24,6.13,Active
L0006315,APP0009137,C002554,ACS,11.85,6.24,7,2025-02-02,0.97,Active
L0006316,APP0009139,C002867,Nano,286.86,17.54,30,2025-05-10,15.52,Active
L0006317,APP0009140,C003790,ACS,8.34,8.79,7,2025-06-09,1.55,Active
L0006318,APP0009142,C001334,ACS,16.46,8.07,7,2025-05-13,3.02,Active
L0006319,APP0009143,C002030,ACS,29.09,8.53,7,2025-10-20,18.55,Active
L0006320,APP0009145,C002710,Nano,93.76,17.0,30,2025-02-14,11.42,Active
L0006321,APP0009147,C003708,ACS,16.25,9.83,7,2025-05-10,0.36,Closed
L0006322,APP0009149,C003040,BNPL,780.38,2.25,105,2025-03-18,0.0,Closed
L0006323,APP0009150,C003770,ACS,25.62,9.92,7,2025-07-12,8.11,Active
L0006324,APP0009152,C000164,BNPL,375.7,2.21,177,2025-10-27,263.45,Active
L0006325,APP0009153,C001406,Nano,24.37,13.61,30,2025-02-22,0.0,Active
L0006326,APP0009154,C004462,ACS,18.37,6.98,7,2025-02-06,4.31,Active
L0006327,APP0009159,C000898,ACS,16.91,6.38,7,2025-03-02,6.62,Defaulted
L0006328,APP0009162,C002955,Nano,37.77,17.71,30,2025-07-03,12.65,Active
L0006329,APP0009163,C003455,ACS,9.2,6.24,7,2025-08-17,4.93,Active
L0006330,APP0009164,C000814,ACS,22.62,8.4,7,2025-06-11,4.79,Active
L0006331,APP0009165,C002341,ACS,5.08,7.64,7,2025-03-27,2.66,Defaulted
L0006332,APP0009166,C002739,ACS,21.41,8.78,7,2025-08-20,10.45,Active
L0006333,APP0009168,C000947,ACS,27.36,6.22,7,2025-04-05,0.0,Closed
L0006334,APP0009169,C003478,ACS,18.57,8.87,7,2025-01-21,0.0,Closed
L0006335,APP0009171,C002970,Nano,177.49,16.35,30,2025-03-13,0.0,Closed
L0006336,APP0009172,C000445,Nano,186.88,14.32,30,2025-05-22,3.57,Closed
L0006337,APP0009173,C000593,ACS,10.79,9.14,7,2025-04-24,0.0,Closed
L0006338,APP0009176,C003220,BNPL,984.12,3.28,94,2025-03-02,0.0,Closed
L0006339,APP0009177,C003868,ACS,14.8,8.72,7,2025-04-28,0.0,Closed
L0006340,APP0009179,C001481,ACS,11.45,8.51,7,2025-05-22,5.29,Active
L0006341,APP0009180,C004586,ACS,10.09,8.06,7,2025-04-10,0.0,Closed
L0006342,APP0009181,C003463,Nano,179.04,17.14,30,2025-07-29,81.95,Active
L0006343,APP0009182,C002633,Nano,39.83,13.7,30,2025-01-20,0.0,Closed
L0006344,APP0009183,C002791,ACS,23.32,6.96,7,2025-06-08,4.37,Active
L0006345,APP0009184,C003753,Nano,50.33,14.46,30,2025-06-05,6.85,Active
L0006346,APP0009186,C002223,ACS,10.21,6.68,7,2025-04-15,6.41,Defaulted
L0006347,APP0009188,C003959,Nano,53.13,17.34,30,2025-07-15,24.22,Active
L0006348,APP0009189,C002504,Nano,185.91,17.07,30,2025-02-22,0.0,Closed
L0006349,APP0009190,C004488,ACS,16.35,8.04,7,2025-06-06,2.39,Active
L0006350,APP0009192,C002065,ACS,15.04,6.76,7,2025-06-13,2.23,Active
L0006351,APP0009193,C000273,ACS,16.77,7.7,7,2025-07-09,8.7,Active
L0006352,APP0009194,C004837,ACS,29.48,8.63,7,2025-05-28,0.7,Closed
L0006353,APP0009195,C001714,Nano,106.13,13.25,30,2025-05-07,47.42,Active
L0006354,APP0009197,C003061,BNPL,129.14,4.19,155,2025-03-02,46.62,Active
L0006355,APP0009198,C004231,ACS,20.84,9.1,7,2025-08-29,9.11,Active
L0006356,APP0009199,C000557,BNPL,212.85,3.33,104,2025-10-10,135.34,Active
L0006357,APP0009200,C002630,ACS,26.55,7.77,7,2025-01-27,0.0,Closed
L0006358,APP0009203,C001381,ACS,22.74,9.67,7,2025-03-03,0.0,Closed
L0006359,APP0009204,C003127,Nano,230.63,15.29,30,2025-06-02,32.03,Active
L0006360,APP0009205,C004948,BNPL,984.49,2.21,132,2025-07-03,265.8,Active
L0006361,APP0009206,C000657,Nano,186.19,16.06,30,2025-01-23,0.0,Active
L0006362,APP0009207,C003151,BNPL,378.0,4.83,118,2025-11-13,286.13,Active
L0006363,APP0009208,C004438,ACS,20.06,9.92,7,2025-05-30,2.5,Active
L0006364,APP0009209,C003781,BNPL,575.15,3.06,178,2025-02-10,0.0,Active
L0006365,APP0009210,C004080,ACS,10.19,8.51,7,2025-03-15,0.0,Closed
L0006366,APP0009212,C003272,ACS,21.42,6.91,7,2025-02-16,9.12,Defaulted
L0006367,APP0009214,C001165,Nano,108.29,13.87,30,2025-05-14,2.39,Closed
L0006368,APP0009215,C002068,ACS,19.56,6.66,7,2025-03-13,0.0,Active
L0006369,APP0009217,C001048,Nano,295.05,13.43,30,2025-05-20,8.43,Closed
L0006370,APP0009218,C004266,ACS,24.04,6.47,7,2025-05-10,7.64,Active
L0006371,APP0009219,C003173,Nano,62.77,12.39,30,2025-03-16,0.0,Closed
L0006372,APP0009220,C003577,Nano,116.35,15.32,30,2025-03-15,0.0,Closed
L0006373,APP0009222,C001827,Nano,91.26,13.85,30,2025-02-12,0.0,Closed
L0006374,APP0009223,C002321,BNPL,313.59,4.23,107,2025-03-02,51.67,Active
L0006375,APP0009225,C004388,Nano,111.12,17.75,30,2025-08-16,59.47,Active
L0006376,APP0009227,C004344,Nano,233.75,14.43,30,2025-08-04,107.85,Active
L0006377,APP0009228,C004247,ACS,9.62,8.97,7,2025-01-28,0.0,Closed
L0006378,APP0009229,C003211,ACS,7.57,9.91,7,2025-04-05,0.0,Closed
L0006379,APP0009230,C001545,Nano,231.37,13.62,30,2025-05-20,22.07,Active
L0006380,APP0009231,C000495,BNPL,777.12,2.48,143,2025-06-19,129.24,Active
L0006381,APP0009233,C003034,BNPL,885.64,4.55,100,2025-03-26,0.0,Closed
L0006382,APP0009235,C004510,Nano,162.84,12.18,30,2025-08-23,64.03,Active
L0006383,APP0009236,C002006,BNPL,812.65,2.31,106,2025-04-20,0.0,Active
L0006384,APP0009238,C003115,Nano,34.21,12.78,30,2025-04-22,18.22,Active
L0006385,APP0009239,C000780,Nano,193.32,14.08,30,2025-03-16,0.0,Active
L0006386,APP0009240,C004159,Nano,120.69,13.58,30,2025-05-08,3.9,Active
L0006387,APP0009241,C002749,Nano,85.87,14.25,30,2025-05-16,7.91,Active
L0006388,APP0009242,C004624,ACS,25.41,6.36,7,2025-01-03,0.0,Closed
L0006389,APP0009243,C004273,BNPL,635.76,3.16,90,2025-03-14,0.0,Active
L0006390,APP0009244,C000401,ACS,27.24,8.93,7,2025-02-19,0.0,Closed
L0006391,APP0009245,C004491,ACS,16.19,7.39,7,2025-03-12,12.85,Defaulted
L0006392,APP0009246,C000236,ACS,19.65,8.27,7,2025-02-01,0.0,Active
L0006393,APP0009247,C003967,ACS,26.62,9.03,7,2025-06-29,3.71,Active
L0006394,APP0009248,C001814,ACS,15.82,9.33,7,2025-04-13,0.0,Closed
L0006395,APP0009249,C001723,Nano,226.13,15.33,30,2025-02-26,0.0,Closed
L0006396,APP0009250,C004051,ACS,11.06,6.23,7,2025-05-05,1.39,Active
L0006397,APP0009251,C001374,BNPL,113.74,2.25,140,2025-02-09,0.0,Closed
L0006398,APP0009252,C004538,ACS,20.54,6.88,7,2025-09-19,12.01,Active
L0006399,APP0009253,C000202,ACS,12.92,7.8,7,2025-02-08,0.0,Closed
L0006400,APP0009254,C000843,ACS,10.26,9.58,7,2025-01-04,0.0,Closed
L0006401,APP0009255,C001789,ACS,29.29,6.09,7,2025-02-15,8.43,Active
L0006402,APP0009260,C002880,ACS,26.92,6.46,7,2025-07-18,7.1,Active
L0006403,APP0009261,C001694,Nano,49.38,16.25,30,2025-05-15,22.57,Defaulted
L0006404,APP0009262,C002039,Nano,201.57,14.18,30,2025-01-25,0.0,Active
L0006405,APP0009263,C001683,BNPL,417.37,2.5,96,2025-04-13,126.76,Active
L0006406,APP0009265,C003472,ACS,16.0,8.86,7,2025-05-17,0.29,Closed
L0006407,APP0009266,C000565,BNPL,250.94,3.42,101,2025-08-03,106.4,Active
L0006408,APP0009269,C002259,Nano,169.57,12.42,30,2025-07-07,46.82,Active
L0006409,APP0009271,C002590,Nano,270.79,15.89,30,2025-05-02,31.35,Active
L0006410,APP0009273,C002874,Nano,286.26,14.79,30,2025-05-20,7.73,Closed
L0006411,APP0009275,C004560,ACS,28.92,8.16,7,2025-02-17,23.52,Defaulted
L0006412,APP0009281,C000862,Nano,172.79,17.47,30,2025-08-02,66.94,Active
L0006413,APP0009282,C000500,Nano,50.84,14.11,30,2025-04-01,3.37,Active
L0006414,APP0009283,C004049,ACS,11.28,6.15,7,2025-02-11,0.0,Active
L0006415,APP0009285,C001008,ACS,9.96,7.27,7,2025-06-28,3.27,Active
L0006416,APP0009287,C000602,ACS,12.52,9.94,7,2025-05-28,1.39,Active
L0006417,APP0009288,C001181,Nano,174.1,17.0,30,2025-05-03,82.54,Defaulted
L0006418,APP0009289,C004069,ACS,19.82,7.29,7,2025-06-11,10.4,Active
L0006419,APP0009291,C001149,ACS,16.2,8.65,7,2025-06-08,4.28,Active
L0006420,APP0009293,C000002,ACS,20.34,9.86,7,2025-03-28,0.0,Closed
L0006421,APP0009294,C001834,BNPL,677.63,2.05,143,2025-02-10,0.0,Closed
L0006422,APP0009297,C001963,BNPL,436.04,3.82,90,2025-03-17,80.07,Active
L0006423,APP0009299,C003871,Nano,62.05,17.07,30,2025-07-19,20.83,Active
L0006424,APP0009300,C000696,ACS,28.66,6.84,7,2025-01-11,0.0,Active
L0006425,APP0009302,C000400,Nano,255.27,16.92,30,2025-03-09,0.0,Closed
L0006426,APP0009303,C000529,Nano,289.88,13.36,30,2025-06-13,42.53,Active
L0006427,APP0009304,C003401,Nano,217.01,17.84,30,2025-05-11,12.16,Active
L0006428,APP0009305,C002259,Nano,67.42,15.56,30,2025-04-03,0.36,Closed
L0006429,APP0009306,C002200,BNPL,861.59,4.84,142,2025-03-01,0.0,Closed
L0006430,APP0009307,C001357,BNPL,282.03,2.9,92,2025-02-09,0.0,Closed
L0006431,APP0009309,C004388,Nano,29.14,17.48,30,2025-03-24,2.49,Active
L0006432,APP0009310,C003963,Nano,115.17,15.21,30,2025-10-31,83.71,Active
L0006433,APP0009311,C002311,ACS,17.92,8.07,7,2025-01-15,12.31,Defaulted
L0006434,APP0009312,C000096,ACS,22.46,8.67,7,2025-01-11,0.0,Active
L0006435,APP0009315,C000948,ACS,25.5,7.3,7,2025-02-07,0.0,Active
L0006436,APP0009316,C000637,Nano,229.42,12.65,30,2025-05-13,7.08,Active
L0006437,APP0009318,C000139,Nano,167.28,16.17,30,2025-08-10,85.23,Active
L0006438,APP0009321,C001468,ACS,25.45,6.57,7,2025-08-06,12.79,Active
L0006439,APP0009322,C000778,ACS,8.64,6.48,7,2025-05-17,3.95,Active
L0006440,APP0009323,C003222,Nano,187.79,14.27,30,2025-05-04,66.9,Active
L0006441,APP0009325,C004873,Nano,52.41,16.92,30,2025-01-11,0.0,Closed
L0006442,APP0009327,C003678,ACS,5.35,7.68,7,2025-06-23,0.78,Active
L0006443,APP0009328,C004219,Nano,88.1,15.08,30,2025-07-24,23.13,Active
L0006444,APP0009329,C003949,Nano,141.54,15.62,30,2025-06-11,20.71,Active
L0006445,APP0009330,C002429,ACS,19.61,7.47,7,2025-03-05,2.55,Active
L0006446,APP0009331,C000385,Nano,64.13,17.24,30,2025-06-22,39.08,Active
L0006447,APP0009332,C000399,ACS,12.12,6.76,7,2025-03-17,0.0,Closed
L0006448,APP0009333,C001779,Nano,208.36,14.72,30,2025-08-09,80.79,Active
L0006449,APP0009335,C004435,ACS,13.0,6.43,7,2025-02-12,0.0,Active
L0006450,APP0009336,C002231,ACS,19.04,7.99,7,2025-05-21,1.48,Active
L0006451,APP0009337,C004986,Nano,153.3,13.29,30,2025-03-05,0.0,Closed
L0006452,APP0009338,C001406,Nano,125.83,12.45,30,2025-08-16,48.51,Active
L0006453,APP0009339,C004835,ACS,21.87,6.89,7,2025-05-03,4.24,Active
L0006454,APP0009340,C001688,ACS,12.06,6.24,7,2025-04-11,9.55,Defaulted
L0006455,APP0009342,C002501,Nano,174.27,14.88,30,2025-07-20,46.47,Active
L0006456,APP0009343,C000095,ACS,15.5,7.09,7,2025-08-12,6.04,Active
L0006457,APP0009344,C004713,Nano,115.14,16.39,30,2025-03-17,35.11,Active
L0006458,APP0009345,C001028,Nano,288.23,16.43,30,2025-06-21,43.76,Active
L0006459,APP0009346,C004025,ACS,11.58,9.28,7,2025-07-02,8.02,Active
L0006460,APP0009347,C004099,Nano,115.27,16.63,30,2025-08-23,44.81,Active
L0006461,APP0009349,C002845,BNPL,988.09,4.42,174,2025-08-26,462.86,Active
L0006462,APP0009350,C003927,Nano,248.56,13.17,30,2025-02-18,11.67,Active
L0006463,APP0009352,C001973,Nano,75.86,13.43,30,2025-05-19,1.95,Closed
L0006464,APP0009353,C002051,ACS,14.63,8.36,7,2025-03-15,0.0,Closed
L0006465,APP0009354,C004079,Nano,139.92,16.39,30,2025-03-02,115.69,Defaulted
L0006466,APP0009355,C002457,ACS,15.18,7.04,7,2025-02-07,12.27,Defaulted
L0006467,APP0009356,C003086,Nano,137.79,14.83,30,2025-03-01,0.0,Closed
L0006468,APP0009357,C000579,BNPL,394.51,2.54,153,2025-02-25,0.0,Closed
L0006469,APP0009359,C001668,Nano,95.53,15.08,30,2025-02-09,0.0,Closed
L0006470,APP0009360,C001811,Nano,102.57,16.13,30,2025-02-19,0.0,Closed
L0006471,APP0009361,C004505,ACS,18.68,7.1,7,2025-05-09,16.89,Defaulted
L0006472,APP0009362,C003566,ACS,6.92,8.52,7,2025-03-13,0.0,Closed
L0006473,APP0009363,C002788,Nano,69.03,16.64,30,2025-02-04,42.96,Defaulted
L0006474,APP0009364,C002829,ACS,18.66,7.35,7,2025-01-22,0.0,Closed
L0006475,APP0009366,C003093,ACS,19.45,7.49,7,2025-04-24,0.0,Closed
L0006476,APP0009367,C001048,BNPL,853.57,4.69,106,2025-01-28,0.0,Active
L0006477,APP0009368,C002736,BNPL,880.41,3.52,137,2025-03-05,0.0,Closed
L0006478,APP0009371,C000666,ACS,22.72,8.9,7,2025-07-27,6.7,Active
L0006479,APP0009372,C002372,BNPL,581.09,4.3,127,2025-09-22,313.21,Active
L0006480,APP0009373,C002877,BNPL,169.07,2.28,176,2025-04-19,0.0,Closed
L0006481,APP0009374,C000257,Nano,272.33,12.73,30,2025-07-30,71.89,Active
L0006482,APP0009377,C003335,Nano,95.35,13.4,30,2025-02-25,0.0,Active
L0006483,APP0009378,C002378,BNPL,983.21,2.92,93,2025-06-26,143.75,Active
L0006484,APP0009382,C000240,ACS,8.16,6.08,7,2025-02-12,0.0,Closed
L0006485,APP0009384,C000687,ACS,22.83,6.95,7,2025-05-22,5.53,Active
L0006486,APP0009385,C004513,Nano,218.17,12.37,30,2025-03-15,0.0,Closed
L0006487,APP0009386,C002327,Nano,273.48,12.65,30,2025-02-20,0.0,Closed
L0006488,APP0009387,C003135,ACS,26.73,9.47,7,2025-05-12,2.84,Active
L0006489,APP0009388,C004839,ACS,6.54,8.02,7,2025-05-14,0.65,Active
L0006490,APP0009389,C000253,BNPL,255.24,2.16,175,2025-04-13,0.0,Closed
L0006491,APP0009390,C002432,Nano,59.3,17.57,30,2025-05-08,3.95,Active
L0006492,APP0009391,C000338,ACS,13.71,7.71,7,2025-02-24,0.0,Closed
L0006493,APP0009392,C003863,BNPL,426.49,2.27,169,2025-02-28,195.53,Defaulted
L0006494,APP0009393,C002935,Nano,258.21,17.8,30,2025-05-27,5.52,Closed
L0006495,APP0009397,C004570,Nano,60.31,12.15,30,2025-05-25,1.65,Closed
L0006496,APP0009401,C001959,ACS,19.34,6.49,7,2025-06-06,2.88,Active
L0006497,APP0009404,C001625,Nano,237.33,14.62,30,2025-04-12,0.0,Active
L0006498,APP0009406,C001843,ACS,6.86,6.96,7,2025-04-14,0.0,Closed
L0006499,APP0009407,C001346,ACS,15.22,7.36,7,2025-06-17,4.08,Active
L0006500,APP0009408,C003464,Nano,285.71,17.25,30,2025-02-24,0.0,Closed
L0006501,APP0009409,C003993,Nano,158.86,13.73,30,2025-03-24,0.0,Active
L0006502,APP0009410,C003685,Nano,243.56,14.56,30,2025-04-28,0.0,Closed
L0006503,APP0009411,C004020,Nano,270.63,12.05,30,2025-03-12,0.0,Active
L0006504,APP0009412,C003042,ACS,18.7,7.74,7,2025-04-07,0.0,Closed
L0006505,APP0009413,C003440,ACS,10.37,7.78,7,2025-06-08,4.66,Active
L0006506,APP0009414,C001692,Nano,231.98,16.21,30,2025-01-17,0.0,Closed
L0006507,APP0009416,C004727,ACS,29.14,9.59,7,2025-02-01,0.0,Active
L0006508,APP0009417,C000289,Nano,187.17,14.31,30,2025-04-17,0.0,Closed
L0006509,APP0009419,C003467,ACS,16.09,9.32,7,2025-03-09,0.0,Closed
L0006510,APP0009420,C001461,Nano,297.05,13.51,30,2025-06-13,116.23,Active
L0006511,APP0009422,C004216,Nano,81.84,13.77,30,2025-02-13,0.0,Closed
L0006512,APP0009423,C004428,Nano,165.21,15.03,30,2025-03-03,58.14,Active
L0006513,APP0009424,C004677,Nano,24.63,17.16,30,2025-01-30,9.11,Defaulted
L0006514,APP0009425,C003248,Nano,224.82,17.51,30,2025-04-27,119.35,Defaulted
L0006515,APP0009426,C004783,Nano,222.81,15.5,30,2025-05-28,71.77,Active
L0006516,APP0009427,C003247,Nano,262.26,12.61,30,2025-10-26,165.54,Active
L0006517,APP0009430,C004348,Nano,268.84,14.36,30,2025-02-23,3.04,Active
L0006518,APP0009431,C001290,Nano,169.5,16.37,30,2025-02-12,61.99,Defaulted
L0006519,APP0009432,C000919,BNPL,648.14,3.23,102,2025-07-02,481.53,Active
L0006520,APP0009434,C004445,ACS,15.63,9.83,7,2025-08-27,7.45,Active
L0006521,APP0009435,C004880,Nano,125.92,15.89,30,2025-09-18,66.08,Active
L0006522,APP0009436,C003791,Nano,242.77,13.59,30,2025-01-26,0.0,Active
L0006523,APP0009438,C001996,ACS,9.54,9.82,7,2025-06-29,6.23,Defaulted
L0006524,APP0009441,C000799,Nano,138.66,15.68,30,2025-01-24,0.0,Closed
L0006525,APP0009442,C003799,ACS,20.55,6.48,7,2025-07-06,6.53,Active
L0006526,APP0009443,C002117,BNPL,168.81,2.24,113,2025-02-26,88.16,Defaulted
L0006527,APP0009444,C002153,BNPL,720.81,2.12,109,2025-02-15,443.31,Defaulted
L0006528,APP0009445,C004608,Nano,236.87,12.29,30,2025-02-20,106.79,Active
L0006529,APP0009446,C004894,BNPL,458.18,3.15,173,2025-05-28,9.13,Closed
L0006530,APP0009447,C000729,ACS,22.39,8.28,7,2025-03-01,0.0,Active
L0006531,APP0009448,C004274,ACS,16.36,7.52,7,2025-03-18,0.0,Closed
L0006532,APP0009449,C003194,ACS,15.45,8.19,7,2025-08-25,7.55,Active
L0006533,APP0009450,C003953,ACS,5.6,9.83,7,2025-04-15,0.0,Closed
L0006534,APP0009451,C004747,Nano,294.97,15.38,30,2025-01-08,0.0,Closed
L0006535,APP0009452,C001669,Nano,155.47,14.27,30,2025-07-17,49.04,Active
L0006536,APP0009453,C004037,BNPL,885.68,5.0,132,2025-01-19,370.71,Defaulted
L0006537,APP0009454,C003559,ACS,15.21,6.98,7,2025-03-08,11.81,Defaulted
L0006538,APP0009456,C003780,Nano,232.17,15.01,30,2025-08-08,130.84,Active
L0006539,APP0009457,C003842,ACS,24.25,6.84,7,2025-05-28,8.92,Active
L0006540,APP0009458,C002048,Nano,271.7,14.66,30,2025-10-06,172.83,Active
L0006541,APP0009459,C004633,BNPL,787.67,4.64,95,2025-03-26,0.0,Closed
L0006542,APP0009460,C000473,ACS,22.56,6.77,7,2025-06-13,4.45,Active
L0006543,APP0009461,C000935,ACS,5.12,7.4,7,2025-07-11,3.16,Active
L0006544,APP0009462,C003677,ACS,9.22,9.77,7,2025-06-14,7.03,Defaulted
L0006545,APP0009463,C002306,Nano,181.18,13.65,30,2025-02-02,0.0,Closed
L0006546,APP0009466,C000664,ACS,20.83,9.42,7,2025-04-20,7.07,Active
L0006547,APP0009468,C000214,Nano,284.98,13.43,30,2025-06-27,93.59,Active
L0006548,APP0009469,C004464,ACS,16.26,6.28,7,2025-07-29,9.59,Active
L0006549,APP0009470,C001637,ACS,23.35,7.11,7,2025-01-30,0.0,Active
L0006550,APP0009471,C004523,ACS,23.56,7.92,7,2025-07-21,6.26,Active
L0006551,APP0009472,C002550,ACS,10.34,8.1,7,2025-04-16,0.0,Closed
L0006552,APP0009474,C000192,Nano,35.24,17.0,30,2025-05-18,5.89,Active
L0006553,APP0009476,C002818,ACS,8.76,7.81,7,2025-02-02,0.0,Closed
L0006554,APP0009477,C003079,Nano,52.66,13.0,30,2025-04-19,0.0,Closed
L0006555,APP0009478,C004477,ACS,22.93,8.48,7,2025-03-01,12.46,Active
L0006556,APP0009482,C002623,ACS,14.85,6.14,7,2025-06-05,6.17,Active
L0006557,APP0009483,C000881,ACS,25.11,8.04,7,2025-09-20,17.86,Active
L0006558,APP0009484,C001162,ACS,28.01,9.17,7,2025-01-26,0.0,Closed
L0006559,APP0009487,C000582,ACS,26.16,6.25,7,2025-06-11,3.97,Active
L0006560,APP0009489,C002004,ACS,12.17,6.49,7,2025-10-20,7.76,Active
L0006561,APP0009491,C003044,BNPL,475.36,4.53,105,2025-07-26,147.63,Active
L0006562,APP0009492,C004410,ACS,23.08,7.83,7,2025-11-24,19.54,Active
L0006563,APP0009493,C000087,ACS,12.0,7.66,7,2025-06-16,8.96,Defaulted
L0006564,APP0009494,C002260,Nano,61.4,14.23,30,2025-01-26,0.0,Closed
L0006565,APP0009495,C004202,Nano,178.9,12.61,30,2025-08-11,78.88,Active
L0006566,APP0009496,C000919,Nano,25.68,13.1,30,2025-08-18,10.08,Active
L0006567,APP0009497,C001108,ACS,17.1,7.02,7,2025-04-29,0.24,Closed
L0006568,APP0009498,C003537,ACS,22.65,6.47,7,2025-01-17,0.0,Closed
L0006569,APP0009500,C004753,ACS,5.39,6.63,7,2025-01-30,3.12,Defaulted
L0006570,APP0009502,C004790,ACS,14.13,7.49,7,2025-05-18,0.28,Closed
L0006571,APP0009503,C003900,BNPL,400.19,2.15,141,2025-02-05,0.0,Active
L0006572,APP0009504,C004979,ACS,22.61,9.65,7,2025-01-21,15.5,Active
L0006573,APP0009506,C001262,BNPL,721.43,3.73,151,2025-03-03,0.0,Closed
L0006574,APP0009507,C000772,BNPL,651.15,2.99,95,2025-08-29,391.85,Active
L0006575,APP0009508,C004185,Nano,79.73,12.56,30,2025-06-20,20.5,Active
L0006576,APP0009509,C002275,ACS,14.11,8.77,7,2025-11-18,10.69,Active
L0006577,APP0009510,C000259,Nano,274.51,13.75,30,2025-09-19,140.63,Active
L0006578,APP0009512,C000076,BNPL,848.47,2.95,99,2025-03-19,0.0,Active
L0006579,APP0009513,C002888,Nano,138.48,12.93,30,2025-10-06,95.03,Active
L0006580,APP0009515,C000244,ACS,12.73,8.32,7,2025-01-31,0.0,Closed
L0006581,APP0009516,C000600,BNPL,492.63,4.92,135,2025-05-18,11.41,Closed
L0006582,APP0009517,C004525,Nano,293.35,14.95,30,2025-09-20,149.24,Active
L0006583,APP0009518,C001942,BNPL,684.79,4.1,91,2025-02-13,62.43,Active
L0006584,APP0009519,C000254,Nano,83.16,12.27,30,2025-06-07,40.37,Active
L0006585,APP0009520,C000063,Nano,214.12,13.6,30,2025-05-27,137.09,Defaulted
L0006586,APP0009521,C001997,ACS,29.85,8.83,7,2025-01-13,0.0,Closed
L0006587,APP0009522,C000434,ACS,22.37,9.0,7,2025-05-24,0.65,Closed
L0006588,APP0009523,C000674,ACS,20.47,6.05,7,2025-01-22,0.0,Closed
L0006589,APP0009524,C001044,Nano,194.52,15.42,30,2025-05-03,43.97,Active
L0006590,APP0009525,C003511,Nano,224.56,17.06,30,2025-04-08,0.0,Closed
L0006591,APP0009526,C002773,ACS,29.37,8.7,7,2025-09-04,16.83,Active
L0006592,APP0009528,C001660,Nano,62.55,17.31,30,2025-04-29,4.16,Active
L0006593,APP0009533,C001222,ACS,24.36,7.3,7,2025-09-11,12.44,Active
L0006594,APP0009534,C000017,Nano,264.53,13.33,30,2025-02-23,33.89,Active
L0006595,APP0009535,C000403,BNPL,286.28,3.8,112,2025-02-27,0.0,Active
L0006596,APP0009536,C004239,ACS,27.83,8.03,7,2025-01-07,4.84,Active
L0006597,APP0009538,C000289,Nano,93.71,17.91,30,2025-09-17,50.96,Active
L0006598,APP0009540,C004366,Nano,121.12,12.9,30,2025-06-20,17.21,Active
L0006599,APP0009541,C002115,BNPL,740.06,4.49,130,2025-01-03,32.87,Defaulted
L0006600,APP0009543,C002511,BNPL,493.76,2.56,169,2025-07-03,132.19,Active
L0006601,APP0009545,C001008,ACS,5.9,6.08,7,2025-03-10,0.0,Closed
L0006602,APP0009546,C002711,Nano,179.59,17.34,30,2025-01-08,0.0,Active
L0006603,APP0009547,C002383,Nano,191.86,16.67,30,2025-02-20,0.0,Closed
L0006604,APP0009549,C000675,ACS,24.92,6.29,7,2025-03-05,0.0,Closed
L0006605,APP0009550,C000864,BNPL,949.22,2.7,103,2025-06-06,656.89,Active
L0006606,APP0009551,C001116,ACS,13.63,6.11,7,2025-02-10,0.0,Closed
L0006607,APP0009552,C004686,ACS,26.05,8.62,7,2025-07-05,7.01,Active
L0006608,APP0009553,C004484,Nano,87.93,16.23,30,2025-05-21,2.43,Closed
L0006609,APP0009554,C000117,ACS,10.94,9.6,7,2025-01-06,2.87,Active
L0006610,APP0009556,C002758,BNPL,578.36,3.26,169,2025-06-23,85.68,Active
L0006611,APP0009557,C004460,ACS,27.74,6.93,7,2025-03-28,1.27,Active
L0006612,APP0009558,C002306,ACS,16.28,8.26,7,2025-06-04,8.4,Active
L0006613,APP0009559,C003860,Nano,178.49,17.71,30,2025-06-18,84.35,Active
L0006614,APP0009560,C003985,Nano,116.56,17.2,30,2025-04-08,0.0,Closed
L0006615,APP0009561,C002561,ACS,10.51,6.28,7,2025-03-27,4.26,Defaulted
L0006616,APP0009562,C003726,ACS,22.7,9.42,7,2025-06-06,3.07,Active
L0006617,APP0009563,C000354,ACS,6.56,8.68,7,2025-03-10,0.0,Closed
L0006618,APP0009565,C004268,ACS,27.88,6.64,7,2025-04-21,2.03,Active
L0006619,APP0009566,C000818,Nano,167.85,15.63,30,2025-02-11,0.0,Closed
L0006620,APP0009567,C002552,BNPL,168.94,4.61,151,2025-02-15,0.0,Active
L0006621,APP0009569,C002580,ACS,6.49,6.15,7,2025-06-13,5.21,Active
L0006622,APP0009570,C004888,Nano,84.88,14.87,30,2025-04-26,25.25,Active
L0006623,APP0009571,C004270,Nano,202.27,12.19,30,2025-08-04,94.02,Active
L0006624,APP0009572,C000490,Nano,27.61,16.39,30,2025-03-01,0.0,Closed
L0006625,APP0009573,C002647,ACS,11.29,6.0,7,2025-06-13,1.8,Active
L0006626,APP0009574,C003665,ACS,20.13,8.72,7,2025-05-14,0.41,Closed
L0006627,APP0009575,C003742,ACS,25.56,6.6,7,2025-06-24,11.72,Active
L0006628,APP0009577,C002008,Nano,191.31,14.25,30,2025-01-29,0.0,Closed
L0006629,APP0009579,C001778,Nano,238.69,13.49,30,2025-04-13,19.26,Active
L0006630,APP0009582,C003621,Nano,121.45,14.15,30,2025-04-20,77.28,Defaulted
L0006631,APP0009583,C001436,BNPL,500.14,4.55,134,2025-04-11,0.0,Closed
L0006632,APP0009586,C004255,ACS,20.18,7.35,7,2025-07-25,7.85,Active
L0006633,APP0009587,C004974,Nano,242.59,13.12,30,2025-03-30,0.0,Active
L0006634,APP0009591,C002973,Nano,231.25,16.02,30,2025-05-03,4.88,Closed
L0006635,APP0009592,C001422,Nano,191.98,17.96,30,2025-07-05,139.73,Defaulted
L0006636,APP0009593,C004080,ACS,17.06,6.4,7,2025-04-21,7.18,Active
L0006637,APP0009594,C003512,Nano,259.1,17.28,30,2025-06-09,100.43,Active
L0006638,APP0009595,C004157,BNPL,379.69,3.81,128,2025-09-18,195.35,Active
L0006639,APP0009597,C003378,ACS,24.61,6.36,7,2025-06-29,3.78,Active
L0006640,APP0009598,C001716,ACS,13.13,9.55,7,2025-01-28,0.0,Closed
L0006641,APP0009601,C002594,BNPL,985.45,3.38,105,2025-02-15,0.0,Closed
L0006642,APP0009603,C001110,Nano,198.35,13.63,30,2025-03-15,0.0,Active
L0006643,APP0009605,C004406,Nano,97.62,17.81,30,2025-05-19,2.06,Closed
L0006644,APP0009606,C000397,ACS,24.77,7.34,7,2025-02-02,0.0,Active
L0006645,APP0009607,C000835,Nano,226.51,12.52,30,2025-08-21,165.25,Active
L0006646,APP0009608,C000169,ACS,24.41,9.2,7,2025-04-27,2.58,Active
L0006647,APP0009609,C002414,Nano,247.66,12.37,30,2025-09-28,126.33,Active
L0006648,APP0009610,C001186,ACS,16.08,6.2,7,2025-05-22,1.06,Active
L0006649,APP0009611,C002953,ACS,8.37,9.14,7,2025-08-13,4.81,Active
L0006650,APP0009614,C001104,BNPL,231.13,2.76,157,2025-02-07,0.0,Active
L0006651,APP0009615,C003289,Nano,153.86,14.33,30,2025-02-10,97.02,Defaulted
L0006652,APP0009617,C002631,ACS,14.81,8.1,7,2025-10-19,11.45,Active
L0006653,APP0009621,C003566,ACS,20.83,8.34,7,2025-04-22,5.5,Active
L0006654,APP0009623,C002990,ACS,12.88,8.39,7,2025-09-26,7.64,Active
L0006655,APP0009625,C000063,ACS,10.06,6.45,7,2025-06-18,2.07,Active
L0006656,APP0009626,C003862,ACS,25.9,7.28,7,2025-01-29,0.0,Closed
L0006657,APP0009627,C000434,ACS,26.88,6.3,7,2025-02-17,0.0,Closed
L0006658,APP0009628,C002811,ACS,18.96,6.91,7,2025-04-22,0.49,Active
L0006659,APP0009629,C000452,ACS,8.31,9.37,7,2025-04-03,0.0,Closed
L0006660,APP0009630,C000154,ACS,10.48,7.68,7,2025-04-25,0.11,Active
L0006661,APP0009631,C002067,ACS,5.52,6.42,7,2025-08-21,2.13,Active
L0006662,APP0009632,C002684,ACS,12.14,7.39,7,2025-05-27,8.45,Defaulted
L0006663,APP0009636,C002843,Nano,261.12,13.27,30,2025-04-10,13.25,Active
L0006664,APP0009637,C002001,Nano,259.82,16.23,30,2025-01-19,0.0,Active
L0006665,APP0009638,C004543,ACS,25.79,8.07,7,2025-01-15,0.0,Closed
L0006666,APP0009639,C002175,Nano,74.73,17.44,30,2025-03-12,0.0,Closed
L0006667,APP0009640,C002995,BNPL,651.93,3.9,171,2025-08-10,268.72,Active
L0006668,APP0009641,C004787,ACS,15.62,6.84,7,2025-01-31,0.0,Closed
L0006669,APP0009642,C004703,ACS,10.61,8.8,7,2025-02-13,0.0,Active
L0006670,APP0009643,C002493,Nano,277.56,13.45,30,2025-02-26,103.53,Active
L0006671,APP0009644,C001044,ACS,29.09,9.8,7,2025-01-28,0.0,Active
L0006672,APP0009647,C002435,ACS,29.83,7.62,7,2025-05-16,0.61,Closed
L0006673,APP0009648,C000744,Nano,285.21,16.27,30,2025-03-16,64.47,Defaulted
L0006674,APP0009650,C000392,Nano,26.27,17.2,30,2025-01-25,20.53,Defaulted
L0006675,APP0009651,C004869,Nano,72.78,15.69,30,2025-08-03,31.24,Active
L0006676,APP0009652,C000053,BNPL,257.92,3.61,117,2025-04-28,0.0,Closed
L0006677,APP0009654,C004640,BNPL,438.4,2.02,108,2025-06-08,62.69,Active
L0006678,APP0009655,C004800,ACS,25.19,9.28,7,2025-02-27,0.0,Active
L0006679,APP0009656,C002259,ACS,13.67,9.3,7,2025-10-13,10.2,Active
L0006680,APP0009657,C003866,Nano,272.42,15.42,30,2025-05-03,178.84,Defaulted
L0006681,APP0009658,C004695,Nano,210.74,16.47,30,2025-08-05,83.96,Active
L0006682,APP0009659,C004190,ACS,7.12,6.63,7,2025-04-12,0.0,Closed
L0006683,APP0009660,C004321,Nano,295.67,17.61,30,2025-10-07,209.99,Active
L0006684,APP0009664,C004590,ACS,14.36,9.64,7,2025-05-04,1.33,Active
L0006685,APP0009666,C001321,Nano,246.75,16.98,30,2025-03-17,135.86,Active
L0006686,APP0009667,C001484,Nano,235.62,17.98,30,2025-03-11,0.0,Closed
L0006687,APP0009669,C000959,ACS,13.66,9.96,7,2025-05-02,4.55,Active
L0006688,APP0009671,C001383,Nano,157.35,15.5,30,2025-08-12,61.13,Active
L0006689,APP0009672,C002998,Nano,213.75,13.29,30,2025-04-07,8.66,Active
L0006690,APP0009674,C003094,Nano,197.64,14.66,30,2025-07-16,53.9,Active
L0006691,APP0009675,C001134,Nano,256.95,13.76,30,2025-08-02,102.62,Active
L0006692,APP0009676,C004531,BNPL,317.04,3.02,123,2025-01-24,0.0,Active
L0006693,APP0009677,C004426,Nano,28.1,13.52,30,2025-06-17,12.03,Active
L0006694,APP0009678,C004645,ACS,21.55,9.9,7,2025-02-14,9.58,Defaulted
L0006695,APP0009679,C002486,Nano,38.34,14.91,30,2025-04-22,8.2,Active
L0006696,APP0009680,C000885,ACS,11.37,9.3,7,2025-02-11,1.99,Active
L0006697,APP0009681,C002773,Nano,68.7,15.12,30,2025-08-23,31.09,Active
L0006698,APP0009682,C000404,BNPL,411.76,2.82,147,2025-03-13,0.0,Closed
L0006699,APP0009684,C001364,Nano,213.8,15.64,30,2025-07-19,97.03,Active
L0006700,APP0009685,C000990,ACS,5.91,6.97,7,2025-02-03,0.0,Active
L0006701,APP0009686,C004051,ACS,29.38,8.97,7,2025-07-24,7.94,Active
L0006702,APP0009687,C003296,BNPL,960.56,4.59,112,2025-01-28,0.0,Closed
L0006703,APP0009688,C000486,ACS,22.85,7.86,7,2025-07-08,6.16,Active
L0006704,APP0009689,C004366,Nano,238.68,12.99,30,2025-06-11,60.27,Active
L0006705,APP0009691,C001350,ACS,18.39,9.78,7,2025-02-05,0.0,Closed
L0006706,APP0009693,C002290,ACS,21.49,7.63,7,2025-01-31,0.0,Closed
L0006707,APP0009694,C004562,Nano,225.56,17.09,30,2025-04-29,0.0,Closed
L0006708,APP0009695,C002770,ACS,11.43,6.88,7,2025-03-02,1.78,Active
L0006709,APP0009697,C000160,Nano,264.84,14.23,30,2025-01-15,0.0,Active
L0006710,APP0009698,C002539,Nano,97.18,17.73,30,2025-02-01,0.0,Closed
L0006711,APP0009699,C000426,Nano,119.05,16.39,30,2025-03-05,4.55,Active
L0006712,APP0009700,C001904,BNPL,736.15,3.2,90,2025-06-19,106.9,Active
L0006713,APP0009701,C002753,ACS,22.91,8.68,7,2025-04-23,0.0,Closed
L0006714,APP0009702,C004174,BNPL,440.89,2.11,92,2025-06-29,86.91,Active
L0006715,APP0009703,C001388,Nano,292.36,12.53,30,2025-11-03,220.74,Active
L0006716,APP0009704,C001222,ACS,13.7,8.88,7,2025-04-12,2.81,Active
L0006717,APP0009706,C002717,ACS,6.95,7.43,7,2025-03-01,4.11,Defaulted
L0006718,APP0009708,C004659,Nano,194.84,12.85,30,2025-05-30,92.46,Active
L0006719,APP0009709,C000236,BNPL,180.53,2.44,173,2025-02-21,0.0,Closed
L0006720,APP0009710,C003019,ACS,5.03,6.42,7,2025-02-12,0.0,Active
L0006721,APP0009711,C000377,ACS,14.75,6.51,7,2025-08-06,6.58,Active
L0006722,APP0009713,C002203,ACS,11.8,9.99,7,2025-07-18,3.18,Active
L0006723,APP0009714,C002211,Nano,40.62,15.39,30,2025-01-08,0.0,Closed
L0006724,APP0009715,C000952,ACS,23.1,7.14,7,2025-09-03,19.23,Active
L0006725,APP0009716,C003147,Nano,113.28,17.35,30,2025-07-11,30.73,Active
L0006726,APP0009719,C000018,ACS,15.04,6.28,7,2025-02-22,0.0,Closed
L0006727,APP0009721,C004783,BNPL,774.44,2.8,150,2025-01-27,0.0,Closed
L0006728,APP0009722,C004528,BNPL,739.67,4.81,176,2025-03-19,0.0,Closed
L0006729,APP0009724,C004161,ACS,13.78,7.1,7,2025-03-24,3.89,Active
L0006730,APP0009726,C000390,Nano,253.37,16.56,30,2025-05-21,7.39,Closed
L0006731,APP0009727,C003491,ACS,12.94,9.2,7,2025-05-21,7.09,Active
L0006732,APP0009729,C003548,ACS,26.17,7.92,7,2025-05-19,9.36,Active
L0006733,APP0009730,C003708,ACS,22.9,7.52,7,2025-06-14,3.43,Active
L0006734,APP0009732,C004451,BNPL,628.32,3.97,91,2025-07-07,170.15,Active
L0006735,APP0009734,C004012,ACS,18.19,7.73,7,2025-07-05,5.85,Active
L0006736,APP0009736,C001566,Nano,298.72,16.11,30,2025-03-26,0.0,Closed
L0006737,APP0009738,C003106,BNPL,669.26,3.93,154,2025-05-11,91.71,Active
L0006738,APP0009740,C003307,ACS,8.69,7.24,7,2025-07-14,4.62,Active
L0006739,APP0009744,C002939,Nano,194.8,15.7,30,2025-04-27,50.13,Active
L0006740,APP0009745,C002924,ACS,18.74,9.55,7,2025-05-18,15.53,Defaulted
L0006741,APP0009746,C004930,ACS,28.18,6.56,7,2025-05-25,14.57,Active
L0006742,APP0009747,C004210,Nano,139.34,15.86,30,2025-03-06,0.0,Active
L0006743,APP0009748,C002724,BNPL,515.23,2.94,169,2025-05-23,9.62,Closed
L0006744,APP0009750,C000972,ACS,27.48,8.49,7,2025-04-15,0.0,Closed
L0006745,APP0009751,C000857,Nano,295.39,16.54,30,2025-04-21,0.0,Closed
L0006746,APP0009753,C000769,Nano,257.73,16.05,30,2025-02-01,0.0,Closed
L0006747,APP0009754,C000879,Nano,155.01,15.71,30,2025-01-14,0.0,Closed
L0006748,APP0009755,C000753,ACS,12.07,6.73,7,2025-02-13,0.0,Active
L0006749,APP0009756,C003442,Nano,285.13,17.45,30,2025-01-20,0.0,Active
L0006750,APP0009757,C001410,BNPL,233.33,2.8,164,2025-01-14,0.0,Closed
L0006751,APP0009758,C004510,ACS,5.93,9.51,7,2025-01-21,0.0,Closed
L0006752,APP0009760,C003380,ACS,20.05,9.89,7,2025-03-29,0.0,Closed
L0006753,APP0009761,C002642,Nano,210.49,14.22,30,2025-02-10,0.0,Closed
L0006754,APP0009763,C000642,Nano,253.38,16.21,30,2025-04-09,21.57,Active
L0006755,APP0009764,C003639,Nano,210.34,14.84,30,2025-01-21,0.0,Closed
L0006756,APP0009765,C002892,ACS,26.14,7.16,7,2025-07-03,9.0,Active
L0006757,APP0009766,C002188,Nano,260.79,17.18,30,2025-06-23,67.55,Active
L0006758,APP0009767,C003494,ACS,27.2,6.6,7,2025-01-18,0.0,Closed
L0006759,APP0009768,C002691,BNPL,634.48,3.2,106,2025-03-04,83.12,Active
L0006760,APP0009769,C003134,Nano,47.68,12.12,30,2025-04-01,4.27,Active
L0006761,APP0009770,C002663,ACS,10.23,9.34,7,2025-11-06,7.75,Active
L0006762,APP0009771,C000604,Nano,72.61,17.02,30,2025-04-19,0.0,Closed
L0006763,APP0009772,C001963,Nano,156.39,13.67,30,2025-09-23,79.33,Active
L0006764,APP0009774,C000465,BNPL,379.56,4.9,163,2025-04-11,321.81,Defaulted
L0006765,APP0009776,C003510,Nano,240.09,14.57,30,2025-07-27,139.63,Active
L0006766,APP0009777,C000749,Nano,208.74,13.8,30,2025-04-17,12.68,Active
L0006767,APP0009779,C003826,ACS,5.35,8.75,7,2025-06-26,0.79,Active
L0006768,APP0009785,C001312,BNPL,313.73,4.6,147,2025-06-16,59.03,Active
L0006769,APP0009787,C002584,ACS,6.6,6.16,7,2025-01-15,2.71,Active
L0006770,APP0009788,C003974,BNPL,112.93,4.71,142,2025-04-19,30.86,Active
L0006771,APP0009789,C000342,Nano,283.41,12.42,30,2025-08-17,109.83,Active
L0006772,APP0009792,C001108,BNPL,959.25,2.4,135,2025-06-07,147.56,Active
L0006773,APP0009793,C003139,ACS,7.61,8.37,7,2025-02-17,2.55,Active
L0006774,APP0009794,C000133,ACS,9.6,6.34,7,2025-03-11,0.0,Closed
L0006775,APP0009796,C000443,ACS,20.91,7.95,7,2025-05-09,1.75,Active
L0006776,APP0009798,C002084,ACS,16.1,6.43,7,2025-05-25,1.42,Active
L0006777,APP0009800,C002001,BNPL,962.98,2.49,120,2025-06-18,611.18,Active
L0006778,APP0009801,C001842,Nano,56.43,12.54,30,2025-08-27,22.41,Active
L0006779,APP0009802,C003132,ACS,6.61,9.6,7,2025-01-09,0.0,Closed
L0006780,APP0009804,C000312,Nano,81.02,17.78,30,2025-01-05,0.0,Closed
L0006781,APP0009805,C000056,Nano,47.14,15.72,30,2025-06-25,31.16,Active
L0006782,APP0009808,C000118,ACS,10.1,6.84,7,2025-08-11,4.72,Active
L0006783,APP0009809,C000499,Nano,79.65,14.61,30,2025-05-01,1.58,Closed
L0006784,APP0009810,C004360,BNPL,109.54,4.29,121,2025-04-18,0.0,Closed
L0006785,APP0009811,C002482,Nano,45.07,12.29,30,2025-04-22,0.0,Active
L0006786,APP0009814,C002922,ACS,10.8,6.95,7,2025-01-04,5.74,Defaulted
L0006787,APP0009815,C000636,ACS,22.66,9.48,7,2025-04-25,1.65,Active
L0006788,APP0009817,C003549,Nano,115.03,17.84,30,2025-05-18,64.67,Active
L0006789,APP0009819,C003353,BNPL,839.75,4.28,161,2025-02-03,680.73,Defaulted
L0006790,APP0009820,C000675,ACS,19.76,6.53,7,2025-03-06,12.81,Defaulted
L0006791,APP0009821,C004954,Nano,164.08,13.09,30,2025-07-05,63.16,Active
L0006792,APP0009822,C002902,ACS,16.59,7.66,7,2025-04-08,0.0,Closed
L0006793,APP0009823,C001418,ACS,12.77,6.82,7,2025-03-26,0.0,Closed
L0006794,APP0009824,C004517,Nano,242.09,12.4,30,2025-11-02,183.02,Active
L0006795,APP0009825,C002533,ACS,23.85,8.16,7,2025-05-08,2.61,Active
L0006796,APP0009826,C004463,Nano,236.24,12.62,30,2025-10-02,149.15,Active
L0006797,APP0009827,C000473,Nano,265.6,17.78,30,2025-06-30,39.3,Active
L0006798,APP0009829,C002154,ACS,27.77,6.37,7,2025-04-22,21.88,Defaulted
L0006799,APP0009830,C001331,Nano,222.57,17.18,30,2025-04-07,8.5,Active
L0006800,APP0009831,C002592,ACS,14.02,6.56,7,2025-01-11,0.0,Closed
L0006801,APP0009832,C001768,Nano,216.83,12.32,30,2025-03-11,0.0,Active
L0006802,APP0009833,C004422,Nano,275.24,17.24,30,2025-01-08,0.0,Active
L0006803,APP0009835,C000947,BNPL,179.46,4.3,153,2025-04-16,32.7,Active
L0006804,APP0009837,C003567,ACS,18.52,10.0,7,2025-04-19,7.54,Active
L0006805,APP0009838,C000174,ACS,11.9,8.09,7,2025-02-27,0.0,Closed
L0006806,APP0009840,C000957,Nano,83.77,16.32,30,2025-02-04,22.0,Active
L0006807,APP0009842,C000142,ACS,24.19,7.51,7,2025-06-15,3.41,Active
L0006808,APP0009843,C001299,Nano,76.74,15.39,30,2025-05-11,37.86,Active
L0006809,APP0009844,C004270,Nano,140.31,13.4,30,2025-08-26,57.56,Active
L0006810,APP0009845,C000130,Nano,57.84,16.61,30,2025-05-24,13.07,Active
L0006811,APP0009846,C002358,Nano,35.57,14.06,30,2025-08-07,17.95,Active
L0006812,APP0009848,C001141,ACS,15.07,7.08,7,2025-03-11,8.12,Active
L0006813,APP0009849,C000593,ACS,25.12,8.5,7,2025-06-05,3.73,Active
L0006814,APP0009852,C000531,ACS,19.02,9.12,7,2025-05-12,0.47,Closed
L0006815,APP0009853,C003573,ACS,15.11,8.9,7,2025-06-19,2.09,Active
L0006816,APP0009855,C001910,Nano,70.82,15.29,30,2025-04-06,0.0,Closed
L0006817,APP0009856,C004735,ACS,21.14,7.03,7,2025-01-28,0.0,Closed
L0006818,APP0009857,C001858,ACS,13.17,9.84,7,2025-04-19,1.87,Active
L0006819,APP0009858,C003481,ACS,22.25,6.24,7,2025-04-09,20.45,Defaulted
L0006820,APP0009859,C002311,Nano,189.92,17.58,30,2025-04-09,15.54,Active
L0006821,APP0009860,C003194,BNPL,703.92,4.24,111,2025-01-23,0.0,Closed
L0006822,APP0009863,C003272,ACS,15.2,8.65,7,2025-10-25,9.71,Active
L0006823,APP0009864,C002450,Nano,200.39,13.06,30,2025-08-08,78.68,Active
L0006824,APP0009865,C001567,ACS,28.61,8.48,7,2025-02-01,0.0,Active
L0006825,APP0009866,C003861,Nano,186.48,12.57,30,2025-03-30,0.0,Closed
L0006826,APP0009867,C001951,BNPL,872.52,2.74,172,2025-05-14,645.44,Active
L0006827,APP0009868,C000262,Nano,82.66,14.09,30,2025-05-04,2.24,Closed
L0006828,APP0009870,C003338,Nano,195.1,15.09,30,2025-08-01,75.3,Active
L0006829,APP0009871,C003312,ACS,14.32,6.61,7,2025-01-30,0.0,Active
L0006830,APP0009872,C002753,Nano,199.82,12.31,30,2025-02-07,0.0,Closed
L0006831,APP0009873,C002240,Nano,59.55,12.58,30,2025-06-04,8.68,Active
L0006832,APP0009874,C001534,BNPL,459.74,2.49,156,2025-03-21,0.0,Active
L0006833,APP0009875,C000236,ACS,27.02,8.86,7,2025-02-28,0.0,Closed
L0006834,APP0009876,C001079,ACS,12.1,9.12,7,2025-04-13,0.0,Closed
L0006835,APP0009877,C004976,ACS,29.24,7.52,7,2025-01-18,0.0,Closed
L0006836,APP0009878,C004309,BNPL,620.43,2.92,92,2025-02-20,0.0,Active
L0006837,APP0009880,C004658,Nano,118.29,12.25,30,2025-06-08,23.73,Active
L0006838,APP0009881,C003870,ACS,16.52,7.27,7,2025-07-24,4.6,Active
L0006839,APP0009882,C000480,ACS,15.59,6.09,7,2025-06-28,7.26,Active
L0006840,APP0009883,C002085,ACS,23.78,7.99,7,2025-02-23,0.0,Closed
L0006841,APP0009884,C000850,ACS,8.87,8.66,7,2025-04-14,0.0,Closed
L0006842,APP0009885,C003592,BNPL,532.25,2.8,118,2025-07-03,218.89,Active
L0006843,APP0009886,C003336,Nano,32.13,17.18,30,2025-04-05,19.46,Defaulted
L0006844,APP0009888,C003871,Nano,32.93,14.58,30,2025-02-27,0.0,Closed
L0006845,APP0009890,C002457,BNPL,389.42,2.84,99,2025-03-12,0.0,Active
L0006846,APP0009891,C000561,BNPL,398.76,2.44,125,2025-07-12,338.12,Defaulted
L0006847,APP0009894,C004366,ACS,10.68,9.78,7,2025-07-21,2.84,Active
L0006848,APP0009895,C004231,BNPL,551.0,3.49,113,2025-04-13,0.0,Closed
L0006849,APP0009897,C000560,BNPL,591.88,3.65,174,2025-02-12,0.0,Closed
L0006850,APP0009899,C004200,Nano,59.96,15.93,30,2025-03-08,0.0,Closed
L0006851,APP0009900,C000430,ACS,22.05,9.33,7,2025-05-08,3.18,Active
L0006852,APP0009902,C004378,Nano,141.62,13.55,30,2025-01-13,0.0,Closed
L0006853,APP0009903,C001470,Nano,141.74,14.26,30,2025-01-13,0.0,Active
L0006854,APP0009904,C002789,Nano,87.91,12.09,30,2025-01-29,0.0,Active
L0006855,APP0009905,C000401,ACS,6.44,9.81,7,2025-09-04,3.29,Active
L0006856,APP0009906,C004707,ACS,21.22,9.7,7,2025-12-05,18.65,Active
L0006857,APP0009910,C003661,ACS,13.74,6.24,7,2025-06-30,5.48,Active
L0006858,APP0009912,C000626,Nano,106.1,13.25,30,2025-06-12,15.65,Active
L0006859,APP0009914,C000548,ACS,25.52,8.16,7,2025-05-08,0.46,Closed
L0006860,APP0009915,C003351,Nano,32.58,16.86,30,2025-06-10,6.56,Active
L0006861,APP0009917,C004305,ACS,14.4,6.63,7,2025-03-22,0.0,Closed
L0006862,APP0009918,C002414,ACS,29.17,9.4,7,2025-07-25,7.61,Active
L0006863,APP0009920,C004970,ACS,28.64,7.1,7,2025-06-10,6.02,Active
L0006864,APP0009921,C002279,ACS,13.65,9.67,7,2025-05-18,0.41,Active
L0006865,APP0009922,C001616,ACS,11.78,6.46,7,2025-05-23,2.31,Active
L0006866,APP0009923,C000939,ACS,7.98,8.24,7,2025-03-02,5.77,Defaulted
L0006867,APP0009924,C003108,Nano,271.67,12.95,30,2025-08-29,105.35,Active
L0006868,APP0009925,C001916,Nano,100.74,14.49,30,2025-06-25,14.61,Active
L0006869,APP0009926,C002865,ACS,22.85,6.35,7,2025-02-22,0.0,Closed
L0006870,APP0009927,C004748,ACS,10.18,9.81,7,2025-04-21,0.72,Active
L0006871,APP0009928,C000341,Nano,89.24,14.18,30,2025-05-06,3.03,Active
L0006872,APP0009929,C001465,ACS,20.78,7.46,7,2025-03-16,0.0,Closed
L0006873,APP0009930,C002595,BNPL,678.55,4.45,174,2025-05-07,20.51,Active
L0006874,APP0009931,C003613,ACS,12.85,6.92,7,2025-06-01,8.87,Defaulted
L0006875,APP0009932,C004622,Nano,140.82,13.01,30,2025-03-25,62.5,Defaulted
L0006876,APP0009934,C002270,ACS,29.86,6.15,7,2025-01-25,0.0,Active
L0006877,APP0009936,C002364,ACS,12.98,7.94,7,2025-01-28,0.0,Active
L0006878,APP0009940,C003904,ACS,29.92,7.57,7,2025-03-11,17.96,Defaulted
L0006879,APP0009942,C004140,Nano,139.27,13.39,30,2025-04-27,0.0,Closed
L0006880,APP0009944,C002260,Nano,180.25,16.58,30,2025-02-26,0.0,Closed
L0006881,APP0009946,C002221,ACS,10.48,8.44,7,2025-06-16,1.48,Active
L0006882,APP0009947,C004627,Nano,245.42,15.43,30,2025-01-21,133.37,Defaulted
L0006883,APP0009948,C002367,ACS,18.99,9.24,7,2025-02-12,0.55,Active
L0006884,APP0009949,C003776,ACS,29.9,8.45,7,2025-02-13,0.0,Active
L0006885,APP0009952,C004646,ACS,19.56,7.47,7,2025-06-08,7.16,Active
L0006886,APP0009953,C000569,BNPL,455.32,4.83,134,2025-02-04,122.92,Active
L0006887,APP0009955,C002257,BNPL,527.77,4.0,180,2025-07-06,206.0,Active
L0006888,APP0009956,C001422,Nano,250.49,16.79,30,2025-02-15,0.44,Active
L0006889,APP0009957,C003195,ACS,11.47,6.81,7,2025-10-02,7.24,Active
L0006890,APP0009958,C004503,Nano,29.96,17.46,30,2025-02-03,0.0,Closed
L0006891,APP0009959,C000348,ACS,16.51,6.33,7,2025-07-13,5.44,Active
L0006892,APP0009960,C000855,ACS,12.18,9.16,7,2025-03-22,0.0,Closed
L0006893,APP0009961,C002541,BNPL,523.84,3.86,120,2025-07-14,157.65,Active
L0006894,APP0009962,C000534,ACS,15.09,7.82,7,2025-03-16,0.0,Active
L0006895,APP0009963,C001584,ACS,10.7,6.02,7,2025-04-14,2.22,Active
L0006896,APP0009965,C002162,Nano,226.3,17.67,30,2025-03-14,20.02,Active
L0006897,APP0009966,C003427,ACS,29.24,7.33,7,2025-01-31,0.0,Closed
L0006898,APP0009967,C002310,Nano,159.03,12.13,30,2025-02-03,0.0,Closed
L0006899,APP0009969,C003232,ACS,19.49,6.38,7,2025-04-19,0.0,Closed
L0006900,APP0009970,C001565,BNPL,206.31,2.72,168,2025-06-25,131.13,Active
L0006901,APP0009971,C000046,Nano,160.01,17.04,30,2025-03-03,0.0,Active
L0006902,APP0009972,C003921,Nano,288.25,14.33,30,2025-02-13,0.0,Active
L0006903,APP0009975,C003274,ACS,10.64,9.47,7,2025-04-06,5.69,Defaulted
L0006904,APP0009976,C000423,BNPL,116.83,2.56,95,2025-08-07,59.07,Active
L0006905,APP0009977,C004160,Nano,227.6,16.17,30,2025-04-26,0.0,Closed
L0006906,APP0009978,C001010,ACS,25.14,7.29,7,2025-04-14,2.5,Active
L0006907,APP0009980,C003626,ACS,17.98,9.31,7,2025-07-01,5.16,Active
L0006908,APP0009982,C000584,ACS,21.35,8.97,7,2025-04-07,0.0,Closed
L0006909,APP0009983,C004239,Nano,267.49,14.35,30,2025-03-24,217.89,Defaulted
L0006910,APP0009984,C000049,ACS,22.5,6.72,7,2025-04-08,0.0,Closed
L0006911,APP0009986,C004964,Nano,228.39,17.85,30,2025-03-15,0.0,Closed
L0006912,APP0009989,C001836,Nano,238.96,16.19,30,2025-07-31,63.84,Active
L0006913,APP0009990,C002145,ACS,27.52,7.28,7,2025-06-01,4.0,Active
L0006914,APP0009991,C000643,ACS,7.08,8.46,7,2025-07-03,1.92,Active
L0006915,APP0009992,C002986,ACS,20.68,9.8,7,2025-09-16,15.66,Active
L0006916,APP0009993,C001670,ACS,5.22,8.15,7,2025-02-20,4.55,Defaulted
L0006917,APP0009994,C003351,ACS,17.63,8.15,7,2025-08-09,6.88,Active
L0006918,APP0009995,C003953,Nano,187.94,14.27,30,2025-06-14,36.45,Active
L0006919,APP0009996,C002478,BNPL,319.52,3.84,91,2025-05-18,27.04,Active
L0006920,APP0010000,C003543,Nano,163.55,15.07,30,2025-03-13,0.0,Closed
